research_id,data_element_label,analytic_component,facility_types,module_titles,observed_source_codes,source_locations,source_version,provenance_status,currentness_note
HMIS-FORM-0001,10 year and above to below 19 years,Mortality and death review,CHC; Civil Hospital / SDH; District Hospital; HWC-PHC; HWC-SC; Medical College,Details of deaths reported:,14.8.2; 15.8.2; 16.9.2,CHC p.20; Civil Hospital / SDH p.21; District Hospital p.20; HWC-PHC p.20; HWC-SC p.14; Medical College p.17,Revised HMIS formats effective April 2025,Exact public form label; facility-specific codes retained; semantic normalization pending,Official state-hosted copy; confirm national implementation/version with MoHFW/NHSRC
HMIS-FORM-0002,5 years and above to below 10 years,Mortality and death review,CHC; Civil Hospital / SDH; District Hospital; HWC-PHC; HWC-SC; Medical College,Details of deaths reported:,14.8.1; 15.8.1; 16.9.1,CHC p.20; Civil Hospital / SDH p.21; District Hospital p.20; HWC-PHC p.20; HWC-SC p.14; Medical College p.17,Revised HMIS formats effective April 2025,Exact public form label; facility-specific codes retained; semantic normalization pending,Official state-hosted copy; confirm national implementation/version with MoHFW/NHSRC
HMIS-FORM-0003,Abortion (spontaneous),Antenatal care and high-risk pregnancy,CHC; Civil Hospital / SDH; District Hospital; HWC-PHC; HWC-SC; Medical College,Pregnancy outcome & details of new-born/children,3.2; 4.2,CHC p.4; Civil Hospital / SDH p.4; District Hospital p.4; HWC-PHC p.4; HWC-SC p.3; Medical College p.3,Revised HMIS formats effective April 2025,Exact public form label; facility-specific codes retained; semantic normalization pending,Official state-hosted copy; confirm national implementation/version with MoHFW/NHSRC
HMIS-FORM-0004,Acute Encephalitis Syndrome/ Japanese Encephalitis (AES/ JE),Vector-borne diseases,Civil Hospital / SDH; District Hospital; Medical College,National Vector Borne Disease Control Programme (NVBDCP),11.4,Civil Hospital / SDH p.11; District Hospital p.10; Medical College p.8,Revised HMIS formats effective April 2025,Exact public form label; facility-specific codes retained; semantic normalization pending,Official state-hosted copy; confirm national implementation/version with MoHFW/NHSRC
HMIS-FORM-0005,Adolescent Friendly Health Clinics (AFHCs),Adolescent health,CHC; Civil Hospital / SDH; District Hospital; HWC-PHC; Medical College,Adolescent Health,12.1,CHC p.11; Civil Hospital / SDH p.11; District Hospital p.10; HWC-PHC p.10; Medical College p.9,Revised HMIS formats effective April 2025,Exact public form label; facility-specific codes retained; semantic normalization pending,Official state-hosted copy; confirm national implementation/version with MoHFW/NHSRC
HMIS-FORM-0006,Adult 19 years and above,Mortality and death review,CHC; Civil Hospital / SDH; District Hospital; HWC-PHC; HWC-SC; Medical College,Details of deaths reported:,14.8.3; 15.8.3; 16.9.3,CHC p.20; Civil Hospital / SDH p.21; District Hospital p.20; HWC-PHC p.20; HWC-SC p.14; Medical College p.17,Revised HMIS formats effective April 2025,Exact public form label; facility-specific codes retained; semantic normalization pending,Official state-hosted copy; confirm national implementation/version with MoHFW/NHSRC
HMIS-FORM-0007,Adverse Event Following Immunisation (AEFI),Immunization,CHC; Civil Hospital / SDH; District Hospital; HWC-PHC; HWC-SC; Medical College,CHILD IMMUNISATION,8.6; 9.6,CHC p.9; Civil Hospital / SDH p.9; District Hospital p.8; HWC-PHC p.9; HWC-SC p.7; Medical College p.7,Revised HMIS formats effective April 2025,Exact public form label; facility-specific codes retained; semantic normalization pending,Official state-hosted copy; confirm national implementation/version with MoHFW/NHSRC
HMIS-FORM-0008,Age wise maternal deaths reported at block level (Home & Transit deaths),Mortality and death review,Block Headquarters,Mortality Details,3.2,Block Headquarters p.2,Revised HMIS formats effective April 2025,Exact public form label; facility-specific codes retained; semantic normalization pending,Official state-hosted copy; confirm national implementation/version with MoHFW/NHSRC
HMIS-FORM-0009,"Age wise total Maternal Deaths, occurred at Facility",Mortality and death review,CHC; Civil Hospital / SDH; District Hospital; HWC-PHC; HWC-SC; Medical College,Details of deaths reported:,14.5.8; 15.5.8; 16.5.8,CHC p.19; Civil Hospital / SDH p.20; District Hospital p.19; HWC-PHC p.19; HWC-SC p.13; Medical College p.16,Revised HMIS formats effective April 2025,Exact public form label; facility-specific codes retained; semantic normalization pending,Official state-hosted copy; confirm national implementation/version with MoHFW/NHSRC
HMIS-FORM-0010,Age wise total number of delivery (Home +Institutional) reported (2.3.1+2.3.2+2.3.3+2.3.4),Delivery and intrapartum care,CHC; Civil Hospital / SDH; District Hospital; HWC-PHC; HWC-SC,Deliveries,2.3,CHC p.3; Civil Hospital / SDH p.3; District Hospital p.3; HWC-PHC p.3; HWC-SC p.3,Revised HMIS formats effective April 2025,Exact public form label; facility-specific codes retained; semantic normalization pending,Official state-hosted copy; confirm national implementation/version with MoHFW/NHSRC
HMIS-FORM-0011,Albendazole 400 mg Tablets,"Medicines, supplies and equipment",District Headquarters,Other Items,1.6,District Headquarters p.1,Revised HMIS formats effective April 2025,Exact public form label; facility-specific codes retained; semantic normalization pending,Official state-hosted copy; confirm national implementation/version with MoHFW/NHSRC
HMIS-FORM-0012,Allopathic- Outpatient attendance,Tuberculosis services,CHC; Civil Hospital / SDH; District Hospital; HWC-PHC; HWC-SC; Medical College,National TB Elimination Programme (NTEP); Patient Services,12.2.1; 13.2.1; 14.2.1,CHC p.12; Civil Hospital / SDH p.12; District Hospital p.11; HWC-PHC p.12; HWC-SC p.9; Medical College p.9,Revised HMIS formats effective April 2025,Exact public form label; facility-specific codes retained; semantic normalization pending,Official state-hosted copy; confirm national implementation/version with MoHFW/NHSRC
HMIS-FORM-0013,Anaemia- Identified & Treated,Anaemia and nutrition,Block Headquarters; CHC; Civil Hospital / SDH; District Hospital; HWC-PHC; HWC-SC,Anaemia Mukt Bharat,2.2; 4.2; 5.2,Block Headquarters p.1; CHC p.5; Civil Hospital / SDH p.5; District Hospital p.5; HWC-PHC p.5; HWC-SC p.4,Revised HMIS formats effective April 2025,Exact public form label; facility-specific codes retained; semantic normalization pending,Official state-hosted copy; confirm national implementation/version with MoHFW/NHSRC
HMIS-FORM-0014,ANC services,Antenatal care and high-risk pregnancy,CHC; Civil Hospital / SDH; District Hospital; HWC-PHC; HWC-SC; Medical College,Ante Natal Care (ANC) Services & High Risk Pregnancies,1.2,CHC p.1; Civil Hospital / SDH p.1; District Hospital p.1; HWC-PHC p.1; HWC-SC p.1; Medical College p.1,Revised HMIS formats effective April 2025,Exact public form label; facility-specific codes retained; semantic normalization pending,Official state-hosted copy; confirm national implementation/version with MoHFW/NHSRC
HMIS-FORM-0015,Antepartum (Macerated) Still Birth,Antenatal care and high-risk pregnancy,CHC; Civil Hospital / SDH; District Hospital; HWC-PHC; HWC-SC; Medical College,Pregnancy outcome & details of new-born/children,3.1.3.b; 4.1.3.b,CHC p.4; Civil Hospital / SDH p.4; District Hospital p.4; HWC-PHC p.4; HWC-SC p.3; Medical College p.3,Revised HMIS formats effective April 2025,Exact public form label; facility-specific codes retained; semantic normalization pending,Official state-hosted copy; confirm national implementation/version with MoHFW/NHSRC
HMIS-FORM-0016,Average kilometres travelled by all ALS Ambulances in the district during the month,Patient services and utilization,District Headquarters,National Ambulance Services (ALS- Advance Life Support & BLS- Basic Life Support),3.5,District Headquarters p.2,Revised HMIS formats effective April 2025,Exact public form label; facility-specific codes retained; semantic normalization pending,Official state-hosted copy; confirm national implementation/version with MoHFW/NHSRC
HMIS-FORM-0017,Average kilometres travelled by all BLS Ambulances in the district during the month,Patient services and utilization,District Headquarters,National Ambulance Services (ALS- Advance Life Support & BLS- Basic Life Support),3.6,District Headquarters p.2,Revised HMIS formats effective April 2025,Exact public form label; facility-specific codes retained; semantic normalization pending,Official state-hosted copy; confirm national implementation/version with MoHFW/NHSRC
HMIS-FORM-0018,Average number of trips per day by all ALS Ambulances in the district during the month,Patient services and utilization,District Headquarters,National Ambulance Services (ALS- Advance Life Support & BLS- Basic Life Support),3.3,District Headquarters p.2,Revised HMIS formats effective April 2025,Exact public form label; facility-specific codes retained; semantic normalization pending,Official state-hosted copy; confirm national implementation/version with MoHFW/NHSRC
HMIS-FORM-0019,Average number of trips per day by all BLS Ambulances in the district during the month,Patient services and utilization,District Headquarters,National Ambulance Services (ALS- Advance Life Support & BLS- Basic Life Support),3.4,District Headquarters p.2,Revised HMIS formats effective April 2025,Exact public form label; facility-specific codes retained; semantic normalization pending,Official state-hosted copy; confirm national implementation/version with MoHFW/NHSRC
HMIS-FORM-0020,Average response time (call to scene) for all ALS Ambulances in the district during the month,Patient services and utilization,District Headquarters,National Ambulance Services (ALS- Advance Life Support & BLS- Basic Life Support),3.2,District Headquarters p.2,Revised HMIS formats effective April 2025,Exact public form label; facility-specific codes retained; semantic normalization pending,Official state-hosted copy; confirm national implementation/version with MoHFW/NHSRC
HMIS-FORM-0021,Average response time (call to scene) for all BLS Ambulances in the district during the month,Patient services and utilization,District Headquarters,National Ambulance Services (ALS- Advance Life Support & BLS- Basic Life Support),3.1,District Headquarters p.2,Revised HMIS formats effective April 2025,Exact public form label; facility-specific codes retained; semantic normalization pending,Official state-hosted copy; confirm national implementation/version with MoHFW/NHSRC
HMIS-FORM-0022,Ayush - Outpatient attendance,Tuberculosis services,CHC; Civil Hospital / SDH; District Hospital; HWC-PHC; HWC-SC; Medical College,National TB Elimination Programme (NTEP); Patient Services,12.2.2; 13.2.2; 14.2.2,CHC p.12; Civil Hospital / SDH p.12; District Hospital p.12; HWC-PHC p.12; HWC-SC p.9; Medical College p.10,Revised HMIS formats effective April 2025,Exact public form label; facility-specific codes retained; semantic normalization pending,Official state-hosted copy; confirm national implementation/version with MoHFW/NHSRC
HMIS-FORM-0023,"Beneficiaries diagnosed with mild and moderate Anaemia, put on treatment",Anaemia and nutrition,CHC; Civil Hospital / SDH; District Hospital; HWC-PHC; HWC-SC,Anaemia Mukt Bharat,4.2.3; 5.2.3,CHC p.5; Civil Hospital / SDH p.5; District Hospital p.5; HWC-PHC p.5; HWC-SC p.4,Revised HMIS formats effective April 2025,Exact public form label; facility-specific codes retained; semantic normalization pending,Official state-hosted copy; confirm national implementation/version with MoHFW/NHSRC
HMIS-FORM-0024,"Beneficiaries diagnosed with Severe Anaemia, put on treatment",Anaemia and nutrition,CHC; Civil Hospital / SDH; District Hospital,Anaemia Mukt Bharat,5.2.4,CHC p.5; Civil Hospital / SDH p.5; District Hospital p.5,Revised HMIS formats effective April 2025,Exact public form label; facility-specific codes retained; semantic normalization pending,Official state-hosted copy; confirm national implementation/version with MoHFW/NHSRC
HMIS-FORM-0025,Beneficiaries identified with Mild and Moderate Anaemia,Anaemia and nutrition,Block Headquarters; CHC; Civil Hospital / SDH; District Hospital; HWC-PHC; HWC-SC,Anaemia Mukt Bharat,2.2.1; 4.2.1; 5.2.1,Block Headquarters p.1; CHC p.5; Civil Hospital / SDH p.5; District Hospital p.5; HWC-PHC p.5; HWC-SC p.4,Revised HMIS formats effective April 2025,Exact public form label; facility-specific codes retained; semantic normalization pending,Official state-hosted copy; confirm national implementation/version with MoHFW/NHSRC
HMIS-FORM-0026,Beneficiaries identified with Severe Anaemia,Anaemia and nutrition,Block Headquarters; CHC; Civil Hospital / SDH; District Hospital; HWC-PHC; HWC-SC,Anaemia Mukt Bharat,2.2.2; 4.2.2; 5.2.2,Block Headquarters p.2; CHC p.5; Civil Hospital / SDH p.5; District Hospital p.5; HWC-PHC p.5; HWC-SC p.4,Revised HMIS formats effective April 2025,Exact public form label; facility-specific codes retained; semantic normalization pending,Official state-hosted copy; confirm national implementation/version with MoHFW/NHSRC
HMIS-FORM-0027,Biomedical Equipment Management & Maintenance Program,"Medicines, supplies and equipment",CHC; Civil Hospital / SDH; District Hospital; HWC-PHC; Medical College,QA (Quality Assurance) & BEMMP (Biomedical Equipment Management & Maintenance Program),16.2; 17.2,CHC p.21; Civil Hospital / SDH p.21; District Hospital p.20; HWC-PHC p.20; Medical College p.18,Revised HMIS formats effective April 2025,Exact public form label; facility-specific codes retained; semantic normalization pending,Official state-hosted copy; confirm national implementation/version with MoHFW/NHSRC
HMIS-FORM-0028,Boys registered in AFHC,Adolescent health,CHC; Civil Hospital / SDH; District Hospital; HWC-PHC; Medical College,Adolescent Health,12.1.1.b,CHC p.11; Civil Hospital / SDH p.11; District Hospital p.10; HWC-PHC p.11; Medical College p.9,Revised HMIS formats effective April 2025,Exact public form label; facility-specific codes retained; semantic normalization pending,Official state-hosted copy; confirm national implementation/version with MoHFW/NHSRC
HMIS-FORM-0029,Cause wise maternal deaths reported at block level (Home & Transit deaths),Mortality and death review,Block Headquarters,Mortality Details,3.3,Block Headquarters p.2,Revised HMIS formats effective April 2025,Exact public form label; facility-specific codes retained; semantic normalization pending,Official state-hosted copy; confirm national implementation/version with MoHFW/NHSRC
HMIS-FORM-0030,Chikungunya Enzyme- Linked Immuno Sorbent Assay (ELISA) test conducted,Vector-borne diseases,CHC; Civil Hospital / SDH; District Hospital; Medical College,National Vector Borne Disease Control Programme (NVBDCP),11.3.3,CHC p.10; Civil Hospital / SDH p.11; District Hospital p.10; Medical College p.8,Revised HMIS formats effective April 2025,Exact public form label; facility-specific codes retained; semantic normalization pending,Official state-hosted copy; confirm national implementation/version with MoHFW/NHSRC
HMIS-FORM-0031,Chikungunya Enzyme- Linked Immuno Sorbent Assay (ELISA) test found positive,Vector-borne diseases,Civil Hospital / SDH; District Hospital; Medical College,National Vector Borne Disease Control Programme (NVBDCP),11.3.4,Civil Hospital / SDH p.11; District Hospital p.10; Medical College p.8,Revised HMIS formats effective April 2025,Exact public form label; facility-specific codes retained; semantic normalization pending,Official state-hosted copy; confirm national implementation/version with MoHFW/NHSRC
HMIS-FORM-0032,Child Deaths between 1 - below 5 years due to,Mortality and death review,CHC; Civil Hospital / SDH; District Hospital; HWC-PHC; HWC-SC; Medical College,Details of deaths reported:,14.4; 15.4; 16.4,CHC p.19; Civil Hospital / SDH p.20; District Hospital p.18; HWC-PHC p.19; HWC-SC p.12; Medical College p.16,Revised HMIS formats effective April 2025,Exact public form label; facility-specific codes retained; semantic normalization pending,Official state-hosted copy; confirm national implementation/version with MoHFW/NHSRC
HMIS-FORM-0033,Child immunisation (9-11months) - JE 1st dose,Immunization,CHC; Civil Hospital / SDH; District Hospital; HWC-PHC; HWC-SC; Medical College,CHILD IMMUNISATION,8.2.3; 9.2.3,CHC p.8; Civil Hospital / SDH p.8; District Hospital p.8; HWC-PHC p.8; HWC-SC p.6; Medical College p.6,Revised HMIS formats effective April 2025,Exact public form label; facility-specific codes retained; semantic normalization pending,Official state-hosted copy; confirm national implementation/version with MoHFW/NHSRC
HMIS-FORM-0034,Child immunisation (9-11months) - Measles & Rubella (MR)/Measles containing vaccine(MCV) - 1st Dose,Immunization,CHC; Civil Hospital / SDH; District Hospital; HWC-PHC; HWC-SC; Medical College,CHILD IMMUNISATION,8.2.2; 9.2.2,CHC p.8; Civil Hospital / SDH p.8; District Hospital p.8; HWC-PHC p.8; HWC-SC p.6; Medical College p.6,Revised HMIS formats effective April 2025,Exact public form label; facility-specific codes retained; semantic normalization pending,Official state-hosted copy; confirm national implementation/version with MoHFW/NHSRC
HMIS-FORM-0035,Child immunisation (after 12 months-delayed vaccination) - JE 1st dose,Immunization,CHC; Civil Hospital / SDH; District Hospital; HWC-PHC; HWC-SC; Medical College,CHILD IMMUNISATION,8.3.2; 9.3.2,CHC p.8; Civil Hospital / SDH p.8; District Hospital p.8; HWC-PHC p.8; HWC-SC p.7; Medical College p.7,Revised HMIS formats effective April 2025,Exact public form label; facility-specific codes retained; semantic normalization pending,Official state-hosted copy; confirm national implementation/version with MoHFW/NHSRC
HMIS-FORM-0036,Child immunisation - BCG,Immunization,CHC; Civil Hospital / SDH; District Hospital; HWC-PHC; HWC-SC; Medical College,CHILD IMMUNISATION,8.1.2; 9.1.2,CHC p.7; Civil Hospital / SDH p.8; District Hospital p.7; HWC-PHC p.7; HWC-SC p.6; Medical College p.6,Revised HMIS formats effective April 2025,Exact public form label; facility-specific codes retained; semantic normalization pending,Official state-hosted copy; confirm national implementation/version with MoHFW/NHSRC
HMIS-FORM-0037,Child immunisation - DPT 1 after 12 months of age (delayed vaccination),Immunization,CHC; Civil Hospital / SDH; District Hospital; HWC-PHC; HWC-SC; Medical College,CHILD IMMUNISATION,8.3.3; 9.3.3,CHC p.8; Civil Hospital / SDH p.8; District Hospital p.8; HWC-PHC p.8; HWC-SC p.7; Medical College p.7,Revised HMIS formats effective April 2025,Exact public form label; facility-specific codes retained; semantic normalization pending,Official state-hosted copy; confirm national implementation/version with MoHFW/NHSRC
HMIS-FORM-0038,Child immunisation - DPT 1st Booster,Immunization,CHC; Civil Hospital / SDH; District Hospital; HWC-PHC; HWC-SC; Medical College,CHILD IMMUNISATION,8.4.2; 9.4.2,CHC p.9; Civil Hospital / SDH p.9; District Hospital p.8; HWC-PHC p.9; HWC-SC p.7; Medical College p.7,Revised HMIS formats effective April 2025,Exact public form label; facility-specific codes retained; semantic normalization pending,Official state-hosted copy; confirm national implementation/version with MoHFW/NHSRC
HMIS-FORM-0039,Child immunisation - DPT 2 after 12 months of age (delayed vaccination),Immunization,CHC; Civil Hospital / SDH; District Hospital; HWC-PHC; HWC-SC; Medical College,CHILD IMMUNISATION,8.3.4; 9.3.4,CHC p.8; Civil Hospital / SDH p.8; District Hospital p.8; HWC-PHC p.8; HWC-SC p.7; Medical College p.7,Revised HMIS formats effective April 2025,Exact public form label; facility-specific codes retained; semantic normalization pending,Official state-hosted copy; confirm national implementation/version with MoHFW/NHSRC
HMIS-FORM-0040,Child immunisation - DPT 3 after 12 months of age (delayed vaccination),Immunization,CHC; Civil Hospital / SDH; District Hospital; HWC-PHC; HWC-SC; Medical College,CHILD IMMUNISATION,8.3.5; 9.3.5,CHC p.8; Civil Hospital / SDH p.9; District Hospital p.8; HWC-PHC p.8; HWC-SC p.7; Medical College p.7,Revised HMIS formats effective April 2025,Exact public form label; facility-specific codes retained; semantic normalization pending,Official state-hosted copy; confirm national implementation/version with MoHFW/NHSRC
HMIS-FORM-0041,Child immunisation - DPT Booster after 24 months of age (delayed vaccination),Immunization,CHC; Civil Hospital / SDH; District Hospital; HWC-PHC; HWC-SC; Medical College,CHILD IMMUNISATION,8.3.6; 9.3.6,CHC p.8; Civil Hospital / SDH p.9; District Hospital p.8; HWC-PHC p.8; HWC-SC p.7; Medical College p.7,Revised HMIS formats effective April 2025,Exact public form label; facility-specific codes retained; semantic normalization pending,Official state-hosted copy; confirm national implementation/version with MoHFW/NHSRC
HMIS-FORM-0042,Child immunisation - Hepatitis-B0 (Birth Dose),Immunization,CHC; Civil Hospital / SDH; District Hospital; HWC-PHC; HWC-SC; Medical College,CHILD IMMUNISATION,8.1.10; 9.1.10,CHC p.8; Civil Hospital / SDH p.8; District Hospital p.7; HWC-PHC p.8; HWC-SC p.6; Medical College p.6,Revised HMIS formats effective April 2025,Exact public form label; facility-specific codes retained; semantic normalization pending,Official state-hosted copy; confirm national implementation/version with MoHFW/NHSRC
HMIS-FORM-0043,Child immunisation - Inactivated Injectable Polio Vaccine 1 (IPV 1),Immunization,CHC; Civil Hospital / SDH; District Hospital; HWC-PHC; HWC-SC; Medical College,CHILD IMMUNISATION,8.1.11; 9.1.11,CHC p.8; Civil Hospital / SDH p.8; District Hospital p.7; HWC-PHC p.8; HWC-SC p.6; Medical College p.6,Revised HMIS formats effective April 2025,Exact public form label; facility-specific codes retained; semantic normalization pending,Official state-hosted copy; confirm national implementation/version with MoHFW/NHSRC
HMIS-FORM-0044,Child immunisation - Inactivated Injectable Polio Vaccine 2 (IPV 2),Immunization,CHC; Civil Hospital / SDH; District Hospital; HWC-PHC; HWC-SC; Medical College,CHILD IMMUNISATION,8.1.12; 9.1.12,CHC p.8; Civil Hospital / SDH p.8; District Hospital p.7; HWC-PHC p.8; HWC-SC p.6; Medical College p.6,Revised HMIS formats effective April 2025,Exact public form label; facility-specific codes retained; semantic normalization pending,Official state-hosted copy; confirm national implementation/version with MoHFW/NHSRC
HMIS-FORM-0045,Child immunisation - JE Booster after 24 months of age (delayed vaccination),Immunization,CHC; Civil Hospital / SDH; District Hospital; HWC-PHC; HWC-SC; Medical College,CHILD IMMUNISATION,8.3.8; 9.3.8,CHC p.9; Civil Hospital / SDH p.9; District Hospital p.8; HWC-PHC p.8; HWC-SC p.7; Medical College p.7,Revised HMIS formats effective April 2025,Exact public form label; facility-specific codes retained; semantic normalization pending,Official state-hosted copy; confirm national implementation/version with MoHFW/NHSRC
HMIS-FORM-0046,Child immunisation - Measles & Rubella (MR)/ Measles containing vaccine(MCV)- 2nd Dose (16-24 months),Immunization,CHC; Civil Hospital / SDH; District Hospital; HWC-PHC; HWC-SC; Medical College,CHILD IMMUNISATION,8.4.1; 9.4.1,CHC p.9; Civil Hospital / SDH p.9; District Hospital p.8; HWC-PHC p.8; HWC-SC p.7; Medical College p.7,Revised HMIS formats effective April 2025,Exact public form label; facility-specific codes retained; semantic normalization pending,Official state-hosted copy; confirm national implementation/version with MoHFW/NHSRC
HMIS-FORM-0047,Child immunisation - OPV 0 (Birth Dose),Immunization,CHC; Civil Hospital / SDH; District Hospital; HWC-PHC; HWC-SC; Medical College,CHILD IMMUNISATION,8.1.6; 9.1.6,CHC p.8; Civil Hospital / SDH p.8; District Hospital p.7; HWC-PHC p.8; HWC-SC p.6; Medical College p.6,Revised HMIS formats effective April 2025,Exact public form label; facility-specific codes retained; semantic normalization pending,Official state-hosted copy; confirm national implementation/version with MoHFW/NHSRC
HMIS-FORM-0048,Child immunisation - OPV Booster,Immunization,CHC; Civil Hospital / SDH; District Hospital; HWC-PHC; HWC-SC; Medical College,CHILD IMMUNISATION,8.4.3; 9.4.3,CHC p.9; Civil Hospital / SDH p.9; District Hospital p.8; HWC-PHC p.9; HWC-SC p.7; Medical College p.7,Revised HMIS formats effective April 2025,Exact public form label; facility-specific codes retained; semantic normalization pending,Official state-hosted copy; confirm national implementation/version with MoHFW/NHSRC
HMIS-FORM-0049,Child immunisation - OPV Booster after 24 months of age (delayed vaccination),Immunization,CHC; Civil Hospital / SDH; District Hospital; HWC-PHC; HWC-SC; Medical College,CHILD IMMUNISATION,8.3.7; 9.3.7,CHC p.8; Civil Hospital / SDH p.9; District Hospital p.8; HWC-PHC p.8; HWC-SC p.7; Medical College p.7,Revised HMIS formats effective April 2025,Exact public form label; facility-specific codes retained; semantic normalization pending,Official state-hosted copy; confirm national implementation/version with MoHFW/NHSRC
HMIS-FORM-0050,Child immunisation - OPV1,Immunization,CHC; Civil Hospital / SDH; District Hospital; HWC-PHC; HWC-SC; Medical College,CHILD IMMUNISATION,8.1.7; 9.1.7,CHC p.8; Civil Hospital / SDH p.8; District Hospital p.7; HWC-PHC p.8; HWC-SC p.6; Medical College p.6,Revised HMIS formats effective April 2025,Exact public form label; facility-specific codes retained; semantic normalization pending,Official state-hosted copy; confirm national implementation/version with MoHFW/NHSRC
HMIS-FORM-0051,Child immunisation - OPV2,Immunization,CHC; Civil Hospital / SDH; District Hospital; HWC-PHC; HWC-SC; Medical College,CHILD IMMUNISATION,8.1.8; 9.1.8,CHC p.8; Civil Hospital / SDH p.8; District Hospital p.7; HWC-PHC p.8; HWC-SC p.6; Medical College p.6,Revised HMIS formats effective April 2025,Exact public form label; facility-specific codes retained; semantic normalization pending,Official state-hosted copy; confirm national implementation/version with MoHFW/NHSRC
HMIS-FORM-0052,Child immunisation - OPV3,Immunization,CHC; Civil Hospital / SDH; District Hospital; HWC-PHC; HWC-SC; Medical College,CHILD IMMUNISATION,8.1.9; 9.1.9,CHC p.8; Civil Hospital / SDH p.8; District Hospital p.7; HWC-PHC p.8; HWC-SC p.6; Medical College p.6,Revised HMIS formats effective April 2025,Exact public form label; facility-specific codes retained; semantic normalization pending,Official state-hosted copy; confirm national implementation/version with MoHFW/NHSRC
HMIS-FORM-0053,Child immunisation - PCV Booster,Immunization,CHC; Civil Hospital / SDH; District Hospital; HWC-PHC; HWC-SC; Medical College,CHILD IMMUNISATION,8.2.4; 9.2.4,CHC p.8; Civil Hospital / SDH p.8; District Hospital p.8; HWC-PHC p.8; HWC-SC p.6; Medical College p.6,Revised HMIS formats effective April 2025,Exact public form label; facility-specific codes retained; semantic normalization pending,Official state-hosted copy; confirm national implementation/version with MoHFW/NHSRC
HMIS-FORM-0054,Child immunisation - PCV1,Immunization,CHC; Civil Hospital / SDH; District Hospital; HWC-PHC; HWC-SC; Medical College,CHILD IMMUNISATION,8.1.16; 9.1.16,CHC p.8; Civil Hospital / SDH p.8; District Hospital p.8; HWC-PHC p.8; HWC-SC p.6; Medical College p.6,Revised HMIS formats effective April 2025,Exact public form label; facility-specific codes retained; semantic normalization pending,Official state-hosted copy; confirm national implementation/version with MoHFW/NHSRC
HMIS-FORM-0055,Child immunisation - PCV2,Immunization,CHC; Civil Hospital / SDH; District Hospital; HWC-PHC; HWC-SC; Medical College,CHILD IMMUNISATION,8.1.17; 9.1.17,CHC p.8; Civil Hospital / SDH p.8; District Hospital p.8; HWC-PHC p.8; HWC-SC p.6; Medical College p.6,Revised HMIS formats effective April 2025,Exact public form label; facility-specific codes retained; semantic normalization pending,Official state-hosted copy; confirm national implementation/version with MoHFW/NHSRC
HMIS-FORM-0056,Child immunisation - Pentavalent 1,Immunization,CHC; Civil Hospital / SDH; District Hospital; HWC-PHC; HWC-SC; Medical College,CHILD IMMUNISATION,8.1.3; 9.1.3,CHC p.7; Civil Hospital / SDH p.8; District Hospital p.7; HWC-PHC p.7; HWC-SC p.6; Medical College p.6,Revised HMIS formats effective April 2025,Exact public form label; facility-specific codes retained; semantic normalization pending,Official state-hosted copy; confirm national implementation/version with MoHFW/NHSRC
HMIS-FORM-0057,Child immunisation - Pentavalent 2,Immunization,CHC; Civil Hospital / SDH; District Hospital; HWC-PHC; HWC-SC; Medical College,CHILD IMMUNISATION,8.1.4; 9.1.4,CHC p.8; Civil Hospital / SDH p.8; District Hospital p.7; HWC-PHC p.7; HWC-SC p.6; Medical College p.6,Revised HMIS formats effective April 2025,Exact public form label; facility-specific codes retained; semantic normalization pending,Official state-hosted copy; confirm national implementation/version with MoHFW/NHSRC
HMIS-FORM-0058,Child immunisation - Pentavalent 3,Immunization,CHC; Civil Hospital / SDH; District Hospital; HWC-PHC; HWC-SC; Medical College,CHILD IMMUNISATION,8.1.5; 9.1.5,CHC p.8; Civil Hospital / SDH p.8; District Hospital p.7; HWC-PHC p.7; HWC-SC p.6; Medical College p.6,Revised HMIS formats effective April 2025,Exact public form label; facility-specific codes retained; semantic normalization pending,Official state-hosted copy; confirm national implementation/version with MoHFW/NHSRC
HMIS-FORM-0059,Child immunisation - Rotavirus 1,Immunization,CHC; Civil Hospital / SDH; District Hospital; HWC-PHC; HWC-SC; Medical College,CHILD IMMUNISATION,8.1.13; 9.1.13,CHC p.8; Civil Hospital / SDH p.8; District Hospital p.7; HWC-PHC p.8; HWC-SC p.6; Medical College p.6,Revised HMIS formats effective April 2025,Exact public form label; facility-specific codes retained; semantic normalization pending,Official state-hosted copy; confirm national implementation/version with MoHFW/NHSRC
HMIS-FORM-0060,Child immunisation - Rotavirus 2,Immunization,CHC; Civil Hospital / SDH; District Hospital; HWC-PHC; HWC-SC; Medical College,CHILD IMMUNISATION,8.1.14; 9.1.14,CHC p.8; Civil Hospital / SDH p.8; District Hospital p.8; HWC-PHC p.8; HWC-SC p.6; Medical College p.6,Revised HMIS formats effective April 2025,Exact public form label; facility-specific codes retained; semantic normalization pending,Official state-hosted copy; confirm national implementation/version with MoHFW/NHSRC
HMIS-FORM-0061,Child immunisation - Rotavirus 3,Immunization,CHC; Civil Hospital / SDH; District Hospital; HWC-PHC; HWC-SC; Medical College,CHILD IMMUNISATION,8.1.15; 9.1.15,CHC p.8; Civil Hospital / SDH p.8; District Hospital p.8; HWC-PHC p.8; HWC-SC p.6; Medical College p.6,Revised HMIS formats effective April 2025,Exact public form label; facility-specific codes retained; semantic normalization pending,Official state-hosted copy; confirm national implementation/version with MoHFW/NHSRC
HMIS-FORM-0062,Child immunisation - Vitamin A Dose - 1,Immunization,CHC; Civil Hospital / SDH; District Hospital; HWC-PHC; HWC-SC,CHILD IMMUNISATION,8.8.1; 9.8.1,CHC p.9; Civil Hospital / SDH p.9; District Hospital p.9; HWC-PHC p.9; HWC-SC p.7,Revised HMIS formats effective April 2025,Exact public form label; facility-specific codes retained; semantic normalization pending,Official state-hosted copy; confirm national implementation/version with MoHFW/NHSRC
HMIS-FORM-0063,Child immunisation - Vitamin A Dose - 5,Immunization,CHC; Civil Hospital / SDH; District Hospital; HWC-PHC; HWC-SC,CHILD IMMUNISATION,8.8.2; 9.8.2,CHC p.9; Civil Hospital / SDH p.9; District Hospital p.9; HWC-PHC p.9; HWC-SC p.8,Revised HMIS formats effective April 2025,Exact public form label; facility-specific codes retained; semantic normalization pending,Official state-hosted copy; confirm national implementation/version with MoHFW/NHSRC
HMIS-FORM-0064,Child immunisation - Vitamin A Dose - 9,Immunization,CHC; Civil Hospital / SDH; District Hospital; HWC-PHC; HWC-SC; Medical College,CHILD IMMUNISATION,8.8.3; 9.7.3; 9.8.3,CHC p.9; Civil Hospital / SDH p.9; District Hospital p.9; HWC-PHC p.9; HWC-SC p.8; Medical College p.7,Revised HMIS formats effective April 2025,Exact public form label; facility-specific codes retained; semantic normalization pending,Official state-hosted copy; confirm national implementation/version with MoHFW/NHSRC
HMIS-FORM-0065,Child immunisation - Vitamin K (Birth Dose),Immunization,CHC; Civil Hospital / SDH; District Hospital; HWC-PHC; HWC-SC; Medical College,CHILD IMMUNISATION,8.1.1; 9.1.1,CHC p.7; Civil Hospital / SDH p.8; District Hospital p.7; HWC-PHC p.7; HWC-SC p.6; Medical College p.6,Revised HMIS formats effective April 2025,Exact public form label; facility-specific codes retained; semantic normalization pending,Official state-hosted copy; confirm national implementation/version with MoHFW/NHSRC
HMIS-FORM-0066,Child immunisation(9 - 11 months) - Inactivated Injectable Polio Vaccine 3 (IPV 3),Immunization,CHC; Civil Hospital / SDH; District Hospital; HWC-PHC; HWC-SC; Medical College,CHILD IMMUNISATION,8.2.1; 9.2.1,CHC p.8; Civil Hospital / SDH p.8; District Hospital p.8; HWC-PHC p.8; HWC-SC p.6; Medical College p.6,Revised HMIS formats effective April 2025,Exact public form label; facility-specific codes retained; semantic normalization pending,Official state-hosted copy; confirm national implementation/version with MoHFW/NHSRC
HMIS-FORM-0067,Child immunisation(after 12 months-delayed vaccination) - Measles & Rubella (MR)/Measles containing vaccine(MCV)- 1st Dose,Immunization,CHC; Civil Hospital / SDH; District Hospital; HWC-PHC; HWC-SC; Medical College,CHILD IMMUNISATION,8.3.1; 9.3.1,CHC p.8; Civil Hospital / SDH p.8; District Hospital p.8; HWC-PHC p.8; HWC-SC p.7; Medical College p.7,Revised HMIS formats effective April 2025,Exact public form label; facility-specific codes retained; semantic normalization pending,Official state-hosted copy; confirm national implementation/version with MoHFW/NHSRC
HMIS-FORM-0068,Child Immunization- Typhoid,Immunization,CHC; Civil Hospital / SDH; District Hospital; HWC-PHC; HWC-SC; Medical College,CHILD IMMUNISATION,8.5.1; 9.5.1,CHC p.9; Civil Hospital / SDH p.9; District Hospital p.8; HWC-PHC p.9; HWC-SC p.7; Medical College p.7,Revised HMIS formats effective April 2025,Exact public form label; facility-specific codes retained; semantic normalization pending,Official state-hosted copy; confirm national implementation/version with MoHFW/NHSRC
HMIS-FORM-0069,Childhood Diseases - Acute Flaccid Paralysis(AFP),Childhood illness,CHC; Civil Hospital / SDH; District Hospital; HWC-PHC; Medical College,Number of cases of Childhood Diseases,10.1.8,CHC p.10; Civil Hospital / SDH p.10; District Hospital p.9; HWC-PHC p.9; Medical College p.7,Revised HMIS formats effective April 2025,Exact public form label; facility-specific codes retained; semantic normalization pending,Official state-hosted copy; confirm national implementation/version with MoHFW/NHSRC
HMIS-FORM-0070,Childhood Diseases - Asthma,Childhood illness,CHC; Civil Hospital / SDH; District Hospital; HWC-PHC; Medical College,Number of cases of Childhood Diseases,10.1.2,CHC p.9; Civil Hospital / SDH p.9; District Hospital p.9; HWC-PHC p.9; Medical College p.7,Revised HMIS formats effective April 2025,Exact public form label; facility-specific codes retained; semantic normalization pending,Official state-hosted copy; confirm national implementation/version with MoHFW/NHSRC
HMIS-FORM-0071,Childhood Diseases - Diarrhoea,Childhood illness,CHC; Civil Hospital / SDH; District Hospital; HWC-PHC; HWC-SC; Medical College,Number of cases of Childhood Diseases,10.1.11; 9.1.2,CHC p.10; Civil Hospital / SDH p.10; District Hospital p.9; HWC-PHC p.10; HWC-SC p.8; Medical College p.8,Revised HMIS formats effective April 2025,Exact public form label; facility-specific codes retained; semantic normalization pending,Official state-hosted copy; confirm national implementation/version with MoHFW/NHSRC
HMIS-FORM-0072,Childhood Diseases - Diarrhoea treated with ORS,Childhood illness,CHC; Civil Hospital / SDH; District Hospital; HWC-PHC; HWC-SC; Medical College,Number of cases of Childhood Diseases,10.1.12; 9.1.3,CHC p.10; Civil Hospital / SDH p.10; District Hospital p.9; HWC-PHC p.10; HWC-SC p.8; Medical College p.8,Revised HMIS formats effective April 2025,Exact public form label; facility-specific codes retained; semantic normalization pending,Official state-hosted copy; confirm national implementation/version with MoHFW/NHSRC
HMIS-FORM-0073,Childhood Diseases - Diarrhoea treated with Zinc for 14 days,Childhood illness,CHC; Civil Hospital / SDH; District Hospital; HWC-PHC; HWC-SC; Medical College,Number of cases of Childhood Diseases,10.1.13; 9.1.4,CHC p.10; Civil Hospital / SDH p.10; District Hospital p.9; HWC-PHC p.10; HWC-SC p.8; Medical College p.8,Revised HMIS formats effective April 2025,Exact public form label; facility-specific codes retained; semantic normalization pending,Official state-hosted copy; confirm national implementation/version with MoHFW/NHSRC
HMIS-FORM-0074,Childhood Diseases - Diphtheria,Childhood illness,CHC; Civil Hospital / SDH; District Hospital; HWC-PHC; Medical College,Number of cases of Childhood Diseases,10.1.4,CHC p.9; Civil Hospital / SDH p.10; District Hospital p.9; HWC-PHC p.9; Medical College p.7,Revised HMIS formats effective April 2025,Exact public form label; facility-specific codes retained; semantic normalization pending,Official state-hosted copy; confirm national implementation/version with MoHFW/NHSRC
HMIS-FORM-0075,Childhood Diseases - Malaria,Vector-borne diseases,CHC; Civil Hospital / SDH; District Hospital; HWC-PHC; HWC-SC; Medical College,Number of cases of Childhood Diseases,10.1.10; 9.1.1,CHC p.10; Civil Hospital / SDH p.10; District Hospital p.9; HWC-PHC p.9; HWC-SC p.8; Medical College p.8,Revised HMIS formats effective April 2025,Exact public form label; facility-specific codes retained; semantic normalization pending,Official state-hosted copy; confirm national implementation/version with MoHFW/NHSRC
HMIS-FORM-0076,Childhood Diseases - Measles,Immunization,CHC; Civil Hospital / SDH; District Hospital; HWC-PHC; Medical College,Number of cases of Childhood Diseases,10.1.9,CHC p.10; Civil Hospital / SDH p.10; District Hospital p.9; HWC-PHC p.9; Medical College p.8,Revised HMIS formats effective April 2025,Exact public form label; facility-specific codes retained; semantic normalization pending,Official state-hosted copy; confirm national implementation/version with MoHFW/NHSRC
HMIS-FORM-0077,Childhood Diseases - Pertussis,Childhood illness,CHC; Civil Hospital / SDH; District Hospital; HWC-PHC; Medical College,Number of cases of Childhood Diseases,10.1.5,CHC p.9; Civil Hospital / SDH p.10; District Hospital p.9; HWC-PHC p.9; Medical College p.7,Revised HMIS formats effective April 2025,Exact public form label; facility-specific codes retained; semantic normalization pending,Official state-hosted copy; confirm national implementation/version with MoHFW/NHSRC
HMIS-FORM-0078,Childhood Diseases - Pneumonia,Childhood illness,CHC; Civil Hospital / SDH; District Hospital; HWC-PHC; Medical College,Number of cases of Childhood Diseases,10.1.1,CHC p.9; Civil Hospital / SDH p.9; District Hospital p.9; HWC-PHC p.9; Medical College p.7,Revised HMIS formats effective April 2025,Exact public form label; facility-specific codes retained; semantic normalization pending,Official state-hosted copy; confirm national implementation/version with MoHFW/NHSRC
HMIS-FORM-0079,Childhood Diseases - Sepsis,Childhood illness,CHC; Civil Hospital / SDH; District Hospital; HWC-PHC; Medical College,Number of cases of Childhood Diseases,10.1.3,CHC p.9; Civil Hospital / SDH p.9; District Hospital p.9; HWC-PHC p.9; Medical College p.7,Revised HMIS formats effective April 2025,Exact public form label; facility-specific codes retained; semantic normalization pending,Official state-hosted copy; confirm national implementation/version with MoHFW/NHSRC
HMIS-FORM-0080,Childhood Diseases - Tetanus Neonatorum,Childhood illness,CHC; Civil Hospital / SDH; District Hospital; HWC-PHC; Medical College,Number of cases of Childhood Diseases,10.1.6,CHC p.9; Civil Hospital / SDH p.10; District Hospital p.9; HWC-PHC p.9; Medical College p.7,Revised HMIS formats effective April 2025,Exact public form label; facility-specific codes retained; semantic normalization pending,Official state-hosted copy; confirm national implementation/version with MoHFW/NHSRC
HMIS-FORM-0081,Childhood Diseases - Tuberculosis (TB),Tuberculosis services,CHC; Civil Hospital / SDH; District Hospital; HWC-PHC; Medical College,Number of cases of Childhood Diseases,10.1.7,CHC p.9; Civil Hospital / SDH p.10; District Hospital p.9; HWC-PHC p.9; Medical College p.7,Revised HMIS formats effective April 2025,Exact public form label; facility-specific codes retained; semantic normalization pending,Official state-hosted copy; confirm national implementation/version with MoHFW/NHSRC
HMIS-FORM-0082,Childhood Diseases -Leprosy Cases,Leprosy services,CHC; Civil Hospital / SDH; District Hospital; HWC-PHC; Medical College,Number of cases of Childhood Diseases,10.1.14,CHC p.10; Civil Hospital / SDH p.10; District Hospital p.9; HWC-PHC p.10; Medical College p.8,Revised HMIS formats effective April 2025,Exact public form label; facility-specific codes retained; semantic normalization pending,Official state-hosted copy; confirm national implementation/version with MoHFW/NHSRC
HMIS-FORM-0083,Childhood Diseases- Leprosy with Grade II disability,Leprosy services,CHC; Civil Hospital / SDH; District Hospital; HWC-PHC; Medical College,Number of cases of Childhood Diseases,10.1.15,CHC p.10; Civil Hospital / SDH p.10; District Hospital p.9; HWC-PHC p.10; Medical College p.8,Revised HMIS formats effective April 2025,Exact public form label; facility-specific codes retained; semantic normalization pending,Official state-hosted copy; confirm national implementation/version with MoHFW/NHSRC
HMIS-FORM-0084,Childhood IPD,Childhood illness,CHC; Civil Hospital / SDH; District Hospital; HWC-PHC; Medical College,Number of cases of Childhood Diseases,10.2,CHC p.10; Civil Hospital / SDH p.10; District Hospital p.9; HWC-PHC p.10; Medical College p.8,Revised HMIS formats effective April 2025,Exact public form label; facility-specific codes retained; semantic normalization pending,Official state-hosted copy; confirm national implementation/version with MoHFW/NHSRC
HMIS-FORM-0085,Children admitted with Diarrhoea,Childhood illness,CHC; Civil Hospital / SDH; District Hospital; HWC-PHC; Medical College,Number of cases of Childhood Diseases,10.2.3,CHC p.10; Civil Hospital / SDH p.10; District Hospital p.9; HWC-PHC p.10; Medical College p.8,Revised HMIS formats effective April 2025,Exact public form label; facility-specific codes retained; semantic normalization pending,Official state-hosted copy; confirm national implementation/version with MoHFW/NHSRC
HMIS-FORM-0086,Children admitted with Pneumonia,Childhood illness,CHC; Civil Hospital / SDH; District Hospital; HWC-PHC; Medical College,Number of cases of Childhood Diseases,10.2.2,CHC p.10; Civil Hospital / SDH p.10; District Hospital p.9; HWC-PHC p.10; Medical College p.8,Revised HMIS formats effective April 2025,Exact public form label; facility-specific codes retained; semantic normalization pending,Official state-hosted copy; confirm national implementation/version with MoHFW/NHSRC
HMIS-FORM-0087,Children admitted with Respiratory Infections,Childhood illness,CHC; Civil Hospital / SDH; District Hospital; HWC-PHC; Medical College,Number of cases of Childhood Diseases,10.2.1,CHC p.10; Civil Hospital / SDH p.10; District Hospital p.9; HWC-PHC p.10; Medical College p.8,Revised HMIS formats effective April 2025,Exact public form label; facility-specific codes retained; semantic normalization pending,Official state-hosted copy; confirm national implementation/version with MoHFW/NHSRC
HMIS-FORM-0088,Children given following vaccination after 12 months (delayed vaccinations),Immunization,CHC; Civil Hospital / SDH; District Hospital; HWC-PHC; HWC-SC; Medical College,CHILD IMMUNISATION,8.3; 9.3,CHC p.8; Civil Hospital / SDH p.8; District Hospital p.8; HWC-PHC p.8; HWC-SC p.7; Medical College p.6,Revised HMIS formats effective April 2025,Exact public form label; facility-specific codes retained; semantic normalization pending,Official state-hosted copy; confirm national implementation/version with MoHFW/NHSRC
HMIS-FORM-0089,Children more than 10 years received Td10 (Tetanus Diptheria10),Immunization,CHC; Civil Hospital / SDH; District Hospital; HWC-PHC; HWC-SC; Medical College,CHILD IMMUNISATION,8.5.3; 9.5.3,CHC p.9; Civil Hospital / SDH p.9; District Hospital p.8; HWC-PHC p.9; HWC-SC p.7; Medical College p.7,Revised HMIS formats effective April 2025,Exact public form label; facility-specific codes retained; semantic normalization pending,Official state-hosted copy; confirm national implementation/version with MoHFW/NHSRC
HMIS-FORM-0090,Children more than 16 years received Td16 (Tetanus Diptheria16),Immunization,CHC; Civil Hospital / SDH; District Hospital; HWC-PHC; HWC-SC; Medical College,CHILD IMMUNISATION,8.5.4; 9.5.4,CHC p.9; Civil Hospital / SDH p.9; District Hospital p.8; HWC-PHC p.9; HWC-SC p.7; Medical College p.7,Revised HMIS formats effective April 2025,Exact public form label; facility-specific codes retained; semantic normalization pending,Official state-hosted copy; confirm national implementation/version with MoHFW/NHSRC
HMIS-FORM-0091,Children more than 5 years received DPT5 (2nd Booster),Immunization,CHC; Civil Hospital / SDH; District Hospital; HWC-PHC; HWC-SC; Medical College,CHILD IMMUNISATION,8.5.2; 9.5.2,CHC p.9; Civil Hospital / SDH p.9; District Hospital p.8; HWC-PHC p.9; HWC-SC p.7; Medical College p.7,Revised HMIS formats effective April 2025,Exact public form label; facility-specific codes retained; semantic normalization pending,Official state-hosted copy; confirm national implementation/version with MoHFW/NHSRC
HMIS-FORM-0092,Children received Vitamin A Doses between 9 months and 5 years,Immunization,CHC; Civil Hospital / SDH; District Hospital; HWC-PHC; HWC-SC,CHILD IMMUNISATION,8.8; 9.8,CHC p.9; Civil Hospital / SDH p.9; District Hospital p.9; HWC-PHC p.9; HWC-SC p.7,Revised HMIS formats effective April 2025,Exact public form label; facility-specific codes retained; semantic normalization pending,Official state-hosted copy; confirm national implementation/version with MoHFW/NHSRC
HMIS-FORM-0093,Complications following female sterilization,Family planning,CHC; Civil Hospital / SDH; District Hospital; HWC-PHC; HWC-SC; Medical College,Family Planning,7.15.2; 8.18.2,CHC p.7; Civil Hospital / SDH p.7; District Hospital p.7; HWC-PHC p.7; HWC-SC p.6; Medical College p.6,Revised HMIS formats effective April 2025,Exact public form label; facility-specific codes retained; semantic normalization pending,Official state-hosted copy; confirm national implementation/version with MoHFW/NHSRC
HMIS-FORM-0094,Complications following male sterilization,Family planning,CHC; Civil Hospital / SDH; District Hospital; HWC-PHC; HWC-SC; Medical College,Family Planning,7.15.1; 8.18.1,CHC p.7; Civil Hospital / SDH p.7; District Hospital p.7; HWC-PHC p.7; HWC-SC p.6; Medical College p.5,Revised HMIS formats effective April 2025,Exact public form label; facility-specific codes retained; semantic normalization pending,Official state-hosted copy; confirm national implementation/version with MoHFW/NHSRC
HMIS-FORM-0095,Coverage under MHS- Menstrual Hygiene Scheme (GOI supported),Adolescent health,CHC; Civil Hospital / SDH; District Hospital; HWC-PHC; HWC-SC,Adolescent Health,11.1; 12.2,CHC p.11; Civil Hospital / SDH p.11; District Hospital p.11; HWC-PHC p.11; HWC-SC p.8,Revised HMIS formats effective April 2025,Exact public form label; facility-specific codes retained; semantic normalization pending,Official state-hosted copy; confirm national implementation/version with MoHFW/NHSRC
HMIS-FORM-0096,Coverage under Weekly Iron and Folic Acid (WIFS) Supplementation Programme,Anaemia and nutrition,Block Headquarters,Anaemia Mukt Bharat,2.3,Block Headquarters p.2,Revised HMIS formats effective April 2025,Exact public form label; facility-specific codes retained; semantic normalization pending,Official state-hosted copy; confirm national implementation/version with MoHFW/NHSRC
HMIS-FORM-0097,CT scan (Inhouse),STI/RTI services,CHC; Civil Hospital / SDH; District Hospital; Medical College,Diagnostics,15.6.1.c.i,CHC p.18; Civil Hospital / SDH p.19; District Hospital p.18; Medical College p.15,Revised HMIS formats effective April 2025,Exact public form label; facility-specific codes retained; semantic normalization pending,Official state-hosted copy; confirm national implementation/version with MoHFW/NHSRC
HMIS-FORM-0098,Day Care Admissions,Tuberculosis services,CHC; Civil Hospital / SDH; District Hospital; HWC-PHC; HWC-SC; Medical College,National TB Elimination Programme (NTEP); Patient Services,12.4; 13.3.6; 14.3.6,CHC p.13; Civil Hospital / SDH p.13; District Hospital p.12; HWC-PHC p.13; HWC-SC p.9; Medical College p.10,Revised HMIS formats effective April 2025,Exact public form label; facility-specific codes retained; semantic normalization pending,Official state-hosted copy; confirm national implementation/version with MoHFW/NHSRC
HMIS-FORM-0099,Deaths due to Vector Borne Diseases ( all age groups),Vector-borne diseases,CHC; Civil Hospital / SDH; District Hospital; HWC-PHC; HWC-SC; Medical College,Details of deaths reported:,14.7; 15.7; 16.8,CHC p.20; Civil Hospital / SDH p.21; District Hospital p.19; HWC-PHC p.20; HWC-SC p.13; Medical College p.17,Revised HMIS formats effective April 2025,Exact public form label; facility-specific codes retained; semantic normalization pending,Official state-hosted copy; confirm national implementation/version with MoHFW/NHSRC
HMIS-FORM-0100,Deaths following female sterilization,Family planning,CHC; Civil Hospital / SDH; District Hospital; HWC-PHC; Medical College,Family Planning,8.18.6,CHC p.7; Civil Hospital / SDH p.7; District Hospital p.7; HWC-PHC p.7; Medical College p.6,Revised HMIS formats effective April 2025,Exact public form label; facility-specific codes retained; semantic normalization pending,Official state-hosted copy; confirm national implementation/version with MoHFW/NHSRC
HMIS-FORM-0101,Deaths following male sterilization,Family planning,CHC; Civil Hospital / SDH; District Hospital; HWC-PHC; Medical College,Family Planning,8.18.5,CHC p.7; Civil Hospital / SDH p.7; District Hospital p.7; HWC-PHC p.7; Medical College p.6,Revised HMIS formats effective April 2025,Exact public form label; facility-specific codes retained; semantic normalization pending,Official state-hosted copy; confirm national implementation/version with MoHFW/NHSRC
HMIS-FORM-0102,Defect,RBSK / child screening,Block Headquarters,Rashtriya Bal Swasthaya Karyakram (RBSK),1.2.4,Block Headquarters p.1,Revised HMIS formats effective April 2025,Exact public form label; facility-specific codes retained; semantic normalization pending,Official state-hosted copy; confirm national implementation/version with MoHFW/NHSRC
HMIS-FORM-0103,Deficiency,RBSK / child screening,Block Headquarters,Rashtriya Bal Swasthaya Karyakram (RBSK),1.2.2,Block Headquarters p.1,Revised HMIS formats effective April 2025,Exact public form label; facility-specific codes retained; semantic normalization pending,Official state-hosted copy; confirm national implementation/version with MoHFW/NHSRC
HMIS-FORM-0104,Deliveries conducted at Home,Delivery and intrapartum care,CHC; Civil Hospital / SDH; District Hospital; HWC-PHC; HWC-SC; Medical College,Deliveries,2.1,CHC p.3; Civil Hospital / SDH p.3; District Hospital p.3; HWC-PHC p.3; HWC-SC p.2; Medical College p.3,Revised HMIS formats effective April 2025,Exact public form label; facility-specific codes retained; semantic normalization pending,Official state-hosted copy; confirm national implementation/version with MoHFW/NHSRC
HMIS-FORM-0105,Dengue & Chikungunya,Vector-borne diseases,CHC; Civil Hospital / SDH; District Hospital; HWC-PHC; Medical College,National Vector Borne Disease Control Programme (NVBDCP),11.3,CHC p.10; Civil Hospital / SDH p.10; District Hospital p.10; HWC-PHC p.10; Medical College p.8,Revised HMIS formats effective April 2025,Exact public form label; facility-specific codes retained; semantic normalization pending,Official state-hosted copy; confirm national implementation/version with MoHFW/NHSRC
HMIS-FORM-0106,Dengue - Enzyme- Linked Immuno Sorbent Assay (ELISA) test conducted,Vector-borne diseases,CHC; Civil Hospital / SDH; District Hospital; HWC-PHC; Medical College,National Vector Borne Disease Control Programme (NVBDCP),11.3.1,CHC p.10; Civil Hospital / SDH p.10; District Hospital p.10; HWC-PHC p.10; Medical College p.8,Revised HMIS formats effective April 2025,Exact public form label; facility-specific codes retained; semantic normalization pending,Official state-hosted copy; confirm national implementation/version with MoHFW/NHSRC
HMIS-FORM-0107,Dengue - Enzyme- Linked Immuno Sorbent Assay (ELISA) test found positive,Vector-borne diseases,CHC; Civil Hospital / SDH; District Hospital; HWC-PHC; Medical College,National Vector Borne Disease Control Programme (NVBDCP),11.3.2,CHC p.10; Civil Hospital / SDH p.11; District Hospital p.10; HWC-PHC p.10; Medical College p.8,Revised HMIS formats effective April 2025,Exact public form label; facility-specific codes retained; semantic normalization pending,Official state-hosted copy; confirm national implementation/version with MoHFW/NHSRC
HMIS-FORM-0108,Details of deaths reported,Mortality and death review,Block Headquarters,Mortality Details,3.1,Block Headquarters p.2,Revised HMIS formats effective April 2025,Exact public form label; facility-specific codes retained; semantic normalization pending,Official state-hosted copy; confirm national implementation/version with MoHFW/NHSRC
HMIS-FORM-0109,Details of Newborn children,Antenatal care and high-risk pregnancy,CHC; Civil Hospital / SDH; District Hospital; HWC-PHC; HWC-SC; Medical College,Pregnancy outcome & details of new-born/children,3.4; 4.4,CHC p.4; Civil Hospital / SDH p.4; District Hospital p.4; HWC-PHC p.4; HWC-SC p.3; Medical College p.4,Revised HMIS formats effective April 2025,Exact public form label; facility-specific codes retained; semantic normalization pending,Official state-hosted copy; confirm national implementation/version with MoHFW/NHSRC
HMIS-FORM-0110,Developmental delay,RBSK / child screening,Block Headquarters,Rashtriya Bal Swasthaya Karyakram (RBSK),1.2.3,Block Headquarters p.1,Revised HMIS formats effective April 2025,Exact public form label; facility-specific codes retained; semantic normalization pending,Official state-hosted copy; confirm national implementation/version with MoHFW/NHSRC
HMIS-FORM-0111,Diagnostics Tests conducted,STI/RTI services,CHC; Civil Hospital / SDH; District Hospital; HWC-PHC; Medical College,Diagnostics,14.6; 15.6,CHC p.18; Civil Hospital / SDH p.18; District Hospital p.17; HWC-PHC p.18; Medical College p.15,Revised HMIS formats effective April 2025,Exact public form label; facility-specific codes retained; semantic normalization pending,Official state-hosted copy; confirm national implementation/version with MoHFW/NHSRC
HMIS-FORM-0112,Disease,RBSK / child screening,Block Headquarters,Rashtriya Bal Swasthaya Karyakram (RBSK),1.2.1,Block Headquarters p.1,Revised HMIS formats effective April 2025,Exact public form label; facility-specific codes retained; semantic normalization pending,Official state-hosted copy; confirm national implementation/version with MoHFW/NHSRC
HMIS-FORM-0113,ECG (Inhouse),STI/RTI services,Civil Hospital / SDH; District Hospital; HWC-PHC; Medical College,Diagnostics,14.6.1.c.i; 15.6.1.e.i,Civil Hospital / SDH p.19; District Hospital p.18; HWC-PHC p.18; Medical College p.15,Revised HMIS formats effective April 2025,Exact public form label; facility-specific codes retained; semantic normalization pending,Official state-hosted copy; confirm national implementation/version with MoHFW/NHSRC
HMIS-FORM-0114,Emergency,Tuberculosis services,CHC; Civil Hospital / SDH; District Hospital; HWC-PHC; HWC-SC; Medical College,National TB Elimination Programme (NTEP); Patient Services,12.6; 13.5; 14.5,CHC p.13; Civil Hospital / SDH p.14; District Hospital p.13; HWC-PHC p.13; HWC-SC p.9; Medical College p.11,Revised HMIS formats effective April 2025,Exact public form label; facility-specific codes retained; semantic normalization pending,Official state-hosted copy; confirm national implementation/version with MoHFW/NHSRC
HMIS-FORM-0115,Emergency - Acute Cardiac Emergencies -Admission,Tuberculosis services,CHC; Civil Hospital / SDH; District Hospital; HWC-PHC; Medical College,National TB Elimination Programme (NTEP); Patient Services,13.6.5.a; 14.6.5.a,CHC p.14; Civil Hospital / SDH p.14; District Hospital p.13; HWC-PHC p.14; Medical College p.11,Revised HMIS formats effective April 2025,Exact public form label; facility-specific codes retained; semantic normalization pending,Official state-hosted copy; confirm national implementation/version with MoHFW/NHSRC
HMIS-FORM-0116,Emergency - Acute Cardiac Emergencies -Deaths,Tuberculosis services,CHC; Civil Hospital / SDH; District Hospital; HWC-PHC; Medical College,National TB Elimination Programme (NTEP); Patient Services,13.6.5.b; 14.6.5.b,CHC p.14; Civil Hospital / SDH p.14; District Hospital p.13; HWC-PHC p.14; Medical College p.11,Revised HMIS formats effective April 2025,Exact public form label; facility-specific codes retained; semantic normalization pending,Official state-hosted copy; confirm national implementation/version with MoHFW/NHSRC
HMIS-FORM-0117,Emergency - Burn -Admission,Tuberculosis services,CHC; Civil Hospital / SDH; District Hospital; HWC-PHC; Medical College,National TB Elimination Programme (NTEP); Patient Services,13.6.2.a; 14.6.2.a,CHC p.14; Civil Hospital / SDH p.14; District Hospital p.13; HWC-PHC p.14; Medical College p.11,Revised HMIS formats effective April 2025,Exact public form label; facility-specific codes retained; semantic normalization pending,Official state-hosted copy; confirm national implementation/version with MoHFW/NHSRC
HMIS-FORM-0118,Emergency - Burn -Deaths,Tuberculosis services,CHC; Civil Hospital / SDH; District Hospital; HWC-PHC; Medical College,National TB Elimination Programme (NTEP); Patient Services,13.6.2.b; 14.6.2.b,CHC p.14; Civil Hospital / SDH p.14; District Hospital p.13; HWC-PHC p.14; Medical College p.11,Revised HMIS formats effective April 2025,Exact public form label; facility-specific codes retained; semantic normalization pending,Official state-hosted copy; confirm national implementation/version with MoHFW/NHSRC
HMIS-FORM-0119,Emergency - CVA (Cerebrovascular Disease)/Stroke -Admission,Tuberculosis services,CHC; Civil Hospital / SDH; District Hospital; HWC-PHC; Medical College,National TB Elimination Programme (NTEP); Patient Services,13.6.6.a; 14.6.6.a,CHC p.14; Civil Hospital / SDH p.14; District Hospital p.13; HWC-PHC p.14; Medical College p.11,Revised HMIS formats effective April 2025,Exact public form label; facility-specific codes retained; semantic normalization pending,Official state-hosted copy; confirm national implementation/version with MoHFW/NHSRC
HMIS-FORM-0120,Emergency - CVA (Cerebrovascular Disease)/Stroke -Deaths,Tuberculosis services,CHC; Civil Hospital / SDH; District Hospital; HWC-PHC; Medical College,National TB Elimination Programme (NTEP); Patient Services,13.6.6.b; 14.6.6.b,CHC p.14; Civil Hospital / SDH p.14; District Hospital p.13; HWC-PHC p.14; Medical College p.11,Revised HMIS formats effective April 2025,Exact public form label; facility-specific codes retained; semantic normalization pending,Official state-hosted copy; confirm national implementation/version with MoHFW/NHSRC
HMIS-FORM-0121,Emergency - Dog Bite -Admission,Tuberculosis services,CHC; Civil Hospital / SDH; District Hospital; HWC-PHC; Medical College,National TB Elimination Programme (NTEP); Patient Services,13.6.7.a; 14.6.7.a,CHC p.14; Civil Hospital / SDH p.14; District Hospital p.13; HWC-PHC p.14; Medical College p.11,Revised HMIS formats effective April 2025,Exact public form label; facility-specific codes retained; semantic normalization pending,Official state-hosted copy; confirm national implementation/version with MoHFW/NHSRC
HMIS-FORM-0122,Emergency - Dog Bite -Deaths,Tuberculosis services,CHC; Civil Hospital / SDH; District Hospital; HWC-PHC; Medical College,National TB Elimination Programme (NTEP); Patient Services,13.6.7.b; 14.6.7.b,CHC p.14; Civil Hospital / SDH p.14; District Hospital p.13; HWC-PHC p.14; Medical College p.11,Revised HMIS formats effective April 2025,Exact public form label; facility-specific codes retained; semantic normalization pending,Official state-hosted copy; confirm national implementation/version with MoHFW/NHSRC
HMIS-FORM-0123,Emergency - Obstetrics complications -Admission,Tuberculosis services,CHC; Civil Hospital / SDH; District Hospital; HWC-PHC; Medical College,National TB Elimination Programme (NTEP); Patient Services,13.6.3.a; 14.6.3.a,CHC p.14; Civil Hospital / SDH p.14; District Hospital p.13; HWC-PHC p.14; Medical College p.11,Revised HMIS formats effective April 2025,Exact public form label; facility-specific codes retained; semantic normalization pending,Official state-hosted copy; confirm national implementation/version with MoHFW/NHSRC
HMIS-FORM-0124,Emergency - Obstetrics complications -Deaths,Tuberculosis services,CHC; Civil Hospital / SDH; District Hospital; HWC-PHC; Medical College,National TB Elimination Programme (NTEP); Patient Services,13.6.3.b; 14.6.3.b,CHC p.14; Civil Hospital / SDH p.14; District Hospital p.13; HWC-PHC p.14; Medical College p.11,Revised HMIS formats effective April 2025,Exact public form label; facility-specific codes retained; semantic normalization pending,Official state-hosted copy; confirm national implementation/version with MoHFW/NHSRC
HMIS-FORM-0125,Emergency - Snake Bite -Admission,Tuberculosis services,CHC; Civil Hospital / SDH; District Hospital; HWC-PHC; Medical College,National TB Elimination Programme (NTEP); Patient Services,13.6.4.a; 14.6.4.a,CHC p.14; Civil Hospital / SDH p.14; District Hospital p.13; HWC-PHC p.14; Medical College p.11,Revised HMIS formats effective April 2025,Exact public form label; facility-specific codes retained; semantic normalization pending,Official state-hosted copy; confirm national implementation/version with MoHFW/NHSRC
HMIS-FORM-0126,Emergency - Snake Bite -Deaths,Tuberculosis services,CHC; Civil Hospital / SDH; District Hospital; HWC-PHC; Medical College,National TB Elimination Programme (NTEP); Patient Services,13.6.4.b; 14.6.4.b,CHC p.14; Civil Hospital / SDH p.14; District Hospital p.13; HWC-PHC p.14; Medical College p.11,Revised HMIS formats effective April 2025,Exact public form label; facility-specific codes retained; semantic normalization pending,Official state-hosted copy; confirm national implementation/version with MoHFW/NHSRC
HMIS-FORM-0127,"Emergency - Trauma ( accident, injury, poisoning etc) -Admission",Tuberculosis services,CHC; Civil Hospital / SDH; District Hospital; HWC-PHC; Medical College,National TB Elimination Programme (NTEP); Patient Services,13.6.1.a; 14.6.1.a,CHC p.14; Civil Hospital / SDH p.14; District Hospital p.13; HWC-PHC p.14; Medical College p.11,Revised HMIS formats effective April 2025,Exact public form label; facility-specific codes retained; semantic normalization pending,Official state-hosted copy; confirm national implementation/version with MoHFW/NHSRC
HMIS-FORM-0128,"Emergency - Trauma ( accident, injury, poisoning etc) -Deaths",Tuberculosis services,CHC; Civil Hospital / SDH; District Hospital; HWC-PHC; Medical College,National TB Elimination Programme (NTEP); Patient Services,13.6.1.b; 14.6.1.b,CHC p.14; Civil Hospital / SDH p.14; District Hospital p.13; HWC-PHC p.14; Medical College p.11,Revised HMIS formats effective April 2025,Exact public form label; facility-specific codes retained; semantic normalization pending,Official state-hosted copy; confirm national implementation/version with MoHFW/NHSRC
HMIS-FORM-0129,Emergency admissions/deaths due to,Tuberculosis services,CHC; Civil Hospital / SDH; District Hospital; HWC-PHC; Medical College,National TB Elimination Programme (NTEP); Patient Services,13.6; 14.6,CHC p.14; Civil Hospital / SDH p.14; District Hospital p.13; HWC-PHC p.13; Medical College p.11,Revised HMIS formats effective April 2025,Exact public form label; facility-specific codes retained; semantic normalization pending,Official state-hosted copy; confirm national implementation/version with MoHFW/NHSRC
HMIS-FORM-0130,EQAS Compliance,"Medicines, supplies and equipment",CHC; Civil Hospital / SDH; District Hospital; HWC-PHC; HWC-SC; Medical College,QA (Quality Assurance) & BEMMP (Biomedical Equipment Management & Maintenance Program),15.1; 16.1; 17.1,CHC p.21; Civil Hospital / SDH p.21; District Hospital p.20; HWC-PHC p.20; HWC-SC p.14; Medical College p.17,Revised HMIS formats effective April 2025,Exact public form label; facility-specific codes retained; semantic normalization pending,Official state-hosted copy; confirm national implementation/version with MoHFW/NHSRC
HMIS-FORM-0131,Failures following female sterilization,Family planning,CHC; Civil Hospital / SDH; District Hospital; HWC-PHC; Medical College,Family Planning,8.18.4,CHC p.7; Civil Hospital / SDH p.7; District Hospital p.7; HWC-PHC p.7; Medical College p.6,Revised HMIS formats effective April 2025,Exact public form label; facility-specific codes retained; semantic normalization pending,Official state-hosted copy; confirm national implementation/version with MoHFW/NHSRC
HMIS-FORM-0132,Failures following male sterilization,Family planning,CHC; Civil Hospital / SDH; District Hospital; HWC-PHC; Medical College,Family Planning,8.18.3,CHC p.7; Civil Hospital / SDH p.7; District Hospital p.7; HWC-PHC p.7; Medical College p.6,Revised HMIS formats effective April 2025,Exact public form label; facility-specific codes retained; semantic normalization pending,Official state-hosted copy; confirm national implementation/version with MoHFW/NHSRC
HMIS-FORM-0133,FEMALE STERILIZATION,Family planning,CHC; Civil Hospital / SDH; District Hospital; HWC-PHC; Medical College,Family Planning,8.2,CHC p.6; Civil Hospital / SDH p.6; District Hospital p.6; HWC-PHC p.6; Medical College p.5,Revised HMIS formats effective April 2025,Exact public form label; facility-specific codes retained; semantic normalization pending,Official state-hosted copy; confirm national implementation/version with MoHFW/NHSRC
HMIS-FORM-0134,Follow up in Sterilization,Family planning,CHC; Civil Hospital / SDH; District Hospital; HWC-PHC; Medical College,Family Planning,8.19,CHC p.7; Civil Hospital / SDH p.7; District Hospital p.7; HWC-PHC p.7; Medical College p.6,Revised HMIS formats effective April 2025,Exact public form label; facility-specific codes retained; semantic normalization pending,Official state-hosted copy; confirm national implementation/version with MoHFW/NHSRC
HMIS-FORM-0135,FULLY IMMUNIZED children aged between 9 and <12 months- Female,Immunization,CHC; Civil Hospital / SDH; District Hospital; HWC-PHC; HWC-SC; Medical College,CHILD IMMUNISATION,8.2.5.b; 9.2.5.b,CHC p.8; Civil Hospital / SDH p.8; District Hospital p.8; HWC-PHC p.8; HWC-SC p.7; Medical College p.6,Revised HMIS formats effective April 2025,Exact public form label; facility-specific codes retained; semantic normalization pending,Official state-hosted copy; confirm national implementation/version with MoHFW/NHSRC
HMIS-FORM-0136,FULLY IMMUNIZED children aged between 9 and <12 months- Male,Immunization,CHC; Civil Hospital / SDH; District Hospital; HWC-PHC; HWC-SC; Medical College,CHILD IMMUNISATION,8.2.5.a; 9.2.5.a,CHC p.8; Civil Hospital / SDH p.8; District Hospital p.8; HWC-PHC p.8; HWC-SC p.7; Medical College p.6,Revised HMIS formats effective April 2025,Exact public form label; facility-specific codes retained; semantic normalization pending,Official state-hosted copy; confirm national implementation/version with MoHFW/NHSRC
HMIS-FORM-0137,Geriatric (age>=60 yrs) patients footfall,Tuberculosis services,CHC; Civil Hospital / SDH; District Hospital; HWC-PHC; HWC-SC; Medical College,National TB Elimination Programme (NTEP); Patient Services,12.1.1.b; 13.1.1.b; 14.1.1.b,CHC p.11; Civil Hospital / SDH p.12; District Hospital p.11; HWC-PHC p.11; HWC-SC p.9; Medical College p.9,Revised HMIS formats effective April 2025,Exact public form label; facility-specific codes retained; semantic normalization pending,Official state-hosted copy; confirm national implementation/version with MoHFW/NHSRC
HMIS-FORM-0138,Geriatric/Elderly,Tuberculosis services,CHC; Civil Hospital / SDH; District Hospital; HWC-PHC; HWC-SC; Medical College,National TB Elimination Programme (NTEP); Patient Services,12.1.1; 13.1.1; 14.1.1,CHC p.11; Civil Hospital / SDH p.12; District Hospital p.11; HWC-PHC p.11; HWC-SC p.9; Medical College p.9,Revised HMIS formats effective April 2025,Exact public form label; facility-specific codes retained; semantic normalization pending,Official state-hosted copy; confirm national implementation/version with MoHFW/NHSRC
HMIS-FORM-0139,Girls registered in AFHC,Adolescent health,CHC; Civil Hospital / SDH; District Hospital; HWC-PHC; Medical College,Adolescent Health,12.1.1.a,CHC p.11; Civil Hospital / SDH p.11; District Hospital p.10; HWC-PHC p.10; Medical College p.9,Revised HMIS formats effective April 2025,Exact public form label; facility-specific codes retained; semantic normalization pending,Official state-hosted copy; confirm national implementation/version with MoHFW/NHSRC
HMIS-FORM-0140,Hb Tests Conducted,STI/RTI services,CHC; Civil Hospital / SDH; District Hospital; HWC-PHC; HWC-SC; Medical College,Diagnostics,13.2; 14.2; 15.2,CHC p.17; Civil Hospital / SDH p.17; District Hospital p.16; HWC-PHC p.16; HWC-SC p.11; Medical College p.14,Revised HMIS formats effective April 2025,Exact public form label; facility-specific codes retained; semantic normalization pending,Official state-hosted copy; confirm national implementation/version with MoHFW/NHSRC
HMIS-FORM-0141,Hepatitis B in pregnancy,Antenatal care and high-risk pregnancy,CHC; Civil Hospital / SDH; District Hospital; HWC-PHC; HWC-SC; Medical College,National TB Elimination Programme (NTEP); Patient Services,12.13.3; 13.18.3; 14.17.3; 14.19.3,CHC p.16; Civil Hospital / SDH p.17; District Hospital p.16; HWC-PHC p.16; HWC-SC p.11; Medical College p.13,Revised HMIS formats effective April 2025,Exact public form label; facility-specific codes retained; semantic normalization pending,Official state-hosted copy; confirm national implementation/version with MoHFW/NHSRC
HMIS-FORM-0142,High Risk /Complicated Pregnancies,Antenatal care and high-risk pregnancy,CHC; Civil Hospital / SDH; District Hospital; HWC-PHC; Medical College,Ante Natal Care (ANC) Services & High Risk Pregnancies,1.9,CHC p.2; Civil Hospital / SDH p.2; District Hospital p.2; HWC-PHC p.2; Medical College p.2,Revised HMIS formats effective April 2025,Exact public form label; facility-specific codes retained; semantic normalization pending,Official state-hosted copy; confirm national implementation/version with MoHFW/NHSRC
HMIS-FORM-0143,HIV tests,STI/RTI services,CHC; Civil Hospital / SDH; District Hospital; HWC-PHC; HWC-SC; Medical College,Diagnostics,13.3; 14.3; 15.3,CHC p.17; Civil Hospital / SDH p.17; District Hospital p.16; HWC-PHC p.16; HWC-SC p.11; Medical College p.14,Revised HMIS formats effective April 2025,Exact public form label; facility-specific codes retained; semantic normalization pending,Official state-hosted copy; confirm national implementation/version with MoHFW/NHSRC
HMIS-FORM-0144,IFA - Blue (Adolescent 10-19 yrs),Adolescent health,District Headquarters,Other Items,1.2,District Headquarters p.1,Revised HMIS formats effective April 2025,Exact public form label; facility-specific codes retained; semantic normalization pending,Official state-hosted copy; confirm national implementation/version with MoHFW/NHSRC
HMIS-FORM-0145,IFA Coverage,Anaemia and nutrition,Block Headquarters; CHC; Civil Hospital / SDH; District Hospital; HWC-PHC; HWC-SC; Medical College,Anaemia Mukt Bharat,2.1; 4.1; 5.1,Block Headquarters p.1; CHC p.5; Civil Hospital / SDH p.5; District Hospital p.5; HWC-PHC p.5; HWC-SC p.4; Medical College p.4,Revised HMIS formats effective April 2025,Exact public form label; facility-specific codes retained; semantic normalization pending,Official state-hosted copy; confirm national implementation/version with MoHFW/NHSRC
HMIS-FORM-0146,IFA Syrup (Paediatric),Anaemia and nutrition,District Headquarters,Other Items,1.4,District Headquarters p.1,Revised HMIS formats effective April 2025,Exact public form label; facility-specific codes retained; semantic normalization pending,Official state-hosted copy; confirm national implementation/version with MoHFW/NHSRC
HMIS-FORM-0147,IFA tablets (Red),Anaemia and nutrition,District Headquarters,Other Items,1.1,District Headquarters p.1,Revised HMIS formats effective April 2025,Exact public form label; facility-specific codes retained; semantic normalization pending,Official state-hosted copy; confirm national implementation/version with MoHFW/NHSRC
HMIS-FORM-0148,IFA- Pink (Junior 5-9 yrs),Anaemia and nutrition,District Headquarters,Other Items,1.3,District Headquarters p.1,Revised HMIS formats effective April 2025,Exact public form label; facility-specific codes retained; semantic normalization pending,Official state-hosted copy; confirm national implementation/version with MoHFW/NHSRC
HMIS-FORM-0149,Immunisation sessions held,Immunization,CHC; Civil Hospital / SDH; District Hospital; HWC-PHC; HWC-SC; Medical College,CHILD IMMUNISATION,8.7.2; 9.7.2,CHC p.9; Civil Hospital / SDH p.9; District Hospital p.9; HWC-PHC p.9; HWC-SC p.7; Medical College p.7,Revised HMIS formats effective April 2025,Exact public form label; facility-specific codes retained; semantic normalization pending,Official state-hosted copy; confirm national implementation/version with MoHFW/NHSRC
HMIS-FORM-0150,Immunisation sessions planned,Immunization,CHC; Civil Hospital / SDH; District Hospital; HWC-PHC; HWC-SC; Medical College,CHILD IMMUNISATION,8.7.1; 9.7.1,CHC p.9; Civil Hospital / SDH p.9; District Hospital p.9; HWC-PHC p.9; HWC-SC p.7; Medical College p.7,Revised HMIS formats effective April 2025,Exact public form label; facility-specific codes retained; semantic normalization pending,Official state-hosted copy; confirm national implementation/version with MoHFW/NHSRC
HMIS-FORM-0151,"In case of home delivery, number of women receiving 1st Postpartum checkups within 48 hours",Delivery and intrapartum care,CHC; Civil Hospital / SDH; District Hospital; HWC-PHC; HWC-SC; Medical College,Post Natal Care (PNC),5.1; 6.1,CHC p.5; Civil Hospital / SDH p.6; District Hospital p.5; HWC-PHC p.5; HWC-SC p.4; Medical College p.4,Revised HMIS formats effective April 2025,Exact public form label; facility-specific codes retained; semantic normalization pending,Official state-hosted copy; confirm national implementation/version with MoHFW/NHSRC
HMIS-FORM-0152,In-Patient Head Count at midnight,Tuberculosis services,CHC; Civil Hospital / SDH; District Hospital; HWC-PHC; Medical College,National TB Elimination Programme (NTEP); Patient Services,13.9; 14.9,CHC p.14; Civil Hospital / SDH p.15; District Hospital p.14; HWC-PHC p.14; Medical College p.12,Revised HMIS formats effective April 2025,Exact public form label; facility-specific codes retained; semantic normalization pending,Official state-hosted copy; confirm national implementation/version with MoHFW/NHSRC
HMIS-FORM-0153,In-Patient Head Count at midnight for standalone/ integrated NRC,Tuberculosis services,CHC; Civil Hospital / SDH; District Hospital; HWC-PHC; Medical College,National TB Elimination Programme (NTEP); Patient Services,13.12.10; 14.13.10,CHC p.16; Civil Hospital / SDH p.16; District Hospital p.15; HWC-PHC p.15; Medical College p.13,Revised HMIS formats effective April 2025,Exact public form label; facility-specific codes retained; semantic normalization pending,Official state-hosted copy; confirm national implementation/version with MoHFW/NHSRC
HMIS-FORM-0154,In-transit Deaths: 1 year and below 5 years,Mortality and death review,CHC; Civil Hospital / SDH; District Hospital; HWC-PHC; HWC-SC; Medical College,Details of deaths reported:,14.9.1; 15.9.1; 16.10.1,CHC p.20; Civil Hospital / SDH p.21; District Hospital p.20; HWC-PHC p.20; HWC-SC p.14; Medical College p.17,Revised HMIS formats effective April 2025,Exact public form label; facility-specific codes retained; semantic normalization pending,Official state-hosted copy; confirm national implementation/version with MoHFW/NHSRC
HMIS-FORM-0155,In-transit Deaths: 10 year and above to below 19 years,Mortality and death review,CHC; Civil Hospital / SDH; District Hospital; HWC-PHC; HWC-SC; Medical College,Details of deaths reported:,14.9.3; 15.9.3; 16.10.3,CHC p.21; Civil Hospital / SDH p.21; District Hospital p.20; HWC-PHC p.20; HWC-SC p.14; Medical College p.17,Revised HMIS formats effective April 2025,Exact public form label; facility-specific codes retained; semantic normalization pending,Official state-hosted copy; confirm national implementation/version with MoHFW/NHSRC
HMIS-FORM-0156,In-transit Deaths: 5 years and above to below 10 years,Mortality and death review,CHC; Civil Hospital / SDH; District Hospital; HWC-PHC; HWC-SC; Medical College,Details of deaths reported:,14.9.2; 15.9.2; 16.10.2,CHC p.21; Civil Hospital / SDH p.21; District Hospital p.20; HWC-PHC p.20; HWC-SC p.14; Medical College p.17,Revised HMIS formats effective April 2025,Exact public form label; facility-specific codes retained; semantic normalization pending,Official state-hosted copy; confirm national implementation/version with MoHFW/NHSRC
HMIS-FORM-0157,In-transit Deaths: Adult 19 years and above,Mortality and death review,CHC; Civil Hospital / SDH; District Hospital; HWC-PHC; HWC-SC; Medical College,Details of deaths reported:,14.9.4; 15.9.4; 16.10.4,CHC p.21; Civil Hospital / SDH p.21; District Hospital p.20; HWC-PHC p.20; HWC-SC p.14; Medical College p.17,Revised HMIS formats effective April 2025,Exact public form label; facility-specific codes retained; semantic normalization pending,Official state-hosted copy; confirm national implementation/version with MoHFW/NHSRC
HMIS-FORM-0158,Infant Deaths (>28 days to below 12 months) At Community (at home or home to facility transit),Mortality and death review,CHC; Civil Hospital / SDH; District Hospital; HWC-PHC; HWC-SC; Medical College,Details of deaths reported:,14.1.4.b; 15.1.4.b; 16.1.4.b,CHC p.19; Civil Hospital / SDH p.19; District Hospital p.18; HWC-PHC p.18; HWC-SC p.12; Medical College p.16,Revised HMIS formats effective April 2025,Exact public form label; facility-specific codes retained; semantic normalization pending,Official state-hosted copy; confirm national implementation/version with MoHFW/NHSRC
HMIS-FORM-0159,Infant Deaths (>28 days to below 12 months) at Facility/Facility to facility in transit,Mortality and death review,CHC; Civil Hospital / SDH; District Hospital; HWC-PHC; HWC-SC; Medical College,Details of deaths reported:,14.1.4.a; 15.1.4.a; 16.1.4.a,CHC p.19; Civil Hospital / SDH p.19; District Hospital p.18; HWC-PHC p.18; HWC-SC p.12; Medical College p.15,Revised HMIS formats effective April 2025,Exact public form label; facility-specific codes retained; semantic normalization pending,Official state-hosted copy; confirm national implementation/version with MoHFW/NHSRC
HMIS-FORM-0160,Infant Deaths Between more than 28 days and below 12 months due to,Mortality and death review,CHC; Civil Hospital / SDH; District Hospital; HWC-PHC; HWC-SC; Medical College,Details of deaths reported:,14.3; 15.3; 16.3,CHC p.19; Civil Hospital / SDH p.19; District Hospital p.18; HWC-PHC p.18; HWC-SC p.12; Medical College p.16,Revised HMIS formats effective April 2025,Exact public form label; facility-specific codes retained; semantic normalization pending,Official state-hosted copy; confirm national implementation/version with MoHFW/NHSRC
HMIS-FORM-0161,Injectable Contraceptive MPA (Intra Muscular) - First Dose,Family planning,CHC; Civil Hospital / SDH; District Hospital; HWC-PHC; HWC-SC; Medical College,Family Planning,7.5.1; 8.8.1,CHC p.6; Civil Hospital / SDH p.7; District Hospital p.6; HWC-PHC p.6; HWC-SC p.5; Medical College p.5,Revised HMIS formats effective April 2025,Exact public form label; facility-specific codes retained; semantic normalization pending,Official state-hosted copy; confirm national implementation/version with MoHFW/NHSRC
HMIS-FORM-0162,Injectable Contraceptive MPA (Intra Muscular) - Fourth and above Dose,Family planning,CHC; Civil Hospital / SDH; District Hospital; HWC-PHC; HWC-SC; Medical College,Family Planning,7.8.1; 8.11.1,CHC p.7; Civil Hospital / SDH p.7; District Hospital p.7; HWC-PHC p.7; HWC-SC p.5; Medical College p.5,Revised HMIS formats effective April 2025,Exact public form label; facility-specific codes retained; semantic normalization pending,Official state-hosted copy; confirm national implementation/version with MoHFW/NHSRC
HMIS-FORM-0163,Injectable Contraceptive MPA (Intra Muscular) - Second Dose,Family planning,CHC; Civil Hospital / SDH; District Hospital; HWC-PHC; HWC-SC; Medical College,Family Planning,7.6.1; 8.9.1,CHC p.7; Civil Hospital / SDH p.7; District Hospital p.6; HWC-PHC p.7; HWC-SC p.5; Medical College p.5,Revised HMIS formats effective April 2025,Exact public form label; facility-specific codes retained; semantic normalization pending,Official state-hosted copy; confirm national implementation/version with MoHFW/NHSRC
HMIS-FORM-0164,Injectable Contraceptive MPA (Intra Muscular) - Third Dose,Family planning,CHC; Civil Hospital / SDH; District Hospital; HWC-PHC; HWC-SC; Medical College,Family Planning,7.7.1; 8.10.1,CHC p.7; Civil Hospital / SDH p.7; District Hospital p.6; HWC-PHC p.7; HWC-SC p.5; Medical College p.5,Revised HMIS formats effective April 2025,Exact public form label; facility-specific codes retained; semantic normalization pending,Official state-hosted copy; confirm national implementation/version with MoHFW/NHSRC
HMIS-FORM-0165,Injectable Contraceptive MPA (Sub Cutaneous) - First Dose,Family planning,CHC; Civil Hospital / SDH; District Hospital; HWC-PHC; HWC-SC; Medical College,Family Planning,7.5.2; 8.8.2,CHC p.6; Civil Hospital / SDH p.7; District Hospital p.6; HWC-PHC p.6; HWC-SC p.5; Medical College p.5,Revised HMIS formats effective April 2025,Exact public form label; facility-specific codes retained; semantic normalization pending,Official state-hosted copy; confirm national implementation/version with MoHFW/NHSRC
HMIS-FORM-0166,Injectable Contraceptive MPA (Sub Cutaneous)- Fourth and above Dose,Family planning,CHC; Civil Hospital / SDH; District Hospital; HWC-PHC; HWC-SC; Medical College,Family Planning,7.8.2; 8.11.2,CHC p.7; Civil Hospital / SDH p.7; District Hospital p.7; HWC-PHC p.7; HWC-SC p.5; Medical College p.5,Revised HMIS formats effective April 2025,Exact public form label; facility-specific codes retained; semantic normalization pending,Official state-hosted copy; confirm national implementation/version with MoHFW/NHSRC
HMIS-FORM-0167,Injectable Contraceptive MPA (Sub Cutaneous)- Second Dose,Family planning,CHC; Civil Hospital / SDH; District Hospital; HWC-PHC; HWC-SC; Medical College,Family Planning,7.6.2; 8.9.2,CHC p.7; Civil Hospital / SDH p.7; District Hospital p.6; HWC-PHC p.7; HWC-SC p.5; Medical College p.5,Revised HMIS formats effective April 2025,Exact public form label; facility-specific codes retained; semantic normalization pending,Official state-hosted copy; confirm national implementation/version with MoHFW/NHSRC
HMIS-FORM-0168,Injectable Contraceptive MPA (Sub Cutaneous)- Third Dose,Family planning,CHC; Civil Hospital / SDH; District Hospital; HWC-PHC; HWC-SC; Medical College,Family Planning,7.7.2; 8.10.2,CHC p.7; Civil Hospital / SDH p.7; District Hospital p.6; HWC-PHC p.7; HWC-SC p.5; Medical College p.5,Revised HMIS formats effective April 2025,Exact public form label; facility-specific codes retained; semantic normalization pending,Official state-hosted copy; confirm national implementation/version with MoHFW/NHSRC
HMIS-FORM-0169,Injectable Contraceptive MPA- First Dose,Family planning,CHC; Civil Hospital / SDH; District Hospital; HWC-PHC; HWC-SC; Medical College,Family Planning,7.5; 8.8,CHC p.6; Civil Hospital / SDH p.7; District Hospital p.6; HWC-PHC p.6; HWC-SC p.5; Medical College p.5,Revised HMIS formats effective April 2025,Exact public form label; facility-specific codes retained; semantic normalization pending,Official state-hosted copy; confirm national implementation/version with MoHFW/NHSRC
HMIS-FORM-0170,Injectable Contraceptive MPA- Fourth and above Dose,Family planning,CHC; Civil Hospital / SDH; District Hospital; HWC-PHC; HWC-SC; Medical College,Family Planning,7.8; 8.11,CHC p.7; Civil Hospital / SDH p.7; District Hospital p.7; HWC-PHC p.7; HWC-SC p.5; Medical College p.5,Revised HMIS formats effective April 2025,Exact public form label; facility-specific codes retained; semantic normalization pending,Official state-hosted copy; confirm national implementation/version with MoHFW/NHSRC
HMIS-FORM-0171,Injectable Contraceptive MPA- Second Dose,Family planning,CHC; Civil Hospital / SDH; District Hospital; HWC-PHC; HWC-SC; Medical College,Family Planning,7.6; 8.9,CHC p.7; Civil Hospital / SDH p.7; District Hospital p.6; HWC-PHC p.6; HWC-SC p.5; Medical College p.5,Revised HMIS formats effective April 2025,Exact public form label; facility-specific codes retained; semantic normalization pending,Official state-hosted copy; confirm national implementation/version with MoHFW/NHSRC
HMIS-FORM-0172,Injectable Contraceptive MPA- Third Dose,Family planning,CHC; Civil Hospital / SDH; District Hospital; HWC-PHC; HWC-SC; Medical College,Family Planning,7.7; 8.10,CHC p.7; Civil Hospital / SDH p.7; District Hospital p.6; HWC-PHC p.7; HWC-SC p.5; Medical College p.5,Revised HMIS formats effective April 2025,Exact public form label; facility-specific codes retained; semantic normalization pending,Official state-hosted copy; confirm national implementation/version with MoHFW/NHSRC
HMIS-FORM-0173,"Inpatient - Asthma, Chronic Obstructive Pulmonary Disease (COPD), Respiratory infections",Tuberculosis services,CHC; Civil Hospital / SDH; District Hospital; HWC-PHC; Medical College,National TB Elimination Programme (NTEP); Patient Services,13.4.4; 14.4.4,CHC p.13; Civil Hospital / SDH p.14; District Hospital p.13; HWC-PHC p.13; Medical College p.11,Revised HMIS formats effective April 2025,Exact public form label; facility-specific codes retained; semantic normalization pending,Official state-hosted copy; confirm national implementation/version with MoHFW/NHSRC
HMIS-FORM-0174,Inpatient - Dengue,Vector-borne diseases,CHC; Civil Hospital / SDH; District Hospital; HWC-PHC; Medical College,National TB Elimination Programme (NTEP); Patient Services,13.4.2; 14.4.2,CHC p.13; Civil Hospital / SDH p.13; District Hospital p.13; HWC-PHC p.13; Medical College p.11,Revised HMIS formats effective April 2025,Exact public form label; facility-specific codes retained; semantic normalization pending,Official state-hosted copy; confirm national implementation/version with MoHFW/NHSRC
HMIS-FORM-0175,Inpatient - Diarrhoea with dehydration,Tuberculosis services,CHC; Civil Hospital / SDH; District Hospital; HWC-PHC; Medical College,National TB Elimination Programme (NTEP); Patient Services,13.4.7; 14.4.7,CHC p.13; Civil Hospital / SDH p.14; District Hospital p.13; HWC-PHC p.13; Medical College p.11,Revised HMIS formats effective April 2025,Exact public form label; facility-specific codes retained; semantic normalization pending,Official state-hosted copy; confirm national implementation/version with MoHFW/NHSRC
HMIS-FORM-0176,Inpatient - Malaria,Vector-borne diseases,CHC; Civil Hospital / SDH; District Hospital; HWC-PHC; Medical College,National TB Elimination Programme (NTEP); Patient Services,13.4.1; 14.4.1,CHC p.13; Civil Hospital / SDH p.13; District Hospital p.13; HWC-PHC p.13; Medical College p.11,Revised HMIS formats effective April 2025,Exact public form label; facility-specific codes retained; semantic normalization pending,Official state-hosted copy; confirm national implementation/version with MoHFW/NHSRC
HMIS-FORM-0177,Inpatient - Pyrexia of Unknown Origin (PUO),Tuberculosis services,CHC; Civil Hospital / SDH; District Hospital; HWC-PHC; Medical College,National TB Elimination Programme (NTEP); Patient Services,13.4.6; 14.4.6,CHC p.13; Civil Hospital / SDH p.14; District Hospital p.13; HWC-PHC p.13; Medical College p.11,Revised HMIS formats effective April 2025,Exact public form label; facility-specific codes retained; semantic normalization pending,Official state-hosted copy; confirm national implementation/version with MoHFW/NHSRC
HMIS-FORM-0178,Inpatient - Tuberculosis,Tuberculosis services,CHC; Civil Hospital / SDH; District Hospital; HWC-PHC; Medical College,National TB Elimination Programme (NTEP); Patient Services,13.4.5; 14.4.5,CHC p.13; Civil Hospital / SDH p.14; District Hospital p.13; HWC-PHC p.13; Medical College p.11,Revised HMIS formats effective April 2025,Exact public form label; facility-specific codes retained; semantic normalization pending,Official state-hosted copy; confirm national implementation/version with MoHFW/NHSRC
HMIS-FORM-0179,Inpatient - Typhoid,Tuberculosis services,CHC; Civil Hospital / SDH; District Hospital; HWC-PHC; Medical College,National TB Elimination Programme (NTEP); Patient Services,13.4.3; 14.4.3,CHC p.13; Civil Hospital / SDH p.13; District Hospital p.13; HWC-PHC p.13; Medical College p.11,Revised HMIS formats effective April 2025,Exact public form label; facility-specific codes retained; semantic normalization pending,Official state-hosted copy; confirm national implementation/version with MoHFW/NHSRC
HMIS-FORM-0180,Inpatient by disease/ health condition,Tuberculosis services,CHC; Civil Hospital / SDH; District Hospital; HWC-PHC; Medical College,National TB Elimination Programme (NTEP); Patient Services,13.4; 14.4,CHC p.13; Civil Hospital / SDH p.13; District Hospital p.13; HWC-PHC p.13; Medical College p.11,Revised HMIS formats effective April 2025,Exact public form label; facility-specific codes retained; semantic normalization pending,Official state-hosted copy; confirm national implementation/version with MoHFW/NHSRC
HMIS-FORM-0181,Inpatient details,Tuberculosis services,CHC; Civil Hospital / SDH; District Hospital; HWC-PHC; Medical College,National TB Elimination Programme (NTEP); Patient Services,13.3; 14.3,CHC p.12; Civil Hospital / SDH p.12; District Hospital p.12; HWC-PHC p.12; Medical College p.10,Revised HMIS formats effective April 2025,Exact public form label; facility-specific codes retained; semantic normalization pending,Official state-hosted copy; confirm national implementation/version with MoHFW/NHSRC
HMIS-FORM-0182,Inpatient – Leprosy (Reconstructive Surgery),Tuberculosis services,CHC; Civil Hospital / SDH; District Hospital; Medical College,National TB Elimination Programme (NTEP); Patient Services,14.4.8,CHC p.13; Civil Hospital / SDH p.14; District Hospital p.13; Medical College p.11,Revised HMIS formats effective April 2025,Exact public form label; facility-specific codes retained; semantic normalization pending,Official state-hosted copy; confirm national implementation/version with MoHFW/NHSRC
HMIS-FORM-0183,Inpatient – Mental illness,Tuberculosis services,District Hospital; Medical College,National TB Elimination Programme (NTEP); Patient Services,14.4.11,District Hospital p.13; Medical College p.11,Revised HMIS formats effective April 2025,Exact public form label; facility-specific codes retained; semantic normalization pending,Official state-hosted copy; confirm national implementation/version with MoHFW/NHSRC
HMIS-FORM-0184,Inpatient – Operated for Cataract,Tuberculosis services,CHC; Civil Hospital / SDH; District Hospital; Medical College,National TB Elimination Programme (NTEP); Patient Services,14.4.9,CHC p.13; Civil Hospital / SDH p.14; District Hospital p.13; Medical College p.11,Revised HMIS formats effective April 2025,Exact public form label; facility-specific codes retained; semantic normalization pending,Official state-hosted copy; confirm national implementation/version with MoHFW/NHSRC
HMIS-FORM-0185,Inpatient – Palliative Care,Tuberculosis services,Civil Hospital / SDH; District Hospital; HWC-PHC; Medical College,National TB Elimination Programme (NTEP); Patient Services,13.4.8; 14.4.10,Civil Hospital / SDH p.14; District Hospital p.13; HWC-PHC p.13; Medical College p.11,Revised HMIS formats effective April 2025,Exact public form label; facility-specific codes retained; semantic normalization pending,Official state-hosted copy; confirm national implementation/version with MoHFW/NHSRC
HMIS-FORM-0186,Intrapartum (Fresh) Still Birth,Antenatal care and high-risk pregnancy,CHC; Civil Hospital / SDH; District Hospital; HWC-PHC; HWC-SC; Medical College,Pregnancy outcome & details of new-born/children,3.1.3.a; 4.1.3.a,CHC p.4; Civil Hospital / SDH p.4; District Hospital p.4; HWC-PHC p.4; HWC-SC p.3; Medical College p.3,Revised HMIS formats effective April 2025,Exact public form label; facility-specific codes retained; semantic normalization pending,Official state-hosted copy; confirm national implementation/version with MoHFW/NHSRC
HMIS-FORM-0187,IPD Admission,Tuberculosis services,CHC; Civil Hospital / SDH; District Hospital; HWC-PHC; Medical College,National TB Elimination Programme (NTEP); Patient Services,13.3.1; 14.3.1,CHC p.12; Civil Hospital / SDH p.12; District Hospital p.12; HWC-PHC p.12; Medical College p.10,Revised HMIS formats effective April 2025,Exact public form label; facility-specific codes retained; semantic normalization pending,Official state-hosted copy; confirm national implementation/version with MoHFW/NHSRC
HMIS-FORM-0188,IPD Admission Female- Adults<60yrs,Tuberculosis services,CHC; Civil Hospital / SDH; District Hospital; HWC-PHC; Medical College,National TB Elimination Programme (NTEP); Patient Services,13.3.1.d; 14.3.1.d,CHC p.12; Civil Hospital / SDH p.12; District Hospital p.12; HWC-PHC p.12; Medical College p.10,Revised HMIS formats effective April 2025,Exact public form label; facility-specific codes retained; semantic normalization pending,Official state-hosted copy; confirm national implementation/version with MoHFW/NHSRC
HMIS-FORM-0189,IPD Admission Female- Children<18yrs,Tuberculosis services,CHC; Civil Hospital / SDH; District Hospital; HWC-PHC; Medical College,National TB Elimination Programme (NTEP); Patient Services,13.3.1.c; 14.3.1.c,CHC p.12; Civil Hospital / SDH p.12; District Hospital p.12; HWC-PHC p.12; Medical College p.10,Revised HMIS formats effective April 2025,Exact public form label; facility-specific codes retained; semantic normalization pending,Official state-hosted copy; confirm national implementation/version with MoHFW/NHSRC
HMIS-FORM-0190,IPD Admission Geriatric->=60yrs,Tuberculosis services,CHC; Civil Hospital / SDH; District Hospital; HWC-PHC; Medical College,National TB Elimination Programme (NTEP); Patient Services,13.3.1.e; 14.3.1.e,CHC p.12; Civil Hospital / SDH p.12; District Hospital p.12; HWC-PHC p.12; Medical College p.10,Revised HMIS formats effective April 2025,Exact public form label; facility-specific codes retained; semantic normalization pending,Official state-hosted copy; confirm national implementation/version with MoHFW/NHSRC
HMIS-FORM-0191,IPD Admission Male- Adults <60yrs,Tuberculosis services,CHC; Civil Hospital / SDH; District Hospital; HWC-PHC; Medical College,National TB Elimination Programme (NTEP); Patient Services,13.3.1.b; 14.3.1.b,CHC p.12; Civil Hospital / SDH p.12; District Hospital p.12; HWC-PHC p.12; Medical College p.10,Revised HMIS formats effective April 2025,Exact public form label; facility-specific codes retained; semantic normalization pending,Official state-hosted copy; confirm national implementation/version with MoHFW/NHSRC
HMIS-FORM-0192,IPD Admission Male- Children<18yrs,Tuberculosis services,CHC; Civil Hospital / SDH; District Hospital; HWC-PHC; Medical College,National TB Elimination Programme (NTEP); Patient Services,13.3.1.a; 14.3.1.a,CHC p.12; Civil Hospital / SDH p.12; District Hospital p.12; HWC-PHC p.12; Medical College p.10,Revised HMIS formats effective April 2025,Exact public form label; facility-specific codes retained; semantic normalization pending,Official state-hosted copy; confirm national implementation/version with MoHFW/NHSRC
HMIS-FORM-0193,IPD Deaths (excluding deaths at Emergency department & Sick Newborn Care Unit (SNCU),Newborn and pregnancy outcomes,CHC; Civil Hospital / SDH; District Hospital; HWC-PHC; Medical College,National TB Elimination Programme (NTEP); Patient Services,13.3.4; 14.3.4,CHC p.13; Civil Hospital / SDH p.13; District Hospital p.12; HWC-PHC p.13; Medical College p.10,Revised HMIS formats effective April 2025,Exact public form label; facility-specific codes retained; semantic normalization pending,Official state-hosted copy; confirm national implementation/version with MoHFW/NHSRC
HMIS-FORM-0194,IPD Deaths Female- Adults<60yrs,Tuberculosis services,CHC; Civil Hospital / SDH; District Hospital; HWC-PHC; Medical College,National TB Elimination Programme (NTEP); Patient Services,13.3.4.d; 14.3.4.d,CHC p.13; Civil Hospital / SDH p.13; District Hospital p.12; HWC-PHC p.13; Medical College p.10,Revised HMIS formats effective April 2025,Exact public form label; facility-specific codes retained; semantic normalization pending,Official state-hosted copy; confirm national implementation/version with MoHFW/NHSRC
HMIS-FORM-0195,IPD Deaths Female- Children<18yrs,Tuberculosis services,CHC; Civil Hospital / SDH; District Hospital; HWC-PHC; Medical College,National TB Elimination Programme (NTEP); Patient Services,13.3.4.c; 14.3.4.c,CHC p.13; Civil Hospital / SDH p.13; District Hospital p.12; HWC-PHC p.13; Medical College p.10,Revised HMIS formats effective April 2025,Exact public form label; facility-specific codes retained; semantic normalization pending,Official state-hosted copy; confirm national implementation/version with MoHFW/NHSRC
HMIS-FORM-0196,IPD Deaths Geriatric->=60yrs,Tuberculosis services,CHC; Civil Hospital / SDH; District Hospital; HWC-PHC; Medical College,National TB Elimination Programme (NTEP); Patient Services,13.3.4.e; 14.3.4.e,CHC p.13; Civil Hospital / SDH p.13; District Hospital p.12; HWC-PHC p.13; Medical College p.10,Revised HMIS formats effective April 2025,Exact public form label; facility-specific codes retained; semantic normalization pending,Official state-hosted copy; confirm national implementation/version with MoHFW/NHSRC
HMIS-FORM-0197,IPD Deaths Male- Adults<60yrs,Tuberculosis services,CHC; Civil Hospital / SDH; District Hospital; HWC-PHC; Medical College,National TB Elimination Programme (NTEP); Patient Services,13.3.4.b; 14.3.4.b,CHC p.13; Civil Hospital / SDH p.13; District Hospital p.12; HWC-PHC p.13; Medical College p.10,Revised HMIS formats effective April 2025,Exact public form label; facility-specific codes retained; semantic normalization pending,Official state-hosted copy; confirm national implementation/version with MoHFW/NHSRC
HMIS-FORM-0198,IPD Deaths Male- Children<18yrs,Tuberculosis services,CHC; Civil Hospital / SDH; District Hospital; HWC-PHC; Medical College,National TB Elimination Programme (NTEP); Patient Services,13.3.4.a; 14.3.4.a,CHC p.13; Civil Hospital / SDH p.13; District Hospital p.12; HWC-PHC p.13; Medical College p.10,Revised HMIS formats effective April 2025,Exact public form label; facility-specific codes retained; semantic normalization pending,Official state-hosted copy; confirm national implementation/version with MoHFW/NHSRC
HMIS-FORM-0199,IPD Discharge,Tuberculosis services,CHC; Civil Hospital / SDH; District Hospital; HWC-PHC; Medical College,National TB Elimination Programme (NTEP); Patient Services,13.3.2; 14.3.2,CHC p.12; Civil Hospital / SDH p.13; District Hospital p.12; HWC-PHC p.12; Medical College p.10,Revised HMIS formats effective April 2025,Exact public form label; facility-specific codes retained; semantic normalization pending,Official state-hosted copy; confirm national implementation/version with MoHFW/NHSRC
HMIS-FORM-0200,IPD Discharge Female- Adults<60yrs,Tuberculosis services,CHC; Civil Hospital / SDH; District Hospital; HWC-PHC; Medical College,National TB Elimination Programme (NTEP); Patient Services,13.3.2.d; 14.3.2.d,CHC p.12; Civil Hospital / SDH p.13; District Hospital p.12; HWC-PHC p.12; Medical College p.10,Revised HMIS formats effective April 2025,Exact public form label; facility-specific codes retained; semantic normalization pending,Official state-hosted copy; confirm national implementation/version with MoHFW/NHSRC
HMIS-FORM-0201,IPD Discharge Female- Children<18yrs,Tuberculosis services,CHC; Civil Hospital / SDH; District Hospital; HWC-PHC; Medical College,National TB Elimination Programme (NTEP); Patient Services,13.3.2.c; 14.3.2.c,CHC p.12; Civil Hospital / SDH p.13; District Hospital p.12; HWC-PHC p.12; Medical College p.10,Revised HMIS formats effective April 2025,Exact public form label; facility-specific codes retained; semantic normalization pending,Official state-hosted copy; confirm national implementation/version with MoHFW/NHSRC
HMIS-FORM-0202,IPD Discharge Geriatric->=60yrs,Tuberculosis services,CHC; Civil Hospital / SDH; District Hospital; HWC-PHC; Medical College,National TB Elimination Programme (NTEP); Patient Services,13.3.2.e; 14.3.2.e,CHC p.12; Civil Hospital / SDH p.13; District Hospital p.12; HWC-PHC p.12; Medical College p.10,Revised HMIS formats effective April 2025,Exact public form label; facility-specific codes retained; semantic normalization pending,Official state-hosted copy; confirm national implementation/version with MoHFW/NHSRC
HMIS-FORM-0203,IPD Discharge Male- Adults<60yrs,Tuberculosis services,CHC; Civil Hospital / SDH; District Hospital; HWC-PHC; Medical College,National TB Elimination Programme (NTEP); Patient Services,13.3.2.b; 14.3.2.b,CHC p.12; Civil Hospital / SDH p.13; District Hospital p.12; HWC-PHC p.12; Medical College p.10,Revised HMIS formats effective April 2025,Exact public form label; facility-specific codes retained; semantic normalization pending,Official state-hosted copy; confirm national implementation/version with MoHFW/NHSRC
HMIS-FORM-0204,IPD Discharge Male- Children<18yrs,Tuberculosis services,CHC; Civil Hospital / SDH; District Hospital; HWC-PHC; Medical College,National TB Elimination Programme (NTEP); Patient Services,13.3.2.a; 14.3.2.a,CHC p.12; Civil Hospital / SDH p.13; District Hospital p.12; HWC-PHC p.12; Medical College p.10,Revised HMIS formats effective April 2025,Exact public form label; facility-specific codes retained; semantic normalization pending,Official state-hosted copy; confirm national implementation/version with MoHFW/NHSRC
HMIS-FORM-0205,IPD Referred Female- Adults<60yrs,Tuberculosis services,CHC; Civil Hospital / SDH; District Hospital; HWC-PHC; Medical College,National TB Elimination Programme (NTEP); Patient Services,13.3.3.d; 14.3.3.d,CHC p.13; Civil Hospital / SDH p.13; District Hospital p.12; HWC-PHC p.12; Medical College p.10,Revised HMIS formats effective April 2025,Exact public form label; facility-specific codes retained; semantic normalization pending,Official state-hosted copy; confirm national implementation/version with MoHFW/NHSRC
HMIS-FORM-0206,IPD Referred Female- Children<18yrs,Tuberculosis services,CHC; Civil Hospital / SDH; District Hospital; HWC-PHC; Medical College,National TB Elimination Programme (NTEP); Patient Services,13.3.3.c; 14.3.3.c,CHC p.12; Civil Hospital / SDH p.13; District Hospital p.12; HWC-PHC p.12; Medical College p.10,Revised HMIS formats effective April 2025,Exact public form label; facility-specific codes retained; semantic normalization pending,Official state-hosted copy; confirm national implementation/version with MoHFW/NHSRC
HMIS-FORM-0207,IPD Referred Geriatric->=60yrs,Tuberculosis services,CHC; Civil Hospital / SDH; District Hospital; HWC-PHC; Medical College,National TB Elimination Programme (NTEP); Patient Services,13.3.3.e; 14.3.3.e,CHC p.13; Civil Hospital / SDH p.13; District Hospital p.12; HWC-PHC p.13; Medical College p.10,Revised HMIS formats effective April 2025,Exact public form label; facility-specific codes retained; semantic normalization pending,Official state-hosted copy; confirm national implementation/version with MoHFW/NHSRC
HMIS-FORM-0208,IPD Referred Male- Adults<60yrs,Tuberculosis services,CHC; Civil Hospital / SDH; District Hospital; HWC-PHC; Medical College,National TB Elimination Programme (NTEP); Patient Services,13.3.3.b; 14.3.3.b,CHC p.12; Civil Hospital / SDH p.13; District Hospital p.12; HWC-PHC p.12; Medical College p.10,Revised HMIS formats effective April 2025,Exact public form label; facility-specific codes retained; semantic normalization pending,Official state-hosted copy; confirm national implementation/version with MoHFW/NHSRC
HMIS-FORM-0209,IPD Referred Male- Children<18yrs,Tuberculosis services,CHC; Civil Hospital / SDH; District Hospital; HWC-PHC; Medical College,National TB Elimination Programme (NTEP); Patient Services,13.3.3.a; 14.3.3.a,CHC p.12; Civil Hospital / SDH p.13; District Hospital p.12; HWC-PHC p.12; Medical College p.10,Revised HMIS formats effective April 2025,Exact public form label; facility-specific codes retained; semantic normalization pending,Official state-hosted copy; confirm national implementation/version with MoHFW/NHSRC
HMIS-FORM-0210,IPD Referred Out,Tuberculosis services,CHC; Civil Hospital / SDH; District Hospital; HWC-PHC; Medical College,National TB Elimination Programme (NTEP); Patient Services,13.3.3; 14.3.3,CHC p.12; Civil Hospital / SDH p.13; District Hospital p.12; HWC-PHC p.12; Medical College p.10,Revised HMIS formats effective April 2025,Exact public form label; facility-specific codes retained; semantic normalization pending,Official state-hosted copy; confirm national implementation/version with MoHFW/NHSRC
HMIS-FORM-0211,Janani Shishu Suraksha Karyakram (JSSK),Tuberculosis services,CHC; Civil Hospital / SDH; District Hospital; HWC-PHC; HWC-SC; Medical College,National TB Elimination Programme (NTEP); Patient Services,12.7; 13.11; 14.12,CHC p.14; Civil Hospital / SDH p.15; District Hospital p.14; HWC-PHC p.14; HWC-SC p.9; Medical College p.12,Revised HMIS formats effective April 2025,Exact public form label; facility-specific codes retained; semantic normalization pending,Official state-hosted copy; confirm national implementation/version with MoHFW/NHSRC
HMIS-FORM-0212,Kala Azar (RDT) - Tests Conducted,Vector-borne diseases,CHC; Civil Hospital / SDH; District Hospital; HWC-PHC; Medical College,National Vector Borne Disease Control Programme (NVBDCP),11.2.1,CHC p.10; Civil Hospital / SDH p.10; District Hospital p.10; HWC-PHC p.10; Medical College p.8,Revised HMIS formats effective April 2025,Exact public form label; facility-specific codes retained; semantic normalization pending,Official state-hosted copy; confirm national implementation/version with MoHFW/NHSRC
HMIS-FORM-0213,Kala Azar Positive Cases,Vector-borne diseases,CHC; Civil Hospital / SDH; District Hospital; HWC-PHC; Medical College,National Vector Borne Disease Control Programme (NVBDCP),11.2.2,CHC p.10; Civil Hospital / SDH p.10; District Hospital p.10; HWC-PHC p.10; Medical College p.8,Revised HMIS formats effective April 2025,Exact public form label; facility-specific codes retained; semantic normalization pending,Official state-hosted copy; confirm national implementation/version with MoHFW/NHSRC
HMIS-FORM-0214,Kala Azar- Rapid Diagnostic Test (RDT),STI/RTI services,CHC; Civil Hospital / SDH; District Hospital; HWC-PHC; Medical College,National Vector Borne Disease Control Programme (NVBDCP),11.2,CHC p.10; Civil Hospital / SDH p.10; District Hospital p.10; HWC-PHC p.10; Medical College p.8,Revised HMIS formats effective April 2025,Exact public form label; facility-specific codes retained; semantic normalization pending,Official state-hosted copy; confirm national implementation/version with MoHFW/NHSRC
HMIS-FORM-0215,Live Birth,Antenatal care and high-risk pregnancy,CHC; Civil Hospital / SDH; District Hospital; HWC-PHC; HWC-SC; Medical College,Pregnancy outcome & details of new-born/children,3.1.1; 4.1.1,CHC p.4; Civil Hospital / SDH p.4; District Hospital p.4; HWC-PHC p.4; HWC-SC p.3; Medical College p.3,Revised HMIS formats effective April 2025,Exact public form label; facility-specific codes retained; semantic normalization pending,Official state-hosted copy; confirm national implementation/version with MoHFW/NHSRC
HMIS-FORM-0216,Live Birth - Female,Antenatal care and high-risk pregnancy,CHC; Civil Hospital / SDH; District Hospital; HWC-PHC; HWC-SC; Medical College,Pregnancy outcome & details of new-born/children,3.1.1.b; 4.1.1.b,CHC p.4; Civil Hospital / SDH p.4; District Hospital p.4; HWC-PHC p.4; HWC-SC p.3; Medical College p.3,Revised HMIS formats effective April 2025,Exact public form label; facility-specific codes retained; semantic normalization pending,Official state-hosted copy; confirm national implementation/version with MoHFW/NHSRC
HMIS-FORM-0217,Live Birth - Male,Antenatal care and high-risk pregnancy,CHC; Civil Hospital / SDH; District Hospital; HWC-PHC; HWC-SC; Medical College,Pregnancy outcome & details of new-born/children,3.1.1.a; 4.1.1.a,CHC p.4; Civil Hospital / SDH p.4; District Hospital p.4; HWC-PHC p.4; HWC-SC p.3; Medical College p.3,Revised HMIS formats effective April 2025,Exact public form label; facility-specific codes retained; semantic normalization pending,Official state-hosted copy; confirm national implementation/version with MoHFW/NHSRC
HMIS-FORM-0218,Lymphatic Filariasis,Vector-borne diseases,Civil Hospital / SDH; District Hospital; HWC-SC; Medical College,National Vector Borne Disease Control Programme (NVBDCP); National Vector Borne Disease Control Programme(NVBDCP),10.2; 11.5,Civil Hospital / SDH p.11; District Hospital p.10; HWC-SC p.8; Medical College p.8,Revised HMIS formats effective April 2025,Exact public form label; facility-specific codes retained; semantic normalization pending,Official state-hosted copy; confirm national implementation/version with MoHFW/NHSRC
HMIS-FORM-0219,"Major Surgeries excluding Obstetrics, Gynaecology and Ophthalmology",Tuberculosis services,Medical College,National TB Elimination Programme (NTEP),14.8.1.c,Medical College p.12,Revised HMIS formats effective April 2025,Exact public form label; facility-specific codes retained; semantic normalization pending,Official state-hosted copy; confirm national implementation/version with MoHFW/NHSRC
HMIS-FORM-0220,"Major Surgeries excluding Obstetrics, Gynaecology and Opthalmology",Patient services and utilization,CHC; Civil Hospital / SDH; District Hospital,Patient Services,14.8.1.c,CHC p.14; Civil Hospital / SDH p.14; District Hospital p.14,Revised HMIS formats effective April 2025,Exact public form label; facility-specific codes retained; semantic normalization pending,Official state-hosted copy; confirm national implementation/version with MoHFW/NHSRC
HMIS-FORM-0221,Malaria,Vector-borne diseases,CHC; Civil Hospital / SDH; District Hospital; HWC-PHC; HWC-SC; Medical College,National Vector Borne Disease Control Programme (NVBDCP); National Vector Borne Disease Control Programme(NVBDCP),10.1; 11.1,CHC p.10; Civil Hospital / SDH p.10; District Hospital p.9; HWC-PHC p.10; HWC-SC p.8; Medical College p.8,Revised HMIS formats effective April 2025,Exact public form label; facility-specific codes retained; semantic normalization pending,Official state-hosted copy; confirm national implementation/version with MoHFW/NHSRC
HMIS-FORM-0222,Malaria (Microscopy Tests ) - Mixed test positive,Vector-borne diseases,CHC; Civil Hospital / SDH; District Hospital; HWC-PHC; Medical College,National Vector Borne Disease Control Programme (NVBDCP),11.1.1.d,CHC p.10; Civil Hospital / SDH p.10; District Hospital p.10; HWC-PHC p.10; Medical College p.8,Revised HMIS formats effective April 2025,Exact public form label; facility-specific codes retained; semantic normalization pending,Official state-hosted copy; confirm national implementation/version with MoHFW/NHSRC
HMIS-FORM-0223,Malaria (Microscopy Tests ) - Plasmodium Falciparum test positive,Vector-borne diseases,CHC; Civil Hospital / SDH; District Hospital; HWC-PHC; Medical College,National Vector Borne Disease Control Programme (NVBDCP),11.1.1.c,CHC p.10; Civil Hospital / SDH p.10; District Hospital p.10; HWC-PHC p.10; Medical College p.8,Revised HMIS formats effective April 2025,Exact public form label; facility-specific codes retained; semantic normalization pending,Official state-hosted copy; confirm national implementation/version with MoHFW/NHSRC
HMIS-FORM-0224,Malaria (Microscopy Tests ) - Plasmodium Vivax test positive,Vector-borne diseases,CHC; Civil Hospital / SDH; District Hospital; HWC-PHC; Medical College,National Vector Borne Disease Control Programme (NVBDCP),11.1.1.b,CHC p.10; Civil Hospital / SDH p.10; District Hospital p.10; HWC-PHC p.10; Medical College p.8,Revised HMIS formats effective April 2025,Exact public form label; facility-specific codes retained; semantic normalization pending,Official state-hosted copy; confirm national implementation/version with MoHFW/NHSRC
HMIS-FORM-0225,Malaria (RDT) - Mixed test positive,Vector-borne diseases,CHC; Civil Hospital / SDH; District Hospital; HWC-PHC; HWC-SC; Medical College,National Vector Borne Disease Control Programme (NVBDCP); National Vector Borne Disease Control Programme(NVBDCP),10.1.1.d; 11.1.2.d,CHC p.10; Civil Hospital / SDH p.10; District Hospital p.10; HWC-PHC p.10; HWC-SC p.8; Medical College p.8,Revised HMIS formats effective April 2025,Exact public form label; facility-specific codes retained; semantic normalization pending,Official state-hosted copy; confirm national implementation/version with MoHFW/NHSRC
HMIS-FORM-0226,Malaria (RDT) - Plasmodium Falciparum test positive,Vector-borne diseases,CHC; Civil Hospital / SDH; District Hospital; HWC-PHC; HWC-SC; Medical College,National Vector Borne Disease Control Programme (NVBDCP); National Vector Borne Disease Control Programme(NVBDCP),10.1.1.c; 11.1.2.c,CHC p.10; Civil Hospital / SDH p.10; District Hospital p.10; HWC-PHC p.10; HWC-SC p.8; Medical College p.8,Revised HMIS formats effective April 2025,Exact public form label; facility-specific codes retained; semantic normalization pending,Official state-hosted copy; confirm national implementation/version with MoHFW/NHSRC
HMIS-FORM-0227,Malaria (RDT) - Plasmodium Vivax test positive,Vector-borne diseases,CHC; Civil Hospital / SDH; District Hospital; HWC-PHC; HWC-SC; Medical College,National Vector Borne Disease Control Programme (NVBDCP); National Vector Borne Disease Control Programme(NVBDCP),10.1.1.b; 11.1.2.b,CHC p.10; Civil Hospital / SDH p.10; District Hospital p.10; HWC-PHC p.10; HWC-SC p.8; Medical College p.8,Revised HMIS formats effective April 2025,Exact public form label; facility-specific codes retained; semantic normalization pending,Official state-hosted copy; confirm national implementation/version with MoHFW/NHSRC
HMIS-FORM-0228,MALE STERILIZATION,Family planning,CHC; Civil Hospital / SDH; District Hospital; HWC-PHC; Medical College,Family Planning,8.1,CHC p.6; Civil Hospital / SDH p.6; District Hospital p.6; HWC-PHC p.6; Medical College p.5,Revised HMIS formats effective April 2025,Exact public form label; facility-specific codes retained; semantic normalization pending,Official state-hosted copy; confirm national implementation/version with MoHFW/NHSRC
HMIS-FORM-0229,Maternal Death in transit to be reported at Block level,Mortality and death review,Block Headquarters,Mortality Details,3.1.2,Block Headquarters p.2,Revised HMIS formats effective April 2025,Exact public form label; facility-specific codes retained; semantic normalization pending,Official state-hosted copy; confirm national implementation/version with MoHFW/NHSRC
HMIS-FORM-0230,Maternal Deaths at facility due to,Mortality and death review,CHC; Civil Hospital / SDH; District Hospital; HWC-PHC; HWC-SC; Medical College,Details of deaths reported:,14.5; 15.5; 16.5,CHC p.19; Civil Hospital / SDH p.20; District Hospital p.19; HWC-PHC p.19; HWC-SC p.13; Medical College p.16,Revised HMIS formats effective April 2025,Exact public form label; facility-specific codes retained; semantic normalization pending,Official state-hosted copy; confirm national implementation/version with MoHFW/NHSRC
HMIS-FORM-0231,Medical Termination of Pregnancy (MTP),Antenatal care and high-risk pregnancy,CHC; Civil Hospital / SDH; District Hospital; HWC-PHC; Medical College,Pregnancy outcome & details of new-born/children,4.3,CHC p.4; Civil Hospital / SDH p.4; District Hospital p.4; HWC-PHC p.4; Medical College p.3,Revised HMIS formats effective April 2025,Exact public form label; facility-specific codes retained; semantic normalization pending,Official state-hosted copy; confirm national implementation/version with MoHFW/NHSRC
HMIS-FORM-0232,Microscopy Tests,Vector-borne diseases,CHC; Civil Hospital / SDH; District Hospital; HWC-PHC; Medical College,National Vector Borne Disease Control Programme (NVBDCP),11.1.1,CHC p.10; Civil Hospital / SDH p.10; District Hospital p.9; HWC-PHC p.10; Medical College p.8,Revised HMIS formats effective April 2025,Exact public form label; facility-specific codes retained; semantic normalization pending,Official state-hosted copy; confirm national implementation/version with MoHFW/NHSRC
HMIS-FORM-0233,Minor Operations (No or local anaesthesia),Tuberculosis services,CHC; Civil Hospital / SDH; District Hospital; HWC-PHC; Medical College,National TB Elimination Programme (NTEP); Patient Services,13.8; 14.8.2,CHC p.14; Civil Hospital / SDH p.15; District Hospital p.14; HWC-PHC p.14; Medical College p.12,Revised HMIS formats effective April 2025,Exact public form label; facility-specific codes retained; semantic normalization pending,Official state-hosted copy; confirm national implementation/version with MoHFW/NHSRC
HMIS-FORM-0234,MRI (Inhouse),STI/RTI services,Civil Hospital / SDH; District Hospital; Medical College,Diagnostics,15.6.1.d.i,Civil Hospital / SDH p.19; District Hospital p.18; Medical College p.15,Revised HMIS formats effective April 2025,Exact public form label; facility-specific codes retained; semantic normalization pending,Official state-hosted copy; confirm national implementation/version with MoHFW/NHSRC
HMIS-FORM-0235,MTP more than 12 weeks of pregnancy,Antenatal care and high-risk pregnancy,CHC; Civil Hospital / SDH; District Hospital; HWC-PHC; Medical College,Pregnancy outcome & details of new-born/children,4.3.1.b,CHC p.4; Civil Hospital / SDH p.4; District Hospital p.4; HWC-PHC p.4; Medical College p.3,Revised HMIS formats effective April 2025,Exact public form label; facility-specific codes retained; semantic normalization pending,Official state-hosted copy; confirm national implementation/version with MoHFW/NHSRC
HMIS-FORM-0236,MTPs completed through Medical methods of abortion (MMA),Antenatal care and high-risk pregnancy,CHC; Civil Hospital / SDH; District Hospital; HWC-PHC; Medical College,Pregnancy outcome & details of new-born/children,4.3.1.c,CHC p.4; Civil Hospital / SDH p.4; District Hospital p.4; HWC-PHC p.4; Medical College p.3,Revised HMIS formats effective April 2025,Exact public form label; facility-specific codes retained; semantic normalization pending,Official state-hosted copy; confirm national implementation/version with MoHFW/NHSRC
HMIS-FORM-0237,National Viral Hepatitis Control Program (Diagnosis and Management of viral hepatitis),Tuberculosis services,CHC; Civil Hospital / SDH; District Hospital; HWC-PHC; HWC-SC; Medical College,National TB Elimination Programme (NTEP); Patient Services,12.13; 13.18; 14.17; 14.19,CHC p.16; Civil Hospital / SDH p.16; District Hospital p.15; HWC-PHC p.15; HWC-SC p.10; Medical College p.13,Revised HMIS formats effective April 2025,Exact public form label; facility-specific codes retained; semantic normalization pending,Official state-hosted copy; confirm national implementation/version with MoHFW/NHSRC
HMIS-FORM-0238,Neonatal Deaths up to 4 weeks (0 to 28 days) due to,Mortality and death review,CHC; Civil Hospital / SDH; District Hospital; HWC-PHC; HWC-SC; Medical College,Details of deaths reported:,14.2; 15.2; 16.2,CHC p.19; Civil Hospital / SDH p.19; District Hospital p.18; HWC-PHC p.18; HWC-SC p.12; Medical College p.16,Revised HMIS formats effective April 2025,Exact public form label; facility-specific codes retained; semantic normalization pending,Official state-hosted copy; confirm national implementation/version with MoHFW/NHSRC
HMIS-FORM-0239,Neonatal Deaths up to 4 weeks (0 to 28 days) due to Asphyxia,Mortality and death review,CHC; Civil Hospital / SDH; District Hospital; HWC-PHC; HWC-SC; Medical College,Details of deaths reported:,14.2.2; 15.2.2; 16.2.2,CHC p.19; Civil Hospital / SDH p.19; District Hospital p.18; HWC-PHC p.18; HWC-SC p.12; Medical College p.16,Revised HMIS formats effective April 2025,Exact public form label; facility-specific codes retained; semantic normalization pending,Official state-hosted copy; confirm national implementation/version with MoHFW/NHSRC
HMIS-FORM-0240,Neonatal Deaths up to 4 weeks (0 to 28 days) due to complications of Prematurity,Mortality and death review,CHC; Civil Hospital / SDH; District Hospital; HWC-PHC; HWC-SC; Medical College,Details of deaths reported:,14.2.3; 15.2.3; 16.2.3,CHC p.19; Civil Hospital / SDH p.19; District Hospital p.18; HWC-PHC p.18; HWC-SC p.12; Medical College p.16,Revised HMIS formats effective April 2025,Exact public form label; facility-specific codes retained; semantic normalization pending,Official state-hosted copy; confirm national implementation/version with MoHFW/NHSRC
HMIS-FORM-0241,Neonatal Deaths up to 4 weeks (0 to 28 days) due to Other causes,Mortality and death review,CHC; Civil Hospital / SDH; District Hospital; HWC-PHC; HWC-SC; Medical College,Details of deaths reported:,14.2.4; 15.2.4; 16.2.4,CHC p.19; Civil Hospital / SDH p.19; District Hospital p.18; HWC-PHC p.18; HWC-SC p.12; Medical College p.16,Revised HMIS formats effective April 2025,Exact public form label; facility-specific codes retained; semantic normalization pending,Official state-hosted copy; confirm national implementation/version with MoHFW/NHSRC
HMIS-FORM-0242,Neonatal Deaths up to 4 weeks (0 to 28 days) due to Sepsis,Childhood illness,CHC; Civil Hospital / SDH; District Hospital; HWC-PHC; HWC-SC; Medical College,Details of deaths reported:,14.2.1; 15.2.1; 16.2.1,CHC p.19; Civil Hospital / SDH p.19; District Hospital p.18; HWC-PHC p.18; HWC-SC p.12; Medical College p.16,Revised HMIS formats effective April 2025,Exact public form label; facility-specific codes retained; semantic normalization pending,Official state-hosted copy; confirm national implementation/version with MoHFW/NHSRC
HMIS-FORM-0243,New born deaths within 1 week (1 to 7 days) At Community (at home or home to facility transit),Newborn and pregnancy outcomes,CHC; Civil Hospital / SDH; District Hospital; HWC-PHC; HWC-SC; Medical College,Details of deaths reported:,14.1.2.b; 15.1.2.b; 16.1.2.b,CHC p.18; Civil Hospital / SDH p.19; District Hospital p.18; HWC-PHC p.18; HWC-SC p.12; Medical College p.15,Revised HMIS formats effective April 2025,Exact public form label; facility-specific codes retained; semantic normalization pending,Official state-hosted copy; confirm national implementation/version with MoHFW/NHSRC
HMIS-FORM-0244,New born deaths within 1 week (1 to 7 days) at Facility/Facility to facility in transit,Newborn and pregnancy outcomes,CHC; Civil Hospital / SDH; District Hospital; HWC-PHC; HWC-SC; Medical College,Details of deaths reported:,14.1.2.a; 15.1.2.a; 16.1.2.a,CHC p.18; Civil Hospital / SDH p.19; District Hospital p.18; HWC-PHC p.18; HWC-SC p.12; Medical College p.15,Revised HMIS formats effective April 2025,Exact public form label; facility-specific codes retained; semantic normalization pending,Official state-hosted copy; confirm national implementation/version with MoHFW/NHSRC
HMIS-FORM-0245,New born deaths within 24 hrs(1 to 23 Hrs 59 minutes) of birth at Facility/ Facility to facility in transit,Newborn and pregnancy outcomes,HWC-PHC,Details of deaths reported:,15.1.1.a,HWC-PHC p.18,Revised HMIS formats effective April 2025,Exact public form label; facility-specific codes retained; semantic normalization pending,Official state-hosted copy; confirm national implementation/version with MoHFW/NHSRC
HMIS-FORM-0246,New born deaths within 24 hrs(1 to 23 Hrs 59 minutes) of birth at Facility/Facility to facility in transit,Newborn and pregnancy outcomes,CHC; Civil Hospital / SDH; District Hospital; HWC-SC; Medical College,Details of deaths reported:,14.1.1.a; 16.1.1.a,CHC p.18; Civil Hospital / SDH p.19; District Hospital p.18; HWC-SC p.12; Medical College p.15,Revised HMIS formats effective April 2025,Exact public form label; facility-specific codes retained; semantic normalization pending,Official state-hosted copy; confirm national implementation/version with MoHFW/NHSRC
HMIS-FORM-0247,New born deaths within 24 hrs(1 to 23 Hrs 59 minutes) of birth in Community (at home or home to facility transit),Newborn and pregnancy outcomes,CHC; Civil Hospital / SDH; District Hospital; HWC-PHC; HWC-SC; Medical College,Details of deaths reported:,14.1.1.b; 15.1.1.b; 16.1.1.b,CHC p.18; Civil Hospital / SDH p.19; District Hospital p.18; HWC-PHC p.18; HWC-SC p.12; Medical College p.15,Revised HMIS formats effective April 2025,Exact public form label; facility-specific codes retained; semantic normalization pending,Official state-hosted copy; confirm national implementation/version with MoHFW/NHSRC
HMIS-FORM-0248,New born deaths within 8 to 28 days At Community (at home or home to facility transit),Newborn and pregnancy outcomes,CHC; Civil Hospital / SDH; District Hospital; HWC-PHC; HWC-SC; Medical College,Details of deaths reported:,14.1.3.b; 15.1.3.b; 16.1.3.b,CHC p.19; Civil Hospital / SDH p.19; District Hospital p.18; HWC-PHC p.18; HWC-SC p.12; Medical College p.15,Revised HMIS formats effective April 2025,Exact public form label; facility-specific codes retained; semantic normalization pending,Official state-hosted copy; confirm national implementation/version with MoHFW/NHSRC
HMIS-FORM-0249,New born deaths within 8 to 28 days at Facility/Facility to facility in transit,Newborn and pregnancy outcomes,CHC; Civil Hospital / SDH; District Hospital; HWC-PHC; HWC-SC; Medical College,Details of deaths reported:,14.1.3.a; 15.1.3.a; 16.1.3.a,CHC p.18; Civil Hospital / SDH p.19; District Hospital p.18; HWC-PHC p.18; HWC-SC p.12; Medical College p.15,Revised HMIS formats effective April 2025,Exact public form label; facility-specific codes retained; semantic normalization pending,Official state-hosted copy; confirm national implementation/version with MoHFW/NHSRC
HMIS-FORM-0250,New Cases of Childhood Diseases (0-5 years) & Leprosy (0-14 years) Include new cases of OPD/IPD/Emergency,Leprosy services,CHC; Civil Hospital / SDH; District Hospital; HWC-PHC; HWC-SC; Medical College,Number of cases of Childhood Diseases,10.1; 9.1,CHC p.9; Civil Hospital / SDH p.9; District Hospital p.9; HWC-PHC p.9; HWC-SC p.8; Medical College p.7,Revised HMIS formats effective April 2025,Exact public form label; facility-specific codes retained; semantic normalization pending,Official state-hosted copy; confirm national implementation/version with MoHFW/NHSRC
HMIS-FORM-0251,New cases of PW with hypertension detected,Antenatal care and high-risk pregnancy,CHC; Civil Hospital / SDH; District Hospital; HWC-PHC; HWC-SC; Medical College,Ante Natal Care (ANC) Services & High Risk Pregnancies,1.3.1,CHC p.1; Civil Hospital / SDH p.1; District Hospital p.1; HWC-PHC p.1; HWC-SC p.1; Medical College p.1,Revised HMIS formats effective April 2025,Exact public form label; facility-specific codes retained; semantic normalization pending,Official state-hosted copy; confirm national implementation/version with MoHFW/NHSRC
HMIS-FORM-0252,No. of AES cases tested for JE(IgM ELISA),Vector-borne diseases,Civil Hospital / SDH; District Hospital; Medical College,National Vector Borne Disease Control Programme (NVBDCP),11.4.1,Civil Hospital / SDH p.11; District Hospital p.10; Medical College p.8,Revised HMIS formats effective April 2025,Exact public form label; facility-specific codes retained; semantic normalization pending,Official state-hosted copy; confirm national implementation/version with MoHFW/NHSRC
HMIS-FORM-0253,No. of Childhood Leprosy cases (1-14) reported in a month,Leprosy services,District Headquarters,National Leprosy Eradication Programme (NLEP),4.2,District Headquarters p.2,Revised HMIS formats effective April 2025,Exact public form label; facility-specific codes retained; semantic normalization pending,Official state-hosted copy; confirm national implementation/version with MoHFW/NHSRC
HMIS-FORM-0254,No. of DIL women subjected to HIV test at Confirmatory Centre/Stand Alone-ICTC,STI/RTI services,CHC; Civil Hospital / SDH; District Hospital; Medical College,Diagnostics,15.3.3.g,CHC p.17; Civil Hospital / SDH p.18; District Hospital p.17; Medical College p.14,Revised HMIS formats effective April 2025,Exact public form label; facility-specific codes retained; semantic normalization pending,Official state-hosted copy; confirm national implementation/version with MoHFW/NHSRC
HMIS-FORM-0255,No. of Emergencies managed at night (8 PM- 8 AM),Tuberculosis services,CHC; Civil Hospital / SDH; District Hospital; HWC-PHC; Medical College,National TB Elimination Programme (NTEP); Patient Services,13.5.2; 14.5.2,CHC p.13; Civil Hospital / SDH p.14; District Hospital p.13; HWC-PHC p.13; Medical College p.11,Revised HMIS formats effective April 2025,Exact public form label; facility-specific codes retained; semantic normalization pending,Official state-hosted copy; confirm national implementation/version with MoHFW/NHSRC
HMIS-FORM-0256,No. of females (non-ANC) subjected to HIV test at Confirmatory Centre/Stand Alone- ICTC,Antenatal care and high-risk pregnancy,CHC; Civil Hospital / SDH; District Hospital; HWC-PHC; HWC-SC; Medical College,Diagnostics,13.3.2.c; 14.3.2.c; 15.3.2.c,CHC p.17; Civil Hospital / SDH p.18; District Hospital p.16; HWC-PHC p.17; HWC-SC p.11; Medical College p.14,Revised HMIS formats effective April 2025,Exact public form label; facility-specific codes retained; semantic normalization pending,Official state-hosted copy; confirm national implementation/version with MoHFW/NHSRC
HMIS-FORM-0257,No. of H/TG people subjected to HIV test at Confirmatory Centre /Stand Alone-ICTC,STI/RTI services,CHC; Civil Hospital / SDH; District Hospital; Medical College,Diagnostics,15.3.4.c,CHC p.18; Civil Hospital / SDH p.18; District Hospital p.17; Medical College p.14,Revised HMIS formats effective April 2025,Exact public form label; facility-specific codes retained; semantic normalization pending,Official state-hosted copy; confirm national implementation/version with MoHFW/NHSRC
HMIS-FORM-0258,No. of H/TG people subjected to HIV test at Confirmatory Centre/Stand Alone-ICTC,STI/RTI services,HWC-PHC; HWC-SC,Diagnostics,13.3.4.c; 14.3.4.c,HWC-PHC p.17; HWC-SC p.11,Revised HMIS formats effective April 2025,Exact public form label; facility-specific codes retained; semantic normalization pending,Official state-hosted copy; confirm national implementation/version with MoHFW/NHSRC
HMIS-FORM-0259,No. of identified Sick new-borns referred by ASHA to facility under HBNC Programme,Delivery and intrapartum care,CHC; Civil Hospital / SDH; District Hospital; HWC-PHC; HWC-SC,Deliveries,2.5,CHC p.3; Civil Hospital / SDH p.3; District Hospital p.3; HWC-PHC p.3; HWC-SC p.3,Revised HMIS formats effective April 2025,Exact public form label; facility-specific codes retained; semantic normalization pending,Official state-hosted copy; confirm national implementation/version with MoHFW/NHSRC
HMIS-FORM-0260,No. of JE positive cases,Vector-borne diseases,Civil Hospital / SDH; District Hospital; Medical College,National Vector Borne Disease Control Programme (NVBDCP),11.4.2,Civil Hospital / SDH p.11; District Hospital p.10; Medical College p.8,Revised HMIS formats effective April 2025,Exact public form label; facility-specific codes retained; semantic normalization pending,Official state-hosted copy; confirm national implementation/version with MoHFW/NHSRC
HMIS-FORM-0261,No. of leprosy patients undergone Reconstructive Surgery in a month,Leprosy services,District Headquarters,National Leprosy Eradication Programme (NLEP),4.4,District Headquarters p.2,Revised HMIS formats effective April 2025,Exact public form label; facility-specific codes retained; semantic normalization pending,Official state-hosted copy; confirm national implementation/version with MoHFW/NHSRC
HMIS-FORM-0262,No. of Major Surgeries done at night (8PM to 8 AM) (Excluding C section),Delivery and intrapartum care,Civil Hospital / SDH; District Hospital; Medical College,National TB Elimination Programme (NTEP); Patient Services,14.8.1.d,Civil Hospital / SDH p.15; District Hospital p.14; Medical College p.12,Revised HMIS formats effective April 2025,Exact public form label; facility-specific codes retained; semantic normalization pending,Official state-hosted copy; confirm national implementation/version with MoHFW/NHSRC
HMIS-FORM-0263,No. of males subjected to HIV test at Confirmatory Centre/Stand Alone-ICTC,STI/RTI services,CHC; Civil Hospital / SDH; District Hospital; HWC-PHC; HWC-SC; Medical College,Diagnostics,13.3.1.c; 14.3.1.c; 15.3.1.c,CHC p.17; Civil Hospital / SDH p.17; District Hospital p.16; HWC-PHC p.17; HWC-SC p.11; Medical College p.14,Revised HMIS formats effective April 2025,Exact public form label; facility-specific codes retained; semantic normalization pending,Official state-hosted copy; confirm national implementation/version with MoHFW/NHSRC
HMIS-FORM-0264,No. of new leprosy cases found during monthly survey,Leprosy services,District Headquarters,National Leprosy Eradication Programme (NLEP),4.1,District Headquarters p.2,Revised HMIS formats effective April 2025,Exact public form label; facility-specific codes retained; semantic normalization pending,Official state-hosted copy; confirm national implementation/version with MoHFW/NHSRC
HMIS-FORM-0265,No. of new Leprosy cases with Grade 2 disability reported in a month,Leprosy services,District Headquarters,National Leprosy Eradication Programme (NLEP),4.3,District Headquarters p.2,Revised HMIS formats effective April 2025,Exact public form label; facility-specific codes retained; semantic normalization pending,Official state-hosted copy; confirm national implementation/version with MoHFW/NHSRC
HMIS-FORM-0266,No. of Newborns discharged from the facility were exclusively breastfed till discharge,Antenatal care and high-risk pregnancy,CHC; Civil Hospital / SDH; District Hospital; HWC-PHC; HWC-SC; Medical College,Pregnancy outcome & details of new-born/children,3.4.4; 4.4.4,CHC p.4; Civil Hospital / SDH p.4; District Hospital p.4; HWC-PHC p.4; HWC-SC p.3; Medical College p.4,Revised HMIS formats effective April 2025,Exact public form label; facility-specific codes retained; semantic normalization pending,Official state-hosted copy; confirm national implementation/version with MoHFW/NHSRC
HMIS-FORM-0267,No. of PW(ANC) subjected to HIV test at Confirmatory Centre /Stand Alone-ICTC,Antenatal care and high-risk pregnancy,HWC-SC,Diagnostics,13.3.3.c,HWC-SC p.11,Revised HMIS formats effective April 2025,Exact public form label; facility-specific codes retained; semantic normalization pending,Official state-hosted copy; confirm national implementation/version with MoHFW/NHSRC
HMIS-FORM-0268,No. of PW(ANC) subjected to HIV test at Confirmatory Centre/Stand Alone-ICTC,Antenatal care and high-risk pregnancy,CHC; Civil Hospital / SDH; District Hospital; HWC-PHC; Medical College,Diagnostics,14.3.3.c; 15.3.3.c,CHC p.17; Civil Hospital / SDH p.18; District Hospital p.17; HWC-PHC p.17; Medical College p.14,Revised HMIS formats effective April 2025,Exact public form label; facility-specific codes retained; semantic normalization pending,Official state-hosted copy; confirm national implementation/version with MoHFW/NHSRC
HMIS-FORM-0269,No. of registered Bio chemistry tests report EQAS Compliant,Diagnostics and laboratory services,CHC; Civil Hospital / SDH; District Hospital; HWC-PHC; Medical College,QA (Quality Assurance) & BEMMP (Biomedical Equipment Management & Maintenance Program),16.1.4; 17.1.4,CHC p.21; Civil Hospital / SDH p.21; District Hospital p.20; HWC-PHC p.20; Medical College p.17,Revised HMIS formats effective April 2025,Exact public form label; facility-specific codes retained; semantic normalization pending,Official state-hosted copy; confirm national implementation/version with MoHFW/NHSRC
HMIS-FORM-0270,No. of registered Haematology tests reported EQAS Compliant,Diagnostics and laboratory services,CHC; Civil Hospital / SDH; District Hospital; HWC-PHC; Medical College,QA (Quality Assurance) & BEMMP (Biomedical Equipment Management & Maintenance Program),16.1.2; 17.1.2,CHC p.21; Civil Hospital / SDH p.21; District Hospital p.20; HWC-PHC p.20; Medical College p.17,Revised HMIS formats effective April 2025,Exact public form label; facility-specific codes retained; semantic normalization pending,Official state-hosted copy; confirm national implementation/version with MoHFW/NHSRC
HMIS-FORM-0271,No. of Subdermal Contraceptive Implant,Family planning,CHC; Civil Hospital / SDH; District Hospital; HWC-PHC; HWC-SC; Medical College,Family Planning,7.14; 8.17,CHC p.7; Civil Hospital / SDH p.7; District Hospital p.7; HWC-PHC p.7; HWC-SC p.6; Medical College p.5,Revised HMIS formats effective April 2025,Exact public form label; facility-specific codes retained; semantic normalization pending,Official state-hosted copy; confirm national implementation/version with MoHFW/NHSRC
HMIS-FORM-0272,No. of Subdermal Contraceptive Implant inserted,Family planning,CHC; Civil Hospital / SDH; District Hospital; HWC-PHC; HWC-SC; Medical College,Family Planning,7.14.1; 8.17.1,CHC p.7; Civil Hospital / SDH p.7; District Hospital p.7; HWC-PHC p.7; HWC-SC p.6; Medical College p.5,Revised HMIS formats effective April 2025,Exact public form label; facility-specific codes retained; semantic normalization pending,Official state-hosted copy; confirm national implementation/version with MoHFW/NHSRC
HMIS-FORM-0273,No. of Subdermal Contraceptive Implant removed,Family planning,CHC; Civil Hospital / SDH; District Hospital; HWC-PHC; HWC-SC; Medical College,Family Planning,7.14.2; 8.17.2,CHC p.7; Civil Hospital / SDH p.7; District Hospital p.7; HWC-PHC p.7; HWC-SC p.6; Medical College p.5,Revised HMIS formats effective April 2025,Exact public form label; facility-specific codes retained; semantic normalization pending,Official state-hosted copy; confirm national implementation/version with MoHFW/NHSRC
HMIS-FORM-0274,Number of Admission in NBSU ( New Born Stabilisation Unit),Newborn and pregnancy outcomes,CHC; Civil Hospital / SDH; District Hospital; HWC-PHC,Patient Services,13.10.1; 14.10.1,CHC p.14; Civil Hospital / SDH p.15; District Hospital p.14; HWC-PHC p.14,Revised HMIS formats effective April 2025,Exact public form label; facility-specific codes retained; semantic normalization pending,Official state-hosted copy; confirm national implementation/version with MoHFW/NHSRC
HMIS-FORM-0275,Number of admitted children left against medical advice (LAMA) / defaulter,Tuberculosis services,CHC; Civil Hospital / SDH; District Hospital; HWC-PHC; Medical College,National TB Elimination Programme (NTEP); Patient Services,13.12.6; 14.13.6,CHC p.15; Civil Hospital / SDH p.16; District Hospital p.15; HWC-PHC p.15; Medical College p.13,Revised HMIS formats effective April 2025,Exact public form label; facility-specific codes retained; semantic normalization pending,Official state-hosted copy; confirm national implementation/version with MoHFW/NHSRC
HMIS-FORM-0276,Number of Adolescent Friendly Club Meetings organized,Adolescent health,HWC-PHC; HWC-SC,Adolescent Health,11.2.4; 12.3.4,HWC-PHC p.11; HWC-SC p.8,Revised HMIS formats effective April 2025,Exact public form label; facility-specific codes retained; semantic normalization pending,Official state-hosted copy; confirm national implementation/version with MoHFW/NHSRC
HMIS-FORM-0277,Number of adolescent girls attended monthly meeting,Adolescent health,CHC; Civil Hospital / SDH; District Hospital; HWC-PHC; HWC-SC,Adolescent Health,11.1.3; 12.2.3,CHC p.11; Civil Hospital / SDH p.11; District Hospital p.11; HWC-PHC p.11; HWC-SC p.8,Revised HMIS formats effective April 2025,Exact public form label; facility-specific codes retained; semantic normalization pending,Official state-hosted copy; confirm national implementation/version with MoHFW/NHSRC
HMIS-FORM-0278,Number of adolescent girls provided sanitary napkin packs by ASHA,Adolescent health,CHC; Civil Hospital / SDH; District Hospital; HWC-PHC; HWC-SC,Adolescent Health,11.1.1; 12.2.1,CHC p.11; Civil Hospital / SDH p.11; District Hospital p.11; HWC-PHC p.11; HWC-SC p.8,Revised HMIS formats effective April 2025,Exact public form label; facility-specific codes retained; semantic normalization pending,Official state-hosted copy; confirm national implementation/version with MoHFW/NHSRC
HMIS-FORM-0279,Number of adolescent girls provided sanitary napkin packs by State/UT supported Menstrual Hygiene Scheme (MHS),Adolescent health,CHC; Civil Hospital / SDH; District Hospital; HWC-PHC; HWC-SC,Adolescent Health,11.1.4; 12.2.4,CHC p.11; Civil Hospital / SDH p.11; District Hospital p.11; HWC-PHC p.11; HWC-SC p.8,Revised HMIS formats effective April 2025,Exact public form label; facility-specific codes retained; semantic normalization pending,Official state-hosted copy; confirm national implementation/version with MoHFW/NHSRC
HMIS-FORM-0280,Number of Adolescent Health & Wellness Days organized,Adolescent health,CHC; Civil Hospital / SDH; District Hospital; HWC-PHC; HWC-SC,Adolescent Health,11.2.3; 12.3.1; 12.3.3,CHC p.11; Civil Hospital / SDH p.11; District Hospital p.11; HWC-PHC p.11; HWC-SC p.8,Revised HMIS formats effective April 2025,Exact public form label; facility-specific codes retained; semantic normalization pending,Official state-hosted copy; confirm national implementation/version with MoHFW/NHSRC
HMIS-FORM-0281,Number of Adolescents (10-19 years) registered in Adolescent Friendly Health Clinic (AFHC),Adolescent health,CHC; Civil Hospital / SDH; District Hospital; HWC-PHC; Medical College,Adolescent Health,12.1.1,CHC p.11; Civil Hospital / SDH p.11; District Hospital p.10; HWC-PHC p.10; Medical College p.9,Revised HMIS formats effective April 2025,Exact public form label; facility-specific codes retained; semantic normalization pending,Official state-hosted copy; confirm national implementation/version with MoHFW/NHSRC
HMIS-FORM-0282,Number of anaemic in-school adolescent boys (10-19 years) put on treatment,Adolescent health,CHC; Civil Hospital / SDH; District Hospital; HWC-PHC; HWC-SC,Anaemia Mukt Bharat,4.2.3.d; 5.2.3.d,CHC p.5; Civil Hospital / SDH p.5; District Hospital p.5; HWC-PHC p.5; HWC-SC p.4,Revised HMIS formats effective April 2025,Exact public form label; facility-specific codes retained; semantic normalization pending,Official state-hosted copy; confirm national implementation/version with MoHFW/NHSRC
HMIS-FORM-0283,Number of anaemic in-school adolescent girls (10-19 years) put on treatment,Adolescent health,CHC; Civil Hospital / SDH; District Hospital; HWC-PHC; HWC-SC,Anaemia Mukt Bharat,4.2.3.b; 5.2.3.b,CHC p.5; Civil Hospital / SDH p.5; District Hospital p.5; HWC-PHC p.5; HWC-SC p.4,Revised HMIS formats effective April 2025,Exact public form label; facility-specific codes retained; semantic normalization pending,Official state-hosted copy; confirm national implementation/version with MoHFW/NHSRC
HMIS-FORM-0284,Number of anaemic in-school Children (5-9 years) put on treatment,Anaemia and nutrition,CHC; Civil Hospital / SDH; District Hospital; HWC-PHC; HWC-SC,Anaemia Mukt Bharat,4.2.3.a; 5.2.3.a,CHC p.5; Civil Hospital / SDH p.5; District Hospital p.5; HWC-PHC p.5; HWC-SC p.4,Revised HMIS formats effective April 2025,Exact public form label; facility-specific codes retained; semantic normalization pending,Official state-hosted copy; confirm national implementation/version with MoHFW/NHSRC
HMIS-FORM-0285,Number of anaemic lactating mothers (of 0-6 months old child) put on treatment,Anaemia and nutrition,CHC; Civil Hospital / SDH; District Hospital; HWC-PHC; HWC-SC,Anaemia Mukt Bharat,4.2.3.e; 5.2.3.e,CHC p.5; Civil Hospital / SDH p.5; District Hospital p.5; HWC-PHC p.5; HWC-SC p.4,Revised HMIS formats effective April 2025,Exact public form label; facility-specific codes retained; semantic normalization pending,Official state-hosted copy; confirm national implementation/version with MoHFW/NHSRC
HMIS-FORM-0286,Number of anaemic out of school adolescent girls (10-19 years) put on treatment,Adolescent health,CHC; Civil Hospital / SDH; District Hospital; HWC-PHC; HWC-SC,Anaemia Mukt Bharat,4.2.3.c; 5.2.3.c,CHC p.5; Civil Hospital / SDH p.5; District Hospital p.5; HWC-PHC p.5; HWC-SC p.4,Revised HMIS formats effective April 2025,Exact public form label; facility-specific codes retained; semantic normalization pending,Official state-hosted copy; confirm national implementation/version with MoHFW/NHSRC
HMIS-FORM-0287,"Number of anaemic women of reproductive age (non-pregnant, non-lactating) (20- 49 years) put on treatment",Antenatal care and high-risk pregnancy,CHC; Civil Hospital / SDH; District Hospital; HWC-PHC,Anaemia Mukt Bharat,5.2.3.f,CHC p.5; Civil Hospital / SDH p.5; District Hospital p.5; HWC-PHC p.5,Revised HMIS formats effective April 2025,Exact public form label; facility-specific codes retained; semantic normalization pending,Official state-hosted copy; confirm national implementation/version with MoHFW/NHSRC
HMIS-FORM-0288,"Number of anaemic women of reproductive age (non-pregnant, non-lactating) (20-49 years) put on treatment",Antenatal care and high-risk pregnancy,HWC-SC,Anaemia Mukt Bharat,4.2.3.f,HWC-SC p.4,Revised HMIS formats effective April 2025,Exact public form label; facility-specific codes retained; semantic normalization pending,Official state-hosted copy; confirm national implementation/version with MoHFW/NHSRC
HMIS-FORM-0289,Number of Anganwadi centres reported to have conducted atleast one Village Health & Nutrition Day (VHNDs)/UHND/ Outreach / Special Outreach sessions,Patient services and utilization,CHC; Civil Hospital / SDH; District Hospital; HWC-PHC; HWC-SC,Patient Services,12.9; 13.14; 14.15,CHC p.16; Civil Hospital / SDH p.16; District Hospital p.15; HWC-PHC p.15; HWC-SC p.10,Revised HMIS formats effective April 2025,Exact public form label; facility-specific codes retained; semantic normalization pending,Official state-hosted copy; confirm national implementation/version with MoHFW/NHSRC
HMIS-FORM-0290,Number of babies born to Syphilis-Seropositive Pregnant Women tested positive/ clinically diagnosed for congenital Syphilis,Antenatal care and high-risk pregnancy,CHC; Civil Hospital / SDH; District Hospital; HWC-PHC; HWC-SC; Medical College,Ante Natal Care (ANC) Services & High Risk Pregnancies,1.6.1.e,CHC p.2; Civil Hospital / SDH p.2; District Hospital p.2; HWC-PHC p.2; HWC-SC p.2; Medical College p.2,Revised HMIS formats effective April 2025,Exact public form label; facility-specific codes retained; semantic normalization pending,Official state-hosted copy; confirm national implementation/version with MoHFW/NHSRC
HMIS-FORM-0291,Number of beneficiaries who are registered at the ICTC centre,Tuberculosis services,CHC; Civil Hospital / SDH; District Hospital; Medical College,National TB Elimination Programme (NTEP),13.1,CHC p.11; Civil Hospital / SDH p.11; District Hospital p.11; Medical College p.9,Revised HMIS formats effective April 2025,Exact public form label; facility-specific codes retained; semantic normalization pending,Official state-hosted copy; confirm national implementation/version with MoHFW/NHSRC
HMIS-FORM-0292,Number of beneficiaries who are registered at the NCD clinic,Tuberculosis services,CHC; Civil Hospital / SDH; District Hospital; Medical College,National TB Elimination Programme (NTEP),13.3,CHC p.11; Civil Hospital / SDH p.12; District Hospital p.11; Medical College p.9,Revised HMIS formats effective April 2025,Exact public form label; facility-specific codes retained; semantic normalization pending,Official state-hosted copy; confirm national implementation/version with MoHFW/NHSRC
HMIS-FORM-0293,Number of Boys (6th -12th class) provided 4/5 IFA tablets in schools,Anaemia and nutrition,Block Headquarters,Anaemia Mukt Bharat,2.3.1.b,Block Headquarters p.2,Revised HMIS formats effective April 2025,Exact public form label; facility-specific codes retained; semantic normalization pending,Official state-hosted copy; confirm national implementation/version with MoHFW/NHSRC
HMIS-FORM-0294,Number of Boys (6th -12th class) provided albendazole in schools,Anaemia and nutrition,Block Headquarters,Anaemia Mukt Bharat,2.3.2.b,Block Headquarters p.2,Revised HMIS formats effective April 2025,Exact public form label; facility-specific codes retained; semantic normalization pending,Official state-hosted copy; confirm national implementation/version with MoHFW/NHSRC
HMIS-FORM-0295,Number of boys 10-11 years having anaemia (Hb 8.1-11.4 g/dL (deciliter)),Anaemia and nutrition,Block Headquarters,Anaemia Mukt Bharat,2.2.1.c.i,Block Headquarters p.1,Revised HMIS formats effective April 2025,Exact public form label; facility-specific codes retained; semantic normalization pending,Official state-hosted copy; confirm national implementation/version with MoHFW/NHSRC
HMIS-FORM-0296,"Number of cases of AEFI - Serious (eg.- hospitalization, death, disability , cluster etc.)",Immunization,CHC; Civil Hospital / SDH; District Hospital; HWC-PHC; HWC-SC; Medical College,CHILD IMMUNISATION,8.6.3; 9.6.3,CHC p.9; Civil Hospital / SDH p.9; District Hospital p.9; HWC-PHC p.9; HWC-SC p.7; Medical College p.7,Revised HMIS formats effective April 2025,Exact public form label; facility-specific codes retained; semantic normalization pending,Official state-hosted copy; confirm national implementation/version with MoHFW/NHSRC
HMIS-FORM-0297,"Number of cases of AEFI - Severe (eg.- anaphylaxis, fever>102 degrees, not requiring hospitalization etc.)",Immunization,CHC; Civil Hospital / SDH; District Hospital; HWC-PHC; HWC-SC; Medical College,CHILD IMMUNISATION,8.6.2; 9.6.2,CHC p.9; Civil Hospital / SDH p.9; District Hospital p.9; HWC-PHC p.9; HWC-SC p.7; Medical College p.7,Revised HMIS formats effective April 2025,Exact public form label; facility-specific codes retained; semantic normalization pending,Official state-hosted copy; confirm national implementation/version with MoHFW/NHSRC
HMIS-FORM-0298,"Number of cases of AEFI -Minor (eg.- fever, rash, pain etc)",Immunization,CHC; Civil Hospital / SDH; District Hospital; HWC-PHC; HWC-SC; Medical College,CHILD IMMUNISATION,8.6.1; 9.6.1,CHC p.9; Civil Hospital / SDH p.9; District Hospital p.8; HWC-PHC p.9; HWC-SC p.7; Medical College p.7,Revised HMIS formats effective April 2025,Exact public form label; facility-specific codes retained; semantic normalization pending,Official state-hosted copy; confirm national implementation/version with MoHFW/NHSRC
HMIS-FORM-0299,Number of cases of Female Sterilization followed up (after 1 month or on the resumption of her menstrual cycle whichever is earlier),Family planning,CHC; Civil Hospital / SDH; District Hospital; HWC-PHC; Medical College,Family Planning,8.19.1,CHC p.7; Civil Hospital / SDH p.7; District Hospital p.7; HWC-PHC p.7; Medical College p.6,Revised HMIS formats effective April 2025,Exact public form label; facility-specific codes retained; semantic normalization pending,Official state-hosted copy; confirm national implementation/version with MoHFW/NHSRC
HMIS-FORM-0300,Number of cases of Male Sterilization followed up (after 3 months),Family planning,CHC; Civil Hospital / SDH; District Hospital; HWC-PHC; Medical College,Family Planning,8.19.2,CHC p.7; Civil Hospital / SDH p.7; District Hospital p.7; HWC-PHC p.7; Medical College p.6,Revised HMIS formats effective April 2025,Exact public form label; facility-specific codes retained; semantic normalization pending,Official state-hosted copy; confirm national implementation/version with MoHFW/NHSRC
HMIS-FORM-0301,Number of cases reported for Self Harm,Tuberculosis services,CHC; Civil Hospital / SDH; District Hospital; HWC-PHC; HWC-SC; Medical College,National TB Elimination Programme (NTEP); Patient Services,12.1.2.c; 13.1.2.e; 14.1.2.b; 14.1.2.c,CHC p.12; Civil Hospital / SDH p.12; District Hospital p.11; HWC-PHC p.12; HWC-SC p.9; Medical College p.9,Revised HMIS formats effective April 2025,Exact public form label; facility-specific codes retained; semantic normalization pending,Official state-hosted copy; confirm national implementation/version with MoHFW/NHSRC
HMIS-FORM-0302,Number of Centchroman (weekly) pill strips distributed to the beneficiary,Family planning,CHC; Civil Hospital / SDH; District Hospital; HWC-PHC; HWC-SC; Medical College,Family Planning,7.11; 8.14,CHC p.7; Civil Hospital / SDH p.7; District Hospital p.7; HWC-PHC p.7; HWC-SC p.5; Medical College p.5,Revised HMIS formats effective April 2025,Exact public form label; facility-specific codes retained; semantic normalization pending,Official state-hosted copy; confirm national implementation/version with MoHFW/NHSRC
HMIS-FORM-0303,Number of Child Deaths (1 -below 5 years) due to Diarrhoea,Childhood illness,CHC; Civil Hospital / SDH; District Hospital; HWC-PHC; HWC-SC; Medical College,Details of deaths reported:,14.4.2; 15.4.2; 16.4.2,CHC p.19; Civil Hospital / SDH p.20; District Hospital p.18; HWC-PHC p.19; HWC-SC p.13; Medical College p.16,Revised HMIS formats effective April 2025,Exact public form label; facility-specific codes retained; semantic normalization pending,Official state-hosted copy; confirm national implementation/version with MoHFW/NHSRC
HMIS-FORM-0304,Number of Child Deaths (1 -below 5 years) due to Fever related,Mortality and death review,CHC; Civil Hospital / SDH; District Hospital; HWC-PHC; HWC-SC; Medical College,Details of deaths reported:,14.4.3; 15.4.3; 16.4.3,CHC p.19; Civil Hospital / SDH p.20; District Hospital p.18; HWC-PHC p.19; HWC-SC p.13; Medical College p.16,Revised HMIS formats effective April 2025,Exact public form label; facility-specific codes retained; semantic normalization pending,Official state-hosted copy; confirm national implementation/version with MoHFW/NHSRC
HMIS-FORM-0305,Number of Child Deaths (1 -below 5 years) due to Measles,Immunization,CHC; Civil Hospital / SDH; District Hospital; HWC-PHC; HWC-SC; Medical College,Details of deaths reported:,14.4.4; 15.4.4; 16.4.4,CHC p.19; Civil Hospital / SDH p.20; District Hospital p.18; HWC-PHC p.19; HWC-SC p.13; Medical College p.16,Revised HMIS formats effective April 2025,Exact public form label; facility-specific codes retained; semantic normalization pending,Official state-hosted copy; confirm national implementation/version with MoHFW/NHSRC
HMIS-FORM-0306,Number of Child Deaths (1 -below 5 years) due to Others,Mortality and death review,CHC; Civil Hospital / SDH; District Hospital; HWC-PHC; HWC-SC; Medical College,Details of deaths reported:,14.4.5; 15.4.5; 16.4.5,CHC p.19; Civil Hospital / SDH p.20; District Hospital p.18; HWC-PHC p.19; HWC-SC p.13; Medical College p.16,Revised HMIS formats effective April 2025,Exact public form label; facility-specific codes retained; semantic normalization pending,Official state-hosted copy; confirm national implementation/version with MoHFW/NHSRC
HMIS-FORM-0307,Number of Child Deaths (1 -below 5 years) due to Pneumonia,Childhood illness,CHC; Civil Hospital / SDH; District Hospital; HWC-PHC; HWC-SC; Medical College,Details of deaths reported:,14.4.1; 15.4.1; 16.4.1,CHC p.19; Civil Hospital / SDH p.20; District Hospital p.18; HWC-PHC p.19; HWC-SC p.13; Medical College p.16,Revised HMIS formats effective April 2025,Exact public form label; facility-specific codes retained; semantic normalization pending,Official state-hosted copy; confirm national implementation/version with MoHFW/NHSRC
HMIS-FORM-0308,Number of children (0 - 18 years) identified with selected birth defect by RBSK Mobile Health teams,RBSK / child screening,Block Headquarters,Rashtriya Bal Swasthaya Karyakram (RBSK),1.4.4.a,Block Headquarters p.1,Revised HMIS formats effective April 2025,Exact public form label; facility-specific codes retained; semantic normalization pending,Official state-hosted copy; confirm national implementation/version with MoHFW/NHSRC
HMIS-FORM-0309,Number of children (6 Weeks to 6 years) screened by RBSK mobile health teams at Anganwadi center,RBSK / child screening,Block Headquarters,Rashtriya Bal Swasthaya Karyakram (RBSK),1.1,Block Headquarters p.1,Revised HMIS formats effective April 2025,Exact public form label; facility-specific codes retained; semantic normalization pending,Official state-hosted copy; confirm national implementation/version with MoHFW/NHSRC
HMIS-FORM-0310,Number of children (6 years to 18 years) screened by RBSK mobile health teams at Govt and Govt aided schools,RBSK / child screening,Block Headquarters,Rashtriya Bal Swasthaya Karyakram (RBSK),1.1.a,Block Headquarters p.1,Revised HMIS formats effective April 2025,Exact public form label; facility-specific codes retained; semantic normalization pending,Official state-hosted copy; confirm national implementation/version with MoHFW/NHSRC
HMIS-FORM-0311,Number of children (6-59 months old) provided 8-10 doses (1ml) of IFA syrup (Bi weekly),Anaemia and nutrition,CHC; Civil Hospital / SDH; District Hospital; HWC-PHC; HWC-SC,Anaemia Mukt Bharat,4.1.2; 5.1.2,CHC p.5; Civil Hospital / SDH p.5; District Hospital p.5; HWC-PHC p.5; HWC-SC p.4,Revised HMIS formats effective April 2025,Exact public form label; facility-specific codes retained; semantic normalization pending,Official state-hosted copy; confirm national implementation/version with MoHFW/NHSRC
HMIS-FORM-0312,Number of children 5-9 years provided Weekly Iron Folic Acid (IFA Pink) tablets in a month,Anaemia and nutrition,Block Headquarters; CHC; Civil Hospital / SDH; District Hospital; HWC-PHC; HWC-SC,Anaemia Mukt Bharat,2.1.1; 4.1.3; 5.1.3,Block Headquarters p.1; CHC p.5; Civil Hospital / SDH p.5; District Hospital p.5; HWC-PHC p.5; HWC-SC p.4,Revised HMIS formats effective April 2025,Exact public form label; facility-specific codes retained; semantic normalization pending,Official state-hosted copy; confirm national implementation/version with MoHFW/NHSRC
HMIS-FORM-0313,Number of Children 9-11 months who received:,Immunization,CHC; Civil Hospital / SDH; District Hospital; HWC-PHC; HWC-SC; Medical College,CHILD IMMUNISATION,8.2; 9.2,CHC p.8; Civil Hospital / SDH p.8; District Hospital p.8; HWC-PHC p.8; HWC-SC p.6; Medical College p.6,Revised HMIS formats effective April 2025,Exact public form label; facility-specific codes retained; semantic normalization pending,Official state-hosted copy; confirm national implementation/version with MoHFW/NHSRC
HMIS-FORM-0314,Number of children aged between 9 and <12 months FULLY IMMUNIZED {BCG +OPV123+ Pentavalent123+ MR/ Measles Containing Vaccine (MCV)-1st Dose},Immunization,CHC; Civil Hospital / SDH; District Hospital; HWC-PHC; HWC-SC; Medical College,CHILD IMMUNISATION,8.2.5; 9.2.5,CHC p.8; Civil Hospital / SDH p.8; District Hospital p.8; HWC-PHC p.8; HWC-SC p.7; Medical College p.6,Revised HMIS formats effective April 2025,Exact public form label; facility-specific codes retained; semantic normalization pending,Official state-hosted copy; confirm national implementation/version with MoHFW/NHSRC
HMIS-FORM-0315,Number of children died while admitted in standalone/ intergrated NRC,Tuberculosis services,CHC; Civil Hospital / SDH; District Hospital; HWC-PHC; Medical College,National TB Elimination Programme (NTEP); Patient Services,13.12.7; 14.13.7,CHC p.15; Civil Hospital / SDH p.16; District Hospital p.15; HWC-PHC p.15; Medical College p.13,Revised HMIS formats effective April 2025,Exact public form label; facility-specific codes retained; semantic normalization pending,Official state-hosted copy; confirm national implementation/version with MoHFW/NHSRC
HMIS-FORM-0316,Number of children identified with Deficiency by RBSK Mobile Health teams,RBSK / child screening,Block Headquarters,Rashtriya Bal Swasthaya Karyakram (RBSK),1.2.2.a,Block Headquarters p.1,Revised HMIS formats effective April 2025,Exact public form label; facility-specific codes retained; semantic normalization pending,Official state-hosted copy; confirm national implementation/version with MoHFW/NHSRC
HMIS-FORM-0317,Number of children identified with Developmental delay by RBSK Mobile Health teams,RBSK / child screening,Block Headquarters,Rashtriya Bal Swasthaya Karyakram (RBSK),1.2.3.a,Block Headquarters p.1,Revised HMIS formats effective April 2025,Exact public form label; facility-specific codes retained; semantic normalization pending,Official state-hosted copy; confirm national implementation/version with MoHFW/NHSRC
HMIS-FORM-0318,Number of children identified with Disease by RBSK Mobile Health teams,RBSK / child screening,Block Headquarters,Rashtriya Bal Swasthaya Karyakram (RBSK),1.2.1.a,Block Headquarters p.1,Revised HMIS formats effective April 2025,Exact public form label; facility-specific codes retained; semantic normalization pending,Official state-hosted copy; confirm national implementation/version with MoHFW/NHSRC
HMIS-FORM-0319,Number of children identified with selected health conditions ( New Born - 18 years),Newborn and pregnancy outcomes,Block Headquarters,Rashtriya Bal Swasthaya Karyakram (RBSK),1.2,Block Headquarters p.1,Revised HMIS formats effective April 2025,Exact public form label; facility-specific codes retained; semantic normalization pending,Official state-hosted copy; confirm national implementation/version with MoHFW/NHSRC
HMIS-FORM-0320,Number of Children more than 12 months who received:,Immunization,CHC; Civil Hospital / SDH; District Hospital; HWC-PHC; HWC-SC; Medical College,CHILD IMMUNISATION,8.4; 9.4,CHC p.9; Civil Hospital / SDH p.9; District Hospital p.8; HWC-PHC p.8; HWC-SC p.7; Medical College p.7,Revised HMIS formats effective April 2025,Exact public form label; facility-specific codes retained; semantic normalization pending,Official state-hosted copy; confirm national implementation/version with MoHFW/NHSRC
HMIS-FORM-0321,Number of children more than 16 months of age who received Japanese Encephalitis (JE) vaccine- 2nd dose (16-24 months),Immunization,CHC; Civil Hospital / SDH; District Hospital; HWC-PHC; HWC-SC; Medical College,CHILD IMMUNISATION,8.4.4; 9.4.4,CHC p.9; Civil Hospital / SDH p.9; District Hospital p.8; HWC-PHC p.9; HWC-SC p.7; Medical College p.7,Revised HMIS formats effective April 2025,Exact public form label; facility-specific codes retained; semantic normalization pending,Official state-hosted copy; confirm national implementation/version with MoHFW/NHSRC
HMIS-FORM-0322,Number of Children more than 23 months who received:,Immunization,CHC; Civil Hospital / SDH; District Hospital; HWC-PHC; HWC-SC; Medical College,CHILD IMMUNISATION,8.5; 9.5,CHC p.9; Civil Hospital / SDH p.9; District Hospital p.8; HWC-PHC p.9; HWC-SC p.7; Medical College p.7,Revised HMIS formats effective April 2025,Exact public form label; facility-specific codes retained; semantic normalization pending,Official state-hosted copy; confirm national implementation/version with MoHFW/NHSRC
HMIS-FORM-0323,Number of children Referred to standalone/ integrated NRC by RBSK Team,RBSK / child screening,CHC; Civil Hospital / SDH; District Hospital; HWC-PHC; Medical College,National TB Elimination Programme (NTEP); Patient Services,13.12.4; 14.13.4,CHC p.15; Civil Hospital / SDH p.16; District Hospital p.15; HWC-PHC p.15; Medical College p.13,Revised HMIS formats effective April 2025,Exact public form label; facility-specific codes retained; semantic normalization pending,Official state-hosted copy; confirm national implementation/version with MoHFW/NHSRC
HMIS-FORM-0324,Number of children till age 18 years (affected with selected health conditions) managed by Intervention - Surgical,Antenatal care and high-risk pregnancy,Civil Hospital / SDH; District Hospital; Medical College,Pregnancy outcome & details of new-born/children,4.5.4,Civil Hospital / SDH p.5; District Hospital p.4; Medical College p.4,Revised HMIS formats effective April 2025,Exact public form label; facility-specific codes retained; semantic normalization pending,Official state-hosted copy; confirm national implementation/version with MoHFW/NHSRC
HMIS-FORM-0325,"Number of children till age 18 years (affected with selected health conditions) managed for 4 Ds (Disease, Deficiency, Developmental Delay & Defect)",Antenatal care and high-risk pregnancy,Civil Hospital / SDH; District Hospital; Medical College,Pregnancy outcome & details of new-born/children,4.5.3,Civil Hospital / SDH p.5; District Hospital p.4; Medical College p.4,Revised HMIS formats effective April 2025,Exact public form label; facility-specific codes retained; semantic normalization pending,Official state-hosted copy; confirm national implementation/version with MoHFW/NHSRC
HMIS-FORM-0326,Number of children till age 18 years managed at DEIC (District Early Intervention Centre),Antenatal care and high-risk pregnancy,District Hospital; Medical College,Pregnancy outcome & details of new-born/children,4.5.5,District Hospital p.5; Medical College p.4,Revised HMIS formats effective April 2025,Exact public form label; facility-specific codes retained; semantic normalization pending,Official state-hosted copy; confirm national implementation/version with MoHFW/NHSRC
HMIS-FORM-0327,Number of children who completed all four post discharge follow-ups,Tuberculosis services,CHC; Civil Hospital / SDH; District Hospital; HWC-PHC; Medical College,National TB Elimination Programme (NTEP); Patient Services,13.12.8; 14.13.8,CHC p.15; Civil Hospital / SDH p.16; District Hospital p.15; HWC-PHC p.15; Medical College p.13,Revised HMIS formats effective April 2025,Exact public form label; facility-specific codes retained; semantic normalization pending,Official state-hosted copy; confirm national implementation/version with MoHFW/NHSRC
HMIS-FORM-0328,Number of Combined Oral Pill cycles distributed to the beneficiary,Family planning,CHC; Civil Hospital / SDH; District Hospital; HWC-PHC; HWC-SC; Medical College,Family Planning,7.9; 8.12,CHC p.7; Civil Hospital / SDH p.7; District Hospital p.7; HWC-PHC p.7; HWC-SC p.5; Medical College p.5,Revised HMIS formats effective April 2025,Exact public form label; facility-specific codes retained; semantic normalization pending,Official state-hosted copy; confirm national implementation/version with MoHFW/NHSRC
HMIS-FORM-0329,Number of complications following IUCD Insertion,Family planning,CHC; Civil Hospital / SDH; District Hospital; HWC-PHC; HWC-SC; Medical College,Family Planning,7.4; 8.7,CHC p.6; Civil Hospital / SDH p.7; District Hospital p.6; HWC-PHC p.6; HWC-SC p.5; Medical College p.5,Revised HMIS formats effective April 2025,Exact public form label; facility-specific codes retained; semantic normalization pending,Official state-hosted copy; confirm national implementation/version with MoHFW/NHSRC
HMIS-FORM-0330,Number of Condom pieces distributed to the beneficiary,Family planning,CHC; Civil Hospital / SDH; District Hospital; HWC-PHC; HWC-SC; Medical College,Family Planning,7.10; 8.13,CHC p.7; Civil Hospital / SDH p.7; District Hospital p.7; HWC-PHC p.7; HWC-SC p.5; Medical College p.5,Revised HMIS formats effective April 2025,Exact public form label; facility-specific codes retained; semantic normalization pending,Official state-hosted copy; confirm national implementation/version with MoHFW/NHSRC
HMIS-FORM-0331,Number of deaths due to Accidents/Burn cases,Mortality and death review,CHC; Civil Hospital / SDH; District Hospital; HWC-PHC; HWC-SC; Medical College,Details of deaths reported:,14.6.8; 15.6.8; 16.7.8,CHC p.20; Civil Hospital / SDH p.21; District Hospital p.19; HWC-PHC p.19; HWC-SC p.13; Medical College p.17,Revised HMIS formats effective April 2025,Exact public form label; facility-specific codes retained; semantic normalization pending,Official state-hosted copy; confirm national implementation/version with MoHFW/NHSRC
HMIS-FORM-0332,Number of Deaths due to Acute Encephelitis Syndrome (AES),Mortality and death review,CHC; Civil Hospital / SDH; District Hospital; HWC-PHC; Medical College,Details of deaths reported:,15.7.5; 16.8.5,CHC p.20; Civil Hospital / SDH p.21; District Hospital p.19; HWC-PHC p.20; Medical College p.17,Revised HMIS formats effective April 2025,Exact public form label; facility-specific codes retained; semantic normalization pending,Official state-hosted copy; confirm national implementation/version with MoHFW/NHSRC
HMIS-FORM-0333,Number of deaths due to Animal bites and stings,STI/RTI services,CHC; Civil Hospital / SDH; District Hospital; HWC-PHC; HWC-SC; Medical College,Details of deaths reported:,14.6.9; 15.6.9; 16.7.9,CHC p.20; Civil Hospital / SDH p.21; District Hospital p.19; HWC-PHC p.19; HWC-SC p.13; Medical College p.17,Revised HMIS formats effective April 2025,Exact public form label; facility-specific codes retained; semantic normalization pending,Official state-hosted copy; confirm national implementation/version with MoHFW/NHSRC
HMIS-FORM-0334,Number of deaths due to Cancer,Noncommunicable diseases,CHC; Civil Hospital / SDH; District Hospital; HWC-PHC; HWC-SC; Medical College,Details of deaths reported:,14.6.6; 15.6.6; 16.7.6,CHC p.20; Civil Hospital / SDH p.20; District Hospital p.19; HWC-PHC p.19; HWC-SC p.13; Medical College p.17,Revised HMIS formats effective April 2025,Exact public form label; facility-specific codes retained; semantic normalization pending,Official state-hosted copy; confirm national implementation/version with MoHFW/NHSRC
HMIS-FORM-0335,Number of Deaths due to Dengue,Vector-borne diseases,CHC; Civil Hospital / SDH; District Hospital; HWC-PHC; Medical College,Details of deaths reported:,15.7.4; 16.8.4,CHC p.20; Civil Hospital / SDH p.21; District Hospital p.19; HWC-PHC p.20; Medical College p.17,Revised HMIS formats effective April 2025,Exact public form label; facility-specific codes retained; semantic normalization pending,Official state-hosted copy; confirm national implementation/version with MoHFW/NHSRC
HMIS-FORM-0336,Number of deaths due to Diarrhoeal diseases,Childhood illness,CHC; Civil Hospital / SDH; District Hospital; HWC-PHC; HWC-SC; Medical College,Details of deaths reported:,14.6.1; 15.6.1; 16.7.1,CHC p.20; Civil Hospital / SDH p.20; District Hospital p.19; HWC-PHC p.19; HWC-SC p.13; Medical College p.16,Revised HMIS formats effective April 2025,Exact public form label; facility-specific codes retained; semantic normalization pending,Official state-hosted copy; confirm national implementation/version with MoHFW/NHSRC
HMIS-FORM-0337,Number of deaths due to Heart disease/Hypertension related,Noncommunicable diseases,CHC; Civil Hospital / SDH; District Hospital; HWC-PHC; HWC-SC; Medical College,Details of deaths reported:,14.6.5; 15.6.5; 16.7.5,CHC p.20; Civil Hospital / SDH p.20; District Hospital p.19; HWC-PHC p.19; HWC-SC p.13; Medical College p.17,Revised HMIS formats effective April 2025,Exact public form label; facility-specific codes retained; semantic normalization pending,Official state-hosted copy; confirm national implementation/version with MoHFW/NHSRC
HMIS-FORM-0338,Number of Deaths due to Japanese Encephalitis (JE),Vector-borne diseases,CHC; Civil Hospital / SDH; District Hospital; HWC-PHC; Medical College,Details of deaths reported:,15.7.6; 16.8.6,CHC p.20; Civil Hospital / SDH p.21; District Hospital p.20; HWC-PHC p.20; Medical College p.17,Revised HMIS formats effective April 2025,Exact public form label; facility-specific codes retained; semantic normalization pending,Official state-hosted copy; confirm national implementation/version with MoHFW/NHSRC
HMIS-FORM-0339,Number of Deaths due to Kala Azar,Vector-borne diseases,CHC; Civil Hospital / SDH; District Hospital; HWC-PHC; Medical College,Details of deaths reported:,15.7.3; 16.8.3,CHC p.20; Civil Hospital / SDH p.21; District Hospital p.19; HWC-PHC p.20; Medical College p.17,Revised HMIS formats effective April 2025,Exact public form label; facility-specific codes retained; semantic normalization pending,Official state-hosted copy; confirm national implementation/version with MoHFW/NHSRC
HMIS-FORM-0340,Number of deaths due to Known Acute Disease,Mortality and death review,CHC; Civil Hospital / SDH; District Hospital; HWC-PHC; HWC-SC; Medical College,Details of deaths reported:,14.6.10; 15.6.10; 16.7.10,CHC p.20; Civil Hospital / SDH p.21; District Hospital p.19; HWC-PHC p.20; HWC-SC p.13; Medical College p.17,Revised HMIS formats effective April 2025,Exact public form label; facility-specific codes retained; semantic normalization pending,Official state-hosted copy; confirm national implementation/version with MoHFW/NHSRC
HMIS-FORM-0341,Number of deaths due to Known Chronic Disease,Mortality and death review,CHC; Civil Hospital / SDH; District Hospital; HWC-PHC; HWC-SC; Medical College,Details of deaths reported:,14.6.11; 15.6.11; 16.7.11,CHC p.20; Civil Hospital / SDH p.21; District Hospital p.19; HWC-PHC p.20; HWC-SC p.13; Medical College p.17,Revised HMIS formats effective April 2025,Exact public form label; facility-specific codes retained; semantic normalization pending,Official state-hosted copy; confirm national implementation/version with MoHFW/NHSRC
HMIS-FORM-0342,Number of Deaths due to Malaria- Plasmodium Falciparum,Vector-borne diseases,CHC; Civil Hospital / SDH; District Hospital; HWC-PHC; HWC-SC; Medical College,Details of deaths reported:,14.7.2; 15.7.2; 16.8.2,CHC p.20; Civil Hospital / SDH p.21; District Hospital p.19; HWC-PHC p.20; HWC-SC p.14; Medical College p.17,Revised HMIS formats effective April 2025,Exact public form label; facility-specific codes retained; semantic normalization pending,Official state-hosted copy; confirm national implementation/version with MoHFW/NHSRC
HMIS-FORM-0343,Number of Deaths due to Malaria- Plasmodium Vivax,Vector-borne diseases,CHC; Civil Hospital / SDH; District Hospital; HWC-PHC; HWC-SC; Medical College,Details of deaths reported:,14.7.1; 15.7.1; 16.8.1,CHC p.20; Civil Hospital / SDH p.21; District Hospital p.19; HWC-PHC p.20; HWC-SC p.14; Medical College p.17,Revised HMIS formats effective April 2025,Exact public form label; facility-specific codes retained; semantic normalization pending,Official state-hosted copy; confirm national implementation/version with MoHFW/NHSRC
HMIS-FORM-0344,Number of deaths due to Neurological disease including strokes,Noncommunicable diseases,CHC; Civil Hospital / SDH; District Hospital; HWC-PHC; HWC-SC; Medical College,Details of deaths reported:,14.6.7; 15.6.7; 16.7.7,CHC p.20; Civil Hospital / SDH p.20; District Hospital p.19; HWC-PHC p.19; HWC-SC p.13; Medical College p.17,Revised HMIS formats effective April 2025,Exact public form label; facility-specific codes retained; semantic normalization pending,Official state-hosted copy; confirm national implementation/version with MoHFW/NHSRC
HMIS-FORM-0345,Number of deaths due to Other Causes,Mortality and death review,CHC; Civil Hospital / SDH; District Hospital; HWC-PHC; HWC-SC; Medical College,Details of deaths reported:,14.6.12; 15.6.12; 16.7.12,CHC p.20; Civil Hospital / SDH p.21; District Hospital p.19; HWC-PHC p.20; HWC-SC p.13; Medical College p.17,Revised HMIS formats effective April 2025,Exact public form label; facility-specific codes retained; semantic normalization pending,Official state-hosted copy; confirm national implementation/version with MoHFW/NHSRC
HMIS-FORM-0346,Number of deaths due to Other Fever Related,Mortality and death review,CHC; Civil Hospital / SDH; District Hospital; HWC-PHC; HWC-SC; Medical College,Details of deaths reported:,14.6.4; 15.6.4; 16.7.4,CHC p.20; Civil Hospital / SDH p.20; District Hospital p.19; HWC-PHC p.19; HWC-SC p.13; Medical College p.17,Revised HMIS formats effective April 2025,Exact public form label; facility-specific codes retained; semantic normalization pending,Official state-hosted copy; confirm national implementation/version with MoHFW/NHSRC
HMIS-FORM-0347,Number of deaths due to Respiratory diseases including infections (other than TB),Tuberculosis services,CHC; Civil Hospital / SDH; District Hospital; HWC-PHC; HWC-SC; Medical College,Details of deaths reported:,14.6.3; 15.6.3; 16.7.3,CHC p.20; Civil Hospital / SDH p.20; District Hospital p.19; HWC-PHC p.19; HWC-SC p.13; Medical College p.17,Revised HMIS formats effective April 2025,Exact public form label; facility-specific codes retained; semantic normalization pending,Official state-hosted copy; confirm national implementation/version with MoHFW/NHSRC
HMIS-FORM-0348,Number of deaths due to Tuberculosis,Tuberculosis services,CHC; Civil Hospital / SDH; District Hospital; HWC-PHC; HWC-SC; Medical College,Details of deaths reported:,14.6.2; 15.6.2; 16.7.2,CHC p.20; Civil Hospital / SDH p.20; District Hospital p.19; HWC-PHC p.19; HWC-SC p.13; Medical College p.16,Revised HMIS formats effective April 2025,Exact public form label; facility-specific codes retained; semantic normalization pending,Official state-hosted copy; confirm national implementation/version with MoHFW/NHSRC
HMIS-FORM-0349,Number of deaths occurred at SNCU,Newborn and pregnancy outcomes,CHC; Civil Hospital / SDH; District Hospital; Medical College,National TB Elimination Programme (NTEP); Patient Services,14.11.1,CHC p.14; Civil Hospital / SDH p.15; District Hospital p.14; Medical College p.12,Revised HMIS formats effective April 2025,Exact public form label; facility-specific codes retained; semantic normalization pending,Official state-hosted copy; confirm national implementation/version with MoHFW/NHSRC
HMIS-FORM-0350,Number of delivery LAMA cases reported at the facility,Delivery and intrapartum care,CHC; Civil Hospital / SDH; District Hospital; HWC-PHC; Medical College,National TB Elimination Programme (NTEP); Patient Services,13.3.7.b; 14.3.7.b,CHC p.13; Civil Hospital / SDH p.13; District Hospital p.12; HWC-PHC p.13; Medical College p.10,Revised HMIS formats effective April 2025,Exact public form label; facility-specific codes retained; semantic normalization pending,Official state-hosted copy; confirm national implementation/version with MoHFW/NHSRC
HMIS-FORM-0351,Number of DIL women screened for HIV by Whole Blood Finger Prick/RDT test/POC test,STI/RTI services,CHC; Civil Hospital / SDH; District Hospital; HWC-PHC; Medical College,Diagnostics,14.3.3.e; 15.3.3.e,CHC p.17; Civil Hospital / SDH p.18; District Hospital p.17; HWC-PHC p.17; Medical College p.14,Revised HMIS formats effective April 2025,Exact public form label; facility-specific codes retained; semantic normalization pending,Official state-hosted copy; confirm national implementation/version with MoHFW/NHSRC
HMIS-FORM-0352,Number of Eclampsia cases managed during delivery,Antenatal care and high-risk pregnancy,CHC; Civil Hospital / SDH; District Hospital; HWC-PHC; Medical College,Ante Natal Care (ANC) Services & High Risk Pregnancies,1.3.5,CHC p.2; Civil Hospital / SDH p.2; District Hospital p.2; HWC-PHC p.2; Medical College p.1,Revised HMIS formats effective April 2025,Exact public form label; facility-specific codes retained; semantic normalization pending,Official state-hosted copy; confirm national implementation/version with MoHFW/NHSRC
HMIS-FORM-0353,Number of elderly support groups-‘Sanjeevini’ created during the month,Elderly and palliative care,HWC-PHC; HWC-SC,Patient Services,12.1.1.h; 13.1.1.h,HWC-PHC p.11; HWC-SC p.9,Revised HMIS formats effective April 2025,Exact public form label; facility-specific codes retained; semantic normalization pending,Official state-hosted copy; confirm national implementation/version with MoHFW/NHSRC
HMIS-FORM-0354,Number of Emergency Contraceptive Pills (ECP) given to the beneficiary,Family planning,CHC; Civil Hospital / SDH; District Hospital; HWC-PHC; HWC-SC; Medical College,Family Planning,7.12; 8.15,CHC p.7; Civil Hospital / SDH p.7; District Hospital p.7; HWC-PHC p.7; HWC-SC p.6; Medical College p.5,Revised HMIS formats effective April 2025,Exact public form label; facility-specific codes retained; semantic normalization pending,Official state-hosted copy; confirm national implementation/version with MoHFW/NHSRC
HMIS-FORM-0355,Number of females (all females) assessed for STI/RTI,STI/RTI services,CHC; Civil Hospital / SDH; District Hospital; HWC-PHC; HWC-SC; Medical College,Sexually Transmitted Infections/Reproductive Tract Infections (STI/RTI) Cases,6.1.2; 7.1.2,CHC p.6; Civil Hospital / SDH p.6; District Hospital p.6; HWC-PHC p.6; HWC-SC p.5; Medical College p.4,Revised HMIS formats effective April 2025,Exact public form label; facility-specific codes retained; semantic normalization pending,Official state-hosted copy; confirm national implementation/version with MoHFW/NHSRC
HMIS-FORM-0356,Number of females (non-ANC) screened for HIV by Whole Blood Finger Prick/RDT test/POC test,Antenatal care and high-risk pregnancy,CHC; Civil Hospital / SDH; District Hospital; HWC-PHC; HWC-SC; Medical College,Diagnostics,13.3.2.a; 14.3.2.a; 15.3.2.a,CHC p.17; Civil Hospital / SDH p.17; District Hospital p.16; HWC-PHC p.17; HWC-SC p.11; Medical College p.14,Revised HMIS formats effective April 2025,Exact public form label; facility-specific codes retained; semantic normalization pending,Official state-hosted copy; confirm national implementation/version with MoHFW/NHSRC
HMIS-FORM-0357,Number of fixed day rehabilitation services provided during the month,Patient services and utilization,HWC-PHC; HWC-SC,Patient Services,12.1.1.j; 13.1.1.j,HWC-PHC p.11; HWC-SC p.9,Revised HMIS formats effective April 2025,Exact public form label; facility-specific codes retained; semantic normalization pending,Official state-hosted copy; confirm national implementation/version with MoHFW/NHSRC
HMIS-FORM-0358,Number of GDM positive PW managed with Insulin/Metformin out of total tested positive for GDM,Antenatal care and high-risk pregnancy,CHC; Civil Hospital / SDH; District Hospital; HWC-PHC; Medical College,Ante Natal Care (ANC) Services & High Risk Pregnancies,1.5.3,CHC p.2; Civil Hospital / SDH p.2; District Hospital p.2; HWC-PHC p.2; Medical College p.2,Revised HMIS formats effective April 2025,Exact public form label; facility-specific codes retained; semantic normalization pending,Official state-hosted copy; confirm national implementation/version with MoHFW/NHSRC
HMIS-FORM-0359,Number of geriatric/elderly patients (age>=60 yrs) provided physiotherapy services,Tuberculosis services,CHC; Civil Hospital / SDH; District Hospital; HWC-PHC; HWC-SC; Medical College,National TB Elimination Programme (NTEP); Patient Services,12.1.1.f; 13.1.1.f; 14.1.1.e,CHC p.11; Civil Hospital / SDH p.12; District Hospital p.11; HWC-PHC p.11; HWC-SC p.9; Medical College p.9,Revised HMIS formats effective April 2025,Exact public form label; facility-specific codes retained; semantic normalization pending,Official state-hosted copy; confirm national implementation/version with MoHFW/NHSRC
HMIS-FORM-0360,Number of geriatric/elderly persons followed-up for any elderly conditions,Tuberculosis services,CHC; Civil Hospital / SDH; District Hospital; HWC-PHC; HWC-SC; Medical College,National TB Elimination Programme (NTEP); Patient Services,12.1.1.e; 13.1.1.e; 14.1.1.d,CHC p.11; Civil Hospital / SDH p.12; District Hospital p.11; HWC-PHC p.11; HWC-SC p.9; Medical College p.9,Revised HMIS formats effective April 2025,Exact public form label; facility-specific codes retained; semantic normalization pending,Official state-hosted copy; confirm national implementation/version with MoHFW/NHSRC
HMIS-FORM-0361,Number of geriatric/elderly persons managed for any elderly conditions,Tuberculosis services,CHC; Civil Hospital / SDH; District Hospital; HWC-PHC; HWC-SC; Medical College,National TB Elimination Programme (NTEP); Patient Services,12.1.1.d; 13.1.1.d; 14.1.1.c,CHC p.11; Civil Hospital / SDH p.12; District Hospital p.11; HWC-PHC p.11; HWC-SC p.9; Medical College p.9,Revised HMIS formats effective April 2025,Exact public form label; facility-specific codes retained; semantic normalization pending,Official state-hosted copy; confirm national implementation/version with MoHFW/NHSRC
HMIS-FORM-0362,Number of geriatric/elderly persons who underwent Comprehensive Geriatric Assessment by CHO,Elderly and palliative care,HWC-PHC; HWC-SC,Patient Services,12.1.1.c; 13.1.1.c,HWC-PHC p.11; HWC-SC p.9,Revised HMIS formats effective April 2025,Exact public form label; facility-specific codes retained; semantic normalization pending,Official state-hosted copy; confirm national implementation/version with MoHFW/NHSRC
HMIS-FORM-0363,Number of Girls (6th -12th class) provided 4/5 IFA tablets in schools,Anaemia and nutrition,Block Headquarters,Anaemia Mukt Bharat,2.3.1.a,Block Headquarters p.2,Revised HMIS formats effective April 2025,Exact public form label; facility-specific codes retained; semantic normalization pending,Official state-hosted copy; confirm national implementation/version with MoHFW/NHSRC
HMIS-FORM-0364,Number of Girls (6th -12th class) provided albendazole in schools,Anaemia and nutrition,Block Headquarters,Anaemia Mukt Bharat,2.3.2.a,Block Headquarters p.2,Revised HMIS formats effective April 2025,Exact public form label; facility-specific codes retained; semantic normalization pending,Official state-hosted copy; confirm national implementation/version with MoHFW/NHSRC
HMIS-FORM-0365,Number of H/TG assessed for STI/RTI,STI/RTI services,CHC; Civil Hospital / SDH; District Hospital; HWC-PHC; HWC-SC; Medical College,Sexually Transmitted Infections/Reproductive Tract Infections (STI/RTI) Cases,6.1.3; 7.1.3,CHC p.6; Civil Hospital / SDH p.6; District Hospital p.6; HWC-PHC p.6; HWC-SC p.5; Medical College p.4,Revised HMIS formats effective April 2025,Exact public form label; facility-specific codes retained; semantic normalization pending,Official state-hosted copy; confirm national implementation/version with MoHFW/NHSRC
HMIS-FORM-0366,Number of H/TG people screened for HIV by Whole Blood Finger Prick/RDT test/POC test,STI/RTI services,CHC; Civil Hospital / SDH; District Hospital; HWC-PHC; HWC-SC; Medical College,Diagnostics,13.3.4.a; 14.3.4.a; 15.3.4.a,CHC p.17; Civil Hospital / SDH p.18; District Hospital p.17; HWC-PHC p.17; HWC-SC p.11; Medical College p.14,Revised HMIS formats effective April 2025,Exact public form label; facility-specific codes retained; semantic normalization pending,Official state-hosted copy; confirm national implementation/version with MoHFW/NHSRC
HMIS-FORM-0367,Number of Hb tests conducted including kit tests,STI/RTI services,CHC; Civil Hospital / SDH; District Hospital; HWC-PHC; HWC-SC; Medical College,Diagnostics,13.2.1; 14.2.1; 15.2.1,CHC p.17; Civil Hospital / SDH p.17; District Hospital p.16; HWC-PHC p.16; HWC-SC p.11; Medical College p.14,Revised HMIS formats effective April 2025,Exact public form label; facility-specific codes retained; semantic normalization pending,Official state-hosted copy; confirm national implementation/version with MoHFW/NHSRC
HMIS-FORM-0368,Number of home bound (bed bound & restricted mobility) elderly and single elderly visited by ASHA & ANM/MPW-M during the month,Elderly and palliative care,CHC; Civil Hospital / SDH; District Hospital; HWC-PHC; HWC-SC,Patient Services,12.1.1.g; 13.1.1.g; 14.1.1.f,CHC p.12; Civil Hospital / SDH p.12; District Hospital p.11; HWC-PHC p.11; HWC-SC p.9,Revised HMIS formats effective April 2025,Exact public form label; facility-specific codes retained; semantic normalization pending,Official state-hosted copy; confirm national implementation/version with MoHFW/NHSRC
HMIS-FORM-0369,Number of Home Deliveries attended by,Delivery and intrapartum care,CHC; Civil Hospital / SDH; District Hospital; HWC-PHC; HWC-SC; Medical College,Deliveries,2.1.1,CHC p.3; Civil Hospital / SDH p.3; District Hospital p.3; HWC-PHC p.3; HWC-SC p.2; Medical College p.3,Revised HMIS formats effective April 2025,Exact public form label; facility-specific codes retained; semantic normalization pending,Official state-hosted copy; confirm national implementation/version with MoHFW/NHSRC
HMIS-FORM-0370,Number of Home Deliveries attended by Non SBA,Delivery and intrapartum care,CHC; Civil Hospital / SDH; District Hospital; HWC-PHC; HWC-SC,Deliveries,2.1.1.b,CHC p.3; Civil Hospital / SDH p.3; District Hospital p.3; HWC-PHC p.3; HWC-SC p.3,Revised HMIS formats effective April 2025,Exact public form label; facility-specific codes retained; semantic normalization pending,Official state-hosted copy; confirm national implementation/version with MoHFW/NHSRC
HMIS-FORM-0371,Number of Home Deliveries attended by Skill Birth Attendant(SBA) (Doctor/Nurse/ANM),Delivery and intrapartum care,CHC; Civil Hospital / SDH; District Hospital; HWC-PHC; HWC-SC,Deliveries,2.1.1.a,CHC p.3; Civil Hospital / SDH p.3; District Hospital p.3; HWC-PHC p.3; HWC-SC p.2,Revised HMIS formats effective April 2025,Exact public form label; facility-specific codes retained; semantic normalization pending,Official state-hosted copy; confirm national implementation/version with MoHFW/NHSRC
HMIS-FORM-0372,Number of Hydrocele surgeries conducted in Lymphatic Filariasis (MMDP),Vector-borne diseases,Civil Hospital / SDH; District Hospital; Medical College,National Vector Borne Disease Control Programme (NVBDCP),11.5.3,Civil Hospital / SDH p.11; District Hospital p.10; Medical College p.9,Revised HMIS formats effective April 2025,Exact public form label; facility-specific codes retained; semantic normalization pending,Official state-hosted copy; confirm national implementation/version with MoHFW/NHSRC
HMIS-FORM-0373,Number of Immunisation sessions,Immunization,CHC; Civil Hospital / SDH; District Hospital; HWC-PHC; HWC-SC; Medical College,CHILD IMMUNISATION,8.7; 9.7,CHC p.9; Civil Hospital / SDH p.9; District Hospital p.9; HWC-PHC p.9; HWC-SC p.7; Medical College p.7,Revised HMIS formats effective April 2025,Exact public form label; facility-specific codes retained; semantic normalization pending,Official state-hosted copy; confirm national implementation/version with MoHFW/NHSRC
HMIS-FORM-0374,Number of in-school adolescent boys (10-19 years) having anaemia,Adolescent health,Block Headquarters,Anaemia Mukt Bharat,2.2.1.c,Block Headquarters p.1,Revised HMIS formats effective April 2025,Exact public form label; facility-specific codes retained; semantic normalization pending,Official state-hosted copy; confirm national implementation/version with MoHFW/NHSRC
HMIS-FORM-0375,Number of in-school adolescent boys (10-19 years) having severe anaemia (Hb <8 g/dL (deciliter)),Adolescent health,Block Headquarters,Anaemia Mukt Bharat,2.2.2.c,Block Headquarters p.2,Revised HMIS formats effective April 2025,Exact public form label; facility-specific codes retained; semantic normalization pending,Official state-hosted copy; confirm national implementation/version with MoHFW/NHSRC
HMIS-FORM-0376,Number of in-school adolescent girls (10-19 years) having anaemia (Hb 8.1-11.9 g/dL (deciliter)),Adolescent health,Block Headquarters,Anaemia Mukt Bharat,2.2.1.b,Block Headquarters p.1,Revised HMIS formats effective April 2025,Exact public form label; facility-specific codes retained; semantic normalization pending,Official state-hosted copy; confirm national implementation/version with MoHFW/NHSRC
HMIS-FORM-0377,Number of in-school adolescent girls (10-19 years) having severe anaemia (Hb <8 g/dL (deciliter)),Adolescent health,Block Headquarters,Anaemia Mukt Bharat,2.2.2.b,Block Headquarters p.2,Revised HMIS formats effective April 2025,Exact public form label; facility-specific codes retained; semantic normalization pending,Official state-hosted copy; confirm national implementation/version with MoHFW/NHSRC
HMIS-FORM-0378,Number of in-school children (5 - 9 years) provided 4-5 IFA Pink tablets in schools,Anaemia and nutrition,Block Headquarters,Anaemia Mukt Bharat,2.1.1.a,Block Headquarters p.1,Revised HMIS formats effective April 2025,Exact public form label; facility-specific codes retained; semantic normalization pending,Official state-hosted copy; confirm national implementation/version with MoHFW/NHSRC
HMIS-FORM-0379,Number of in-school Children (5-9 years) having anaemia (Hb 8.1-11.4 g/dL (deciliter)),Anaemia and nutrition,Block Headquarters,Anaemia Mukt Bharat,2.2.1.a,Block Headquarters p.1,Revised HMIS formats effective April 2025,Exact public form label; facility-specific codes retained; semantic normalization pending,Official state-hosted copy; confirm national implementation/version with MoHFW/NHSRC
HMIS-FORM-0380,Number of in-school Children (5-9 years) having severe anaemia (Hb <8 g/dL (deciliter)),Anaemia and nutrition,Block Headquarters,Anaemia Mukt Bharat,2.2.2.a,Block Headquarters p.2,Revised HMIS formats effective April 2025,Exact public form label; facility-specific codes retained; semantic normalization pending,Official state-hosted copy; confirm national implementation/version with MoHFW/NHSRC
HMIS-FORM-0381,Number of Infant Deaths (>28 days - below 12 months) due to Pneumonia,Childhood illness,CHC; Civil Hospital / SDH; District Hospital; HWC-PHC; HWC-SC; Medical College,Details of deaths reported:,14.3.1; 15.3.1; 16.3.1,CHC p.19; Civil Hospital / SDH p.19; District Hospital p.18; HWC-PHC p.18; HWC-SC p.12; Medical College p.16,Revised HMIS formats effective April 2025,Exact public form label; facility-specific codes retained; semantic normalization pending,Official state-hosted copy; confirm national implementation/version with MoHFW/NHSRC
HMIS-FORM-0382,Number of Infant Deaths (>28 days -below 12 months) due to Diarrhoea,Childhood illness,CHC; Civil Hospital / SDH; District Hospital; HWC-PHC; HWC-SC; Medical College,Details of deaths reported:,14.3.2; 15.3.2; 16.3.2,CHC p.19; Civil Hospital / SDH p.19; District Hospital p.18; HWC-PHC p.18; HWC-SC p.12; Medical College p.16,Revised HMIS formats effective April 2025,Exact public form label; facility-specific codes retained; semantic normalization pending,Official state-hosted copy; confirm national implementation/version with MoHFW/NHSRC
HMIS-FORM-0383,Number of Infant Deaths (>28 days -below 12 months) due to Fever related,Mortality and death review,CHC; Civil Hospital / SDH; District Hospital; HWC-PHC; HWC-SC; Medical College,Details of deaths reported:,14.3.3; 15.3.3; 16.3.3,CHC p.19; Civil Hospital / SDH p.19; District Hospital p.18; HWC-PHC p.18; HWC-SC p.12; Medical College p.16,Revised HMIS formats effective April 2025,Exact public form label; facility-specific codes retained; semantic normalization pending,Official state-hosted copy; confirm national implementation/version with MoHFW/NHSRC
HMIS-FORM-0384,Number of Infant Deaths (>28 days -below 12 months) due to Measles,Immunization,CHC; Civil Hospital / SDH; District Hospital; HWC-PHC; HWC-SC; Medical College,Details of deaths reported:,14.3.4; 15.3.4; 16.3.4,CHC p.19; Civil Hospital / SDH p.19; District Hospital p.18; HWC-PHC p.18; HWC-SC p.12; Medical College p.16,Revised HMIS formats effective April 2025,Exact public form label; facility-specific codes retained; semantic normalization pending,Official state-hosted copy; confirm national implementation/version with MoHFW/NHSRC
HMIS-FORM-0385,Number of Infant Deaths (>28 days -below 12 months) due to Others,Mortality and death review,CHC; Civil Hospital / SDH; District Hospital; HWC-PHC; HWC-SC; Medical College,Details of deaths reported:,14.3.5; 15.3.5; 16.3.5,CHC p.19; Civil Hospital / SDH p.20; District Hospital p.18; HWC-PHC p.18; HWC-SC p.12; Medical College p.16,Revised HMIS formats effective April 2025,Exact public form label; facility-specific codes retained; semantic normalization pending,Official state-hosted copy; confirm national implementation/version with MoHFW/NHSRC
HMIS-FORM-0386,Number of Infants 0 to 11 months old who received:,Immunization,CHC; Civil Hospital / SDH; District Hospital; HWC-PHC; HWC-SC; Medical College,CHILD IMMUNISATION,8.1; 9.1,CHC p.7; Civil Hospital / SDH p.8; District Hospital p.7; HWC-PHC p.7; HWC-SC p.6; Medical College p.6,Revised HMIS formats effective April 2025,Exact public form label; facility-specific codes retained; semantic normalization pending,Official state-hosted copy; confirm national implementation/version with MoHFW/NHSRC
HMIS-FORM-0387,Number of infants admitted at facility due to any sickness- JSSK Beneficiaries,Tuberculosis services,CHC; Civil Hospital / SDH; District Hospital; HWC-PHC; HWC-SC; Medical College,National TB Elimination Programme (NTEP); Patient Services,12.7.2.a; 13.11.2.a; 14.12.2.a,CHC p.15; Civil Hospital / SDH p.15; District Hospital p.14; HWC-PHC p.15; HWC-SC p.10; Medical College p.12,Revised HMIS formats effective April 2025,Exact public form label; facility-specific codes retained; semantic normalization pending,Official state-hosted copy; confirm national implementation/version with MoHFW/NHSRC
HMIS-FORM-0388,Number of infants received free referral transport under JSSK,Tuberculosis services,CHC; Civil Hospital / SDH; District Hospital; HWC-PHC; HWC-SC; Medical College,National TB Elimination Programme (NTEP); Patient Services,12.7.2.d; 13.11.2.e; 14.12.2.e,CHC p.15; Civil Hospital / SDH p.15; District Hospital p.15; HWC-PHC p.15; HWC-SC p.10; Medical College p.12,Revised HMIS formats effective April 2025,Exact public form label; facility-specific codes retained; semantic normalization pending,Official state-hosted copy; confirm national implementation/version with MoHFW/NHSRC
HMIS-FORM-0389,Number of Institutional Deliveries conducted (Including C-Sections),Delivery and intrapartum care,CHC; Civil Hospital / SDH; District Hospital; HWC-PHC; HWC-SC; Medical College,Deliveries,2.2,CHC p.3; Civil Hospital / SDH p.3; District Hospital p.3; HWC-PHC p.3; HWC-SC p.3; Medical College p.3,Revised HMIS formats effective April 2025,Exact public form label; facility-specific codes retained; semantic normalization pending,Official state-hosted copy; confirm national implementation/version with MoHFW/NHSRC
HMIS-FORM-0390,Number of Interval IUCD Insertions (excluding PPIUCD and PAIUCD),Family planning,CHC; Civil Hospital / SDH; District Hospital; HWC-PHC; HWC-SC; Medical College,Family Planning,7.1; 8.3,CHC p.6; Civil Hospital / SDH p.6; District Hospital p.6; HWC-PHC p.6; HWC-SC p.5; Medical College p.5,Revised HMIS formats effective April 2025,Exact public form label; facility-specific codes retained; semantic normalization pending,Official state-hosted copy; confirm national implementation/version with MoHFW/NHSRC
HMIS-FORM-0391,Number of Interval sterilizations (Mini-lap/Conventional) (other than post-partum and post abortion) conducted,Family planning,CHC; Civil Hospital / SDH; District Hospital; HWC-PHC; Medical College,Family Planning,8.2.2,CHC p.6; Civil Hospital / SDH p.6; District Hospital p.6; HWC-PHC p.6; Medical College p.5,Revised HMIS formats effective April 2025,Exact public form label; facility-specific codes retained; semantic normalization pending,Official state-hosted copy; confirm national implementation/version with MoHFW/NHSRC
HMIS-FORM-0392,Number of IUCD Removals,Family planning,CHC; Civil Hospital / SDH; District Hospital; HWC-PHC; HWC-SC; Medical College,Family Planning,7.3; 8.6,CHC p.6; Civil Hospital / SDH p.7; District Hospital p.6; HWC-PHC p.6; HWC-SC p.5; Medical College p.5,Revised HMIS formats effective April 2025,Exact public form label; facility-specific codes retained; semantic normalization pending,Official state-hosted copy; confirm national implementation/version with MoHFW/NHSRC
HMIS-FORM-0393,Number of Jan Arogya Samiti (JAS) meetings held,Patient services and utilization,HWC-PHC; HWC-SC,Patient Services,12.8; 13.13.2,HWC-PHC p.15; HWC-SC p.10,Revised HMIS formats effective April 2025,Exact public form label; facility-specific codes retained; semantic normalization pending,Official state-hosted copy; confirm national implementation/version with MoHFW/NHSRC
HMIS-FORM-0394,Number of lactating mothers (of 0-6 months old child) diagnosed with severe anaemia and put on treatment,Anaemia and nutrition,CHC; Civil Hospital / SDH; District Hospital; Medical College,Anaemia Mukt Bharat,5.1.a; 5.2.4.a,CHC p.5; Civil Hospital / SDH p.6; District Hospital p.5; Medical College p.4,Revised HMIS formats effective April 2025,Exact public form label; facility-specific codes retained; semantic normalization pending,Official state-hosted copy; confirm national implementation/version with MoHFW/NHSRC
HMIS-FORM-0395,Number of lactating mothers (of 0-6 months old child) having anaemia (Hb 8.1-11.9 g/dl),Anaemia and nutrition,CHC; Civil Hospital / SDH; District Hospital; HWC-PHC; HWC-SC,Anaemia Mukt Bharat,4.2.1.b; 5.2.1.b,CHC p.5; Civil Hospital / SDH p.5; District Hospital p.5; HWC-PHC p.5; HWC-SC p.4,Revised HMIS formats effective April 2025,Exact public form label; facility-specific codes retained; semantic normalization pending,Official state-hosted copy; confirm national implementation/version with MoHFW/NHSRC
HMIS-FORM-0396,Number of lactating mothers (of 0-6 months old child) having severe anaemia (Hb <8 g/dl),Anaemia and nutrition,CHC; Civil Hospital / SDH; District Hospital; HWC-PHC; HWC-SC,Anaemia Mukt Bharat,4.2.2.b; 5.2.2.b,CHC p.5; Civil Hospital / SDH p.5; District Hospital p.5; HWC-PHC p.5; HWC-SC p.4,Revised HMIS formats effective April 2025,Exact public form label; facility-specific codes retained; semantic normalization pending,Official state-hosted copy; confirm national implementation/version with MoHFW/NHSRC
HMIS-FORM-0397,Number of Laparoscopic sterilizations (excluding post-abortion) conducted,Family planning,CHC; Civil Hospital / SDH; District Hospital; HWC-PHC; Medical College,Family Planning,8.2.1,CHC p.6; Civil Hospital / SDH p.6; District Hospital p.6; HWC-PHC p.6; Medical College p.5,Revised HMIS formats effective April 2025,Exact public form label; facility-specific codes retained; semantic normalization pending,Official state-hosted copy; confirm national implementation/version with MoHFW/NHSRC
HMIS-FORM-0398,Number of Left Against Medical Advice (LAMA) cases,Tuberculosis services,CHC; Civil Hospital / SDH; District Hospital; HWC-PHC; Medical College,National TB Elimination Programme (NTEP); Patient Services,13.3.7; 14.3.7,CHC p.13; Civil Hospital / SDH p.13; District Hospital p.12; HWC-PHC p.13; Medical College p.10,Revised HMIS formats effective April 2025,Exact public form label; facility-specific codes retained; semantic normalization pending,Official state-hosted copy; confirm national implementation/version with MoHFW/NHSRC
HMIS-FORM-0399,Number of live births among Syphilis seropositive Pregnant Women,Antenatal care and high-risk pregnancy,CHC; Civil Hospital / SDH; District Hospital; HWC-PHC; HWC-SC; Medical College,Ante Natal Care (ANC) Services & High Risk Pregnancies,1.6.1.d,CHC p.2; Civil Hospital / SDH p.2; District Hospital p.2; HWC-PHC p.2; HWC-SC p.2; Medical College p.2,Revised HMIS formats effective April 2025,Exact public form label; facility-specific codes retained; semantic normalization pending,Official state-hosted copy; confirm national implementation/version with MoHFW/NHSRC
HMIS-FORM-0400,Number of Lymphatic Filarisis lymphoedema patients received MMDP (Morbidity Management And Disability Prevention) kits,Vector-borne diseases,Civil Hospital / SDH; District Hospital; Medical College,National Vector Borne Disease Control Programme (NVBDCP),11.5.2,Civil Hospital / SDH p.11; District Hospital p.10; Medical College p.9,Revised HMIS formats effective April 2025,Exact public form label; facility-specific codes retained; semantic normalization pending,Official state-hosted copy; confirm national implementation/version with MoHFW/NHSRC
HMIS-FORM-0401,Number of Lymphatic Filarisis lymphoedema patients received MMDP(Morbidity Management And Disability Prevention) kits,Vector-borne diseases,HWC-SC,National Vector Borne Disease Control Programme(NVBDCP),10.2.2,HWC-SC p.8,Revised HMIS formats effective April 2025,Exact public form label; facility-specific codes retained; semantic normalization pending,Official state-hosted copy; confirm national implementation/version with MoHFW/NHSRC
HMIS-FORM-0402,Number of males assessed for STI/RTI,STI/RTI services,CHC; Civil Hospital / SDH; District Hospital; HWC-PHC; HWC-SC; Medical College,Sexually Transmitted Infections/Reproductive Tract Infections (STI/RTI) Cases,6.1.1; 7.1.1,CHC p.6; Civil Hospital / SDH p.6; District Hospital p.6; HWC-PHC p.6; HWC-SC p.5; Medical College p.4,Revised HMIS formats effective April 2025,Exact public form label; facility-specific codes retained; semantic normalization pending,Official state-hosted copy; confirm national implementation/version with MoHFW/NHSRC
HMIS-FORM-0403,Number of males screened for HIV by Whole Blood Finger Prick/RDT test/POC test,STI/RTI services,CHC; Civil Hospital / SDH; District Hospital; HWC-PHC; HWC-SC; Medical College,Diagnostics,13.3.1.a; 14.3.1.a; 15.3.1.a,CHC p.17; Civil Hospital / SDH p.17; District Hospital p.16; HWC-PHC p.16; HWC-SC p.11; Medical College p.14,Revised HMIS formats effective April 2025,Exact public form label; facility-specific codes retained; semantic normalization pending,Official state-hosted copy; confirm national implementation/version with MoHFW/NHSRC
HMIS-FORM-0404,Number of Maternal Deaths (Home & Transit deaths) due to Abortion and/ or its complication,STI/RTI services,Block Headquarters,Mortality Details,3.3.4,Block Headquarters p.2,Revised HMIS formats effective April 2025,Exact public form label; facility-specific codes retained; semantic normalization pending,Official state-hosted copy; confirm national implementation/version with MoHFW/NHSRC
HMIS-FORM-0405,Number of Maternal Deaths (Home & Transit deaths) due to APH (Antepartum Haemmorhage),Tuberculosis services,Block Headquarters,Mortality Details,3.3.1,Block Headquarters p.2,Revised HMIS formats effective April 2025,Exact public form label; facility-specific codes retained; semantic normalization pending,Official state-hosted copy; confirm national implementation/version with MoHFW/NHSRC
HMIS-FORM-0406,Number of Maternal Deaths (Home & Transit deaths) due to Obstructed/prolonged labour,Mortality and death review,Block Headquarters,Mortality Details,3.3.5,Block Headquarters p.2,Revised HMIS formats effective April 2025,Exact public form label; facility-specific codes retained; semantic normalization pending,Official state-hosted copy; confirm national implementation/version with MoHFW/NHSRC
HMIS-FORM-0407,Number of Maternal Deaths (Home & Transit deaths) due to Other/Unknown Causes,Mortality and death review,Block Headquarters,Mortality Details,3.3.7,Block Headquarters p.3,Revised HMIS formats effective April 2025,Exact public form label; facility-specific codes retained; semantic normalization pending,Official state-hosted copy; confirm national implementation/version with MoHFW/NHSRC
HMIS-FORM-0408,Number of Maternal Deaths (Home & Transit deaths) due to PPH (Post-Partum Haemmorhage),Mortality and death review,Block Headquarters,Mortality Details,3.3.2,Block Headquarters p.2,Revised HMIS formats effective April 2025,Exact public form label; facility-specific codes retained; semantic normalization pending,Official state-hosted copy; confirm national implementation/version with MoHFW/NHSRC
HMIS-FORM-0409,"Number of Maternal Deaths (Home & Transit deaths) due to Pregnancy related infection and sepsis, Fever",Antenatal care and high-risk pregnancy,Block Headquarters,Mortality Details,3.3.3,Block Headquarters p.2,Revised HMIS formats effective April 2025,Exact public form label; facility-specific codes retained; semantic normalization pending,Official state-hosted copy; confirm national implementation/version with MoHFW/NHSRC
HMIS-FORM-0410,"Number of Maternal Deaths (Home & Transit deaths) due to Severe hypertension/fits/Pre Eclampsia/Eclampsia & in pregnancy, during delivery and puerperium",Antenatal care and high-risk pregnancy,Block Headquarters,Mortality Details,3.3.6,Block Headquarters p.2,Revised HMIS formats effective April 2025,Exact public form label; facility-specific codes retained; semantic normalization pending,Official state-hosted copy; confirm national implementation/version with MoHFW/NHSRC
HMIS-FORM-0411,Number of Maternal Deaths at facility due to Abortion and/ or its complication,STI/RTI services,CHC; Civil Hospital / SDH; District Hospital; HWC-PHC; HWC-SC; Medical College,Details of deaths reported:,14.5.4; 15.5.4; 16.5.4,CHC p.19; Civil Hospital / SDH p.20; District Hospital p.19; HWC-PHC p.19; HWC-SC p.13; Medical College p.16,Revised HMIS formats effective April 2025,Exact public form label; facility-specific codes retained; semantic normalization pending,Official state-hosted copy; confirm national implementation/version with MoHFW/NHSRC
HMIS-FORM-0412,Number of Maternal Deaths at facility due to APH (Antepartum Haemmorhage),Tuberculosis services,CHC; Civil Hospital / SDH; District Hospital; HWC-PHC; HWC-SC; Medical College,Details of deaths reported:,14.5.1; 15.5.1; 16.5.1,CHC p.19; Civil Hospital / SDH p.20; District Hospital p.19; HWC-PHC p.19; HWC-SC p.13; Medical College p.16,Revised HMIS formats effective April 2025,Exact public form label; facility-specific codes retained; semantic normalization pending,Official state-hosted copy; confirm national implementation/version with MoHFW/NHSRC
HMIS-FORM-0413,Number of Maternal Deaths at facility due to Obstructed/prolonged labour,Mortality and death review,CHC; Civil Hospital / SDH; District Hospital; HWC-PHC; HWC-SC; Medical College,Details of deaths reported:,14.5.5; 15.5.5; 16.5.5,CHC p.19; Civil Hospital / SDH p.20; District Hospital p.19; HWC-PHC p.19; HWC-SC p.13; Medical College p.16,Revised HMIS formats effective April 2025,Exact public form label; facility-specific codes retained; semantic normalization pending,Official state-hosted copy; confirm national implementation/version with MoHFW/NHSRC
HMIS-FORM-0414,Number of Maternal Deaths at facility due to Other/Unknown Causes,Mortality and death review,CHC; Civil Hospital / SDH; District Hospital; HWC-PHC; HWC-SC; Medical College,Details of deaths reported:,14.5.7; 15.5.7; 16.5.7,CHC p.19; Civil Hospital / SDH p.20; District Hospital p.19; HWC-PHC p.19; HWC-SC p.13; Medical College p.16,Revised HMIS formats effective April 2025,Exact public form label; facility-specific codes retained; semantic normalization pending,Official state-hosted copy; confirm national implementation/version with MoHFW/NHSRC
HMIS-FORM-0415,Number of Maternal Deaths at facility due to PPH (Post-Partum Haemmorhage),Mortality and death review,CHC; Civil Hospital / SDH; District Hospital; HWC-PHC; HWC-SC; Medical College,Details of deaths reported:,14.5.2; 15.5.2; 16.5.2,CHC p.19; Civil Hospital / SDH p.20; District Hospital p.19; HWC-PHC p.19; HWC-SC p.13; Medical College p.16,Revised HMIS formats effective April 2025,Exact public form label; facility-specific codes retained; semantic normalization pending,Official state-hosted copy; confirm national implementation/version with MoHFW/NHSRC
HMIS-FORM-0416,"Number of Maternal Deaths at facility due to Pregnancy related infection and sepsis, Fever",Antenatal care and high-risk pregnancy,CHC; Civil Hospital / SDH; District Hospital; HWC-PHC; HWC-SC; Medical College,Details of deaths reported:,14.5.3; 15.5.3; 16.5.3,CHC p.19; Civil Hospital / SDH p.20; District Hospital p.19; HWC-PHC p.19; HWC-SC p.13; Medical College p.16,Revised HMIS formats effective April 2025,Exact public form label; facility-specific codes retained; semantic normalization pending,Official state-hosted copy; confirm national implementation/version with MoHFW/NHSRC
HMIS-FORM-0417,"Number of Maternal Deaths at facility due to Severe hypertension/fits/Pre Eclampsia/Eclampsia & in pregnancy, during delivery and puerperium",Antenatal care and high-risk pregnancy,HWC-PHC; HWC-SC,Details of deaths reported:,14.5.6; 15.5.6,HWC-PHC p.19; HWC-SC p.13,Revised HMIS formats effective April 2025,Exact public form label; facility-specific codes retained; semantic normalization pending,Official state-hosted copy; confirm national implementation/version with MoHFW/NHSRC
HMIS-FORM-0418,"Number of Maternal Deaths at facility due to Severe hypertension/fits/Pre Eclampsia/Eclampsia in pregnancy, during delivery and puerperium",Antenatal care and high-risk pregnancy,CHC; Civil Hospital / SDH; District Hospital; Medical College,Details of deaths reported:,16.5.6,CHC p.19; Civil Hospital / SDH p.20; District Hospital p.19; Medical College p.16,Revised HMIS formats effective April 2025,Exact public form label; facility-specific codes retained; semantic normalization pending,Official state-hosted copy; confirm national implementation/version with MoHFW/NHSRC
HMIS-FORM-0419,Number of Maternal Deaths reviewed through Community based Maternal Death Review (CBMDR),Mortality and death review,District Headquarters,Death Reviews (DR) Done,2.3,District Headquarters p.2,Revised HMIS formats effective April 2025,Exact public form label; facility-specific codes retained; semantic normalization pending,Official state-hosted copy; confirm national implementation/version with MoHFW/NHSRC
HMIS-FORM-0420,Number of mothers provided full course 360 Calcium tablets after delivery,Delivery and intrapartum care,CHC; Civil Hospital / SDH; District Hospital; HWC-PHC; HWC-SC; Medical College,Post Natal Care (PNC),5.4; 6.4,CHC p.6; Civil Hospital / SDH p.6; District Hospital p.5; HWC-PHC p.6; HWC-SC p.4; Medical College p.4,Revised HMIS formats effective April 2025,Exact public form label; facility-specific codes retained; semantic normalization pending,Official state-hosted copy; confirm national implementation/version with MoHFW/NHSRC
HMIS-FORM-0421,Number of mothers provided full course of 180 IFA tablets after delivery,Delivery and intrapartum care,CHC; Civil Hospital / SDH; District Hospital; HWC-PHC; HWC-SC; Medical College,Post Natal Care (PNC),5.3; 6.3,CHC p.6; Civil Hospital / SDH p.6; District Hospital p.5; HWC-PHC p.5; HWC-SC p.4; Medical College p.4,Revised HMIS formats effective April 2025,Exact public form label; facility-specific codes retained; semantic normalization pending,Official state-hosted copy; confirm national implementation/version with MoHFW/NHSRC
HMIS-FORM-0422,Number of MTPs conducted,Antenatal care and high-risk pregnancy,CHC; Civil Hospital / SDH; District Hospital; HWC-PHC; Medical College,Pregnancy outcome & details of new-born/children,4.3.1,CHC p.4; Civil Hospital / SDH p.4; District Hospital p.4; HWC-PHC p.4; Medical College p.3,Revised HMIS formats effective April 2025,Exact public form label; facility-specific codes retained; semantic normalization pending,Official state-hosted copy; confirm national implementation/version with MoHFW/NHSRC
HMIS-FORM-0423,Number of New Borns to Pregnant Women (found positive for HBsAg) received Hepatitis B Immunoglobulin (HBIG) (within 24 hours of birth),Antenatal care and high-risk pregnancy,CHC; Civil Hospital / SDH; District Hospital; HWC-PHC; Medical College,National TB Elimination Programme (NTEP); Patient Services,13.18.3.f; 14.17.3.f; 14.19.3.f,CHC p.17; Civil Hospital / SDH p.17; District Hospital p.16; HWC-PHC p.16; Medical College p.14,Revised HMIS formats effective April 2025,Exact public form label; facility-specific codes retained; semantic normalization pending,Official state-hosted copy; confirm national implementation/version with MoHFW/NHSRC
HMIS-FORM-0424,Number of New Pre-Eclampsia/Eclampsia cases identified,Antenatal care and high-risk pregnancy,CHC; Civil Hospital / SDH; District Hospital; HWC-PHC; Medical College,Ante Natal Care (ANC) Services & High Risk Pregnancies,1.3.3,CHC p.1; Civil Hospital / SDH p.1; District Hospital p.2; HWC-PHC p.2; Medical College p.1,Revised HMIS formats effective April 2025,Exact public form label; facility-specific codes retained; semantic normalization pending,Official state-hosted copy; confirm national implementation/version with MoHFW/NHSRC
HMIS-FORM-0425,Number of new STI/RTI cases identified,STI/RTI services,CHC; Civil Hospital / SDH; District Hospital; HWC-PHC; HWC-SC; Medical College,Sexually Transmitted Infections/Reproductive Tract Infections (STI/RTI) Cases,6.1; 7.1,CHC p.6; Civil Hospital / SDH p.6; District Hospital p.6; HWC-PHC p.6; HWC-SC p.5; Medical College p.4,Revised HMIS formats effective April 2025,Exact public form label; facility-specific codes retained; semantic normalization pending,Official state-hosted copy; confirm national implementation/version with MoHFW/NHSRC
HMIS-FORM-0426,Number of newborn who received birth dose of Hepatitis B vaccine born to HBsAg positive pregnant women,Antenatal care and high-risk pregnancy,CHC; Civil Hospital / SDH; District Hospital; HWC-PHC; HWC-SC; Medical College,National TB Elimination Programme (NTEP); Patient Services,12.13.3.d; 13.18.3.e; 14.17.3.e; 14.19.3.e,CHC p.17; Civil Hospital / SDH p.17; District Hospital p.16; HWC-PHC p.16; HWC-SC p.11; Medical College p.14,Revised HMIS formats effective April 2025,Exact public form label; facility-specific codes retained; semantic normalization pending,Official state-hosted copy; confirm national implementation/version with MoHFW/NHSRC
HMIS-FORM-0427,Number of Newborns breast fed within 1 hour of birth,Antenatal care and high-risk pregnancy,CHC; Civil Hospital / SDH; District Hospital; HWC-PHC; HWC-SC; Medical College,Pregnancy outcome & details of new-born/children,3.4.3; 4.4.3,CHC p.4; Civil Hospital / SDH p.4; District Hospital p.4; HWC-PHC p.4; HWC-SC p.3; Medical College p.4,Revised HMIS formats effective April 2025,Exact public form label; facility-specific codes retained; semantic normalization pending,Official state-hosted copy; confirm national implementation/version with MoHFW/NHSRC
HMIS-FORM-0428,Number of Newborns having weight less than 2500 gms,Antenatal care and high-risk pregnancy,CHC; Civil Hospital / SDH; District Hospital; HWC-PHC; HWC-SC; Medical College,Pregnancy outcome & details of new-born/children,3.4.2; 4.4.2,CHC p.4; Civil Hospital / SDH p.4; District Hospital p.4; HWC-PHC p.4; HWC-SC p.3; Medical College p.4,Revised HMIS formats effective April 2025,Exact public form label; facility-specific codes retained; semantic normalization pending,Official state-hosted copy; confirm national implementation/version with MoHFW/NHSRC
HMIS-FORM-0429,"Number of Newborns identified with visible birth defects (including Neural tube defect, Down’s Syndrome, Cleft Lip & Palate, Club foot and Developmental dysplasia of the hip)",Antenatal care and high-risk pregnancy,CHC; Civil Hospital / SDH; District Hospital; HWC-PHC; HWC-SC; Medical College,Pregnancy outcome & details of new-born/children,3.5.1.a; 4.5.1.a,CHC p.4; Civil Hospital / SDH p.5; District Hospital p.4; HWC-PHC p.4; HWC-SC p.4; Medical College p.4,Revised HMIS formats effective April 2025,Exact public form label; facility-specific codes retained; semantic normalization pending,Official state-hosted copy; confirm national implementation/version with MoHFW/NHSRC
HMIS-FORM-0430,Number of newborns received 6/7 HBNC visits after Delivery (Home+ Institutional),Delivery and intrapartum care,CHC; Civil Hospital / SDH; District Hospital; HWC-PHC; HWC-SC,Deliveries,2.4,CHC p.3; Civil Hospital / SDH p.3; District Hospital p.3; HWC-PHC p.3; HWC-SC p.3,Revised HMIS formats effective April 2025,Exact public form label; facility-specific codes retained; semantic normalization pending,Official state-hosted copy; confirm national implementation/version with MoHFW/NHSRC
HMIS-FORM-0431,Number of Newborns received Donor Human Milk (DHM) in the facility,Antenatal care and high-risk pregnancy,District Hospital; Medical College,Pregnancy outcome & details of new-born/children,4.4.5,District Hospital p.4; Medical College p.4,Revised HMIS formats effective April 2025,Exact public form label; facility-specific codes retained; semantic normalization pending,Official state-hosted copy; confirm national implementation/version with MoHFW/NHSRC
HMIS-FORM-0432,"Number of Newborns screened for defects at birth (as per Comprehensive Newborn Screening, RBSK)",Antenatal care and high-risk pregnancy,CHC; Civil Hospital / SDH; District Hospital; HWC-PHC; HWC-SC; Medical College,Pregnancy outcome & details of new-born/children,3.5.1; 4.5.1,CHC p.4; Civil Hospital / SDH p.4; District Hospital p.4; HWC-PHC p.4; HWC-SC p.4; Medical College p.4,Revised HMIS formats effective April 2025,Exact public form label; facility-specific codes retained; semantic normalization pending,Official state-hosted copy; confirm national implementation/version with MoHFW/NHSRC
HMIS-FORM-0433,Number of Newborns successfully discharged from SNCU,Newborn and pregnancy outcomes,CHC; Civil Hospital / SDH; District Hospital; Medical College,National TB Elimination Programme (NTEP); Patient Services,14.11.2,CHC p.14; Civil Hospital / SDH p.15; District Hospital p.14; Medical College p.12,Revised HMIS formats effective April 2025,Exact public form label; facility-specific codes retained; semantic normalization pending,Official state-hosted copy; confirm national implementation/version with MoHFW/NHSRC
HMIS-FORM-0434,Number of Newborns weighed at birth,Antenatal care and high-risk pregnancy,CHC; Civil Hospital / SDH; District Hospital; HWC-PHC; HWC-SC; Medical College,Pregnancy outcome & details of new-born/children,3.4.1; 4.4.1,CHC p.4; Civil Hospital / SDH p.4; District Hospital p.4; HWC-PHC p.4; HWC-SC p.3; Medical College p.4,Revised HMIS formats effective April 2025,Exact public form label; facility-specific codes retained; semantic normalization pending,Official state-hosted copy; confirm national implementation/version with MoHFW/NHSRC
HMIS-FORM-0435,Number of Non Scalpel Vasectomy (NSV) / Conventional Vasectomy conducted,Family planning,CHC; Civil Hospital / SDH; District Hospital; HWC-PHC; Medical College,Family Planning,8.1.1,CHC p.6; Civil Hospital / SDH p.6; District Hospital p.6; HWC-PHC p.6; Medical College p.5,Revised HMIS formats effective April 2025,Exact public form label; facility-specific codes retained; semantic normalization pending,Official state-hosted copy; confirm national implementation/version with MoHFW/NHSRC
HMIS-FORM-0436,Number of oral health camps ONLY for screening organized at community/village level,Other HMIS reporting,District Headquarters,National Oral Health Programme (NOHP),5.2,District Headquarters p.2,Revised HMIS formats effective April 2025,Exact public form label; facility-specific codes retained; semantic normalization pending,Official state-hosted copy; confirm national implementation/version with MoHFW/NHSRC
HMIS-FORM-0437,Number of oral health camps ONLY for screening organized at school level for school children,Other HMIS reporting,District Headquarters,National Oral Health Programme (NOHP),5.5,District Headquarters p.2,Revised HMIS formats effective April 2025,Exact public form label; facility-specific codes retained; semantic normalization pending,Official state-hosted copy; confirm national implementation/version with MoHFW/NHSRC
HMIS-FORM-0438,Number of oral health camps ONLY for treatment organized at community/village level,Other HMIS reporting,District Headquarters,National Oral Health Programme (NOHP),5.3,District Headquarters p.2,Revised HMIS formats effective April 2025,Exact public form label; facility-specific codes retained; semantic normalization pending,Official state-hosted copy; confirm national implementation/version with MoHFW/NHSRC
HMIS-FORM-0439,Number of oral health camps ONLY for treatment organized at school level for school children,Other HMIS reporting,District Headquarters,National Oral Health Programme (NOHP),5.6,District Headquarters p.3,Revised HMIS formats effective April 2025,Exact public form label; facility-specific codes retained; semantic normalization pending,Official state-hosted copy; confirm national implementation/version with MoHFW/NHSRC
HMIS-FORM-0440,Number of out of school adolescent girls (10-19 years) having anaemia (Hb 8.1-11.9 g/dl),Adolescent health,CHC; Civil Hospital / SDH; District Hospital; HWC-PHC; HWC-SC,Anaemia Mukt Bharat,4.2.1.a; 5.2.1.a,CHC p.5; Civil Hospital / SDH p.5; District Hospital p.5; HWC-PHC p.5; HWC-SC p.4,Revised HMIS formats effective April 2025,Exact public form label; facility-specific codes retained; semantic normalization pending,Official state-hosted copy; confirm national implementation/version with MoHFW/NHSRC
HMIS-FORM-0441,Number of out of school adolescent girls (10-19 years) having severe anaemia (Hb <8 g/dl),Adolescent health,CHC; Civil Hospital / SDH; District Hospital; HWC-PHC; HWC-SC,Anaemia Mukt Bharat,4.2.2.a; 5.2.2.a,CHC p.5; Civil Hospital / SDH p.5; District Hospital p.5; HWC-PHC p.5; HWC-SC p.4,Revised HMIS formats effective April 2025,Exact public form label; facility-specific codes retained; semantic normalization pending,Official state-hosted copy; confirm national implementation/version with MoHFW/NHSRC
HMIS-FORM-0442,Number of out of school adolescent girls (10-19 years) provided 4/5 IFA tablets at Anganwadi Centres,Adolescent health,Block Headquarters,Anaemia Mukt Bharat,2.3.3,Block Headquarters p.2,Revised HMIS formats effective April 2025,Exact public form label; facility-specific codes retained; semantic normalization pending,Official state-hosted copy; confirm national implementation/version with MoHFW/NHSRC
HMIS-FORM-0443,Number of out of school adolescent girls (10-19 years) provided albendazole tablet at Anganwadi Centres,Adolescent health,Block Headquarters,Anaemia Mukt Bharat,2.3.4,Block Headquarters p.2,Revised HMIS formats effective April 2025,Exact public form label; facility-specific codes retained; semantic normalization pending,Official state-hosted copy; confirm national implementation/version with MoHFW/NHSRC
HMIS-FORM-0444,Number of out of school children (5 -9 years) given 4-5 IFA Pink tablets at Anganwadi Centres,Anaemia and nutrition,CHC; Civil Hospital / SDH; District Hospital; HWC-PHC; HWC-SC,Anaemia Mukt Bharat,4.1.3.a; 5.1.3.a,CHC p.5; Civil Hospital / SDH p.5; District Hospital p.5; HWC-PHC p.5; HWC-SC p.4,Revised HMIS formats effective April 2025,Exact public form label; facility-specific codes retained; semantic normalization pending,Official state-hosted copy; confirm national implementation/version with MoHFW/NHSRC
HMIS-FORM-0445,Number of Palliative Patients visited at home,Elderly and palliative care,CHC; Civil Hospital / SDH; District Hospital; HWC-PHC; HWC-SC,Patient Services,12.1.2.a; 13.1.2.b; 14.1.2.b,CHC p.12; Civil Hospital / SDH p.12; District Hospital p.11; HWC-PHC p.12; HWC-SC p.9,Revised HMIS formats effective April 2025,Exact public form label; facility-specific codes retained; semantic normalization pending,Official state-hosted copy; confirm national implementation/version with MoHFW/NHSRC
HMIS-FORM-0446,Number of patients provided physiotherapy services,Tuberculosis services,CHC; Civil Hospital / SDH; District Hospital; HWC-PHC; Medical College,National TB Elimination Programme (NTEP); Patient Services,13.1.2.a; 14.1.2.a,CHC p.12; Civil Hospital / SDH p.12; District Hospital p.11; HWC-PHC p.12; Medical College p.9,Revised HMIS formats effective April 2025,Exact public form label; facility-specific codes retained; semantic normalization pending,Official state-hosted copy; confirm national implementation/version with MoHFW/NHSRC
HMIS-FORM-0447,Number of Peer Educators selected,Adolescent health,HWC-SC,Adolescent Health,11.2.1,HWC-SC p.8,Revised HMIS formats effective April 2025,Exact public form label; facility-specific codes retained; semantic normalization pending,Official state-hosted copy; confirm national implementation/version with MoHFW/NHSRC
HMIS-FORM-0448,Number of persons that consumed MDA (Mass Drug Administration) drugs during the MDA round,Vector-borne diseases,HWC-SC,National Vector Borne Disease Control Programme(NVBDCP),10.2.1,HWC-SC p.8,Revised HMIS formats effective April 2025,Exact public form label; facility-specific codes retained; semantic normalization pending,Official state-hosted copy; confirm national implementation/version with MoHFW/NHSRC
HMIS-FORM-0449,Number of persons that consumed MDA(Mass Drug Administration) drugs during the MDA round,Vector-borne diseases,Civil Hospital / SDH; District Hospital; Medical College,National Vector Borne Disease Control Programme (NVBDCP),11.5.1,Civil Hospital / SDH p.11; District Hospital p.10; Medical College p.9,Revised HMIS formats effective April 2025,Exact public form label; facility-specific codes retained; semantic normalization pending,Official state-hosted copy; confirm national implementation/version with MoHFW/NHSRC
HMIS-FORM-0450,Number of PNC mothers provided - Free Drop Back home after delivery under JSSK,Delivery and intrapartum care,CHC; Civil Hospital / SDH; District Hospital; HWC-PHC; HWC-SC; Medical College,National TB Elimination Programme (NTEP); Patient Services,12.7.1.f; 13.11.1.f; 14.12.1.f,CHC p.15; Civil Hospital / SDH p.15; District Hospital p.14; HWC-PHC p.15; HWC-SC p.10; Medical College p.12,Revised HMIS formats effective April 2025,Exact public form label; facility-specific codes retained; semantic normalization pending,Official state-hosted copy; confirm national implementation/version with MoHFW/NHSRC
HMIS-FORM-0451,Number of post operative Surgical Site infection,Patient services and utilization,CHC; Civil Hospital / SDH; District Hospital,Patient Services,14.8.3,CHC p.14; Civil Hospital / SDH p.15; District Hospital p.14,Revised HMIS formats effective April 2025,Exact public form label; facility-specific codes retained; semantic normalization pending,Official state-hosted copy; confirm national implementation/version with MoHFW/NHSRC
HMIS-FORM-0452,Number of Post-abortion (within 12 days of Spontaneous or surgical abortion) IUCD insertions,Family planning,CHC; Civil Hospital / SDH; District Hospital; HWC-PHC; Medical College,Family Planning,8.5,CHC p.6; Civil Hospital / SDH p.6; District Hospital p.6; HWC-PHC p.6; Medical College p.5,Revised HMIS formats effective April 2025,Exact public form label; facility-specific codes retained; semantic normalization pending,Official state-hosted copy; confirm national implementation/version with MoHFW/NHSRC
HMIS-FORM-0453,Number of Post-abortion sterilizations (within 7 days of spontaneous or surgical abortion) conducted,Family planning,CHC; Civil Hospital / SDH; District Hospital; HWC-PHC; Medical College,Family Planning,8.2.4,CHC p.6; Civil Hospital / SDH p.6; District Hospital p.6; HWC-PHC p.6; Medical College p.5,Revised HMIS formats effective April 2025,Exact public form label; facility-specific codes retained; semantic normalization pending,Official state-hosted copy; confirm national implementation/version with MoHFW/NHSRC
HMIS-FORM-0454,Number of Post-operative Surgical Site infection,Tuberculosis services,Medical College,National TB Elimination Programme (NTEP),14.8.3,Medical College p.12,Revised HMIS formats effective April 2025,Exact public form label; facility-specific codes retained; semantic normalization pending,Official state-hosted copy; confirm national implementation/version with MoHFW/NHSRC
HMIS-FORM-0455,Number of Postpartum (within 48 hours of delivery) IUCD insertions,Delivery and intrapartum care,CHC; Civil Hospital / SDH; District Hospital; HWC-PHC; HWC-SC; Medical College,Family Planning,7.2; 8.4,CHC p.6; Civil Hospital / SDH p.6; District Hospital p.6; HWC-PHC p.6; HWC-SC p.5; Medical College p.5,Revised HMIS formats effective April 2025,Exact public form label; facility-specific codes retained; semantic normalization pending,Official state-hosted copy; confirm national implementation/version with MoHFW/NHSRC
HMIS-FORM-0456,Number of Postpartum sterilizations (within 7 days of delivery by minilap or concurrent with caesarean section) conducted,Delivery and intrapartum care,CHC; Civil Hospital / SDH; District Hospital; HWC-PHC; Medical College,Family Planning,8.2.3,CHC p.6; Civil Hospital / SDH p.6; District Hospital p.6; HWC-PHC p.6; Medical College p.5,Revised HMIS formats effective April 2025,Exact public form label; facility-specific codes retained; semantic normalization pending,Official state-hosted copy; confirm national implementation/version with MoHFW/NHSRC
HMIS-FORM-0457,Number of Pre-Eclampsia/Eclampsia cases managed during ANC,Antenatal care and high-risk pregnancy,CHC; Civil Hospital / SDH; District Hospital; HWC-PHC; Medical College,Ante Natal Care (ANC) Services & High Risk Pregnancies,1.3.4,CHC p.1; Civil Hospital / SDH p.1; District Hospital p.2; HWC-PHC p.2; Medical College p.1,Revised HMIS formats effective April 2025,Exact public form label; facility-specific codes retained; semantic normalization pending,Official state-hosted copy; confirm national implementation/version with MoHFW/NHSRC
HMIS-FORM-0458,Number of Pre-term newborns ( < 37 weeks of pregnancy),Antenatal care and high-risk pregnancy,CHC; Civil Hospital / SDH; District Hospital; HWC-PHC; Medical College,Pregnancy outcome & details of new-born/children,4.1.2,CHC p.4; Civil Hospital / SDH p.4; District Hospital p.4; HWC-PHC p.4; Medical College p.3,Revised HMIS formats effective April 2025,Exact public form label; facility-specific codes retained; semantic normalization pending,Official state-hosted copy; confirm national implementation/version with MoHFW/NHSRC
HMIS-FORM-0459,Number of Pre-term newborns (< 37 weeks of pregnancy),Antenatal care and high-risk pregnancy,HWC-SC,Pregnancy outcome & details of new-born/children,3.1.2,HWC-SC p.3,Revised HMIS formats effective April 2025,Exact public form label; facility-specific codes retained; semantic normalization pending,Official state-hosted copy; confirm national implementation/version with MoHFW/NHSRC
HMIS-FORM-0460,Number of Pregnancy Test Kits (PTK) utilized,Antenatal care and high-risk pregnancy,CHC; Civil Hospital / SDH; District Hospital; HWC-PHC; HWC-SC; Medical College,Family Planning,7.13; 8.16,CHC p.7; Civil Hospital / SDH p.7; District Hospital p.7; HWC-PHC p.7; HWC-SC p.6; Medical College p.5,Revised HMIS formats effective April 2025,Exact public form label; facility-specific codes retained; semantic normalization pending,Official state-hosted copy; confirm national implementation/version with MoHFW/NHSRC
HMIS-FORM-0461,Number of Pregnant Women (ANC&DIL) screened for HIV more than once(Repeated testing),Antenatal care and high-risk pregnancy,Civil Hospital / SDH; District Hospital; HWC-PHC; HWC-SC; Medical College,Diagnostics,13.3.3.e; 14.3.3.g; 15.3.3.i,Civil Hospital / SDH p.18; District Hospital p.17; HWC-PHC p.17; HWC-SC p.11; Medical College p.14,Revised HMIS formats effective April 2025,Exact public form label; facility-specific codes retained; semantic normalization pending,Official state-hosted copy; confirm national implementation/version with MoHFW/NHSRC
HMIS-FORM-0462,Number of Pregnant Women (PW-ANC) screened for HIV by Whole Blood Finger Prick/RDT test/POC test,Antenatal care and high-risk pregnancy,CHC; Civil Hospital / SDH; District Hospital; HWC-PHC; HWC-SC; Medical College,Diagnostics,13.3.3.a; 14.3.3.a; 15.3.3.a,CHC p.17; Civil Hospital / SDH p.18; District Hospital p.17; HWC-PHC p.17; HWC-SC p.11; Medical College p.14,Revised HMIS formats effective April 2025,Exact public form label; facility-specific codes retained; semantic normalization pending,Official state-hosted copy; confirm national implementation/version with MoHFW/NHSRC
HMIS-FORM-0463,Number of Pregnant Women found positive for HBsAg delivered in an institution,Antenatal care and high-risk pregnancy,CHC; Civil Hospital / SDH; District Hospital; HWC-PHC; Medical College,National TB Elimination Programme (NTEP); Patient Services,13.18.3.d; 14.17.3.d; 14.19.3.d,CHC p.16; Civil Hospital / SDH p.17; District Hospital p.16; HWC-PHC p.16; Medical College p.14,Revised HMIS formats effective April 2025,Exact public form label; facility-specific codes retained; semantic normalization pending,Official state-hosted copy; confirm national implementation/version with MoHFW/NHSRC
HMIS-FORM-0464,Number of Pregnant Women found positive for HBsAg referred out to higher centre for institutional delivery,Antenatal care and high-risk pregnancy,CHC; Civil Hospital / SDH; District Hospital; HWC-PHC; HWC-SC; Medical College,National TB Elimination Programme (NTEP); Patient Services,12.13.3.c; 13.18.3.c; 14.17.3.c; 14.19.3.c,CHC p.16; Civil Hospital / SDH p.17; District Hospital p.16; HWC-PHC p.16; HWC-SC p.11; Medical College p.14,Revised HMIS formats effective April 2025,Exact public form label; facility-specific codes retained; semantic normalization pending,Official state-hosted copy; confirm national implementation/version with MoHFW/NHSRC
HMIS-FORM-0465,Number of Pregnant Women identified only with Eclampsia in the facility,Antenatal care and high-risk pregnancy,CHC; Civil Hospital / SDH; District Hospital; HWC-PHC; HWC-SC; Medical College,Ante Natal Care (ANC) Services & High Risk Pregnancies,1.8.1.c; 1.9.1.c,CHC p.3; Civil Hospital / SDH p.3; District Hospital p.3; HWC-PHC p.3; HWC-SC p.2; Medical College p.2,Revised HMIS formats effective April 2025,Exact public form label; facility-specific codes retained; semantic normalization pending,Official state-hosted copy; confirm national implementation/version with MoHFW/NHSRC
HMIS-FORM-0466,Number of Pregnant Women identified only with obstructed labour in the facility,Antenatal care and high-risk pregnancy,CHC; Civil Hospital / SDH; District Hospital; HWC-PHC; HWC-SC; Medical College,Ante Natal Care (ANC) Services & High Risk Pregnancies,1.8.1.d; 1.9.1.d,CHC p.3; Civil Hospital / SDH p.3; District Hospital p.3; HWC-PHC p.3; HWC-SC p.2; Medical College p.2,Revised HMIS formats effective April 2025,Exact public form label; facility-specific codes retained; semantic normalization pending,Official state-hosted copy; confirm national implementation/version with MoHFW/NHSRC
HMIS-FORM-0467,Number of Pregnant Women identified with more than 1 complication listed above,Antenatal care and high-risk pregnancy,CHC; Civil Hospital / SDH; District Hospital; HWC-PHC; HWC-SC; Medical College,Ante Natal Care (ANC) Services & High Risk Pregnancies,1.8.1.e; 1.9.1.e,CHC p.3; Civil Hospital / SDH p.3; District Hospital p.3; HWC-PHC p.3; HWC-SC p.2; Medical College p.2,Revised HMIS formats effective April 2025,Exact public form label; facility-specific codes retained; semantic normalization pending,Official state-hosted copy; confirm national implementation/version with MoHFW/NHSRC
HMIS-FORM-0468,Number of Pregnant Women identified with Presumptive TB symptoms,Antenatal care and high-risk pregnancy,CHC; Civil Hospital / SDH; District Hospital; HWC-PHC; HWC-SC; Medical College,Ante Natal Care (ANC) Services & High Risk Pregnancies,1.8.2,CHC p.2; Civil Hospital / SDH p.2; District Hospital p.2; HWC-PHC p.2; HWC-SC p.2; Medical College p.2,Revised HMIS formats effective April 2025,Exact public form label; facility-specific codes retained; semantic normalization pending,Official state-hosted copy; confirm national implementation/version with MoHFW/NHSRC
HMIS-FORM-0469,Number of Pregnant Women only with Post-Partum Haemorrhage (Immediately after delivery) in the facility,Antenatal care and high-risk pregnancy,CHC; Civil Hospital / SDH; District Hospital; HWC-PHC; HWC-SC; Medical College,Ante Natal Care (ANC) Services & High Risk Pregnancies,1.8.1.a; 1.9.1.a,CHC p.2; Civil Hospital / SDH p.2; District Hospital p.2; HWC-PHC p.3; HWC-SC p.2; Medical College p.2,Revised HMIS formats effective April 2025,Exact public form label; facility-specific codes retained; semantic normalization pending,Official state-hosted copy; confirm national implementation/version with MoHFW/NHSRC
HMIS-FORM-0470,Number of Pregnant Women only with Sepsis in the facility,Antenatal care and high-risk pregnancy,CHC; Civil Hospital / SDH; District Hospital; HWC-PHC; HWC-SC; Medical College,Ante Natal Care (ANC) Services & High Risk Pregnancies,1.8.1.b; 1.9.1.b,CHC p.3; Civil Hospital / SDH p.3; District Hospital p.2; HWC-PHC p.3; HWC-SC p.2; Medical College p.2,Revised HMIS formats effective April 2025,Exact public form label; facility-specific codes retained; semantic normalization pending,Official state-hosted copy; confirm national implementation/version with MoHFW/NHSRC
HMIS-FORM-0471,Number of pregnant women provided - Free Home to facility transport for conducting delivery under JSSK,Antenatal care and high-risk pregnancy,CHC; Civil Hospital / SDH; District Hospital; HWC-PHC; HWC-SC; Medical College,National TB Elimination Programme (NTEP); Patient Services,12.7.1.d; 13.11.1.d; 14.12.1.d,CHC p.15; Civil Hospital / SDH p.15; District Hospital p.14; HWC-PHC p.14; HWC-SC p.10; Medical College p.12,Revised HMIS formats effective April 2025,Exact public form label; facility-specific codes retained; semantic normalization pending,Official state-hosted copy; confirm national implementation/version with MoHFW/NHSRC
HMIS-FORM-0472,Number of pregnant women provided - Interfacility transfers when needed during delivery under JSSK(in case of referral),Antenatal care and high-risk pregnancy,CHC; Civil Hospital / SDH; District Hospital; HWC-PHC; HWC-SC; Medical College,National TB Elimination Programme (NTEP); Patient Services,12.7.1.e; 13.11.1.e; 14.12.1.e,CHC p.15; Civil Hospital / SDH p.15; District Hospital p.14; HWC-PHC p.15; HWC-SC p.10; Medical College p.12,Revised HMIS formats effective April 2025,Exact public form label; facility-specific codes retained; semantic normalization pending,Official state-hosted copy; confirm national implementation/version with MoHFW/NHSRC
HMIS-FORM-0473,Number of pregnant women provided free diagnostics during ANC period under JSSK,Antenatal care and high-risk pregnancy,CHC; Civil Hospital / SDH; District Hospital; HWC-PHC; HWC-SC; Medical College,National TB Elimination Programme (NTEP); Patient Services,12.7.1.c.i; 13.11.1.c.i; 14.12.1.c.i,CHC p.15; Civil Hospital / SDH p.15; District Hospital p.14; HWC-PHC p.14; HWC-SC p.10; Medical College p.12,Revised HMIS formats effective April 2025,Exact public form label; facility-specific codes retained; semantic normalization pending,Official state-hosted copy; confirm national implementation/version with MoHFW/NHSRC
HMIS-FORM-0474,Number of pregnant women provided free medicines during ANC period under JSSK,Antenatal care and high-risk pregnancy,CHC; Civil Hospital / SDH; District Hospital; HWC-PHC; HWC-SC; Medical College,National TB Elimination Programme (NTEP); Patient Services,12.7.1.a.i; 13.11.1.a.i; 14.12.1.a.i,CHC p.15; Civil Hospital / SDH p.15; District Hospital p.14; HWC-PHC p.14; HWC-SC p.10; Medical College p.12,Revised HMIS formats effective April 2025,Exact public form label; facility-specific codes retained; semantic normalization pending,Official state-hosted copy; confirm national implementation/version with MoHFW/NHSRC
HMIS-FORM-0475,Number of Pregnant Women referred out of those identified with Presumptive TB symptoms,Antenatal care and high-risk pregnancy,CHC; Civil Hospital / SDH; District Hospital; HWC-PHC; HWC-SC; Medical College,Ante Natal Care (ANC) Services & High Risk Pregnancies,1.7.3; 1.8.3,CHC p.2; Civil Hospital / SDH p.2; District Hospital p.2; HWC-PHC p.2; HWC-SC p.2; Medical College p.2,Revised HMIS formats effective April 2025,Exact public form label; facility-specific codes retained; semantic normalization pending,Official state-hosted copy; confirm national implementation/version with MoHFW/NHSRC
HMIS-FORM-0476,Number of Pregnant Women screened for TB,Antenatal care and high-risk pregnancy,CHC; Civil Hospital / SDH; District Hospital; HWC-PHC; HWC-SC; Medical College,Ante Natal Care (ANC) Services & High Risk Pregnancies,1.8.1,CHC p.2; Civil Hospital / SDH p.2; District Hospital p.2; HWC-PHC p.2; HWC-SC p.2; Medical College p.2,Revised HMIS formats effective April 2025,Exact public form label; facility-specific codes retained; semantic normalization pending,Official state-hosted copy; confirm national implementation/version with MoHFW/NHSRC
HMIS-FORM-0477,Number of Pregnant Women tested for HBsAg,Antenatal care and high-risk pregnancy,CHC; Civil Hospital / SDH; District Hospital; HWC-PHC; HWC-SC; Medical College,National TB Elimination Programme (NTEP); Patient Services,12.13.3.a; 13.18.3.a; 14.17.3.a; 14.19.3.a,CHC p.16; Civil Hospital / SDH p.17; District Hospital p.16; HWC-PHC p.16; HWC-SC p.11; Medical College p.13,Revised HMIS formats effective April 2025,Exact public form label; facility-specific codes retained; semantic normalization pending,Official state-hosted copy; confirm national implementation/version with MoHFW/NHSRC
HMIS-FORM-0478,Number of Pregnant Women tested positive for Thyroid disorder,Antenatal care and high-risk pregnancy,CHC; Civil Hospital / SDH; District Hospital; HWC-PHC; HWC-SC; Medical College,Ante Natal Care (ANC) Services & High Risk Pregnancies,1.7.1,CHC p.2; Civil Hospital / SDH p.2; District Hospital p.2; HWC-PHC p.2; HWC-SC p.2; Medical College p.2,Revised HMIS formats effective April 2025,Exact public form label; facility-specific codes retained; semantic normalization pending,Official state-hosted copy; confirm national implementation/version with MoHFW/NHSRC
HMIS-FORM-0479,Number of Pregnant Women treated for thyroid disorder,Antenatal care and high-risk pregnancy,CHC; Civil Hospital / SDH; District Hospital; HWC-PHC; HWC-SC; Medical College,Ante Natal Care (ANC) Services & High Risk Pregnancies,1.7.2,CHC p.2; Civil Hospital / SDH p.2; District Hospital p.2; HWC-PHC p.2; HWC-SC p.2; Medical College p.2,Revised HMIS formats effective April 2025,Exact public form label; facility-specific codes retained; semantic normalization pending,Official state-hosted copy; confirm national implementation/version with MoHFW/NHSRC
HMIS-FORM-0480,Number of Pregnant Women who are HBsAg positive (out of those tested for Hepatitis B i.e. HBsAg),Antenatal care and high-risk pregnancy,HWC-SC,Patient Services,12.13.3.b,HWC-SC p.11,Revised HMIS formats effective April 2025,Exact public form label; facility-specific codes retained; semantic normalization pending,Official state-hosted copy; confirm national implementation/version with MoHFW/NHSRC
HMIS-FORM-0481,Number of Pregnant Women who are HBsAg positive(out of those tested for Hepatitis B i.e. HBsAg),Antenatal care and high-risk pregnancy,CHC; Civil Hospital / SDH; District Hospital; HWC-PHC; Medical College,National TB Elimination Programme (NTEP); Patient Services,13.18.3.b; 14.17.3.b; 14.19.3.b,CHC p.16; Civil Hospital / SDH p.17; District Hospital p.16; HWC-PHC p.16; Medical College p.13,Revised HMIS formats effective April 2025,Exact public form label; facility-specific codes retained; semantic normalization pending,Official state-hosted copy; confirm national implementation/version with MoHFW/NHSRC
HMIS-FORM-0482,Number of Pregnant Women(PW) and Post Natal Care (PNC) Beneficiaries,Antenatal care and high-risk pregnancy,CHC; Civil Hospital / SDH; District Hospital; HWC-PHC; HWC-SC; Medical College,National TB Elimination Programme (NTEP); Patient Services,12.7.1; 13.11.1; 14.12.1,CHC p.15; Civil Hospital / SDH p.15; District Hospital p.14; HWC-PHC p.14; HWC-SC p.9; Medical College p.12,Revised HMIS formats effective April 2025,Exact public form label; facility-specific codes retained; semantic normalization pending,Official state-hosted copy; confirm national implementation/version with MoHFW/NHSRC
HMIS-FORM-0483,Number of pregnant/DIL women found seropositive for Syphilis by VDRL/RPR/TPHA/RDT/PoC test,Antenatal care and high-risk pregnancy,CHC; Civil Hospital / SDH; District Hospital; HWC-PHC; HWC-SC; Medical College,Ante Natal Care (ANC) Services & High Risk Pregnancies,1.6.1.b,CHC p.2; Civil Hospital / SDH p.2; District Hospital p.2; HWC-PHC p.2; HWC-SC p.2; Medical College p.2,Revised HMIS formats effective April 2025,Exact public form label; facility-specific codes retained; semantic normalization pending,Official state-hosted copy; confirm national implementation/version with MoHFW/NHSRC
HMIS-FORM-0484,Number of pregnant/DIL women found Syphilis-Seropositive and given treatment with injection Benzathine Penicillin (IM),Antenatal care and high-risk pregnancy,CHC; Civil Hospital / SDH; District Hospital; HWC-PHC; HWC-SC; Medical College,Ante Natal Care (ANC) Services & High Risk Pregnancies,1.6.1.c,CHC p.2; Civil Hospital / SDH p.2; District Hospital p.2; HWC-PHC p.2; HWC-SC p.2; Medical College p.2,Revised HMIS formats effective April 2025,Exact public form label; facility-specific codes retained; semantic normalization pending,Official state-hosted copy; confirm national implementation/version with MoHFW/NHSRC
HMIS-FORM-0485,Number of pregnant/Direct-In-Labor (DIL) women screened/tested (with VDRL/RPR/TPHA/RDT/PoC) for Syphilis,Antenatal care and high-risk pregnancy,CHC; Civil Hospital / SDH; District Hospital; HWC-PHC; HWC-SC; Medical College,Ante Natal Care (ANC) Services & High Risk Pregnancies,1.6.1.a,CHC p.2; Civil Hospital / SDH p.2; District Hospital p.2; HWC-PHC p.2; HWC-SC p.2; Medical College p.2,Revised HMIS formats effective April 2025,Exact public form label; facility-specific codes retained; semantic normalization pending,Official state-hosted copy; confirm national implementation/version with MoHFW/NHSRC
HMIS-FORM-0486,Number of psychoeducation sessions conducted at the Ayushman Arogya Mandir during the month,Patient services and utilization,HWC-PHC; HWC-SC,Patient Services,12.1.4; 13.1.3.c,HWC-PHC p.12; HWC-SC p.9,Revised HMIS formats effective April 2025,Exact public form label; facility-specific codes retained; semantic normalization pending,Official state-hosted copy; confirm national implementation/version with MoHFW/NHSRC
HMIS-FORM-0487,Number of PW and PNC beneficiaries provided - Free Diagnostics under JSSK,Postnatal care,CHC; Civil Hospital / SDH; District Hospital; HWC-PHC; HWC-SC; Medical College,National TB Elimination Programme (NTEP); Patient Services,12.7.1.c; 13.11.1.c; 14.12.1.c,CHC p.15; Civil Hospital / SDH p.15; District Hospital p.14; HWC-PHC p.14; HWC-SC p.10; Medical College p.12,Revised HMIS formats effective April 2025,Exact public form label; facility-specific codes retained; semantic normalization pending,Official state-hosted copy; confirm national implementation/version with MoHFW/NHSRC
HMIS-FORM-0488,Number of PW and PNC beneficiaries provided - Free Medicines under JSSK,Postnatal care,CHC; Civil Hospital / SDH; District Hospital; HWC-PHC; HWC-SC; Medical College,National TB Elimination Programme (NTEP); Patient Services,12.7.1.a; 13.11.1.a; 14.12.1.a,CHC p.15; Civil Hospital / SDH p.15; District Hospital p.14; HWC-PHC p.14; HWC-SC p.10; Medical College p.12,Revised HMIS formats effective April 2025,Exact public form label; facility-specific codes retained; semantic normalization pending,Official state-hosted copy; confirm national implementation/version with MoHFW/NHSRC
HMIS-FORM-0489,Number of PW given ANC Corticosteroids in Pre-Term Labour,Antenatal care and high-risk pregnancy,CHC; Civil Hospital / SDH; District Hospital; HWC-PHC; HWC-SC; Medical College,Ante Natal Care (ANC) Services & High Risk Pregnancies,1.2.8,CHC p.1; Civil Hospital / SDH p.1; District Hospital p.1; HWC-PHC p.1; HWC-SC p.1; Medical College p.1,Revised HMIS formats effective April 2025,Exact public form label; facility-specific codes retained; semantic normalization pending,Official state-hosted copy; confirm national implementation/version with MoHFW/NHSRC
HMIS-FORM-0490,Number of PW given one Albendazole tablet after 1st trimester,Antenatal care and high-risk pregnancy,CHC; Civil Hospital / SDH; District Hospital; HWC-PHC; HWC-SC; Medical College,Ante Natal Care (ANC) Services & High Risk Pregnancies,1.2.6,CHC p.1; Civil Hospital / SDH p.1; District Hospital p.1; HWC-PHC p.1; HWC-SC p.1; Medical College p.1,Revised HMIS formats effective April 2025,Exact public form label; facility-specific codes retained; semantic normalization pending,Official state-hosted copy; confirm national implementation/version with MoHFW/NHSRC
HMIS-FORM-0491,Number of PW given Tablet Misoprostol during home delivery,Delivery and intrapartum care,CHC; Civil Hospital / SDH; District Hospital; HWC-PHC; HWC-SC; Medical College,Deliveries,2.1.2,CHC p.3; Civil Hospital / SDH p.3; District Hospital p.3; HWC-PHC p.3; HWC-SC p.3; Medical College p.3,Revised HMIS formats effective April 2025,Exact public form label; facility-specific codes retained; semantic normalization pending,Official state-hosted copy; confirm national implementation/version with MoHFW/NHSRC
HMIS-FORM-0492,Number of PW given Td Booster (Tetanus Diptheria dose booster),Antenatal care and high-risk pregnancy,CHC; Civil Hospital / SDH; District Hospital; HWC-PHC; HWC-SC; Medical College,Ante Natal Care (ANC) Services & High Risk Pregnancies,1.2.3,CHC p.1; Civil Hospital / SDH p.1; District Hospital p.1; HWC-PHC p.1; HWC-SC p.1; Medical College p.1,Revised HMIS formats effective April 2025,Exact public form label; facility-specific codes retained; semantic normalization pending,Official state-hosted copy; confirm national implementation/version with MoHFW/NHSRC
HMIS-FORM-0493,Number of PW given Td1 (Tetanus Diptheria dose 1),Antenatal care and high-risk pregnancy,CHC; Civil Hospital / SDH; District Hospital; HWC-PHC; HWC-SC; Medical College,Ante Natal Care (ANC) Services & High Risk Pregnancies,1.2.1,CHC p.1; Civil Hospital / SDH p.1; District Hospital p.1; HWC-PHC p.1; HWC-SC p.1; Medical College p.1,Revised HMIS formats effective April 2025,Exact public form label; facility-specific codes retained; semantic normalization pending,Official state-hosted copy; confirm national implementation/version with MoHFW/NHSRC
HMIS-FORM-0494,Number of PW given Td2 (Tetanus Diptheria dose 2),Antenatal care and high-risk pregnancy,CHC; Civil Hospital / SDH; District Hospital; HWC-PHC; HWC-SC; Medical College,Ante Natal Care (ANC) Services & High Risk Pregnancies,1.2.2,CHC p.1; Civil Hospital / SDH p.1; District Hospital p.1; HWC-PHC p.1; HWC-SC p.1; Medical College p.1,Revised HMIS formats effective April 2025,Exact public form label; facility-specific codes retained; semantic normalization pending,Official state-hosted copy; confirm national implementation/version with MoHFW/NHSRC
HMIS-FORM-0495,Number of PW having Hb level<11(7.1 to 10.9 g/dl) (Out of total tested cases),Antenatal care and high-risk pregnancy,CHC; Civil Hospital / SDH; District Hospital; HWC-PHC; HWC-SC; Medical College,Ante Natal Care (ANC) Services & High Risk Pregnancies,1.4.3,CHC p.2; Civil Hospital / SDH p.2; District Hospital p.2; HWC-PHC p.2; HWC-SC p.2; Medical College p.2,Revised HMIS formats effective April 2025,Exact public form label; facility-specific codes retained; semantic normalization pending,Official state-hosted copy; confirm national implementation/version with MoHFW/NHSRC
HMIS-FORM-0496,Number of PW having Hb level<=7 g/dl (Out of total tested cases),Antenatal care and high-risk pregnancy,CHC; Civil Hospital / SDH; District Hospital; HWC-PHC; HWC-SC; Medical College,Ante Natal Care (ANC) Services & High Risk Pregnancies,1.4.4,CHC p.2; Civil Hospital / SDH p.2; District Hospital p.2; HWC-PHC p.2; HWC-SC p.2; Medical College p.2,Revised HMIS formats effective April 2025,Exact public form label; facility-specific codes retained; semantic normalization pending,Official state-hosted copy; confirm national implementation/version with MoHFW/NHSRC
HMIS-FORM-0497,Number of PW provided full course 180 Iron Folic Acid (IFA) tablets,Antenatal care and high-risk pregnancy,CHC; Civil Hospital / SDH; District Hospital; HWC-PHC; HWC-SC; Medical College,Ante Natal Care (ANC) Services & High Risk Pregnancies,1.2.4,CHC p.1; Civil Hospital / SDH p.1; District Hospital p.1; HWC-PHC p.1; HWC-SC p.1; Medical College p.1,Revised HMIS formats effective April 2025,Exact public form label; facility-specific codes retained; semantic normalization pending,Official state-hosted copy; confirm national implementation/version with MoHFW/NHSRC
HMIS-FORM-0498,Number of PW provided full course 360 Calcium tablets,Antenatal care and high-risk pregnancy,CHC; Civil Hospital / SDH; District Hospital; HWC-PHC; HWC-SC; Medical College,Ante Natal Care (ANC) Services & High Risk Pregnancies,1.2.5,CHC p.1; Civil Hospital / SDH p.1; District Hospital p.1; HWC-PHC p.1; HWC-SC p.1; Medical College p.1,Revised HMIS formats effective April 2025,Exact public form label; facility-specific codes retained; semantic normalization pending,Official state-hosted copy; confirm national implementation/version with MoHFW/NHSRC
HMIS-FORM-0499,Number of PW received 4 or more ANC check ups,Antenatal care and high-risk pregnancy,CHC; Civil Hospital / SDH; District Hospital; HWC-PHC; HWC-SC; Medical College,Ante Natal Care (ANC) Services & High Risk Pregnancies,1.2.7,CHC p.1; Civil Hospital / SDH p.1; District Hospital p.1; HWC-PHC p.1; HWC-SC p.1; Medical College p.1,Revised HMIS formats effective April 2025,Exact public form label; facility-specific codes retained; semantic normalization pending,Official state-hosted copy; confirm national implementation/version with MoHFW/NHSRC
HMIS-FORM-0500,Number of PW tested for Blood Sugar using OGTT(Oral Glucose Tolerance Test),Antenatal care and high-risk pregnancy,CHC; Civil Hospital / SDH; District Hospital; HWC-PHC; HWC-SC; Medical College,Ante Natal Care (ANC) Services & High Risk Pregnancies,1.5.1,CHC p.2; Civil Hospital / SDH p.2; District Hospital p.2; HWC-PHC p.2; HWC-SC p.2; Medical College p.2,Revised HMIS formats effective April 2025,Exact public form label; facility-specific codes retained; semantic normalization pending,Official state-hosted copy; confirm national implementation/version with MoHFW/NHSRC
HMIS-FORM-0501,Number of PW tested for Haemoglobin (Hb ) 4 or more than 4 times for respective ANCs,Antenatal care and high-risk pregnancy,CHC; Civil Hospital / SDH; District Hospital; HWC-PHC; HWC-SC; Medical College,Ante Natal Care (ANC) Services & High Risk Pregnancies,1.4.1,CHC p.2; Civil Hospital / SDH p.2; District Hospital p.2; HWC-PHC p.2; HWC-SC p.1; Medical College p.1,Revised HMIS formats effective April 2025,Exact public form label; facility-specific codes retained; semantic normalization pending,Official state-hosted copy; confirm national implementation/version with MoHFW/NHSRC
HMIS-FORM-0502,Number of PW tested for Haemoglobin (Hb),Antenatal care and high-risk pregnancy,CHC; Civil Hospital / SDH; District Hospital; HWC-PHC; HWC-SC; Medical College,Ante Natal Care (ANC) Services & High Risk Pregnancies,1.4.2,CHC p.2; Civil Hospital / SDH p.2; District Hospital p.2; HWC-PHC p.2; HWC-SC p.1; Medical College p.1,Revised HMIS formats effective April 2025,Exact public form label; facility-specific codes retained; semantic normalization pending,Official state-hosted copy; confirm national implementation/version with MoHFW/NHSRC
HMIS-FORM-0503,Number of PW tested positive for GDM out of total OGTT(Oral Glucose Tolerance Test) conducted,Antenatal care and high-risk pregnancy,CHC; Civil Hospital / SDH; District Hospital; HWC-PHC; HWC-SC; Medical College,Ante Natal Care (ANC) Services & High Risk Pregnancies,1.5.2,CHC p.2; Civil Hospital / SDH p.2; District Hospital p.2; HWC-PHC p.2; HWC-SC p.2; Medical College p.2,Revised HMIS formats effective April 2025,Exact public form label; facility-specific codes retained; semantic normalization pending,Official state-hosted copy; confirm national implementation/version with MoHFW/NHSRC
HMIS-FORM-0504,Number of PW treated for severe anaemia (Hb<=7g/dl) (including referred-in cases),Antenatal care and high-risk pregnancy,CHC; Civil Hospital / SDH; District Hospital; HWC-PHC; Medical College,Ante Natal Care (ANC) Services & High Risk Pregnancies,1.4.5,CHC p.2; Civil Hospital / SDH p.2; District Hospital p.2; HWC-PHC p.2; Medical College p.2,Revised HMIS formats effective April 2025,Exact public form label; facility-specific codes retained; semantic normalization pending,Official state-hosted copy; confirm national implementation/version with MoHFW/NHSRC
HMIS-FORM-0505,Number of PW with hypertension managed at institution,Antenatal care and high-risk pregnancy,CHC; Civil Hospital / SDH; District Hospital; HWC-PHC; HWC-SC; Medical College,Ante Natal Care (ANC) Services & High Risk Pregnancies,1.3.2,CHC p.1; Civil Hospital / SDH p.1; District Hospital p.1; HWC-PHC p.1; HWC-SC p.1; Medical College p.1,Revised HMIS formats effective April 2025,Exact public form label; facility-specific codes retained; semantic normalization pending,Official state-hosted copy; confirm national implementation/version with MoHFW/NHSRC
HMIS-FORM-0506,Number of Rogi Kalyan Samiti (RKS) meetings held,Tuberculosis services,CHC; Civil Hospital / SDH; District Hospital; HWC-PHC; Medical College,National TB Elimination Programme (NTEP); Patient Services,13.13.1; 14.14,CHC p.16; Civil Hospital / SDH p.16; District Hospital p.15; HWC-PHC p.15; Medical College p.13,Revised HMIS formats effective April 2025,Exact public form label; facility-specific codes retained; semantic normalization pending,Official state-hosted copy; confirm national implementation/version with MoHFW/NHSRC
HMIS-FORM-0507,Number of SAM children discharged from standalone/ integrated NRC who met the discharge criteria,Tuberculosis services,CHC; Civil Hospital / SDH; District Hospital; HWC-PHC; Medical College,National TB Elimination Programme (NTEP); Patient Services,13.12.5; 14.13.5,CHC p.15; Civil Hospital / SDH p.16; District Hospital p.15; HWC-PHC p.15; Medical College p.13,Revised HMIS formats effective April 2025,Exact public form label; facility-specific codes retained; semantic normalization pending,Official state-hosted copy; confirm national implementation/version with MoHFW/NHSRC
HMIS-FORM-0508,Number of sanitary napkin packs distributed free to ASHA (for her personal use),Adolescent health,CHC; Civil Hospital / SDH; District Hospital; HWC-PHC; HWC-SC,Adolescent Health,11.1.2; 12.2.2,CHC p.11; Civil Hospital / SDH p.11; District Hospital p.11; HWC-PHC p.11; HWC-SC p.8,Revised HMIS formats effective April 2025,Exact public form label; facility-specific codes retained; semantic normalization pending,Official state-hosted copy; confirm national implementation/version with MoHFW/NHSRC
HMIS-FORM-0509,Number of sick infants provided,Tuberculosis services,CHC; Civil Hospital / SDH; District Hospital; HWC-PHC; HWC-SC; Medical College,National TB Elimination Programme (NTEP); Patient Services,12.7.2; 13.11.2; 14.12.2,CHC p.15; Civil Hospital / SDH p.15; District Hospital p.14; HWC-PHC p.15; HWC-SC p.10; Medical College p.12,Revised HMIS formats effective April 2025,Exact public form label; facility-specific codes retained; semantic normalization pending,Official state-hosted copy; confirm national implementation/version with MoHFW/NHSRC
HMIS-FORM-0510,Number of sick infants provided - Free Diagnostics under JSSK,STI/RTI services,CHC; Civil Hospital / SDH; District Hospital; HWC-PHC; Medical College,National TB Elimination Programme (NTEP); Patient Services,13.11.2.c; 14.12.2.c,CHC p.15; Civil Hospital / SDH p.15; District Hospital p.14; HWC-PHC p.15; Medical College p.12,Revised HMIS formats effective April 2025,Exact public form label; facility-specific codes retained; semantic normalization pending,Official state-hosted copy; confirm national implementation/version with MoHFW/NHSRC
HMIS-FORM-0511,Number of sick infants provided - Free Home to facility transport under JSSK,Tuberculosis services,CHC; Civil Hospital / SDH; District Hospital; HWC-PHC; HWC-SC; Medical College,National TB Elimination Programme (NTEP); Patient Services,12.7.2.c; 13.11.2.d; 14.12.2.d,CHC p.15; Civil Hospital / SDH p.15; District Hospital p.15; HWC-PHC p.15; HWC-SC p.10; Medical College p.12,Revised HMIS formats effective April 2025,Exact public form label; facility-specific codes retained; semantic normalization pending,Official state-hosted copy; confirm national implementation/version with MoHFW/NHSRC
HMIS-FORM-0512,Number of sick infants provided - Free Medicines under JSSK,Tuberculosis services,CHC; Civil Hospital / SDH; District Hospital; HWC-PHC; HWC-SC; Medical College,National TB Elimination Programme (NTEP); Patient Services,12.7.2.b; 13.11.2.b; 14.12.2.b,CHC p.15; Civil Hospital / SDH p.15; District Hospital p.14; HWC-PHC p.15; HWC-SC p.10; Medical College p.12,Revised HMIS formats effective April 2025,Exact public form label; facility-specific codes retained; semantic normalization pending,Official state-hosted copy; confirm national implementation/version with MoHFW/NHSRC
HMIS-FORM-0513,Number of sick SAM children admitted in standalone/ integrated NRC,Tuberculosis services,CHC; Civil Hospital / SDH; District Hospital; HWC-PHC; Medical College,National TB Elimination Programme (NTEP); Patient Services,13.12.1; 14.13.1,CHC p.15; Civil Hospital / SDH p.16; District Hospital p.15; HWC-PHC p.15; Medical College p.12,Revised HMIS formats effective April 2025,Exact public form label; facility-specific codes retained; semantic normalization pending,Official state-hosted copy; confirm national implementation/version with MoHFW/NHSRC
HMIS-FORM-0514,Number of sick SAM children referred to standalone/ integrated NRC by Frontline Workers (AWW/ ASHA/ ANM),Tuberculosis services,CHC; Civil Hospital / SDH; District Hospital; HWC-PHC; Medical College,National TB Elimination Programme (NTEP); Patient Services,13.12.2; 14.13.2,CHC p.15; Civil Hospital / SDH p.16; District Hospital p.15; HWC-PHC p.15; Medical College p.12,Revised HMIS formats effective April 2025,Exact public form label; facility-specific codes retained; semantic normalization pending,Official state-hosted copy; confirm national implementation/version with MoHFW/NHSRC
HMIS-FORM-0515,Number of sick SAM children referred to standalone/ integrated NRC from IPD/OPD of other Health Facility (PHC/CHC/SDH/DH/other NRC),Tuberculosis services,CHC; Civil Hospital / SDH; District Hospital; HWC-PHC; Medical College,National TB Elimination Programme (NTEP); Patient Services,13.12.3; 14.13.3,CHC p.15; Civil Hospital / SDH p.16; District Hospital p.15; HWC-PHC p.15; Medical College p.12,Revised HMIS formats effective April 2025,Exact public form label; facility-specific codes retained; semantic normalization pending,Official state-hosted copy; confirm national implementation/version with MoHFW/NHSRC
HMIS-FORM-0516,Number of sick SAM children treated and admitted in the pediatric facility (other than standalone/ integrated NRC),Tuberculosis services,CHC; Civil Hospital / SDH; District Hospital; HWC-PHC; Medical College,National TB Elimination Programme (NTEP); Patient Services,13.12.9; 14.13.9,CHC p.15; Civil Hospital / SDH p.16; District Hospital p.15; HWC-PHC p.15; Medical College p.13,Revised HMIS formats effective April 2025,Exact public form label; facility-specific codes retained; semantic normalization pending,Official state-hosted copy; confirm national implementation/version with MoHFW/NHSRC
HMIS-FORM-0517,Number of SNCU discharged babies screened in DEIC,Antenatal care and high-risk pregnancy,CHC; Civil Hospital / SDH; District Hospital; HWC-PHC; Medical College,Pregnancy outcome & details of new-born/children,4.5.2,CHC p.5; Civil Hospital / SDH p.5; District Hospital p.4; HWC-PHC p.5; Medical College p.4,Revised HMIS formats effective April 2025,Exact public form label; facility-specific codes retained; semantic normalization pending,Official state-hosted copy; confirm national implementation/version with MoHFW/NHSRC
HMIS-FORM-0518,Number of students (6th -12th class) provided 4-5 IFA tablets in schools,Anaemia and nutrition,Block Headquarters,Anaemia Mukt Bharat,2.3.1,Block Headquarters p.2,Revised HMIS formats effective April 2025,Exact public form label; facility-specific codes retained; semantic normalization pending,Official state-hosted copy; confirm national implementation/version with MoHFW/NHSRC
HMIS-FORM-0519,Number of students (6th -12th class) provided albendazole in schools,Anaemia and nutrition,Block Headquarters,Anaemia Mukt Bharat,2.3.2,Block Headquarters p.2,Revised HMIS formats effective April 2025,Exact public form label; facility-specific codes retained; semantic normalization pending,Official state-hosted copy; confirm national implementation/version with MoHFW/NHSRC
HMIS-FORM-0520,Number of total admissions in Special Newborn Care Unit (SNCU Admissions),Newborn and pregnancy outcomes,CHC; Civil Hospital / SDH; District Hospital; Medical College,National TB Elimination Programme (NTEP); Patient Services,14.10.1; 14.10.2,CHC p.14; Civil Hospital / SDH p.15; District Hospital p.14; Medical College p.12,Revised HMIS formats effective April 2025,Exact public form label; facility-specific codes retained; semantic normalization pending,Official state-hosted copy; confirm national implementation/version with MoHFW/NHSRC
HMIS-FORM-0521,Number of Total Left Against Medical Advice (LAMA) cases reported at the facility,Tuberculosis services,CHC; Civil Hospital / SDH; District Hospital; HWC-PHC; Medical College,National TB Elimination Programme (NTEP); Patient Services,13.3.7.a; 14.3.7.a,CHC p.13; Civil Hospital / SDH p.13; District Hospital p.12; HWC-PHC p.13; Medical College p.10,Revised HMIS formats effective April 2025,Exact public form label; facility-specific codes retained; semantic normalization pending,Official state-hosted copy; confirm national implementation/version with MoHFW/NHSRC
HMIS-FORM-0522,Number of visit made by the service engineer/ BME for the month,"Medicines, supplies and equipment",CHC; Civil Hospital / SDH; District Hospital; HWC-PHC; Medical College,QA (Quality Assurance) & BEMMP (Biomedical Equipment Management & Maintenance Program),16.2.3; 17.2.3,CHC p.21; Civil Hospital / SDH p.22; District Hospital p.20; HWC-PHC p.21; Medical College p.18,Revised HMIS formats effective April 2025,Exact public form label; facility-specific codes retained; semantic normalization pending,Official state-hosted copy; confirm national implementation/version with MoHFW/NHSRC
HMIS-FORM-0523,Number of visits for home care/ end of life care provided by AAM-PHC team,Patient services and utilization,HWC-PHC,Patient Services,13.1.2.c,HWC-PHC p.12,Revised HMIS formats effective April 2025,Exact public form label; facility-specific codes retained; semantic normalization pending,Official state-hosted copy; confirm national implementation/version with MoHFW/NHSRC
HMIS-FORM-0524,Number of weekly geriatric clinics organized during the month,Elderly and palliative care,HWC-PHC; HWC-SC,Patient Services,12.1.1.i; 13.1.1.i,HWC-PHC p.11; HWC-SC p.9,Revised HMIS formats effective April 2025,Exact public form label; facility-specific codes retained; semantic normalization pending,Official state-hosted copy; confirm national implementation/version with MoHFW/NHSRC
HMIS-FORM-0525,Number of weekly palliative care OPD conducted at AAM-PHC,Elderly and palliative care,HWC-PHC; HWC-SC,Patient Services,12.1.2.b; 13.1.2.d,HWC-PHC p.12; HWC-SC p.9,Revised HMIS formats effective April 2025,Exact public form label; facility-specific codes retained; semantic normalization pending,Official state-hosted copy; confirm national implementation/version with MoHFW/NHSRC
HMIS-FORM-0526,"Number of women of reproductive age (non-pregnant, non-lactating) (20-49 years) having anaemia (Hb 8.1-11.9 g/dl)",Antenatal care and high-risk pregnancy,CHC; Civil Hospital / SDH; District Hospital; HWC-PHC; HWC-SC,Anaemia Mukt Bharat,4.2.1.c; 5.2.1.c,CHC p.5; Civil Hospital / SDH p.5; District Hospital p.5; HWC-PHC p.5; HWC-SC p.4,Revised HMIS formats effective April 2025,Exact public form label; facility-specific codes retained; semantic normalization pending,Official state-hosted copy; confirm national implementation/version with MoHFW/NHSRC
HMIS-FORM-0527,"Number of women of reproductive age (non-pregnant, non-lactating) (20-49 years) having severe anaemia (Hb <8 g/dl)",Antenatal care and high-risk pregnancy,CHC; Civil Hospital / SDH; District Hospital; HWC-PHC; HWC-SC,Anaemia Mukt Bharat,4.2.2.c; 5.2.2.c,CHC p.5; Civil Hospital / SDH p.5; District Hospital p.5; HWC-PHC p.5; HWC-SC p.4,Revised HMIS formats effective April 2025,Exact public form label; facility-specific codes retained; semantic normalization pending,Official state-hosted copy; confirm national implementation/version with MoHFW/NHSRC
HMIS-FORM-0528,"Number of women of reproductive age (WRA) 20-49 years (non-pregnant, non- lactating), provided 4 Red Iron and folic acid (IFA) tablets in a month",Antenatal care and high-risk pregnancy,CHC; Civil Hospital / SDH; District Hospital; HWC-PHC; HWC-SC,Anaemia Mukt Bharat,4.1.1; 5.1.1,CHC p.5; Civil Hospital / SDH p.5; District Hospital p.5; HWC-PHC p.5; HWC-SC p.4,Revised HMIS formats effective April 2025,Exact public form label; facility-specific codes retained; semantic normalization pending,Official state-hosted copy; confirm national implementation/version with MoHFW/NHSRC
HMIS-FORM-0529,Number of women provided - Free Diet under JSSK,Tuberculosis services,CHC; Civil Hospital / SDH; District Hospital; HWC-PHC; HWC-SC; Medical College,National TB Elimination Programme (NTEP); Patient Services,12.7.1.b; 13.11.1.b; 14.12.1.b,CHC p.15; Civil Hospital / SDH p.15; District Hospital p.14; HWC-PHC p.14; HWC-SC p.10; Medical College p.12,Revised HMIS formats effective April 2025,Exact public form label; facility-specific codes retained; semantic normalization pending,Official state-hosted copy; confirm national implementation/version with MoHFW/NHSRC
HMIS-FORM-0530,Number of women provided with Post-abortion/ MTP contraception,Antenatal care and high-risk pregnancy,CHC; Civil Hospital / SDH; District Hospital; HWC-PHC; Medical College,Pregnancy outcome & details of new-born/children,4.3.3,CHC p.4; Civil Hospital / SDH p.4; District Hospital p.4; HWC-PHC p.4; Medical College p.3,Revised HMIS formats effective April 2025,Exact public form label; facility-specific codes retained; semantic normalization pending,Official state-hosted copy; confirm national implementation/version with MoHFW/NHSRC
HMIS-FORM-0531,Number of women receiving Postpartum checkup between 48 hours and 14 days after Institutional delivery,Delivery and intrapartum care,CHC; Civil Hospital / SDH; District Hospital; HWC-PHC; HWC-SC; Medical College,Post Natal Care (PNC),5.2; 6.2,CHC p.5; Civil Hospital / SDH p.6; District Hospital p.5; HWC-PHC p.5; HWC-SC p.4; Medical College p.4,Revised HMIS formats effective April 2025,Exact public form label; facility-specific codes retained; semantic normalization pending,Official state-hosted copy; confirm national implementation/version with MoHFW/NHSRC
HMIS-FORM-0532,Nutritional Rehabilitation Centre (NRC),Tuberculosis services,CHC; Civil Hospital / SDH; District Hospital; HWC-PHC; Medical College,National TB Elimination Programme (NTEP); Patient Services,13.12; 14.13,CHC p.15; Civil Hospital / SDH p.16; District Hospital p.15; HWC-PHC p.15; Medical College p.12,Revised HMIS formats effective April 2025,Exact public form label; facility-specific codes retained; semantic normalization pending,Official state-hosted copy; confirm national implementation/version with MoHFW/NHSRC
HMIS-FORM-0533,"Of the number registered at ICTC centre, the number of presumptive TB cases identified and referred for TB testing and diagnosis",STI/RTI services,CHC; Civil Hospital / SDH; District Hospital; Medical College,National TB Elimination Programme (NTEP),13.2,CHC p.11; Civil Hospital / SDH p.11; District Hospital p.11; Medical College p.9,Revised HMIS formats effective April 2025,Exact public form label; facility-specific codes retained; semantic normalization pending,Official state-hosted copy; confirm national implementation/version with MoHFW/NHSRC
HMIS-FORM-0534,Operations (excluding C-section),Delivery and intrapartum care,CHC; Civil Hospital / SDH; District Hospital; Medical College,National TB Elimination Programme (NTEP); Patient Services,14.8,CHC p.14; Civil Hospital / SDH p.14; District Hospital p.14; Medical College p.11,Revised HMIS formats effective April 2025,Exact public form label; facility-specific codes retained; semantic normalization pending,Official state-hosted copy; confirm national implementation/version with MoHFW/NHSRC
HMIS-FORM-0535,"Other Deaths (except Infant, Child & Maternal Deaths) 5 years and above due to",Mortality and death review,CHC; Civil Hospital / SDH; District Hospital; HWC-PHC; HWC-SC; Medical College,Details of deaths reported:,14.6; 15.6; 16.7,CHC p.20; Civil Hospital / SDH p.20; District Hospital p.19; HWC-PHC p.19; HWC-SC p.13; Medical College p.16,Revised HMIS formats effective April 2025,Exact public form label; facility-specific codes retained; semantic normalization pending,Official state-hosted copy; confirm national implementation/version with MoHFW/NHSRC
HMIS-FORM-0536,Other Services,Tuberculosis services,CHC; Civil Hospital / SDH; District Hospital; HWC-PHC; HWC-SC; Medical College,National TB Elimination Programme (NTEP); Patient Services,12.1.2; 13.1.2; 14.1.2,CHC p.12; Civil Hospital / SDH p.12; District Hospital p.11; HWC-PHC p.12; HWC-SC p.9; Medical College p.9,Revised HMIS formats effective April 2025,Exact public form label; facility-specific codes retained; semantic normalization pending,Official state-hosted copy; confirm national implementation/version with MoHFW/NHSRC
HMIS-FORM-0537,Out of above identified number of High Risk Mothers managed (including referred in cases),Antenatal care and high-risk pregnancy,CHC; Civil Hospital / SDH; District Hospital; HWC-PHC; HWC-SC,Post Natal Care (PNC),5.6; 6.6,CHC p.6; Civil Hospital / SDH p.6; District Hospital p.6; HWC-PHC p.6; HWC-SC p.5,Revised HMIS formats effective April 2025,Exact public form label; facility-specific codes retained; semantic normalization pending,Official state-hosted copy; confirm national implementation/version with MoHFW/NHSRC
HMIS-FORM-0538,"Out of above, babies with congenital Syphilis received curative treatment",Antenatal care and high-risk pregnancy,CHC; Civil Hospital / SDH; District Hospital; HWC-PHC; HWC-SC; Medical College,Ante Natal Care (ANC) Services & High Risk Pregnancies,1.6.1.f,CHC p.2; Civil Hospital / SDH p.2; District Hospital p.2; HWC-PHC p.2; HWC-SC p.2; Medical College p.2,Revised HMIS formats effective April 2025,Exact public form label; facility-specific codes retained; semantic normalization pending,Official state-hosted copy; confirm national implementation/version with MoHFW/NHSRC
HMIS-FORM-0539,"Out of above, number of specialist Allopathic OPD services provided",Tuberculosis services,CHC; Civil Hospital / SDH; District Hospital; HWC-PHC; HWC-SC; Medical College,National TB Elimination Programme (NTEP); Patient Services,12.2.1.a; 13.2.1.a; 14.2.1.a,CHC p.12; Civil Hospital / SDH p.12; District Hospital p.11; HWC-PHC p.12; HWC-SC p.9; Medical College p.9,Revised HMIS formats effective April 2025,Exact public form label; facility-specific codes retained; semantic normalization pending,Official state-hosted copy; confirm national implementation/version with MoHFW/NHSRC
HMIS-FORM-0540,"Out of above, number of specialist AYUSH OPD services provided",Tuberculosis services,CHC; Civil Hospital / SDH; District Hospital; HWC-PHC; HWC-SC; Medical College,National TB Elimination Programme (NTEP); Patient Services,12.2.2.a; 13.2.2.a; 14.2.2.a,CHC p.12; Civil Hospital / SDH p.12; District Hospital p.12; HWC-PHC p.12; HWC-SC p.9; Medical College p.10,Revised HMIS formats effective April 2025,Exact public form label; facility-specific codes retained; semantic normalization pending,Official state-hosted copy; confirm national implementation/version with MoHFW/NHSRC
HMIS-FORM-0541,"Out of Boys registered, Boys received clinical services",Adolescent health,CHC; Civil Hospital / SDH; District Hospital; HWC-PHC; Medical College,Adolescent Health,12.1.2.b,CHC p.11; Civil Hospital / SDH p.11; District Hospital p.10; HWC-PHC p.11; Medical College p.9,Revised HMIS formats effective April 2025,Exact public form label; facility-specific codes retained; semantic normalization pending,Official state-hosted copy; confirm national implementation/version with MoHFW/NHSRC
HMIS-FORM-0542,"Out of Boys registered, Boys received counselling",Adolescent health,CHC; Civil Hospital / SDH; District Hospital; HWC-PHC; Medical College,Adolescent Health,12.1.3.b,CHC p.11; Civil Hospital / SDH p.11; District Hospital p.11; HWC-PHC p.11; Medical College p.9,Revised HMIS formats effective April 2025,Exact public form label; facility-specific codes retained; semantic normalization pending,Official state-hosted copy; confirm national implementation/version with MoHFW/NHSRC
HMIS-FORM-0543,"Out of Girls registered, Girls received clinical services",Adolescent health,CHC; Civil Hospital / SDH; District Hospital; HWC-PHC; Medical College,Adolescent Health,12.1.2.a,CHC p.11; Civil Hospital / SDH p.11; District Hospital p.10; HWC-PHC p.11; Medical College p.9,Revised HMIS formats effective April 2025,Exact public form label; facility-specific codes retained; semantic normalization pending,Official state-hosted copy; confirm national implementation/version with MoHFW/NHSRC
HMIS-FORM-0544,"Out of Girls registered, Girls received counselling",Adolescent health,CHC; Civil Hospital / SDH; District Hospital; HWC-PHC; Medical College,Adolescent Health,12.1.3.a,CHC p.11; Civil Hospital / SDH p.11; District Hospital p.10; HWC-PHC p.11; Medical College p.9,Revised HMIS formats effective April 2025,Exact public form label; facility-specific codes retained; semantic normalization pending,Official state-hosted copy; confirm national implementation/version with MoHFW/NHSRC
HMIS-FORM-0545,"Out of Major Operation, Gynecology- Hysterectomy surgeries",Tuberculosis services,CHC; Civil Hospital / SDH; District Hospital; Medical College,National TB Elimination Programme (NTEP); Patient Services,14.8.1.b,CHC p.14; Civil Hospital / SDH p.14; District Hospital p.14; Medical College p.12,Revised HMIS formats effective April 2025,Exact public form label; facility-specific codes retained; semantic normalization pending,Official state-hosted copy; confirm national implementation/version with MoHFW/NHSRC
HMIS-FORM-0546,"Out of Number of cases of AEFI - Serious , total number of AEFI deaths",Immunization,CHC; Civil Hospital / SDH; District Hospital; HWC-PHC; HWC-SC; Medical College,CHILD IMMUNISATION,8.6.3.a; 9.6.3.a,CHC p.9; Civil Hospital / SDH p.9; District Hospital p.9; HWC-PHC p.9; HWC-SC p.7; Medical College p.7,Revised HMIS formats effective April 2025,Exact public form label; facility-specific codes retained; semantic normalization pending,Official state-hosted copy; confirm national implementation/version with MoHFW/NHSRC
HMIS-FORM-0547,"Out of registered adolescents (10-19 years), number received clinical services",Adolescent health,CHC; Civil Hospital / SDH; District Hospital; HWC-PHC; Medical College,Adolescent Health,12.1.2,CHC p.11; Civil Hospital / SDH p.11; District Hospital p.10; HWC-PHC p.11; Medical College p.9,Revised HMIS formats effective April 2025,Exact public form label; facility-specific codes retained; semantic normalization pending,Official state-hosted copy; confirm national implementation/version with MoHFW/NHSRC
HMIS-FORM-0548,"Out of registered adolescents (10-19 years), number received counselling",Adolescent health,CHC; Civil Hospital / SDH; District Hospital; HWC-PHC; Medical College,Adolescent Health,12.1.3,CHC p.11; Civil Hospital / SDH p.11; District Hospital p.10; HWC-PHC p.11; Medical College p.9,Revised HMIS formats effective April 2025,Exact public form label; facility-specific codes retained; semantic normalization pending,Official state-hosted copy; confirm national implementation/version with MoHFW/NHSRC
HMIS-FORM-0549,"Out of the above, No. of DIL women confirmed as HIV Positive",STI/RTI services,Civil Hospital / SDH; District Hospital; Medical College,Diagnostics,15.3.3.h,Civil Hospital / SDH p.18; District Hospital p.17; Medical College p.14,Revised HMIS formats effective April 2025,Exact public form label; facility-specific codes retained; semantic normalization pending,Official state-hosted copy; confirm national implementation/version with MoHFW/NHSRC
HMIS-FORM-0550,"Out of the above, No. of DIL women found reactive for HIV",STI/RTI services,CHC; Civil Hospital / SDH; District Hospital; HWC-PHC; Medical College,Diagnostics,14.3.3.f; 15.3.3.f,CHC p.17; Civil Hospital / SDH p.18; District Hospital p.17; HWC-PHC p.17; Medical College p.14,Revised HMIS formats effective April 2025,Exact public form label; facility-specific codes retained; semantic normalization pending,Official state-hosted copy; confirm national implementation/version with MoHFW/NHSRC
HMIS-FORM-0551,"Out of the above, No. of females (non-ANC) confirmed as HIV Positive",Antenatal care and high-risk pregnancy,CHC; Civil Hospital / SDH; District Hospital; HWC-PHC; HWC-SC; Medical College,Diagnostics,13.3.2.d; 14.3.2.d; 15.3.2.d,CHC p.17; Civil Hospital / SDH p.18; District Hospital p.17; HWC-PHC p.17; HWC-SC p.11; Medical College p.14,Revised HMIS formats effective April 2025,Exact public form label; facility-specific codes retained; semantic normalization pending,Official state-hosted copy; confirm national implementation/version with MoHFW/NHSRC
HMIS-FORM-0552,"Out of the above, No. of females (non-ANC) found reactive for HIV",Antenatal care and high-risk pregnancy,CHC; Civil Hospital / SDH; District Hospital; HWC-PHC; HWC-SC; Medical College,Diagnostics,13.3.2.b; 14.3.2.b; 15.3.2.b,CHC p.17; Civil Hospital / SDH p.17; District Hospital p.16; HWC-PHC p.17; HWC-SC p.11; Medical College p.14,Revised HMIS formats effective April 2025,Exact public form label; facility-specific codes retained; semantic normalization pending,Official state-hosted copy; confirm national implementation/version with MoHFW/NHSRC
HMIS-FORM-0553,"Out of the above, No. of H/TG people confirmed as HIV Positive",STI/RTI services,CHC; Civil Hospital / SDH; District Hospital; HWC-PHC; HWC-SC; Medical College,Diagnostics,13.3.4.d; 14.3.4.d; 15.3.4.d,CHC p.18; Civil Hospital / SDH p.18; District Hospital p.17; HWC-PHC p.17; HWC-SC p.11; Medical College p.14,Revised HMIS formats effective April 2025,Exact public form label; facility-specific codes retained; semantic normalization pending,Official state-hosted copy; confirm national implementation/version with MoHFW/NHSRC
HMIS-FORM-0554,"Out of the above, No. of H/TG people found reactive for HIV",STI/RTI services,CHC; Civil Hospital / SDH; District Hospital; HWC-PHC; HWC-SC; Medical College,Diagnostics,13.3.4.b; 14.3.4.b; 15.3.4.b,CHC p.17; Civil Hospital / SDH p.18; District Hospital p.17; HWC-PHC p.17; HWC-SC p.11; Medical College p.14,Revised HMIS formats effective April 2025,Exact public form label; facility-specific codes retained; semantic normalization pending,Official state-hosted copy; confirm national implementation/version with MoHFW/NHSRC
HMIS-FORM-0555,"Out of the above, No. of males confirmed as HIV Positive",STI/RTI services,CHC; Civil Hospital / SDH; District Hospital; HWC-PHC; HWC-SC; Medical College,Diagnostics,13.3.1.d; 14.3.1.d; 15.3.1.d,CHC p.17; Civil Hospital / SDH p.17; District Hospital p.16; HWC-PHC p.17; HWC-SC p.11; Medical College p.14,Revised HMIS formats effective April 2025,Exact public form label; facility-specific codes retained; semantic normalization pending,Official state-hosted copy; confirm national implementation/version with MoHFW/NHSRC
HMIS-FORM-0556,"Out of the above, No. of males found reactive for HIV",STI/RTI services,CHC; Civil Hospital / SDH; District Hospital; HWC-PHC; HWC-SC; Medical College,Diagnostics,13.3.1.b; 14.3.1.b; 15.3.1.b,CHC p.17; Civil Hospital / SDH p.17; District Hospital p.16; HWC-PHC p.17; HWC-SC p.11; Medical College p.14,Revised HMIS formats effective April 2025,Exact public form label; facility-specific codes retained; semantic normalization pending,Official state-hosted copy; confirm national implementation/version with MoHFW/NHSRC
HMIS-FORM-0557,"Out of the above, No. of PW(ANC) confirmed as HIV Positive",Antenatal care and high-risk pregnancy,CHC; Civil Hospital / SDH; District Hospital; HWC-PHC; HWC-SC; Medical College,Diagnostics,13.3.3.d; 14.3.3.d; 15.3.3.d,CHC p.17; Civil Hospital / SDH p.18; District Hospital p.17; HWC-PHC p.17; HWC-SC p.11; Medical College p.14,Revised HMIS formats effective April 2025,Exact public form label; facility-specific codes retained; semantic normalization pending,Official state-hosted copy; confirm national implementation/version with MoHFW/NHSRC
HMIS-FORM-0558,"Out of the above, No. of PW(ANC) found reactive for HIV",Antenatal care and high-risk pregnancy,CHC; Civil Hospital / SDH; District Hospital; HWC-PHC; HWC-SC; Medical College,Diagnostics,13.3.3.b; 14.3.3.b; 15.3.3.b,CHC p.17; Civil Hospital / SDH p.18; District Hospital p.17; HWC-PHC p.17; HWC-SC p.11; Medical College p.14,Revised HMIS formats effective April 2025,Exact public form label; facility-specific codes retained; semantic normalization pending,Official state-hosted copy; confirm national implementation/version with MoHFW/NHSRC
HMIS-FORM-0559,"Out of the above, number of females (all females) diagnosed with STI/RTI",STI/RTI services,CHC; Civil Hospital / SDH; District Hospital; HWC-PHC; HWC-SC; Medical College,Sexually Transmitted Infections/Reproductive Tract Infections (STI/RTI) Cases,6.1.2.a; 7.1.2.a,CHC p.6; Civil Hospital / SDH p.6; District Hospital p.6; HWC-PHC p.6; HWC-SC p.5; Medical College p.4,Revised HMIS formats effective April 2025,Exact public form label; facility-specific codes retained; semantic normalization pending,Official state-hosted copy; confirm national implementation/version with MoHFW/NHSRC
HMIS-FORM-0560,"Out of the above, number of females (all females) treated for STI/RTI",STI/RTI services,CHC; Civil Hospital / SDH; District Hospital; HWC-PHC; HWC-SC; Medical College,Sexually Transmitted Infections/Reproductive Tract Infections (STI/RTI) Cases,6.1.2.b; 7.1.2.b,CHC p.6; Civil Hospital / SDH p.6; District Hospital p.6; HWC-PHC p.6; HWC-SC p.5; Medical College p.4,Revised HMIS formats effective April 2025,Exact public form label; facility-specific codes retained; semantic normalization pending,Official state-hosted copy; confirm national implementation/version with MoHFW/NHSRC
HMIS-FORM-0561,"Out of the above, number of females (non-ANC) tested reactive for Syphilis (RPR/VDRL/PoC/ RDT/TPHA)",Antenatal care and high-risk pregnancy,CHC; Civil Hospital / SDH; District Hospital; HWC-PHC; HWC-SC; Medical College,Diagnostics,13.4.2.b; 14.4.2.b; 15.4.2.b,CHC p.18; Civil Hospital / SDH p.18; District Hospital p.17; HWC-PHC p.17; HWC-SC p.12; Medical College p.15,Revised HMIS formats effective April 2025,Exact public form label; facility-specific codes retained; semantic normalization pending,Official state-hosted copy; confirm national implementation/version with MoHFW/NHSRC
HMIS-FORM-0562,"Out of the above, number of females (non-ANC) treated for Syphilis",Antenatal care and high-risk pregnancy,CHC; Civil Hospital / SDH; District Hospital; HWC-PHC; HWC-SC; Medical College,Diagnostics,13.4.2.c; 14.4.2.c; 15.4.2.c,CHC p.18; Civil Hospital / SDH p.18; District Hospital p.17; HWC-PHC p.17; HWC-SC p.12; Medical College p.15,Revised HMIS formats effective April 2025,Exact public form label; facility-specific codes retained; semantic normalization pending,Official state-hosted copy; confirm national implementation/version with MoHFW/NHSRC
HMIS-FORM-0563,"Out of the above, number of H/TG people diagnosed with STI/RTI",STI/RTI services,CHC; Civil Hospital / SDH; District Hospital; HWC-PHC; HWC-SC; Medical College,Sexually Transmitted Infections/Reproductive Tract Infections (STI/RTI) Cases,6.1.3.a; 7.1.3.a,CHC p.6; Civil Hospital / SDH p.6; District Hospital p.6; HWC-PHC p.6; HWC-SC p.5; Medical College p.4,Revised HMIS formats effective April 2025,Exact public form label; facility-specific codes retained; semantic normalization pending,Official state-hosted copy; confirm national implementation/version with MoHFW/NHSRC
HMIS-FORM-0564,"Out of the above, number of H/TG people tested reactive for Syphilis (RPR/VDRL/PoC/ RDT/TPHA)",STI/RTI services,CHC; Civil Hospital / SDH; District Hospital; HWC-PHC; HWC-SC; Medical College,Diagnostics,13.4.3.b; 14.4.3.b; 15.4.3.b,CHC p.18; Civil Hospital / SDH p.18; District Hospital p.17; HWC-PHC p.17; HWC-SC p.12; Medical College p.15,Revised HMIS formats effective April 2025,Exact public form label; facility-specific codes retained; semantic normalization pending,Official state-hosted copy; confirm national implementation/version with MoHFW/NHSRC
HMIS-FORM-0565,"Out of the above, number of H/TG people treated for STI/RTI",STI/RTI services,CHC; Civil Hospital / SDH; District Hospital; HWC-PHC; HWC-SC; Medical College,Sexually Transmitted Infections/Reproductive Tract Infections (STI/RTI) Cases,6.1.3.b; 7.1.3.b,CHC p.6; Civil Hospital / SDH p.6; District Hospital p.6; HWC-PHC p.6; HWC-SC p.5; Medical College p.5,Revised HMIS formats effective April 2025,Exact public form label; facility-specific codes retained; semantic normalization pending,Official state-hosted copy; confirm national implementation/version with MoHFW/NHSRC
HMIS-FORM-0566,"Out of the above, number of H/TG people treated for Syphilis",STI/RTI services,CHC; Civil Hospital / SDH; District Hospital; HWC-PHC; HWC-SC; Medical College,Diagnostics,13.4.3.c; 14.4.3.c; 15.4.3.c,CHC p.18; Civil Hospital / SDH p.18; District Hospital p.17; HWC-PHC p.17; HWC-SC p.12; Medical College p.15,Revised HMIS formats effective April 2025,Exact public form label; facility-specific codes retained; semantic normalization pending,Official state-hosted copy; confirm national implementation/version with MoHFW/NHSRC
HMIS-FORM-0567,"Out of the above, number of males diagnosed with STI/RTI",STI/RTI services,CHC; Civil Hospital / SDH; District Hospital; HWC-PHC; HWC-SC; Medical College,Sexually Transmitted Infections/Reproductive Tract Infections (STI/RTI) Cases,6.1.1.a; 7.1.1.a,CHC p.6; Civil Hospital / SDH p.6; District Hospital p.6; HWC-PHC p.6; HWC-SC p.5; Medical College p.4,Revised HMIS formats effective April 2025,Exact public form label; facility-specific codes retained; semantic normalization pending,Official state-hosted copy; confirm national implementation/version with MoHFW/NHSRC
HMIS-FORM-0568,"Out of the above, number of males tested reactive for Syphilis (RPR/VDRL/PoC/ RDT/TPHA)",STI/RTI services,CHC; Civil Hospital / SDH; District Hospital; HWC-PHC; HWC-SC; Medical College,Diagnostics,13.4.1.b; 14.4.1.b; 15.4.1.b,CHC p.18; Civil Hospital / SDH p.18; District Hospital p.17; HWC-PHC p.17; HWC-SC p.12; Medical College p.15,Revised HMIS formats effective April 2025,Exact public form label; facility-specific codes retained; semantic normalization pending,Official state-hosted copy; confirm national implementation/version with MoHFW/NHSRC
HMIS-FORM-0569,"Out of the above, number of males treated for STI/RTI",STI/RTI services,CHC; Civil Hospital / SDH; District Hospital; HWC-PHC; HWC-SC; Medical College,Sexually Transmitted Infections/Reproductive Tract Infections (STI/RTI) Cases,6.1.1.b; 7.1.1.b,CHC p.6; Civil Hospital / SDH p.6; District Hospital p.6; HWC-PHC p.6; HWC-SC p.5; Medical College p.4,Revised HMIS formats effective April 2025,Exact public form label; facility-specific codes retained; semantic normalization pending,Official state-hosted copy; confirm national implementation/version with MoHFW/NHSRC
HMIS-FORM-0570,"Out of the above, number of males treated for Syphilis",STI/RTI services,CHC; Civil Hospital / SDH; District Hospital; HWC-PHC; HWC-SC; Medical College,Diagnostics,13.4.1.c; 14.4.1.c; 15.4.1.c,CHC p.18; Civil Hospital / SDH p.18; District Hospital p.17; HWC-PHC p.17; HWC-SC p.12; Medical College p.15,Revised HMIS formats effective April 2025,Exact public form label; facility-specific codes retained; semantic normalization pending,Official state-hosted copy; confirm national implementation/version with MoHFW/NHSRC
HMIS-FORM-0571,"Out of the above, number of Newborns having weight less than 1800 gms",Antenatal care and high-risk pregnancy,CHC; Civil Hospital / SDH; District Hospital; HWC-PHC; HWC-SC; Medical College,Pregnancy outcome & details of new-born/children,3.4.2.a; 4.4.2.a,CHC p.4; Civil Hospital / SDH p.4; District Hospital p.4; HWC-PHC p.4; HWC-SC p.3; Medical College p.4,Revised HMIS formats effective April 2025,Exact public form label; facility-specific codes retained; semantic normalization pending,Official state-hosted copy; confirm national implementation/version with MoHFW/NHSRC
HMIS-FORM-0572,"Out of the selected Peer Educators, numbers trained",Adolescent health,HWC-PHC; HWC-SC,Adolescent Health,11.2.2; 12.3.2,HWC-PHC p.11; HWC-SC p.8,Revised HMIS formats effective April 2025,Exact public form label; facility-specific codes retained; semantic normalization pending,Official state-hosted copy; confirm national implementation/version with MoHFW/NHSRC
HMIS-FORM-0573,"Out of the total NEW ANC registered, number registered within 1st trimester (within 12 weeks)",Antenatal care and high-risk pregnancy,CHC; Civil Hospital / SDH; District Hospital; HWC-PHC; HWC-SC; Medical College,Ante Natal Care (ANC) Services & High Risk Pregnancies,1.1.1,CHC p.1; Civil Hospital / SDH p.1; District Hospital p.1; HWC-PHC p.1; HWC-SC p.1; Medical College p.1,Revised HMIS formats effective April 2025,Exact public form label; facility-specific codes retained; semantic normalization pending,Official state-hosted copy; confirm national implementation/version with MoHFW/NHSRC
HMIS-FORM-0574,"Out of the total number of Hb tests done, Number having Hb < 7 mg",STI/RTI services,CHC; Civil Hospital / SDH; District Hospital; HWC-PHC; HWC-SC; Medical College,Diagnostics,13.2.2; 14.2.2; 15.2.2,CHC p.17; Civil Hospital / SDH p.17; District Hospital p.16; HWC-PHC p.16; HWC-SC p.11; Medical College p.14,Revised HMIS formats effective April 2025,Exact public form label; facility-specific codes retained; semantic normalization pending,Official state-hosted copy; confirm national implementation/version with MoHFW/NHSRC
HMIS-FORM-0575,"Out of total C-section, number of women stayed for 72 hours or more after delivery",Delivery and intrapartum care,CHC; Civil Hospital / SDH; District Hospital; HWC-PHC; Medical College,Number of Caesarean (C-Section) deliveries,3.1.2,CHC p.4; Civil Hospital / SDH p.4; District Hospital p.3; HWC-PHC p.4; Medical College p.3,Revised HMIS formats effective April 2025,Exact public form label; facility-specific codes retained; semantic normalization pending,Official state-hosted copy; confirm national implementation/version with MoHFW/NHSRC
HMIS-FORM-0576,"Out of total C-sections, number performed at night (8 PM- 8 AM)",Delivery and intrapartum care,CHC; Civil Hospital / SDH; District Hospital; HWC-PHC; Medical College,Number of Caesarean (C-Section) deliveries,3.1.1,CHC p.4; Civil Hospital / SDH p.4; District Hospital p.3; HWC-PHC p.4; Medical College p.3,Revised HMIS formats effective April 2025,Exact public form label; facility-specific codes retained; semantic normalization pending,Official state-hosted copy; confirm national implementation/version with MoHFW/NHSRC
HMIS-FORM-0577,"Out of total institutional deliveries(excluding C-section), number of women stayed for 48 hours or more after delivery",Delivery and intrapartum care,CHC; Civil Hospital / SDH; District Hospital; HWC-PHC; HWC-SC; Medical College,Deliveries,2.2.1,CHC p.3; Civil Hospital / SDH p.3; District Hospital p.3; HWC-PHC p.3; HWC-SC p.3; Medical College p.3,Revised HMIS formats effective April 2025,Exact public form label; facility-specific codes retained; semantic normalization pending,Official state-hosted copy; confirm national implementation/version with MoHFW/NHSRC
HMIS-FORM-0578,"Out of total Institutional deliveries, number of Institutional Deliveries (Excluding C- Sections) conducted at night (8 PM- 8 AM)",Delivery and intrapartum care,CHC; Civil Hospital / SDH; District Hospital; HWC-PHC; HWC-SC; Medical College,Deliveries,2.2.2,CHC p.3; Civil Hospital / SDH p.3; District Hospital p.3; HWC-PHC p.3; HWC-SC p.3; Medical College p.3,Revised HMIS formats effective April 2025,Exact public form label; facility-specific codes retained; semantic normalization pending,Official state-hosted copy; confirm national implementation/version with MoHFW/NHSRC
HMIS-FORM-0579,"Out of total Institutional deliveries, number of institutional deliveries conducted at Midwifery Led Care Unit (MLCU)",Delivery and intrapartum care,CHC; Civil Hospital / SDH; District Hospital; Medical College,Deliveries,2.1.3; 2.2.3,CHC p.3; Civil Hospital / SDH p.3; District Hospital p.3; Medical College p.3,Revised HMIS formats effective April 2025,Exact public form label; facility-specific codes retained; semantic normalization pending,Official state-hosted copy; confirm national implementation/version with MoHFW/NHSRC
HMIS-FORM-0580,"Out of total number maternal deaths (Home & Transit deaths), deaths with age more than >19- 49 years",Mortality and death review,Block Headquarters,Mortality Details,3.2.3,Block Headquarters p.2,Revised HMIS formats effective April 2025,Exact public form label; facility-specific codes retained; semantic normalization pending,Official state-hosted copy; confirm national implementation/version with MoHFW/NHSRC
HMIS-FORM-0581,"Out of total number maternal deaths (Home & Transit deaths), deaths with age more than >49 years",Mortality and death review,Block Headquarters,Mortality Details,3.2.4,Block Headquarters p.2,Revised HMIS formats effective April 2025,Exact public form label; facility-specific codes retained; semantic normalization pending,Official state-hosted copy; confirm national implementation/version with MoHFW/NHSRC
HMIS-FORM-0582,"Out of total number maternal deaths at facility, deaths with age more than >19-49 years",Mortality and death review,CHC; Civil Hospital / SDH; District Hospital; HWC-PHC; HWC-SC; Medical College,Details of deaths reported:,14.5.8.c; 15.5.8.c; 16.5.8.c,CHC p.20; Civil Hospital / SDH p.20; District Hospital p.19; HWC-PHC p.19; HWC-SC p.13; Medical College p.16,Revised HMIS formats effective April 2025,Exact public form label; facility-specific codes retained; semantic normalization pending,Official state-hosted copy; confirm national implementation/version with MoHFW/NHSRC
HMIS-FORM-0583,"Out of total number maternal deaths at facility, deaths with age more than >49 years",Mortality and death review,CHC; Civil Hospital / SDH; District Hospital; HWC-PHC; HWC-SC; Medical College,Details of deaths reported:,14.5.8.d; 15.5.8.d; 16.5.8.d,CHC p.20; Civil Hospital / SDH p.20; District Hospital p.19; HWC-PHC p.19; HWC-SC p.13; Medical College p.16,Revised HMIS formats effective April 2025,Exact public form label; facility-specific codes retained; semantic normalization pending,Official state-hosted copy; confirm national implementation/version with MoHFW/NHSRC
HMIS-FORM-0584,"Out of total number of delivery, PW with age 15-19 years",Delivery and intrapartum care,CHC; Civil Hospital / SDH; District Hospital; HWC-PHC; HWC-SC,Deliveries,2.3.2,CHC p.3; Civil Hospital / SDH p.3; District Hospital p.3; HWC-PHC p.3; HWC-SC p.3,Revised HMIS formats effective April 2025,Exact public form label; facility-specific codes retained; semantic normalization pending,Official state-hosted copy; confirm national implementation/version with MoHFW/NHSRC
HMIS-FORM-0585,"Out of total number of delivery, PW with age less than <15 years",Delivery and intrapartum care,CHC; Civil Hospital / SDH; District Hospital; HWC-PHC; HWC-SC,Deliveries,2.3.1,CHC p.3; Civil Hospital / SDH p.3; District Hospital p.3; HWC-PHC p.3; HWC-SC p.3,Revised HMIS formats effective April 2025,Exact public form label; facility-specific codes retained; semantic normalization pending,Official state-hosted copy; confirm national implementation/version with MoHFW/NHSRC
HMIS-FORM-0586,"Out of total number of delivery, PW with age more than > 49 years",Delivery and intrapartum care,CHC; Civil Hospital / SDH; District Hospital; HWC-PHC; HWC-SC; Medical College,Deliveries,2.2.4; 2.3.4,CHC p.3; Civil Hospital / SDH p.3; District Hospital p.3; HWC-PHC p.3; HWC-SC p.3; Medical College p.3,Revised HMIS formats effective April 2025,Exact public form label; facility-specific codes retained; semantic normalization pending,Official state-hosted copy; confirm national implementation/version with MoHFW/NHSRC
HMIS-FORM-0587,"Out of total number of delivery, PW with age more than >19-49 years",Delivery and intrapartum care,CHC; Civil Hospital / SDH; District Hospital; HWC-PHC; HWC-SC,Deliveries,2.3.3,CHC p.3; Civil Hospital / SDH p.3; District Hospital p.3; HWC-PHC p.3; HWC-SC p.3,Revised HMIS formats effective April 2025,Exact public form label; facility-specific codes retained; semantic normalization pending,Official state-hosted copy; confirm national implementation/version with MoHFW/NHSRC
HMIS-FORM-0588,"Out of total number of maternal deaths (Home & Transit deaths), deaths with age 15-19 years",Mortality and death review,Block Headquarters,Mortality Details,3.2.2,Block Headquarters p.2,Revised HMIS formats effective April 2025,Exact public form label; facility-specific codes retained; semantic normalization pending,Official state-hosted copy; confirm national implementation/version with MoHFW/NHSRC
HMIS-FORM-0589,"Out of total number of maternal deaths (Home & Transit deaths), deaths with age less than <15 years",Mortality and death review,Block Headquarters,Mortality Details,3.2.1,Block Headquarters p.2,Revised HMIS formats effective April 2025,Exact public form label; facility-specific codes retained; semantic normalization pending,Official state-hosted copy; confirm national implementation/version with MoHFW/NHSRC
HMIS-FORM-0590,"Out of total number of maternal deaths at facility, deaths with age 15-19 years",Mortality and death review,CHC; Civil Hospital / SDH; District Hospital; HWC-PHC; HWC-SC; Medical College,Details of deaths reported:,14.5.8.b; 15.5.8.b; 16.5.8.b,CHC p.20; Civil Hospital / SDH p.20; District Hospital p.19; HWC-PHC p.19; HWC-SC p.13; Medical College p.16,Revised HMIS formats effective April 2025,Exact public form label; facility-specific codes retained; semantic normalization pending,Official state-hosted copy; confirm national implementation/version with MoHFW/NHSRC
HMIS-FORM-0591,"Out of total number of maternal deaths at facility, deaths with age less than <15 years",Mortality and death review,CHC; Civil Hospital / SDH; District Hospital; HWC-PHC; HWC-SC; Medical College,Details of deaths reported:,14.5.8.a; 15.5.8.a; 16.5.8.a,CHC p.20; Civil Hospital / SDH p.20; District Hospital p.19; HWC-PHC p.19; HWC-SC p.13; Medical College p.16,Revised HMIS formats effective April 2025,Exact public form label; facility-specific codes retained; semantic normalization pending,Official state-hosted copy; confirm national implementation/version with MoHFW/NHSRC
HMIS-FORM-0592,Out of total number of NEW pregnant women registered with age 15-19 years,Antenatal care and high-risk pregnancy,CHC; Civil Hospital / SDH; District Hospital; HWC-PHC; HWC-SC; Medical College,Ante Natal Care (ANC) Services & High Risk Pregnancies,1.1.b,CHC p.1; Civil Hospital / SDH p.1; District Hospital p.1; HWC-PHC p.1; HWC-SC p.1; Medical College p.1,Revised HMIS formats effective April 2025,Exact public form label; facility-specific codes retained; semantic normalization pending,Official state-hosted copy; confirm national implementation/version with MoHFW/NHSRC
HMIS-FORM-0593,Out of total number of NEW pregnant women registered with age less than <15 years,Antenatal care and high-risk pregnancy,CHC; Civil Hospital / SDH; District Hospital; HWC-PHC; HWC-SC; Medical College,Ante Natal Care (ANC) Services & High Risk Pregnancies,1.1.a,CHC p.1; Civil Hospital / SDH p.1; District Hospital p.1; HWC-PHC p.1; HWC-SC p.1; Medical College p.1,Revised HMIS formats effective April 2025,Exact public form label; facility-specific codes retained; semantic normalization pending,Official state-hosted copy; confirm national implementation/version with MoHFW/NHSRC
HMIS-FORM-0594,Out of total number of NEW pregnant women registered with age more than >19 to 49 years,Antenatal care and high-risk pregnancy,CHC; Civil Hospital / SDH; District Hospital; HWC-PHC; HWC-SC; Medical College,Ante Natal Care (ANC) Services & High Risk Pregnancies,1.1.c,CHC p.1; Civil Hospital / SDH p.1; District Hospital p.1; HWC-PHC p.1; HWC-SC p.1; Medical College p.1,Revised HMIS formats effective April 2025,Exact public form label; facility-specific codes retained; semantic normalization pending,Official state-hosted copy; confirm national implementation/version with MoHFW/NHSRC
HMIS-FORM-0595,Out of total number of NEW pregnant women registered with age more than >49 years,Antenatal care and high-risk pregnancy,CHC; Civil Hospital / SDH; District Hospital; HWC-PHC; HWC-SC; Medical College,Ante Natal Care (ANC) Services & High Risk Pregnancies,1.1.d,CHC p.1; Civil Hospital / SDH p.1; District Hospital p.1; HWC-PHC p.1; HWC-SC p.1; Medical College p.1,Revised HMIS formats effective April 2025,Exact public form label; facility-specific codes retained; semantic normalization pending,Official state-hosted copy; confirm national implementation/version with MoHFW/NHSRC
HMIS-FORM-0596,Outpatient attendance (All) (excluding teleconsultation),Tuberculosis services,CHC; Civil Hospital / SDH; District Hospital; HWC-PHC; HWC-SC; Medical College,National TB Elimination Programme (NTEP); Patient Services,12.2; 13.2; 14.2,CHC p.12; Civil Hospital / SDH p.12; District Hospital p.11; HWC-PHC p.12; HWC-SC p.9; Medical College p.9,Revised HMIS formats effective April 2025,Exact public form label; facility-specific codes retained; semantic normalization pending,Official state-hosted copy; confirm national implementation/version with MoHFW/NHSRC
HMIS-FORM-0597,Patient Satisfaction Score of the facility in percentage (from Mera Aspatal),Tuberculosis services,CHC; Civil Hospital / SDH; District Hospital; HWC-PHC; HWC-SC; Medical College,National TB Elimination Programme (NTEP); Patient Services,12.12; 13.17; 14.16; 14.18,CHC p.16; Civil Hospital / SDH p.16; District Hospital p.15; HWC-PHC p.15; HWC-SC p.10; Medical College p.13,Revised HMIS formats effective April 2025,Exact public form label; facility-specific codes retained; semantic normalization pending,Official state-hosted copy; confirm national implementation/version with MoHFW/NHSRC
HMIS-FORM-0598,Patients registered at Emergency Department,Tuberculosis services,CHC; Civil Hospital / SDH; District Hospital; HWC-PHC; Medical College,National TB Elimination Programme (NTEP); Patient Services,13.5.1; 14.5.1,CHC p.13; Civil Hospital / SDH p.14; District Hospital p.13; HWC-PHC p.13; Medical College p.11,Revised HMIS formats effective April 2025,Exact public form label; facility-specific codes retained; semantic normalization pending,Official state-hosted copy; confirm national implementation/version with MoHFW/NHSRC
HMIS-FORM-0599,Peer Educator Programme,Adolescent health,CHC; Civil Hospital / SDH; District Hospital; HWC-PHC; HWC-SC,Adolescent Health,11.2; 12.3,CHC p.11; Civil Hospital / SDH p.11; District Hospital p.11; HWC-PHC p.11; HWC-SC p.8,Revised HMIS formats effective April 2025,Exact public form label; facility-specific codes retained; semantic normalization pending,Official state-hosted copy; confirm national implementation/version with MoHFW/NHSRC
HMIS-FORM-0600,Post-abortion/MTP Complications,Antenatal care and high-risk pregnancy,CHC; Civil Hospital / SDH; District Hospital; HWC-PHC; HWC-SC; Medical College,Pregnancy outcome & details of new-born/children,3.3; 4.3.2,CHC p.4; Civil Hospital / SDH p.4; District Hospital p.4; HWC-PHC p.4; HWC-SC p.3; Medical College p.3,Revised HMIS formats effective April 2025,Exact public form label; facility-specific codes retained; semantic normalization pending,Official state-hosted copy; confirm national implementation/version with MoHFW/NHSRC
HMIS-FORM-0601,Post-abortion/MTP complications identified (where abortions were carried out in facilities other than public and accredited private health facilities),Antenatal care and high-risk pregnancy,CHC; Civil Hospital / SDH; District Hospital; HWC-PHC; HWC-SC; Medical College,Pregnancy outcome & details of new-born/children,3.3.2; 4.3.2.b,CHC p.4; Civil Hospital / SDH p.4; District Hospital p.4; HWC-PHC p.4; HWC-SC p.3; Medical College p.3,Revised HMIS formats effective April 2025,Exact public form label; facility-specific codes retained; semantic normalization pending,Official state-hosted copy; confirm national implementation/version with MoHFW/NHSRC
HMIS-FORM-0602,Post-abortion/MTP Complications treated,Antenatal care and high-risk pregnancy,CHC; Civil Hospital / SDH; District Hospital; HWC-PHC; Medical College,Pregnancy outcome & details of new-born/children,4.3.2.c,CHC p.4; Civil Hospital / SDH p.4; District Hospital p.4; HWC-PHC p.4; Medical College p.3,Revised HMIS formats effective April 2025,Exact public form label; facility-specific codes retained; semantic normalization pending,Official state-hosted copy; confirm national implementation/version with MoHFW/NHSRC
HMIS-FORM-0603,Pregnancy Outcome (in number),Antenatal care and high-risk pregnancy,CHC; Civil Hospital / SDH; District Hospital; HWC-PHC; HWC-SC; Medical College,Pregnancy outcome & details of new-born/children,3.1; 4.1,CHC p.4; Civil Hospital / SDH p.4; District Hospital p.4; HWC-PHC p.4; HWC-SC p.3; Medical College p.3,Revised HMIS formats effective April 2025,Exact public form label; facility-specific codes retained; semantic normalization pending,Official state-hosted copy; confirm national implementation/version with MoHFW/NHSRC
HMIS-FORM-0604,Pregnant Women (PW) with Anaemia,Antenatal care and high-risk pregnancy,CHC; Civil Hospital / SDH; District Hospital; HWC-PHC; HWC-SC; Medical College,Ante Natal Care (ANC) Services & High Risk Pregnancies,1.4,CHC p.2; Civil Hospital / SDH p.2; District Hospital p.2; HWC-PHC p.2; HWC-SC p.1; Medical College p.1,Revised HMIS formats effective April 2025,Exact public form label; facility-specific codes retained; semantic normalization pending,Official state-hosted copy; confirm national implementation/version with MoHFW/NHSRC
HMIS-FORM-0605,Pregnant Women (PW) with Gestational Diabetes Mellitus (GDM),Antenatal care and high-risk pregnancy,CHC; Civil Hospital / SDH; District Hospital; HWC-PHC; HWC-SC; Medical College,Ante Natal Care (ANC) Services & High Risk Pregnancies,1.5,CHC p.2; Civil Hospital / SDH p.2; District Hospital p.2; HWC-PHC p.2; HWC-SC p.2; Medical College p.2,Revised HMIS formats effective April 2025,Exact public form label; facility-specific codes retained; semantic normalization pending,Official state-hosted copy; confirm national implementation/version with MoHFW/NHSRC
HMIS-FORM-0606,Pregnant Women (PW) with Hypertension (BP>140/90),Antenatal care and high-risk pregnancy,CHC; Civil Hospital / SDH; District Hospital; HWC-PHC; HWC-SC; Medical College,Ante Natal Care (ANC) Services & High Risk Pregnancies,1.3,CHC p.1; Civil Hospital / SDH p.1; District Hospital p.1; HWC-PHC p.1; HWC-SC p.1; Medical College p.1,Revised HMIS formats effective April 2025,Exact public form label; facility-specific codes retained; semantic normalization pending,Official state-hosted copy; confirm national implementation/version with MoHFW/NHSRC
HMIS-FORM-0607,Pregnant Women (PW) with Syphilis,Antenatal care and high-risk pregnancy,CHC; Civil Hospital / SDH; District Hospital; HWC-PHC; HWC-SC; Medical College,Ante Natal Care (ANC) Services & High Risk Pregnancies,1.6,CHC p.2; Civil Hospital / SDH p.2; District Hospital p.2; HWC-PHC p.2; HWC-SC p.2; Medical College p.2,Revised HMIS formats effective April 2025,Exact public form label; facility-specific codes retained; semantic normalization pending,Official state-hosted copy; confirm national implementation/version with MoHFW/NHSRC
HMIS-FORM-0608,Quality in sterilization services,Family planning,CHC; Civil Hospital / SDH; District Hospital; HWC-PHC; HWC-SC; Medical College,Family Planning,7.15; 8.18,CHC p.7; Civil Hospital / SDH p.7; District Hospital p.7; HWC-PHC p.7; HWC-SC p.6; Medical College p.5,Revised HMIS formats effective April 2025,Exact public form label; facility-specific codes retained; semantic normalization pending,Official state-hosted copy; confirm national implementation/version with MoHFW/NHSRC
HMIS-FORM-0609,Radiology,STI/RTI services,CHC; Civil Hospital / SDH; District Hospital; HWC-PHC; Medical College,Diagnostics,14.6.1; 15.6.1,CHC p.18; Civil Hospital / SDH p.19; District Hospital p.17; HWC-PHC p.18; Medical College p.15,Revised HMIS formats effective April 2025,Exact public form label; facility-specific codes retained; semantic normalization pending,Official state-hosted copy; confirm national implementation/version with MoHFW/NHSRC
HMIS-FORM-0610,Rapid Diagnostic Test (RDT ),STI/RTI services,CHC; Civil Hospital / SDH; District Hospital; HWC-PHC; HWC-SC; Medical College,National Vector Borne Disease Control Programme (NVBDCP); National Vector Borne Disease Control Programme(NVBDCP),10.1.1; 11.1.2,CHC p.10; Civil Hospital / SDH p.10; District Hospital p.10; HWC-PHC p.10; HWC-SC p.8; Medical College p.8,Revised HMIS formats effective April 2025,Exact public form label; facility-specific codes retained; semantic normalization pending,Official state-hosted copy; confirm national implementation/version with MoHFW/NHSRC
HMIS-FORM-0611,Rashtriya Bal Swasthya Karyakram (RBSK),Antenatal care and high-risk pregnancy,CHC; Civil Hospital / SDH; District Hospital; HWC-PHC; HWC-SC; Medical College,Pregnancy outcome & details of new-born/children,3.5; 4.5,CHC p.4; Civil Hospital / SDH p.4; District Hospital p.4; HWC-PHC p.4; HWC-SC p.4; Medical College p.4,Revised HMIS formats effective April 2025,Exact public form label; facility-specific codes retained; semantic normalization pending,Official state-hosted copy; confirm national implementation/version with MoHFW/NHSRC
HMIS-FORM-0612,RDT conducted for Malaria,Vector-borne diseases,CHC; Civil Hospital / SDH; District Hospital; HWC-PHC; HWC-SC; Medical College,National Vector Borne Disease Control Programme (NVBDCP); National Vector Borne Disease Control Programme(NVBDCP),10.1.1.a; 11.1.2.a,CHC p.10; Civil Hospital / SDH p.10; District Hospital p.10; HWC-PHC p.10; HWC-SC p.8; Medical College p.8,Revised HMIS formats effective April 2025,Exact public form label; facility-specific codes retained; semantic normalization pending,Official state-hosted copy; confirm national implementation/version with MoHFW/NHSRC
HMIS-FORM-0613,RTI /STI colour coded syndromic kits ( I to VII),STI/RTI services,District Headquarters,Other Items,1.5,District Headquarters p.1,Revised HMIS formats effective April 2025,Exact public form label; facility-specific codes retained; semantic normalization pending,Official state-hosted copy; confirm national implementation/version with MoHFW/NHSRC
HMIS-FORM-0614,Services provided,Tuberculosis services,CHC; Civil Hospital / SDH; District Hospital; HWC-PHC; HWC-SC; Medical College,National TB Elimination Programme (NTEP); Patient Services,12.1; 13.1; 14.1,CHC p.11; Civil Hospital / SDH p.12; District Hospital p.11; HWC-PHC p.11; HWC-SC p.8; Medical College p.9,Revised HMIS formats effective April 2025,Exact public form label; facility-specific codes retained; semantic normalization pending,Official state-hosted copy; confirm national implementation/version with MoHFW/NHSRC
HMIS-FORM-0615,Services provided in outreach camps during the month,Patient services and utilization,CHC; Civil Hospital / SDH; District Hospital; HWC-PHC; HWC-SC,Patient Services,12.1.3; 13.1.3; 14.1.3,CHC p.12; Civil Hospital / SDH p.12; District Hospital p.11; HWC-PHC p.12; HWC-SC p.9,Revised HMIS formats effective April 2025,Exact public form label; facility-specific codes retained; semantic normalization pending,Official state-hosted copy; confirm national implementation/version with MoHFW/NHSRC
HMIS-FORM-0616,Sick Newborns (up to 4 weeks) Admissions,Newborn and pregnancy outcomes,CHC; Civil Hospital / SDH; District Hospital; HWC-PHC; Medical College,National TB Elimination Programme (NTEP); Patient Services,13.10; 14.10,CHC p.14; Civil Hospital / SDH p.15; District Hospital p.14; HWC-PHC p.14; Medical College p.12,Revised HMIS formats effective April 2025,Exact public form label; facility-specific codes retained; semantic normalization pending,Official state-hosted copy; confirm national implementation/version with MoHFW/NHSRC
HMIS-FORM-0617,SNCU(Deaths & Discharge),Newborn and pregnancy outcomes,CHC; Civil Hospital / SDH; District Hospital; Medical College,National TB Elimination Programme (NTEP); Patient Services,14.11,CHC p.14; Civil Hospital / SDH p.15; District Hospital p.14; Medical College p.12,Revised HMIS formats effective April 2025,Exact public form label; facility-specific codes retained; semantic normalization pending,Official state-hosted copy; confirm national implementation/version with MoHFW/NHSRC
HMIS-FORM-0618,STI/RTI attendees Tested for Syphilis,STI/RTI services,CHC; Civil Hospital / SDH; District Hospital; HWC-PHC; HWC-SC; Medical College,Diagnostics,13.4; 14.4; 15.4,CHC p.18; Civil Hospital / SDH p.18; District Hospital p.17; HWC-PHC p.17; HWC-SC p.12; Medical College p.15,Revised HMIS formats effective April 2025,Exact public form label; facility-specific codes retained; semantic normalization pending,Official state-hosted copy; confirm national implementation/version with MoHFW/NHSRC
HMIS-FORM-0619,Still Birth,Antenatal care and high-risk pregnancy,CHC; Civil Hospital / SDH; District Hospital; HWC-PHC; HWC-SC; Medical College,Pregnancy outcome & details of new-born/children,3.1.3; 4.1.3,CHC p.4; Civil Hospital / SDH p.4; District Hospital p.4; HWC-PHC p.4; HWC-SC p.3; Medical College p.3,Revised HMIS formats effective April 2025,Exact public form label; facility-specific codes retained; semantic normalization pending,Official state-hosted copy; confirm national implementation/version with MoHFW/NHSRC
HMIS-FORM-0620,Surgical MTPs upto 12 weeks of pregnancy,Antenatal care and high-risk pregnancy,CHC; Civil Hospital / SDH; District Hospital; HWC-PHC; Medical College,Pregnancy outcome & details of new-born/children,4.3.1.a,CHC p.4; Civil Hospital / SDH p.4; District Hospital p.4; HWC-PHC p.4; Medical College p.3,Revised HMIS formats effective April 2025,Exact public form label; facility-specific codes retained; semantic normalization pending,Official state-hosted copy; confirm national implementation/version with MoHFW/NHSRC
HMIS-FORM-0621,Syphilis test conducted for Pregnant Women,Antenatal care and high-risk pregnancy,CHC; Civil Hospital / SDH; District Hospital; HWC-PHC; HWC-SC; Medical College,Ante Natal Care (ANC) Services & High Risk Pregnancies,1.6.1,CHC p.2; Civil Hospital / SDH p.2; District Hospital p.2; HWC-PHC p.2; HWC-SC p.2; Medical College p.2,Revised HMIS formats effective April 2025,Exact public form label; facility-specific codes retained; semantic normalization pending,Official state-hosted copy; confirm national implementation/version with MoHFW/NHSRC
HMIS-FORM-0622,The number registered at the NCD clinic includes the number of presumptive TB cases identified and referred for TB testing and diagnosis,STI/RTI services,CHC; Civil Hospital / SDH; District Hospital; Medical College,National TB Elimination Programme (NTEP),13.4,CHC p.11; Civil Hospital / SDH p.12; District Hospital p.11; Medical College p.9,Revised HMIS formats effective April 2025,Exact public form label; facility-specific codes retained; semantic normalization pending,Official state-hosted copy; confirm national implementation/version with MoHFW/NHSRC
HMIS-FORM-0623,Thyroid test conducted for Pregnant Women,Antenatal care and high-risk pregnancy,CHC; Civil Hospital / SDH; District Hospital; HWC-PHC; HWC-SC; Medical College,Ante Natal Care (ANC) Services & High Risk Pregnancies,1.7,CHC p.2; Civil Hospital / SDH p.2; District Hospital p.2; HWC-PHC p.2; HWC-SC p.2; Medical College p.2,Revised HMIS formats effective April 2025,Exact public form label; facility-specific codes retained; semantic normalization pending,Official state-hosted copy; confirm national implementation/version with MoHFW/NHSRC
HMIS-FORM-0624,Total ANC footfall/cases (Old cases + New Registration) attended,Antenatal care and high-risk pregnancy,CHC; Civil Hospital / SDH; District Hospital; HWC-PHC; HWC-SC; Medical College,Ante Natal Care (ANC) Services & High Risk Pregnancies,1.1.2,CHC p.1; Civil Hospital / SDH p.1; District Hospital p.1; HWC-PHC p.1; HWC-SC p.1; Medical College p.1,Revised HMIS formats effective April 2025,Exact public form label; facility-specific codes retained; semantic normalization pending,Official state-hosted copy; confirm national implementation/version with MoHFW/NHSRC
HMIS-FORM-0625,Total Blood Smears Examined for Malaria,Vector-borne diseases,CHC; Civil Hospital / SDH; District Hospital; HWC-PHC; Medical College,National Vector Borne Disease Control Programme (NVBDCP),11.1.1.a,CHC p.10; Civil Hospital / SDH p.10; District Hospital p.10; HWC-PHC p.10; Medical College p.8,Revised HMIS formats effective April 2025,Exact public form label; facility-specific codes retained; semantic normalization pending,Official state-hosted copy; confirm national implementation/version with MoHFW/NHSRC
HMIS-FORM-0626,Total cases Referred out (OPD+Emergency)-During Day,Patient services and utilization,HWC-SC,Patient Services,12.3.1,HWC-SC p.9,Revised HMIS formats effective April 2025,Exact public form label; facility-specific codes retained; semantic normalization pending,Official state-hosted copy; confirm national implementation/version with MoHFW/NHSRC
HMIS-FORM-0627,Total cases Referred out (OPD+IPD+Emergency)-At Night (8 PM- 8 AM),Tuberculosis services,CHC; Civil Hospital / SDH; District Hospital; HWC-PHC; Medical College,National TB Elimination Programme (NTEP); Patient Services,13.3.5.b; 14.3.5.b,CHC p.13; Civil Hospital / SDH p.13; District Hospital p.12; HWC-PHC p.13; Medical College p.10,Revised HMIS formats effective April 2025,Exact public form label; facility-specific codes retained; semantic normalization pending,Official state-hosted copy; confirm national implementation/version with MoHFW/NHSRC
HMIS-FORM-0628,Total cases Referred out (OPD+IPD+Emergency)-During Day,Tuberculosis services,CHC; Civil Hospital / SDH; District Hospital; HWC-PHC; Medical College,National TB Elimination Programme (NTEP); Patient Services,13.3.5.a; 14.3.5.a,CHC p.13; Civil Hospital / SDH p.13; District Hospital p.12; HWC-PHC p.13; Medical College p.10,Revised HMIS formats effective April 2025,Exact public form label; facility-specific codes retained; semantic normalization pending,Official state-hosted copy; confirm national implementation/version with MoHFW/NHSRC
HMIS-FORM-0629,Total Deaths (5 years and above of age): Excluding in-transit & maternal deaths,Mortality and death review,CHC; Civil Hospital / SDH; District Hospital; HWC-PHC; HWC-SC; Medical College,Details of deaths reported:,14.8; 15.8; 16.9,CHC p.20; Civil Hospital / SDH p.21; District Hospital p.20; HWC-PHC p.20; HWC-SC p.14; Medical College p.17,Revised HMIS formats effective April 2025,Exact public form label; facility-specific codes retained; semantic normalization pending,Official state-hosted copy; confirm national implementation/version with MoHFW/NHSRC
HMIS-FORM-0630,Total Facility Based Maternal Death Reviews (FBMDR) done,Mortality and death review,CHC; Civil Hospital / SDH; District Hospital; Medical College,Details of deaths reported:,16.6,CHC p.20; Civil Hospital / SDH p.20; District Hospital p.19; Medical College p.16,Revised HMIS formats effective April 2025,Exact public form label; facility-specific codes retained; semantic normalization pending,Official state-hosted copy; confirm national implementation/version with MoHFW/NHSRC
HMIS-FORM-0631,Total High Risk Pregnancy (HRP) Antepartum (Only New Cases are to be reported),Antenatal care and high-risk pregnancy,CHC; Civil Hospital / SDH; District Hospital; HWC-PHC; Medical College,Ante Natal Care (ANC) Services & High Risk Pregnancies,1.9.2,CHC p.3; Civil Hospital / SDH p.3; District Hospital p.3; HWC-PHC p.3; Medical College p.2,Revised HMIS formats effective April 2025,Exact public form label; facility-specific codes retained; semantic normalization pending,Official state-hosted copy; confirm national implementation/version with MoHFW/NHSRC
HMIS-FORM-0632,Total High Risk Pregnancy (HRP) Intrapartum including following:,Antenatal care and high-risk pregnancy,CHC; Civil Hospital / SDH; District Hospital; HWC-PHC; Medical College,Ante Natal Care (ANC) Services & High Risk Pregnancies,1.9.1,CHC p.2; Civil Hospital / SDH p.2; District Hospital p.2; HWC-PHC p.2; Medical College p.2,Revised HMIS formats effective April 2025,Exact public form label; facility-specific codes retained; semantic normalization pending,Official state-hosted copy; confirm national implementation/version with MoHFW/NHSRC
HMIS-FORM-0633,Total In-transit Deaths :Excluding infant & maternal deaths,Mortality and death review,CHC; Civil Hospital / SDH; District Hospital; HWC-PHC; HWC-SC; Medical College,Details of deaths reported:,14.9; 15.9; 16.10,CHC p.20; Civil Hospital / SDH p.21; District Hospital p.20; HWC-PHC p.20; HWC-SC p.14; Medical College p.17,Revised HMIS formats effective April 2025,Exact public form label; facility-specific codes retained; semantic normalization pending,Official state-hosted copy; confirm national implementation/version with MoHFW/NHSRC
HMIS-FORM-0634,"Total Maternal Deaths Reviewed (MDR) by CMO, out of total reported maternal deaths",Mortality and death review,District Headquarters,Death Reviews (DR) Done,2.1,District Headquarters p.1,Revised HMIS formats effective April 2025,Exact public form label; facility-specific codes retained; semantic normalization pending,Official state-hosted copy; confirm national implementation/version with MoHFW/NHSRC
HMIS-FORM-0635,"Total Maternal Deaths Reviewed (MDR) by DM, out of total reported maternal deaths",Mortality and death review,District Headquarters,Death Reviews (DR) Done,2.2,District Headquarters p.1,Revised HMIS formats effective April 2025,Exact public form label; facility-specific codes retained; semantic normalization pending,Official state-hosted copy; confirm national implementation/version with MoHFW/NHSRC
HMIS-FORM-0636,"Total Maternal Deaths, occurred at Home to be reported at Block level",Mortality and death review,Block Headquarters,Mortality Details,3.1.1,Block Headquarters p.2,Revised HMIS formats effective April 2025,Exact public form label; facility-specific codes retained; semantic normalization pending,Official state-hosted copy; confirm national implementation/version with MoHFW/NHSRC
HMIS-FORM-0637,Total No of High Risk Mothers identified during Post Natal Period,Antenatal care and high-risk pregnancy,CHC; Civil Hospital / SDH; District Hospital; HWC-PHC; HWC-SC; Medical College,Post Natal Care (PNC),5.5; 6.5,CHC p.6; Civil Hospital / SDH p.6; District Hospital p.5; HWC-PHC p.6; HWC-SC p.5; Medical College p.4,Revised HMIS formats effective April 2025,Exact public form label; facility-specific codes retained; semantic normalization pending,Official state-hosted copy; confirm national implementation/version with MoHFW/NHSRC
HMIS-FORM-0638,Total no. of highrisk ANC cases referred in to the facility (Referred in),Antenatal care and high-risk pregnancy,CHC; Civil Hospital / SDH; District Hospital; HWC-PHC; Medical College,Ante Natal Care (ANC) Services & High Risk Pregnancies,1.9.4,CHC p.3; Civil Hospital / SDH p.3; District Hospital p.3; HWC-PHC p.3; Medical College p.2,Revised HMIS formats effective April 2025,Exact public form label; facility-specific codes retained; semantic normalization pending,Official state-hosted copy; confirm national implementation/version with MoHFW/NHSRC
HMIS-FORM-0639,Total no. of highrisk ANC cases referred to Higher/ any other facility (Referred out),Antenatal care and high-risk pregnancy,CHC; Civil Hospital / SDH; District Hospital; HWC-PHC; Medical College,Ante Natal Care (ANC) Services & High Risk Pregnancies,1.9.3,CHC p.3; Civil Hospital / SDH p.3; District Hospital p.3; HWC-PHC p.3; Medical College p.2,Revised HMIS formats effective April 2025,Exact public form label; facility-specific codes retained; semantic normalization pending,Official state-hosted copy; confirm national implementation/version with MoHFW/NHSRC
HMIS-FORM-0640,Total no. of Intrapartum/PNC High Risk Pregnancy cases attended or referred into the facility (Referred in),Antenatal care and high-risk pregnancy,CHC; Civil Hospital / SDH; District Hospital; HWC-PHC; Medical College,Ante Natal Care (ANC) Services & High Risk Pregnancies,1.9.4.a,CHC p.3; Civil Hospital / SDH p.3; District Hospital p.3; HWC-PHC p.3; Medical College p.3,Revised HMIS formats effective April 2025,Exact public form label; facility-specific codes retained; semantic normalization pending,Official state-hosted copy; confirm national implementation/version with MoHFW/NHSRC
HMIS-FORM-0641,Total no. of Intrapartum/PNC High Risk Pregnancy cases referred to Higher/ any other facility (Referred out),Antenatal care and high-risk pregnancy,CHC; Civil Hospital / SDH; District Hospital; HWC-PHC; HWC-SC; Medical College,Ante Natal Care (ANC) Services & High Risk Pregnancies,1.8.3.a; 1.9.3.a,CHC p.3; Civil Hospital / SDH p.3; District Hospital p.3; HWC-PHC p.3; HWC-SC p.2; Medical College p.2,Revised HMIS formats effective April 2025,Exact public form label; facility-specific codes retained; semantic normalization pending,Official state-hosted copy; confirm national implementation/version with MoHFW/NHSRC
HMIS-FORM-0642,Total number cases examined in outreach camps for Mental illness,Mental health,CHC; Civil Hospital / SDH; District Hospital; HWC-PHC; HWC-SC,Patient Services,12.1.3.b; 13.1.3.b; 14.1.3.b,CHC p.12; Civil Hospital / SDH p.12; District Hospital p.11; HWC-PHC p.12; HWC-SC p.9,Revised HMIS formats effective April 2025,Exact public form label; facility-specific codes retained; semantic normalization pending,Official state-hosted copy; confirm national implementation/version with MoHFW/NHSRC
HMIS-FORM-0643,Total number of Biochemistry tests registered under External Quality Assurance Scheme (EQAS),Diagnostics and laboratory services,CHC; Civil Hospital / SDH; District Hospital; HWC-PHC; Medical College,QA (Quality Assurance) & BEMMP (Biomedical Equipment Management & Maintenance Program),16.1.3; 17.1.3,CHC p.21; Civil Hospital / SDH p.21; District Hospital p.20; HWC-PHC p.20; Medical College p.17,Revised HMIS formats effective April 2025,Exact public form label; facility-specific codes retained; semantic normalization pending,Official state-hosted copy; confirm national implementation/version with MoHFW/NHSRC
HMIS-FORM-0644,Total number of blood samples screened by ELISA/Rapid tests for viral hepatitis,Tuberculosis services,CHC; Civil Hospital / SDH; District Hospital; HWC-PHC; HWC-SC; Medical College,National TB Elimination Programme (NTEP); Patient Services,12.13.1; 13.18.1; 14.17.1; 14.19.1,CHC p.16; Civil Hospital / SDH p.16; District Hospital p.15; HWC-PHC p.15; HWC-SC p.10; Medical College p.13,Revised HMIS formats effective April 2025,Exact public form label; facility-specific codes retained; semantic normalization pending,Official state-hosted copy; confirm national implementation/version with MoHFW/NHSRC
HMIS-FORM-0645,Total number of blood samples screened by ELISA/Rapid tests for viral hepatitis A (IgM Anti- HAV),Tuberculosis services,Medical College,National TB Elimination Programme (NTEP),14.17.1.a,Medical College p.13,Revised HMIS formats effective April 2025,Exact public form label; facility-specific codes retained; semantic normalization pending,Official state-hosted copy; confirm national implementation/version with MoHFW/NHSRC
HMIS-FORM-0646,Total number of blood samples screened by ELISA/Rapid tests for viral hepatitis B i.e. HBsAg (excluding pregnant women),Antenatal care and high-risk pregnancy,CHC; Civil Hospital / SDH; District Hospital; HWC-PHC; HWC-SC; Medical College,National TB Elimination Programme (NTEP); Patient Services,12.13.1.a; 13.18.1.a; 14.17.1.b; 14.19.1.a,CHC p.16; Civil Hospital / SDH p.16; District Hospital p.15; HWC-PHC p.15; HWC-SC p.10; Medical College p.13,Revised HMIS formats effective April 2025,Exact public form label; facility-specific codes retained; semantic normalization pending,Official state-hosted copy; confirm national implementation/version with MoHFW/NHSRC
HMIS-FORM-0647,Total number of blood samples screened by ELISA/Rapid tests for viral hepatitis C (Anti- HCV),Diagnostics and laboratory services,HWC-SC,Patient Services,12.13.1.b,HWC-SC p.10,Revised HMIS formats effective April 2025,Exact public form label; facility-specific codes retained; semantic normalization pending,Official state-hosted copy; confirm national implementation/version with MoHFW/NHSRC
HMIS-FORM-0648,Total number of blood samples screened by ELISA/Rapid tests for viral hepatitis C(Anti- HCV),Tuberculosis services,CHC; Civil Hospital / SDH; District Hospital; HWC-PHC; Medical College,National TB Elimination Programme (NTEP); Patient Services,13.18.1.b; 14.17.1.c; 14.19.1.b; 14.19.1.c,CHC p.16; Civil Hospital / SDH p.16; District Hospital p.15; HWC-PHC p.15; Medical College p.13,Revised HMIS formats effective April 2025,Exact public form label; facility-specific codes retained; semantic normalization pending,Official state-hosted copy; confirm national implementation/version with MoHFW/NHSRC
HMIS-FORM-0649,Total number of blood samples screened by ELISA/Rapid tests for viral hepatitis E(i.e. IgM Anti- HEV),Tuberculosis services,Medical College,National TB Elimination Programme (NTEP),14.17.1.d,Medical College p.13,Revised HMIS formats effective April 2025,Exact public form label; facility-specific codes retained; semantic normalization pending,Official state-hosted copy; confirm national implementation/version with MoHFW/NHSRC
HMIS-FORM-0650,Total number of blood samples screened by ELISA/Rapid tests for viral hepatitis E(i.e. IgM Anti-HEV),Diagnostics and laboratory services,District Hospital,Patient Services,14.19.1.d,District Hospital p.15,Revised HMIS formats effective April 2025,Exact public form label; facility-specific codes retained; semantic normalization pending,Official state-hosted copy; confirm national implementation/version with MoHFW/NHSRC
HMIS-FORM-0651,Total number of blood samples tested positive by ELISA/ Rapid tests for Hepatitis A (out of those tested for IgM Anti- HAV),Tuberculosis services,Medical College,National TB Elimination Programme (NTEP),14.17.2.a,Medical College p.13,Revised HMIS formats effective April 2025,Exact public form label; facility-specific codes retained; semantic normalization pending,Official state-hosted copy; confirm national implementation/version with MoHFW/NHSRC
HMIS-FORM-0652,Total number of blood samples tested positive by ELISA/ Rapid tests for Hepatitis B (out of those tested for HBsAg excluding pregnant women),Antenatal care and high-risk pregnancy,CHC; Civil Hospital / SDH; District Hospital; HWC-PHC; HWC-SC; Medical College,National TB Elimination Programme (NTEP); Patient Services,12.13.2.a; 13.18.2.a; 14.17.2.b; 14.19.2.a,CHC p.16; Civil Hospital / SDH p.16; District Hospital p.15; HWC-PHC p.16; HWC-SC p.10; Medical College p.13,Revised HMIS formats effective April 2025,Exact public form label; facility-specific codes retained; semantic normalization pending,Official state-hosted copy; confirm national implementation/version with MoHFW/NHSRC
HMIS-FORM-0653,Total number of blood samples tested positive by ELISA/ Rapid tests for Hepatitis C (out of those tested for Anti-HCV),Tuberculosis services,CHC; Civil Hospital / SDH; District Hospital; HWC-PHC; HWC-SC; Medical College,National TB Elimination Programme (NTEP); Patient Services,12.13.2.b; 13.18.2.b; 14.17.2.c; 14.19.2.b; 14.19.2.c,CHC p.16; Civil Hospital / SDH p.17; District Hospital p.15; District Hospital p.16; HWC-PHC p.16; HWC-SC p.10; Medical College p.13,Revised HMIS formats effective April 2025,Exact public form label; facility-specific codes retained; semantic normalization pending,Official state-hosted copy; confirm national implementation/version with MoHFW/NHSRC
HMIS-FORM-0654,Total number of blood samples tested positive by ELISA/ Rapid tests for Hepatitis E(out of those tested for IgM Anti-HEV),Tuberculosis services,District Hospital; Medical College,National TB Elimination Programme (NTEP); Patient Services,14.17.2.d; 14.19.2.d,District Hospital p.16; Medical College p.13,Revised HMIS formats effective April 2025,Exact public form label; facility-specific codes retained; semantic normalization pending,Official state-hosted copy; confirm national implementation/version with MoHFW/NHSRC
HMIS-FORM-0655,Total number of blood samples tested positive by ELISA/ Rapid tests for viral hepatitis & its management,Tuberculosis services,CHC; Civil Hospital / SDH; District Hospital; HWC-PHC; HWC-SC; Medical College,National TB Elimination Programme (NTEP); Patient Services,12.13.2; 13.18.2; 14.17.2; 14.19.2,CHC p.16; Civil Hospital / SDH p.16; District Hospital p.15; HWC-PHC p.16; HWC-SC p.10; Medical College p.13,Revised HMIS formats effective April 2025,Exact public form label; facility-specific codes retained; semantic normalization pending,Official state-hosted copy; confirm national implementation/version with MoHFW/NHSRC
HMIS-FORM-0656,Total number of breakdown attended for the month,"Medicines, supplies and equipment",CHC; Civil Hospital / SDH; District Hospital; HWC-PHC; Medical College,QA (Quality Assurance) & BEMMP (Biomedical Equipment Management & Maintenance Program),16.2.2; 17.2.2,CHC p.21; Civil Hospital / SDH p.22; District Hospital p.20; HWC-PHC p.20; Medical College p.18,Revised HMIS formats effective April 2025,Exact public form label; facility-specific codes retained; semantic normalization pending,Official state-hosted copy; confirm national implementation/version with MoHFW/NHSRC
HMIS-FORM-0657,Total number of breakdown calls reported for the month,"Medicines, supplies and equipment",CHC; Civil Hospital / SDH; District Hospital; HWC-PHC; Medical College,QA (Quality Assurance) & BEMMP (Biomedical Equipment Management & Maintenance Program),16.2.1; 17.2.1,CHC p.21; Civil Hospital / SDH p.21; District Hospital p.20; HWC-PHC p.20; Medical College p.18,Revised HMIS formats effective April 2025,Exact public form label; facility-specific codes retained; semantic normalization pending,Official state-hosted copy; confirm national implementation/version with MoHFW/NHSRC
HMIS-FORM-0658,Total number of C -Section deliveries performed,Delivery and intrapartum care,CHC; Civil Hospital / SDH; District Hospital; HWC-PHC; Medical College,Number of Caesarean (C-Section) deliveries,3.1,CHC p.3; Civil Hospital / SDH p.4; District Hospital p.3; HWC-PHC p.3; Medical College p.3,Revised HMIS formats effective April 2025,Exact public form label; facility-specific codes retained; semantic normalization pending,Official state-hosted copy; confirm national implementation/version with MoHFW/NHSRC
HMIS-FORM-0659,Total Number of cases Referred out (OPD+Emergency),Patient services and utilization,HWC-SC,Patient Services,12.3,HWC-SC p.9,Revised HMIS formats effective April 2025,Exact public form label; facility-specific codes retained; semantic normalization pending,Official state-hosted copy; confirm national implementation/version with MoHFW/NHSRC
HMIS-FORM-0660,Total Number of cases Referred out (OPD+IPD+Emergency),Tuberculosis services,CHC; Civil Hospital / SDH; District Hospital; HWC-PHC; Medical College,National TB Elimination Programme (NTEP); Patient Services,13.3.5; 14.3.5,CHC p.13; Civil Hospital / SDH p.13; District Hospital p.12; HWC-PHC p.13; Medical College p.10,Revised HMIS formats effective April 2025,Exact public form label; facility-specific codes retained; semantic normalization pending,Official state-hosted copy; confirm national implementation/version with MoHFW/NHSRC
HMIS-FORM-0661,Total number of Child Deaths Reviewed by CMHO Level,Mortality and death review,District Headquarters,Death Reviews (DR) Done,2.4,District Headquarters p.2,Revised HMIS formats effective April 2025,Exact public form label; facility-specific codes retained; semantic normalization pending,Official state-hosted copy; confirm national implementation/version with MoHFW/NHSRC
HMIS-FORM-0662,Total number of Child Deaths Reviewed by DM Level,Mortality and death review,District Headquarters,Death Reviews (DR) Done,2.5,District Headquarters p.2,Revised HMIS formats effective April 2025,Exact public form label; facility-specific codes retained; semantic normalization pending,Official state-hosted copy; confirm national implementation/version with MoHFW/NHSRC
HMIS-FORM-0663,Total number of Children received all scheduled 5 Home visits under HBYC,Delivery and intrapartum care,CHC; Civil Hospital / SDH; District Hospital; HWC-PHC; HWC-SC,Deliveries,2.6,CHC p.3; Civil Hospital / SDH p.3; District Hospital p.3; HWC-PHC p.3; HWC-SC p.3,Revised HMIS formats effective April 2025,Exact public form label; facility-specific codes retained; semantic normalization pending,Official state-hosted copy; confirm national implementation/version with MoHFW/NHSRC
HMIS-FORM-0664,Total Number of CPR performed in the emergency,Tuberculosis services,CHC; Civil Hospital / SDH; District Hospital; HWC-PHC; HWC-SC; Medical College,National TB Elimination Programme (NTEP); Patient Services,12.6.2; 13.5.5; 14.5.5,CHC p.14; Civil Hospital / SDH p.14; District Hospital p.13; HWC-PHC p.13; HWC-SC p.9; Medical College p.11,Revised HMIS formats effective April 2025,Exact public form label; facility-specific codes retained; semantic normalization pending,Official state-hosted copy; confirm national implementation/version with MoHFW/NHSRC
HMIS-FORM-0665,Total number of deaths occurring at Emergency Department,Tuberculosis services,CHC; Civil Hospital / SDH; District Hospital; HWC-PHC; Medical College,National TB Elimination Programme (NTEP); Patient Services,13.7; 14.7,CHC p.14; Civil Hospital / SDH p.14; District Hospital p.13; HWC-PHC p.14; Medical College p.11,Revised HMIS formats effective April 2025,Exact public form label; facility-specific codes retained; semantic normalization pending,Official state-hosted copy; confirm national implementation/version with MoHFW/NHSRC
HMIS-FORM-0666,Total Number of Emergency cases managed,Tuberculosis services,CHC; Civil Hospital / SDH; District Hospital; HWC-PHC; HWC-SC; Medical College,National TB Elimination Programme (NTEP); Patient Services,12.6.1; 13.5.3; 14.5.3,CHC p.13; Civil Hospital / SDH p.14; District Hospital p.13; HWC-PHC p.13; HWC-SC p.9; Medical College p.11,Revised HMIS formats effective April 2025,Exact public form label; facility-specific codes retained; semantic normalization pending,Official state-hosted copy; confirm national implementation/version with MoHFW/NHSRC
HMIS-FORM-0667,Total Number of Emergency cases referred out,Tuberculosis services,CHC; Civil Hospital / SDH; District Hospital; HWC-PHC; Medical College,National TB Elimination Programme (NTEP); Patient Services,13.5.4; 14.5.4,CHC p.14; Civil Hospital / SDH p.14; District Hospital p.13; HWC-PHC p.13; Medical College p.11,Revised HMIS formats effective April 2025,Exact public form label; facility-specific codes retained; semantic normalization pending,Official state-hosted copy; confirm national implementation/version with MoHFW/NHSRC
HMIS-FORM-0668,Total number of female (non-ANC) tested for Syphilis (RPR/VDRL/PoC/ RDT/TPHA),Antenatal care and high-risk pregnancy,CHC; Civil Hospital / SDH; District Hospital; HWC-PHC; HWC-SC; Medical College,Diagnostics,13.4.2.a; 14.4.2.a; 15.4.2.a,CHC p.18; Civil Hospital / SDH p.18; District Hospital p.17; HWC-PHC p.17; HWC-SC p.12; Medical College p.15,Revised HMIS formats effective April 2025,Exact public form label; facility-specific codes retained; semantic normalization pending,Official state-hosted copy; confirm national implementation/version with MoHFW/NHSRC
HMIS-FORM-0669,Total number of footfall in outreach camps/sessions,Patient services and utilization,CHC; Civil Hospital / SDH; District Hospital; HWC-PHC; HWC-SC,Patient Services,12.1.3.a; 13.1.3.a; 14.1.3.a,CHC p.12; Civil Hospital / SDH p.12; District Hospital p.11; HWC-PHC p.12; HWC-SC p.9,Revised HMIS formats effective April 2025,Exact public form label; facility-specific codes retained; semantic normalization pending,Official state-hosted copy; confirm national implementation/version with MoHFW/NHSRC
HMIS-FORM-0670,Total number of geriatric/elderly patients (age>=60 yrs) Registered,Tuberculosis services,CHC; Civil Hospital / SDH; District Hospital; HWC-PHC; HWC-SC; Medical College,National TB Elimination Programme (NTEP); Patient Services,12.1.1.a; 13.1.1.a; 14.1.1.a,CHC p.11; Civil Hospital / SDH p.12; District Hospital p.11; HWC-PHC p.11; HWC-SC p.9; Medical College p.9,Revised HMIS formats effective April 2025,Exact public form label; facility-specific codes retained; semantic normalization pending,Official state-hosted copy; confirm national implementation/version with MoHFW/NHSRC
HMIS-FORM-0671,Total number of H/TG people tested for Syphilis (RPR/VDRL/PoC/ RDT/TPHA),STI/RTI services,CHC; Civil Hospital / SDH; District Hospital; HWC-PHC; HWC-SC; Medical College,Diagnostics,13.4.3.a; 14.4.3.a; 15.4.3.a,CHC p.18; Civil Hospital / SDH p.18; District Hospital p.17; HWC-PHC p.17; HWC-SC p.12; Medical College p.15,Revised HMIS formats effective April 2025,Exact public form label; facility-specific codes retained; semantic normalization pending,Official state-hosted copy; confirm national implementation/version with MoHFW/NHSRC
HMIS-FORM-0672,Total number of Haematology tests registered under External Quality Assurance Scheme (EQAS),Diagnostics and laboratory services,CHC; Civil Hospital / SDH; District Hospital; HWC-PHC; Medical College,QA (Quality Assurance) & BEMMP (Biomedical Equipment Management & Maintenance Program),16.1.1; 17.1.1,CHC p.21; Civil Hospital / SDH p.21; District Hospital p.20; HWC-PHC p.20; Medical College p.17,Revised HMIS formats effective April 2025,Exact public form label; facility-specific codes retained; semantic normalization pending,Official state-hosted copy; confirm national implementation/version with MoHFW/NHSRC
HMIS-FORM-0673,Total Number of Kit Tests conducted in Outreach areas/Camps/in-facility (outside lab),STI/RTI services,HWC-SC,Diagnostics,13.1.3,HWC-SC p.11,Revised HMIS formats effective April 2025,Exact public form label; facility-specific codes retained; semantic normalization pending,Official state-hosted copy; confirm national implementation/version with MoHFW/NHSRC
HMIS-FORM-0674,Total Number of Kit Tests conducted in Outreach areas/Camps/in-facility(outside lab),STI/RTI services,CHC; Civil Hospital / SDH; District Hospital; HWC-PHC; Medical College,Diagnostics,14.1.3; 15.1.3,CHC p.17; Civil Hospital / SDH p.17; District Hospital p.16; HWC-PHC p.16; Medical College p.14,Revised HMIS formats effective April 2025,Exact public form label; facility-specific codes retained; semantic normalization pending,Official state-hosted copy; confirm national implementation/version with MoHFW/NHSRC
HMIS-FORM-0675,Total Number of Lab Tests & Kit Tests,STI/RTI services,CHC; Civil Hospital / SDH; District Hospital; HWC-PHC; HWC-SC; Medical College,Diagnostics,13.1; 14.1; 15.1,CHC p.17; Civil Hospital / SDH p.17; District Hospital p.16; HWC-PHC p.16; HWC-SC p.11; Medical College p.14,Revised HMIS formats effective April 2025,Exact public form label; facility-specific codes retained; semantic normalization pending,Official state-hosted copy; confirm national implementation/version with MoHFW/NHSRC
HMIS-FORM-0676,Total Number of Lab Tests done- Inhouse (including kits tests conducted in Laboratory),STI/RTI services,CHC; Civil Hospital / SDH; District Hospital; HWC-PHC; HWC-SC; Medical College,Diagnostics,13.1.1; 14.1.1; 15.1.1,CHC p.17; Civil Hospital / SDH p.17; District Hospital p.16; HWC-PHC p.16; HWC-SC p.11; Medical College p.14,Revised HMIS formats effective April 2025,Exact public form label; facility-specific codes retained; semantic normalization pending,Official state-hosted copy; confirm national implementation/version with MoHFW/NHSRC
HMIS-FORM-0677,Total Number of Lab Tests done- Outsourced (including kits tests conducted in Laboratory),STI/RTI services,CHC; Civil Hospital / SDH; District Hospital; HWC-PHC; HWC-SC; Medical College,Diagnostics,13.1.2; 14.1.2; 15.1.2,CHC p.17; Civil Hospital / SDH p.17; District Hospital p.16; HWC-PHC p.16; HWC-SC p.11; Medical College p.14,Revised HMIS formats effective April 2025,Exact public form label; facility-specific codes retained; semantic normalization pending,Official state-hosted copy; confirm national implementation/version with MoHFW/NHSRC
HMIS-FORM-0678,Total number of Major Operations conducted excluding C-Section (General and spinal anaesthesia),Delivery and intrapartum care,CHC; Civil Hospital / SDH; District Hospital; Medical College,National TB Elimination Programme (NTEP); Patient Services,14.8.1.a,CHC p.14; Civil Hospital / SDH p.14; District Hospital p.14; Medical College p.11,Revised HMIS formats effective April 2025,Exact public form label; facility-specific codes retained; semantic normalization pending,Official state-hosted copy; confirm national implementation/version with MoHFW/NHSRC
HMIS-FORM-0679,Total number of males tested for Syphilis (RPR/VDRL/PoC/ RDT/TPHA),STI/RTI services,CHC; Civil Hospital / SDH; District Hospital; HWC-PHC; HWC-SC; Medical College,Diagnostics,13.4.1.a; 14.4.1.a; 15.4.1.a,CHC p.18; Civil Hospital / SDH p.18; District Hospital p.17; HWC-PHC p.17; HWC-SC p.12; Medical College p.15,Revised HMIS formats effective April 2025,Exact public form label; facility-specific codes retained; semantic normalization pending,Official state-hosted copy; confirm national implementation/version with MoHFW/NHSRC
HMIS-FORM-0680,Total number of Medico Legal Cases reported at the facility,Tuberculosis services,CHC; Civil Hospital / SDH; District Hospital; HWC-PHC; Medical College,National TB Elimination Programme (NTEP); Patient Services,13.3.8; 14.3.8,CHC p.13; Civil Hospital / SDH p.13; District Hospital p.12; HWC-PHC p.13; Medical College p.10,Revised HMIS formats effective April 2025,Exact public form label; facility-specific codes retained; semantic normalization pending,Official state-hosted copy; confirm national implementation/version with MoHFW/NHSRC
HMIS-FORM-0681,Total number of NEW Pregnant Women registered for ANC,Antenatal care and high-risk pregnancy,CHC; Civil Hospital / SDH; District Hospital; HWC-PHC; HWC-SC; Medical College,Ante Natal Care (ANC) Services & High Risk Pregnancies,1.1,CHC p.1; Civil Hospital / SDH p.1; District Hospital p.1; HWC-PHC p.1; HWC-SC p.1; Medical College p.1,Revised HMIS formats effective April 2025,Exact public form label; facility-specific codes retained; semantic normalization pending,Official state-hosted copy; confirm national implementation/version with MoHFW/NHSRC
HMIS-FORM-0682,Total number of oral health camps organized at community/village level,Other HMIS reporting,District Headquarters,National Oral Health Programme (NOHP),5.1,District Headquarters p.2,Revised HMIS formats effective April 2025,Exact public form label; facility-specific codes retained; semantic normalization pending,Official state-hosted copy; confirm national implementation/version with MoHFW/NHSRC
HMIS-FORM-0683,Total Number of oral health camps organized at school level for school children,Other HMIS reporting,District Headquarters,National Oral Health Programme (NOHP),5.4,District Headquarters p.2,Revised HMIS formats effective April 2025,Exact public form label; facility-specific codes retained; semantic normalization pending,Official state-hosted copy; confirm national implementation/version with MoHFW/NHSRC
HMIS-FORM-0684,Total number of outreach visits conducted by staff,Patient services and utilization,CHC; Civil Hospital / SDH; District Hospital; HWC-PHC; HWC-SC,Patient Services,12.11.1; 13.16.1; 14.17.1,CHC p.16; Civil Hospital / SDH p.16; District Hospital p.15; HWC-PHC p.15; HWC-SC p.10,Revised HMIS formats effective April 2025,Exact public form label; facility-specific codes retained; semantic normalization pending,Official state-hosted copy; confirm national implementation/version with MoHFW/NHSRC
HMIS-FORM-0685,Total number of outreach visits made by DMHP team,Tuberculosis services,Civil Hospital / SDH; District Hospital; Medical College,National TB Elimination Programme (NTEP); Patient Services,14.15; 14.17.2,Civil Hospital / SDH p.16; District Hospital p.15; Medical College p.13,Revised HMIS formats effective April 2025,Exact public form label; facility-specific codes retained; semantic normalization pending,Official state-hosted copy; confirm national implementation/version with MoHFW/NHSRC
HMIS-FORM-0686,Total number of Outreach/Special Outreach camps conducted in the reporting month,STI/RTI services,CHC; Civil Hospital / SDH; District Hospital; HWC-PHC; HWC-SC,Patient Services,12.11; 13.16; 14.17,CHC p.16; Civil Hospital / SDH p.16; District Hospital p.15; HWC-PHC p.15; HWC-SC p.10,Revised HMIS formats effective April 2025,Exact public form label; facility-specific codes retained; semantic normalization pending,Official state-hosted copy; confirm national implementation/version with MoHFW/NHSRC
HMIS-FORM-0687,Total number of positive blood samples for hepatitis B by ELISA/ Rapid tests tested for HBV DNA(out of those tested positive for HBsAg excluding pregnant women),Antenatal care and high-risk pregnancy,CHC; Civil Hospital / SDH; HWC-PHC; Medical College,National TB Elimination Programme (NTEP); Patient Services,13.18.2.a.i; 14.17.2.b.i; 14.19.2.a.i,CHC p.16; Civil Hospital / SDH p.16; HWC-PHC p.16; Medical College p.13,Revised HMIS formats effective April 2025,Exact public form label; facility-specific codes retained; semantic normalization pending,Official state-hosted copy; confirm national implementation/version with MoHFW/NHSRC
HMIS-FORM-0688,Total number of positive blood samples for Hepatitis C screened by test (ELISA/ Rapid tests) confirmed by HCV RNA testing (out of those positive for anti-HCV),STI/RTI services,CHC; Civil Hospital / SDH; District Hospital; HWC-PHC; Medical College,National TB Elimination Programme (NTEP); Patient Services,13.18.2.b.i; 14.17.2.c.i; 14.19.2.b.i; 14.19.2.c.i,CHC p.16; Civil Hospital / SDH p.17; District Hospital p.15; District Hospital p.16; HWC-PHC p.16; Medical College p.13,Revised HMIS formats effective April 2025,Exact public form label; facility-specific codes retained; semantic normalization pending,Official state-hosted copy; confirm national implementation/version with MoHFW/NHSRC
HMIS-FORM-0689,Total number of postmortem conducted at the facility,Tuberculosis services,CHC; Civil Hospital / SDH; District Hospital; Medical College,National TB Elimination Programme (NTEP); Patient Services,14.3.9,CHC p.13; Civil Hospital / SDH p.13; District Hospital p.13; Medical College p.10,Revised HMIS formats effective April 2025,Exact public form label; facility-specific codes retained; semantic normalization pending,Official state-hosted copy; confirm national implementation/version with MoHFW/NHSRC
HMIS-FORM-0690,Total number of telemedicine consultation provided,Tuberculosis services,CHC; Civil Hospital / SDH; District Hospital; HWC-PHC; HWC-SC; Medical College,National TB Elimination Programme (NTEP); Patient Services,12.5; 13.3.9; 14.3.10,CHC p.13; Civil Hospital / SDH p.13; District Hospital p.13; HWC-PHC p.13; HWC-SC p.9; Medical College p.10,Revised HMIS formats effective April 2025,Exact public form label; facility-specific codes retained; semantic normalization pending,Official state-hosted copy; confirm national implementation/version with MoHFW/NHSRC
HMIS-FORM-0691,Total number of UHND/VHND sessions conducted in the reporting month,STI/RTI services,CHC; Civil Hospital / SDH; District Hospital; HWC-PHC; HWC-SC,Patient Services,12.10; 13.15; 14.16,CHC p.16; Civil Hospital / SDH p.16; District Hospital p.15; HWC-PHC p.15; HWC-SC p.10,Revised HMIS formats effective April 2025,Exact public form label; facility-specific codes retained; semantic normalization pending,Official state-hosted copy; confirm national implementation/version with MoHFW/NHSRC
HMIS-FORM-0692,Total Post-abortion/MTP Complications Identified,Antenatal care and high-risk pregnancy,CHC; Civil Hospital / SDH; District Hospital; HWC-PHC; HWC-SC; Medical College,Pregnancy outcome & details of new-born/children,3.3.1; 4.3.2.a,CHC p.4; Civil Hospital / SDH p.4; District Hospital p.4; HWC-PHC p.4; HWC-SC p.3; Medical College p.3,Revised HMIS formats effective April 2025,Exact public form label; facility-specific codes retained; semantic normalization pending,Official state-hosted copy; confirm national implementation/version with MoHFW/NHSRC
HMIS-FORM-0693,"Total Quantity of Bio medical waste generated in Kg for the month - (All Yellow, Red, white & Blue)","Medicines, supplies and equipment",CHC; Civil Hospital / SDH; District Hospital; HWC-PHC; HWC-SC; Medical College,QA (Quality Assurance) & BEMMP (Biomedical Equipment Management & Maintenance Program),15.1.1; 16.1.5; 17.1.5,CHC p.21; Civil Hospital / SDH p.21; District Hospital p.20; HWC-PHC p.20; HWC-SC p.14; Medical College p.17,Revised HMIS formats effective April 2025,Exact public form label; facility-specific codes retained; semantic normalization pending,Official state-hosted copy; confirm national implementation/version with MoHFW/NHSRC
HMIS-FORM-0694,Total Quantity of General waste generated in Kg for the month,"Medicines, supplies and equipment",CHC; Civil Hospital / SDH; District Hospital; HWC-PHC; HWC-SC; Medical College,QA (Quality Assurance) & BEMMP (Biomedical Equipment Management & Maintenance Program),15.1.2; 16.1.6; 17.1.6,CHC p.21; Civil Hospital / SDH p.21; District Hospital p.20; HWC-PHC p.20; HWC-SC p.14; Medical College p.17,Revised HMIS formats effective April 2025,Exact public form label; facility-specific codes retained; semantic normalization pending,Official state-hosted copy; confirm national implementation/version with MoHFW/NHSRC
HMIS-FORM-0695,Tuberculosis test conducted for Pregnant Women,Antenatal care and high-risk pregnancy,CHC; Civil Hospital / SDH; District Hospital; HWC-PHC; HWC-SC; Medical College,Ante Natal Care (ANC) Services & High Risk Pregnancies,1.8,CHC p.2; Civil Hospital / SDH p.2; District Hospital p.2; HWC-PHC p.2; HWC-SC p.2; Medical College p.2,Revised HMIS formats effective April 2025,Exact public form label; facility-specific codes retained; semantic normalization pending,Official state-hosted copy; confirm national implementation/version with MoHFW/NHSRC
HMIS-FORM-0696,Ultrasonography (USG) (Inhouse),STI/RTI services,CHC; Civil Hospital / SDH; District Hospital; HWC-PHC; Medical College,Diagnostics,14.6.1.b.i; 15.6.1.b.i,CHC p.18; Civil Hospital / SDH p.19; District Hospital p.17; HWC-PHC p.18; Medical College p.15,Revised HMIS formats effective April 2025,Exact public form label; facility-specific codes retained; semantic normalization pending,Official state-hosted copy; confirm national implementation/version with MoHFW/NHSRC
HMIS-FORM-0697,Widal tests,STI/RTI services,CHC; Civil Hospital / SDH; District Hospital; HWC-PHC; Medical College,Diagnostics,14.5; 15.5,CHC p.18; Civil Hospital / SDH p.18; District Hospital p.17; HWC-PHC p.17; Medical College p.15,Revised HMIS formats effective April 2025,Exact public form label; facility-specific codes retained; semantic normalization pending,Official state-hosted copy; confirm national implementation/version with MoHFW/NHSRC
HMIS-FORM-0698,Widal tests- Number Positive,STI/RTI services,CHC; Civil Hospital / SDH; District Hospital; HWC-PHC; Medical College,Diagnostics,14.5.2; 15.5.2,CHC p.18; Civil Hospital / SDH p.18; District Hospital p.17; HWC-PHC p.18; Medical College p.15,Revised HMIS formats effective April 2025,Exact public form label; facility-specific codes retained; semantic normalization pending,Official state-hosted copy; confirm national implementation/version with MoHFW/NHSRC
HMIS-FORM-0699,Widal tests- Number Tested,STI/RTI services,CHC; Civil Hospital / SDH; District Hospital; HWC-PHC; Medical College,Diagnostics,14.5.1; 15.5.1,CHC p.18; Civil Hospital / SDH p.18; District Hospital p.17; HWC-PHC p.17; Medical College p.15,Revised HMIS formats effective April 2025,Exact public form label; facility-specific codes retained; semantic normalization pending,Official state-hosted copy; confirm national implementation/version with MoHFW/NHSRC
HMIS-FORM-0700,X-ray(Inhouse),STI/RTI services,CHC; Civil Hospital / SDH; District Hospital; HWC-PHC; Medical College,Diagnostics,14.6.1.a.i; 15.6.1.a.i,CHC p.18; Civil Hospital / SDH p.19; District Hospital p.17; HWC-PHC p.18; Medical College p.15,Revised HMIS formats effective April 2025,Exact public form label; facility-specific codes retained; semantic normalization pending,Official state-hosted copy; confirm national implementation/version with MoHFW/NHSRC
