id,objectType,name,definition,component,domain,versionStatus,sourceVersion,sourceAuthority,sourceUrl,measureType,scaleDisplay,normalizedFormula,denominatorPopulation,displayDefinition
"","Derived indicator","ANC registration rate","% of pregnant women who used ANC care provided by skilled health personnel","Antenatal care and high-risk pregnancy","Maternal, newborn and reproductive health","Historical technical definition","NHSRC HMIS programme-manager training manual, public PDF hosted 2021","National Health Systems Resource Centre","https://nhsrcindia.org/training-and-tools","Percentage/proportion","%","(numerator ÷ denominator) × 100","Estimated pregnancies","% of pregnant women who used ANC care provided by skilled health personnel. Denominator population: Estimated pregnancies."
"","Derived indicator","Early registration rate","Proportion of women who were registered within first trimester (12weeks) of pregnancy","Antenatal care and high-risk pregnancy","Maternal, newborn and reproductive health","Historical technical definition","NHSRC HMIS programme-manager training manual, public PDF hosted 2021","National Health Systems Resource Centre","https://nhsrcindia.org/training-and-tools","Percentage/proportion","%","(numerator ÷ denominator) × 100","Total ANC registered","Proportion of women who were registered within first trimester (12weeks) of pregnancy. Denominator population: Total ANC registered."
"","Derived indicator","TT2/Booster coverage rate","% of women who were given TT2/Booster dose during current pregnancy","Antenatal care and high-risk pregnancy","Maternal, newborn and reproductive health","Historical technical definition","NHSRC HMIS programme-manager training manual, public PDF hosted 2021","National Health Systems Resource Centre","https://nhsrcindia.org/training-and-tools","Percentage/proportion","%","(numerator ÷ denominator) × 100","Total ANC registered","% of women who were given TT2/Booster dose during current pregnancy. Denominator population: Total ANC registered."
"","Derived indicator","ANC 3 checkups rate","% of pregnant women who used antenatal care provided by skilled health personnel at least 3 times during pregnancy","Antenatal care and high-risk pregnancy","Maternal, newborn and reproductive health","Historical technical definition","NHSRC HMIS programme-manager training manual, public PDF hosted 2021","National Health Systems Resource Centre","https://nhsrcindia.org/training-and-tools","Percentage/proportion","%","(numerator ÷ denominator) × 100","Total ANC registered","% of pregnant women who used antenatal care provided by skilled health personnel at least 3 times during pregnancy. Denominator population: Total ANC registered."
"","Derived indicator","ANC 100 IFA coverage rate","% of women who were given at least 100 IFA tablets","Antenatal care and high-risk pregnancy","Maternal, newborn and reproductive health","Historical technical definition","NHSRC HMIS programme-manager training manual, public PDF hosted 2021","National Health Systems Resource Centre","https://nhsrcindia.org/training-and-tools","Percentage/proportion","%","(numerator ÷ denominator) × 100","Total ANC registered","% of women who were given at least 100 IFA tablets. Denominator population: Total ANC registered."
"","Derived indicator","Full immunization coverage rate","% of children aged between 9 and 11 months who have been fully immunized (Child given one dose of BCG, three dosages of DPT i.e. DPT 1,2,3; three dosages of polio i.e. OPV 1,2,3 and a dosage of Measles)","Immunization","Child, adolescent and nutrition services","Historical technical definition","NHSRC HMIS programme-manager training manual, public PDF hosted 2021","National Health Systems Resource Centre","https://nhsrcindia.org/training-and-tools","Percentage/proportion","%","(numerator ÷ denominator) × 100","Estimated children below 1 year","% of children aged between 9 and 11 months who have been fully immunized (Child given one dose of BCG, three dosages of DPT i.e. DPT 1,2,3; three dosages of polio i.e. OPV 1,2,3 and a dosage of Measles). Denominator population: Estimated children below 1 year."
"","Derived indicator","BCG Coverage rate","The percentage of live births that received BCG within one year","Immunization","Child, adolescent and nutrition services","Historical technical definition","NHSRC HMIS programme-manager training manual, public PDF hosted 2021","National Health Systems Resource Centre","https://nhsrcindia.org/training-and-tools","Percentage/proportion","%","(numerator ÷ denominator) × 100","Estimated children below 1 year","The percentage of live births that received BCG within one year. Denominator population: Estimated children below 1 year."
"","Derived indicator","DPT3 Coverage rate","The percentage of children who received their 3 doses of DTP-3","Immunization","Child, adolescent and nutrition services","Historical technical definition","NHSRC HMIS programme-manager training manual, public PDF hosted 2021","National Health Systems Resource Centre","https://nhsrcindia.org/training-and-tools","Percentage/proportion","%","(numerator ÷ denominator) × 100","Estimated children below 1 year","The percentage of children who received their 3 doses of DTP-3. Denominator population: Estimated children below 1 year."
"","Derived indicator","OPV3 Coverage rate","The percentage of children under 1 immunised with OPV dose 3.","Immunization","Child, adolescent and nutrition services","Historical technical definition","NHSRC HMIS programme-manager training manual, public PDF hosted 2021","National Health Systems Resource Centre","https://nhsrcindia.org/training-and-tools","Percentage/proportion","%","(numerator ÷ denominator) × 100","Estimated children below 1 year","The percentage of children under 1 immunised with OPV dose 3. Denominator population: Estimated children below 1 year."
"","Derived indicator","Measles coverage rate","The percentage of children who received their measles dose (normally at 9 months)","Immunization","Child, adolescent and nutrition services","Historical technical definition","NHSRC HMIS programme-manager training manual, public PDF hosted 2021","National Health Systems Resource Centre","https://nhsrcindia.org/training-and-tools","Percentage/proportion","%","(numerator ÷ denominator) × 100","Estimated children below 1 year","The percentage of children who received their measles dose (normally at 9 months). Denominator population: Estimated children below 1 year."
"","Derived indicator","BCG - measles dropout rates","% of children who dropped out of immunisation schedule between BCG dose measles dose","Immunization","Child, adolescent and nutrition services","Historical technical definition","NHSRC HMIS programme-manager training manual, public PDF hosted 2021","National Health Systems Resource Centre","https://nhsrcindia.org/training-and-tools","Percentage/proportion","%","(numerator ÷ denominator) × 100","Number of children given BCG","% of children who dropped out of immunisation schedule between BCG dose measles dose. Denominator population: Number of children given BCG."
"","Derived indicator","DPT3 - Measles dropout rate","The percentage of children who dropped out of the immunisation schedule between the third doses (normally at 14 weeks) and the measles dose (normally at 9 months)","Immunization","Child, adolescent and nutrition services","Historical technical definition","NHSRC HMIS programme-manager training manual, public PDF hosted 2021","National Health Systems Resource Centre","https://nhsrcindia.org/training-and-tools","Percentage/proportion","%","(numerator ÷ denominator) × 100","Number of children given DPT3","The percentage of children who dropped out of the immunisation schedule between the third doses (normally at 14 weeks) and the measles dose (normally at 9 months). Denominator population: Number of children given DPT3."
"","Derived indicator","Institutional delivery Rate (Public facilities )","% of deliveries conducted at public institution/facility","Delivery and intrapartum care","Maternal, newborn and reproductive health","Historical technical definition","NHSRC HMIS programme-manager training manual, public PDF hosted 2021","National Health Systems Resource Centre","https://nhsrcindia.org/training-and-tools","Percentage/proportion","%","(numerator ÷ denominator) × 100","Estimated deliveries","% of deliveries conducted at public institution/facility. Denominator population: Estimated deliveries."
"","Derived indicator","Institutional delivery Rate","% of deliveries conducted at public and private institution/facility","Delivery and intrapartum care","Maternal, newborn and reproductive health","Historical technical definition","NHSRC HMIS programme-manager training manual, public PDF hosted 2021","National Health Systems Resource Centre","https://nhsrcindia.org/training-and-tools","Percentage/proportion","%","(numerator ÷ denominator) × 100","Estimated deliveries","% of deliveries conducted at public and private institution/facility. Denominator population: Estimated deliveries."
"","Derived indicator","Home Delivery Rate","% of deliveries conducted at home","Delivery and intrapartum care","Maternal, newborn and reproductive health","Historical technical definition","NHSRC HMIS programme-manager training manual, public PDF hosted 2021","National Health Systems Resource Centre","https://nhsrcindia.org/training-and-tools","Percentage/proportion","%","(numerator ÷ denominator) × 100","Estimated deliveries","% of deliveries conducted at home. Denominator population: Estimated deliveries."
"","Derived indicator","Skilled Birth Attendant (SBA) Delivery Rate","Proportion of total deliveries assisted by a Skilled Birth Attendant (at home and at institutions)","Delivery and intrapartum care","Maternal, newborn and reproductive health","Historical technical definition","NHSRC HMIS programme-manager training manual, public PDF hosted 2021","National Health Systems Resource Centre","https://nhsrcindia.org/training-and-tools","Percentage/proportion","%","(numerator ÷ denominator) × 100","Total reported deliveries","Proportion of total deliveries assisted by a Skilled Birth Attendant (at home and at institutions). Denominator population: Total reported deliveries."
"","Derived indicator","Caesarean section rate","Proportion of C- section deliveries out of total reported institutional deliveries.","Delivery and intrapartum care","Maternal, newborn and reproductive health","Historical technical definition","NHSRC HMIS programme-manager training manual, public PDF hosted 2021","National Health Systems Resource Centre","https://nhsrcindia.org/training-and-tools","Percentage/proportion","%","(numerator ÷ denominator) × 100","Total institutional deliveries (Caesarean section + Normal delivery)","Proportion of C- section deliveries out of total reported institutional deliveries. Denominator population: Total institutional deliveries (Caesarean section + Normal delivery)."
"","Derived indicator","PNC (within 48hrs) rate","% of women who received post natal care checkup done within 48 hrs of delivery","Delivery and intrapartum care","Maternal, newborn and reproductive health","Historical technical definition","NHSRC HMIS programme-manager training manual, public PDF hosted 2021","National Health Systems Resource Centre","https://nhsrcindia.org/training-and-tools","Percentage/proportion","%","(numerator ÷ denominator) × 100","Reported deliveries (Institutional + Home)","% of women who received post natal care checkup done within 48 hrs of delivery. Denominator population: Reported deliveries (Institutional + Home)."
"","Derived indicator","PNC (between 48hrs & 14 days)rate","% of women who received post natal care checkup done between 48 hrs and 14 days of delivery","Delivery and intrapartum care","Maternal, newborn and reproductive health","Historical technical definition","NHSRC HMIS programme-manager training manual, public PDF hosted 2021","National Health Systems Resource Centre","https://nhsrcindia.org/training-and-tools","Percentage/proportion","%","(numerator ÷ denominator) × 100","Reported deliveries (Institutional + Home)","% of women who received post natal care checkup done between 48 hrs and 14 days of delivery. Denominator population: Reported deliveries (Institutional + Home)."
"","Derived indicator","Contraceptive prevalence Rate (all methods)","Proportion of eligible couples using family planningmethod.","Family planning","Maternal, newborn and reproductive health","Historical technical definition","NHSRC HMIS programme-manager training manual, public PDF hosted 2021","National Health Systems Resource Centre","https://nhsrcindia.org/training-and-tools","Percentage/proportion","%","(numerator ÷ denominator) × 100","Number of eligible couples","Proportion of eligible couples using family planningmethod. Denominator population: Number of eligible couples."
"","Derived indicator","Sterilization coverage rate","Coverage contribution of sterilization to overall family planningmethod","Family planning","Maternal, newborn and reproductive health","Historical technical definition","NHSRC HMIS programme-manager training manual, public PDF hosted 2021","National Health Systems Resource Centre","https://nhsrcindia.org/training-and-tools","","Not specified","Numerator ÷ denominator; multiplier not stated","Not supplied in registry metadata; consult the authoritative source","Coverage contribution of sterilization to overall family planningmethod. Denominator population: Not supplied in registry metadata; consult the authoritative source."
"","Derived indicator","IUD","Coverage contribution of IUD to overall family planningmethod","Family planning","Maternal, newborn and reproductive health","Historical technical definition","NHSRC HMIS programme-manager training manual, public PDF hosted 2021","National Health Systems Resource Centre","https://nhsrcindia.org/training-and-tools","","Not specified","Numerator ÷ denominator; multiplier not stated","Not supplied in registry metadata; consult the authoritative source","Coverage contribution of IUD to overall family planningmethod. Denominator population: Not supplied in registry metadata; consult the authoritative source."
"","Derived indicator","OCP","Coverage contribution of OCP to overall family planningmethod -","Family planning","Maternal, newborn and reproductive health","Historical technical definition","NHSRC HMIS programme-manager training manual, public PDF hosted 2021","National Health Systems Resource Centre","https://nhsrcindia.org/training-and-tools","Percentage/proportion","%","(numerator ÷ denominator) × 100","eligible couples","Coverage contribution of OCP to overall family planningmethod -. Denominator population: eligible couples."
"","Derived indicator","Condoms","Coverage contribution of OCP to overall family planningmethod -","Family planning","Maternal, newborn and reproductive health","Historical technical definition","NHSRC HMIS programme-manager training manual, public PDF hosted 2021","National Health Systems Resource Centre","https://nhsrcindia.org/training-and-tools","Percentage/proportion","%","(numerator ÷ denominator) × 100","eligible couples","Coverage contribution of OCP to overall family planningmethod -. Denominator population: eligible couples."
"","Derived indicator","Proportion of Limitingmethods","Coverage contribution of sterilization(all) to overall family planningmethod","Family planning","Maternal, newborn and reproductive health","Historical technical definition","NHSRC HMIS programme-manager training manual, public PDF hosted 2021","National Health Systems Resource Centre","https://nhsrcindia.org/training-and-tools","Percentage/proportion","%","(numerator ÷ denominator) × 100","All FP Users","Coverage contribution of sterilization(all) to overall family planningmethod. Denominator population: All FP Users."
"","Derived indicator","Proportion of Spacingmethods","Coverage contribution of spacing (all) to overall family planningmethod","Family planning","Maternal, newborn and reproductive health","Historical technical definition","NHSRC HMIS programme-manager training manual, public PDF hosted 2021","National Health Systems Resource Centre","https://nhsrcindia.org/training-and-tools","Percentage/proportion","%","(numerator ÷ denominator) × 100","eligible couples","Coverage contribution of spacing (all) to overall family planningmethod. Denominator population: eligible couples."
"","Derived indicator","% newborns breastfed < 1 hour","Percentage of new born babies breastfed within one hour of birth","Newborn and pregnancy outcomes","Maternal, newborn and reproductive health","Historical technical definition","NHSRC HMIS programme-manager training manual, public PDF hosted 2021","National Health Systems Resource Centre","https://nhsrcindia.org/training-and-tools","Percentage/proportion","%","(numerator ÷ denominator) × 100","Total live births (as recorded)","Percentage of new born babies breastfed within one hour of birth. Denominator population: Total live births (as recorded)."
"","Derived indicator","Sex ratio at birth","Number of females born per 1000 males born in a give time period","Other HMIS reporting","Health services and systems","Historical technical definition","NHSRC HMIS programme-manager training manual, public PDF hosted 2021","National Health Systems Resource Centre","https://nhsrcindia.org/training-and-tools","Ratio","per 1,000","(Numerator ÷ denominator) × 1000","Live Births males","Number of females born per 1000 males born in a give time period. Denominator population: Live Births males."
"","Derived indicator","Low birth weight rate","Percentage of live born infants with a Birth weight under 2,500 grams","Newborn and pregnancy outcomes","Maternal, newborn and reproductive health","Historical technical definition","NHSRC HMIS programme-manager training manual, public PDF hosted 2021","National Health Systems Resource Centre","https://nhsrcindia.org/training-and-tools","Percentage/proportion","%","(numerator ÷ denominator) × 100","Live births weighed","Percentage of live born infants with a Birth weight under 2,500 grams. Denominator population: Live births weighed."
"","Derived indicator","Neonatal mortality rate","Neonatal mortality rate (NNMR) measures the number of live-born babies dying within 28 completed days of life per 1,000 live births.","Newborn and pregnancy outcomes","Maternal, newborn and reproductive health","Historical technical definition","NHSRC HMIS programme-manager training manual, public PDF hosted 2021","National Health Systems Resource Centre","https://nhsrcindia.org/training-and-tools","Rate per population","per 1,000","(Numerator ÷ denominator) × 1000","Live births","Neonatal mortality rate (NNMR) measures the number of live-born babies dying within 28 completed days of life per 1,000 live births. Denominator population: Live births."
"","Derived indicator","Infant Death rate(IDR)","Infant Death rate (IDR) measures the number of deaths of infants under one year of age per 1,000 live births","Newborn and pregnancy outcomes","Maternal, newborn and reproductive health","Historical technical definition","NHSRC HMIS programme-manager training manual, public PDF hosted 2021","National Health Systems Resource Centre","https://nhsrcindia.org/training-and-tools","Rate per population","per 1,000","(Numerator ÷ denominator) × 1000","live births","Infant Death rate (IDR) measures the number of deaths of infants under one year of age per 1,000 live births. Denominator population: live births."
"","Derived indicator","Under 5 Mortality Rate","Under-five mortality rate measures the number of children who die before their fifth birthday per 1000 live births","Newborn and pregnancy outcomes","Maternal, newborn and reproductive health","Historical technical definition","NHSRC HMIS programme-manager training manual, public PDF hosted 2021","National Health Systems Resource Centre","https://nhsrcindia.org/training-and-tools","Rate per population","per 1,000","(Numerator ÷ denominator) × 1000","live births","Under-five mortality rate measures the number of children who die before their fifth birthday per 1000 live births. Denominator population: live births."
"","Derived indicator","Peri Natal Mortality Rate (PNMR)","Peri-natal deaths comprise still births (gestation over 228 weeks / >1000 grams weight) plus early neonatal deaths (infants dying within 7 days).","Antenatal care and high-risk pregnancy","Maternal, newborn and reproductive health","Historical technical definition","NHSRC HMIS programme-manager training manual, public PDF hosted 2021","National Health Systems Resource Centre","https://nhsrcindia.org/training-and-tools","Rate per population","per 1,000","(Numerator ÷ denominator) × 1000","Live Births.","Peri-natal deaths comprise still births (gestation over 228 weeks / >1000 grams weight) plus early neonatal deaths (infants dying within 7 days). Denominator population: Live Births.."
"","Derived indicator","Still birth rate","","Newborn and pregnancy outcomes","Maternal, newborn and reproductive health","Historical technical definition","NHSRC HMIS programme-manager training manual, public PDF hosted 2021","National Health Systems Resource Centre","https://nhsrcindia.org/training-and-tools","","Not specified","Numerator ÷ denominator; multiplier not stated","Total births (Live birth + Still birth)","Still birth rate. Denominator population: Total births (Live birth + Still birth)."
"","Derived indicator","Maternal Mortality Ratio","The death of a woman while pregnant or within 42 days of delivery or termination of pregnancy, irrespective of the duration and site of the pregnancy, from any cause related to or aggravated by the pregnancy or its management but not from accidental causes.","Delivery and intrapartum care","Maternal, newborn and reproductive health","Historical technical definition","NHSRC HMIS programme-manager training manual, public PDF hosted 2021","National Health Systems Resource Centre","https://nhsrcindia.org/training-and-tools","Ratio","per 100,000","(Numerator ÷ denominator) × 1,00,000","Number of live births","The death of a woman while pregnant or within 42 days of delivery or termination of pregnancy, irrespective of the duration and site of the pregnancy, from any cause related to or aggravated by the pregnancy or its management but not from accidental causes. Denominator population: Number of live births."
"","Derived indicator","ANC Moderately anaemic rate(Hb<11gm)","Percentage of pregnant women tested to be moderately anaemic (Hb level <11g)","Antenatal care and high-risk pregnancy","Maternal, newborn and reproductive health","Historical technical definition","NHSRC HMIS programme-manager training manual, public PDF hosted 2021","National Health Systems Resource Centre","https://nhsrcindia.org/training-and-tools","Percentage/proportion","%","(numerator ÷ denominator) × 100","Total ANC registered","Percentage of pregnant women tested to be moderately anaemic (Hb level <11g). Denominator population: Total ANC registered."
"","Derived indicator","ANC hypertension new case detection rate","Percentage of pregnant women detected with hypertension/ high blood pressure (BP>140/90)","Antenatal care and high-risk pregnancy","Maternal, newborn and reproductive health","Historical technical definition","NHSRC HMIS programme-manager training manual, public PDF hosted 2021","National Health Systems Resource Centre","https://nhsrcindia.org/training-and-tools","Percentage/proportion","%","(numerator ÷ denominator) × 100","Total ANC registered","Percentage of pregnant women detected with hypertension/ high blood pressure (BP>140/90). Denominator population: Total ANC registered."
"","Derived indicator","ANC severely anaemic treated rate","Percentage of severely anaemic pregnant women treated ( Hb level <7g)","Antenatal care and high-risk pregnancy","Maternal, newborn and reproductive health","Historical technical definition","NHSRC HMIS programme-manager training manual, public PDF hosted 2021","National Health Systems Resource Centre","https://nhsrcindia.org/training-and-tools","Percentage/proportion","%","(numerator ÷ denominator) × 100","Total ANC registration","Percentage of severely anaemic pregnant women treated ( Hb level <7g). Denominator population: Total ANC registration."
"","Derived indicator","Eclampsia management rate","% of eclampsia cases managed during delivery","Delivery and intrapartum care","Maternal, newborn and reproductive health","Historical technical definition","NHSRC HMIS programme-manager training manual, public PDF hosted 2021","National Health Systems Resource Centre","https://nhsrcindia.org/training-and-tools","Percentage/proportion","%","(numerator ÷ denominator) × 100","Total deliveries (home + institution)","% of eclampsia cases managed during delivery. Denominator population: Total deliveries (home + institution)."
"","Derived indicator","JSY registration rate","% of pregnant women who were registered under JSY scheme.","Antenatal care and high-risk pregnancy","Maternal, newborn and reproductive health","Historical technical definition","NHSRC HMIS programme-manager training manual, public PDF hosted 2021","National Health Systems Resource Centre","https://nhsrcindia.org/training-and-tools","Percentage/proportion","%","(numerator ÷ denominator) × 100","Total ANC registered","% of pregnant women who were registered under JSY scheme. Denominator population: Total ANC registered."
"","Derived indicator","% Institutional Delivery Receiving JSY Benefit","Proportion of women who had institutional delivery received JSY benefit","Antenatal care and high-risk pregnancy","Maternal, newborn and reproductive health","Historical technical definition","NHSRC HMIS programme-manager training manual, public PDF hosted 2021","National Health Systems Resource Centre","https://nhsrcindia.org/training-and-tools","Percentage/proportion","%","(numerator ÷ denominator) × 100","No. of pregnant women registered for JSY","Proportion of women who had institutional delivery received JSY benefit. Denominator population: No. of pregnant women registered for JSY."
"","Derived indicator","IPD as percentage of OPD","Proportion of IPD out of total OPD.","Patient services and utilization","Health services and systems","Historical technical definition","NHSRC HMIS programme-manager training manual, public PDF hosted 2021","National Health Systems Resource Centre","https://nhsrcindia.org/training-and-tools","Percentage/proportion","%","(numerator ÷ denominator) × 100","Total OPD","Proportion of IPD out of total OPD. Denominator population: Total OPD."
"","Derived indicator","Operation major (General and spinal anaesthesia) as %of OPD","Percentage of major operations conducted against total OPD attendance","Patient services and utilization","Health services and systems","Historical technical definition","NHSRC HMIS programme-manager training manual, public PDF hosted 2021","National Health Systems Resource Centre","https://nhsrcindia.org/training-and-tools","Percentage/proportion","%","(numerator ÷ denominator) × 100","Total OPD","Percentage of major operations conducted against total OPD attendance. Denominator population: Total OPD."
"","Derived indicator","Operation minor (No or local anaesthesia) as % of OPD","Percentage of minor operations conducted against total OPD attendance","Patient services and utilization","Health services and systems","Historical technical definition","NHSRC HMIS programme-manager training manual, public PDF hosted 2021","National Health Systems Resource Centre","https://nhsrcindia.org/training-and-tools","Percentage/proportion","%","(numerator ÷ denominator) × 100","Total OPD","Percentage of minor operations conducted against total OPD attendance. Denominator population: Total OPD."
"","Derived indicator","Dental utilization ratio","Dental Procedures as % of OPD","Patient services and utilization","Health services and systems","Historical technical definition","NHSRC HMIS programme-manager training manual, public PDF hosted 2021","National Health Systems Resource Centre","https://nhsrcindia.org/training-and-tools","Percentage/proportion","%","(numerator ÷ denominator) × 100","Total OPD","Dental Procedures as % of OPD. Denominator population: Total OPD."
"","Derived indicator","Bed occupancy rate","Percentage of bed occupancy against total beds available in a facility in a given time period","Patient services and utilization","Health services and systems","Historical technical definition","NHSRC HMIS programme-manager training manual, public PDF hosted 2021","National Health Systems Resource Centre","https://nhsrcindia.org/training-and-tools","Percentage/proportion","%","(numerator ÷ denominator) × 100","Total Bed days available (total number of days for which indicator is calculated x total number of beds)","Percentage of bed occupancy against total beds available in a facility in a given time period. Denominator population: Total Bed days available (total number of days for which indicator is calculated x total number of beds)."
"","Derived indicator","HIV positive as % of HIV tested","Proportion of HIV +ve cases(all)out of total tested for HIV.","STI/HIV services","Maternal, newborn and reproductive health","Historical technical definition","NHSRC HMIS programme-manager training manual, public PDF hosted 2021","National Health Systems Resource Centre","https://nhsrcindia.org/training-and-tools","Percentage/proportion","%","(numerator ÷ denominator) × 100","Total HIV test conducted","Proportion of HIV +ve cases(all)out of total tested for HIV. Denominator population: Total HIV test conducted."
"","Derived indicator","Proportion of antenatal women tested for HIV","Proportion of pregnant women who were tested for HIV .","Antenatal care and high-risk pregnancy","Maternal, newborn and reproductive health","Historical technical definition","NHSRC HMIS programme-manager training manual, public PDF hosted 2021","National Health Systems Resource Centre","https://nhsrcindia.org/training-and-tools","Percentage/proportion","%","(numerator ÷ denominator) × 100","Total ANC Registration","Proportion of pregnant women who were tested for HIV . Denominator population: Total ANC Registration."
"","Derived indicator","HIV prevalence among antenatal (ANC) tested","Proportion of ANC who were found to be HIV +ve after test","Antenatal care and high-risk pregnancy","Maternal, newborn and reproductive health","Historical technical definition","NHSRC HMIS programme-manager training manual, public PDF hosted 2021","National Health Systems Resource Centre","https://nhsrcindia.org/training-and-tools","Percentage/proportion","%","(numerator ÷ denominator) × 100","Antenatal women tested for HIV","Proportion of ANC who were found to be HIV +ve after test. Denominator population: Antenatal women tested for HIV."
"","Derived indicator","HIV prevalence among non ANC tested (excluding ANC women)","Proportion of non- ANC who were found to be HIV +ve after test","Antenatal care and high-risk pregnancy","Maternal, newborn and reproductive health","Historical technical definition","NHSRC HMIS programme-manager training manual, public PDF hosted 2021","National Health Systems Resource Centre","https://nhsrcindia.org/training-and-tools","Percentage/proportion","%","(numerator ÷ denominator) × 100","HIV tested (excluding antenatal)","Proportion of non- ANC who were found to be HIV +ve after test. Denominator population: HIV tested (excluding antenatal)."
"","Derived indicator","HIV prevalence amongmales tested","Proportion of HIV+ cases among total number of males tested","STI/HIV services","Maternal, newborn and reproductive health","Historical technical definition","NHSRC HMIS programme-manager training manual, public PDF hosted 2021","National Health Systems Resource Centre","https://nhsrcindia.org/training-and-tools","Percentage/proportion","%","(numerator ÷ denominator) × 100","No. of males tested for HIV","Proportion of HIV+ cases among total number of males tested. Denominator population: No. of males tested for HIV."
"","Derived indicator","Annual parasite incidence","Confirmed cases during 1 year/populatio n under surveillance) x 1000.","Vector-borne diseases","Communicable diseases","Historical technical definition","NHSRC HMIS programme-manager training manual, public PDF hosted 2021","National Health Systems Resource Centre","https://nhsrcindia.org/training-and-tools","Rate per population","per 1,000","(Numerator ÷ denominator) × 1000","Total population","Confirmed cases during 1 year/populatio n under surveillance) x 1000. Denominator population: Total population."
"","Derived indicator","Annual Blood Examination rate (ABER)","Number of slides examined","Vector-borne diseases","Communicable diseases","Historical technical definition","NHSRC HMIS programme-manager training manual, public PDF hosted 2021","National Health Systems Resource Centre","https://nhsrcindia.org/training-and-tools","Percentage/proportion","%","(numerator ÷ denominator) × 100","Total population","Number of slides examined. Denominator population: Total population."
"","Derived indicator","Diarrhoea incidence under 5 years (per 1,000)","The number of children under 5 years with diarrhoea per 1,000 population under 5 years per year.","Childhood illness","Child, adolescent and nutrition services","Historical technical definition","NHSRC HMIS programme-manager training manual, public PDF hosted 2021","National Health Systems Resource Centre","https://nhsrcindia.org/training-and-tools","Rate per population","per 1,000","(Numerator ÷ denominator) × 1000","Total children under 5 years","The number of children under 5 years with diarrhoea per 1,000 population under 5 years per year. Denominator population: Total children under 5 years."
"","Data element","10 year and above to below 19 years","Monthly HMIS reporting element: 10 year and above to below 19 years.","Mortality and death review","Mortality and vital events","Current public form candidate","Revised HMIS formats effective April 2025","Official NHM state-hosted copy","https://nhm.hp.gov.in/reporting-formats","","Not specified","","Not supplied in registry metadata; consult the authoritative source","Monthly HMIS reporting element: 10 year and above to below 19 years. Denominator population: Not supplied in registry metadata; consult the authoritative source."
"","Data element","5 years and above to below 10 years","Monthly HMIS reporting element: 5 years and above to below 10 years.","Mortality and death review","Mortality and vital events","Current public form candidate","Revised HMIS formats effective April 2025","Official NHM state-hosted copy","https://nhm.hp.gov.in/reporting-formats","","Not specified","","Not supplied in registry metadata; consult the authoritative source","Monthly HMIS reporting element: 5 years and above to below 10 years. Denominator population: Not supplied in registry metadata; consult the authoritative source."
"","Data element","Abortion (spontaneous)","Monthly HMIS reporting element: Abortion (spontaneous).","Antenatal care and high-risk pregnancy","Maternal, newborn and reproductive health","Current public form candidate","Revised HMIS formats effective April 2025","Official NHM state-hosted copy","https://nhm.hp.gov.in/reporting-formats","","Not specified","","Not supplied in registry metadata; consult the authoritative source","Monthly HMIS reporting element: Abortion (spontaneous). Denominator population: Not supplied in registry metadata; consult the authoritative source."
"","Data element","Acute Encephalitis Syndrome/ Japanese Encephalitis (AES/ JE)","Monthly HMIS reporting element: Acute Encephalitis Syndrome/ Japanese Encephalitis (AES/ JE).","Vector-borne diseases","Communicable diseases","Current public form candidate","Revised HMIS formats effective April 2025","Official NHM state-hosted copy","https://nhm.hp.gov.in/reporting-formats","","Not specified","","Not supplied in registry metadata; consult the authoritative source","Monthly HMIS reporting element: Acute Encephalitis Syndrome/ Japanese Encephalitis (AES/ JE). Denominator population: Not supplied in registry metadata; consult the authoritative source."
"","Data element","Adolescent Friendly Health Clinics (AFHCs)","Monthly HMIS reporting element: Adolescent Friendly Health Clinics (AFHCs).","Adolescent health","Child, adolescent and nutrition services","Current public form candidate","Revised HMIS formats effective April 2025","Official NHM state-hosted copy","https://nhm.hp.gov.in/reporting-formats","","Not specified","","Not supplied in registry metadata; consult the authoritative source","Monthly HMIS reporting element: Adolescent Friendly Health Clinics (AFHCs). Denominator population: Not supplied in registry metadata; consult the authoritative source."
"","Data element","Adult 19 years and above","Monthly HMIS reporting element: Adult 19 years and above.","Mortality and death review","Mortality and vital events","Current public form candidate","Revised HMIS formats effective April 2025","Official NHM state-hosted copy","https://nhm.hp.gov.in/reporting-formats","","Not specified","","Not supplied in registry metadata; consult the authoritative source","Monthly HMIS reporting element: Adult 19 years and above. Denominator population: Not supplied in registry metadata; consult the authoritative source."
"","Data element","Adverse Event Following Immunisation (AEFI)","Monthly HMIS reporting element: Adverse Event Following Immunisation (AEFI).","Immunization","Child, adolescent and nutrition services","Current public form candidate","Revised HMIS formats effective April 2025","Official NHM state-hosted copy","https://nhm.hp.gov.in/reporting-formats","","Not specified","","Not supplied in registry metadata; consult the authoritative source","Monthly HMIS reporting element: Adverse Event Following Immunisation (AEFI). Denominator population: Not supplied in registry metadata; consult the authoritative source."
"","Data element","Age wise maternal deaths reported at block level (Home & Transit deaths)","Monthly HMIS reporting element: Age wise maternal deaths reported at block level (Home & Transit deaths).","Mortality and death review","Mortality and vital events","Current public form candidate","Revised HMIS formats effective April 2025","Official NHM state-hosted copy","https://nhm.hp.gov.in/reporting-formats","","Not specified","","Not supplied in registry metadata; consult the authoritative source","Monthly HMIS reporting element: Age wise maternal deaths reported at block level (Home & Transit deaths). Denominator population: Not supplied in registry metadata; consult the authoritative source."
"","Data element","Age wise total Maternal Deaths, occurred at Facility","Monthly HMIS reporting element: Age wise total Maternal Deaths, occurred at Facility.","Mortality and death review","Mortality and vital events","Current public form candidate","Revised HMIS formats effective April 2025","Official NHM state-hosted copy","https://nhm.hp.gov.in/reporting-formats","","Not specified","","Not supplied in registry metadata; consult the authoritative source","Monthly HMIS reporting element: Age wise total Maternal Deaths, occurred at Facility. Denominator population: Not supplied in registry metadata; consult the authoritative source."
"","Data element","Age wise total number of delivery (Home +Institutional) reported (2.3.1+2.3.2+2.3.3+2.3.4)","Monthly HMIS reporting element: Age wise total number of delivery (Home +Institutional) reported (2.3.1+2.3.2+2.3.3+2.3.4).","Delivery and intrapartum care","Maternal, newborn and reproductive health","Current public form candidate","Revised HMIS formats effective April 2025","Official NHM state-hosted copy","https://nhm.hp.gov.in/reporting-formats","","Not specified","","Not supplied in registry metadata; consult the authoritative source","Monthly HMIS reporting element: Age wise total number of delivery (Home +Institutional) reported (2.3.1+2.3.2+2.3.3+2.3.4). Denominator population: Not supplied in registry metadata; consult the authoritative source."
"","Data element","Albendazole 400 mg Tablets","Monthly HMIS reporting element: Albendazole 400 mg Tablets.","Medicines, supplies and equipment","Health services and systems","Current public form candidate","Revised HMIS formats effective April 2025","Official NHM state-hosted copy","https://nhm.hp.gov.in/reporting-formats","","Not specified","","Not supplied in registry metadata; consult the authoritative source","Monthly HMIS reporting element: Albendazole 400 mg Tablets. Denominator population: Not supplied in registry metadata; consult the authoritative source."
"","Data element","Allopathic- Outpatient attendance","Monthly HMIS reporting element: Allopathic- Outpatient attendance.","Tuberculosis services","Communicable diseases","Current public form candidate","Revised HMIS formats effective April 2025","Official NHM state-hosted copy","https://nhm.hp.gov.in/reporting-formats","","Not specified","","Not supplied in registry metadata; consult the authoritative source","Monthly HMIS reporting element: Allopathic- Outpatient attendance. Denominator population: Not supplied in registry metadata; consult the authoritative source."
"","Data element","Anaemia- Identified & Treated","Monthly HMIS reporting element: Anaemia- Identified & Treated.","Anaemia and nutrition","Child, adolescent and nutrition services","Current public form candidate","Revised HMIS formats effective April 2025","Official NHM state-hosted copy","https://nhm.hp.gov.in/reporting-formats","","Not specified","","Not supplied in registry metadata; consult the authoritative source","Monthly HMIS reporting element: Anaemia- Identified & Treated. Denominator population: Not supplied in registry metadata; consult the authoritative source."
"","Data element","ANC services","Monthly HMIS reporting element: ANC services.","Antenatal care and high-risk pregnancy","Maternal, newborn and reproductive health","Current public form candidate","Revised HMIS formats effective April 2025","Official NHM state-hosted copy","https://nhm.hp.gov.in/reporting-formats","","Not specified","","Not supplied in registry metadata; consult the authoritative source","Monthly HMIS reporting element: ANC services. Denominator population: Not supplied in registry metadata; consult the authoritative source."
"","Data element","Antepartum (Macerated) Still Birth","Monthly HMIS reporting element: Antepartum (Macerated) Still Birth.","Antenatal care and high-risk pregnancy","Maternal, newborn and reproductive health","Current public form candidate","Revised HMIS formats effective April 2025","Official NHM state-hosted copy","https://nhm.hp.gov.in/reporting-formats","","Not specified","","Not supplied in registry metadata; consult the authoritative source","Monthly HMIS reporting element: Antepartum (Macerated) Still Birth. Denominator population: Not supplied in registry metadata; consult the authoritative source."
"","Data element","Average kilometres travelled by all ALS Ambulances in the district during the month","Monthly HMIS reporting element: Average kilometres travelled by all ALS Ambulances in the district during the month.","Patient services and utilization","Health services and systems","Current public form candidate","Revised HMIS formats effective April 2025","Official NHM state-hosted copy","https://nhm.hp.gov.in/reporting-formats","","Not specified","","Not supplied in registry metadata; consult the authoritative source","Monthly HMIS reporting element: Average kilometres travelled by all ALS Ambulances in the district during the month. Denominator population: Not supplied in registry metadata; consult the authoritative source."
"","Data element","Average kilometres travelled by all BLS Ambulances in the district during the month","Monthly HMIS reporting element: Average kilometres travelled by all BLS Ambulances in the district during the month.","Patient services and utilization","Health services and systems","Current public form candidate","Revised HMIS formats effective April 2025","Official NHM state-hosted copy","https://nhm.hp.gov.in/reporting-formats","","Not specified","","Not supplied in registry metadata; consult the authoritative source","Monthly HMIS reporting element: Average kilometres travelled by all BLS Ambulances in the district during the month. Denominator population: Not supplied in registry metadata; consult the authoritative source."
"","Data element","Average number of trips per day by all ALS Ambulances in the district during the month","Monthly HMIS reporting element: Average number of trips per day by all ALS Ambulances in the district during the month.","Patient services and utilization","Health services and systems","Current public form candidate","Revised HMIS formats effective April 2025","Official NHM state-hosted copy","https://nhm.hp.gov.in/reporting-formats","","Not specified","","Not supplied in registry metadata; consult the authoritative source","Monthly HMIS reporting element: Average number of trips per day by all ALS Ambulances in the district during the month. Denominator population: Not supplied in registry metadata; consult the authoritative source."
"","Data element","Average number of trips per day by all BLS Ambulances in the district during the month","Monthly HMIS reporting element: Average number of trips per day by all BLS Ambulances in the district during the month.","Patient services and utilization","Health services and systems","Current public form candidate","Revised HMIS formats effective April 2025","Official NHM state-hosted copy","https://nhm.hp.gov.in/reporting-formats","","Not specified","","Not supplied in registry metadata; consult the authoritative source","Monthly HMIS reporting element: Average number of trips per day by all BLS Ambulances in the district during the month. Denominator population: Not supplied in registry metadata; consult the authoritative source."
"","Data element","Average response time (call to scene) for all ALS Ambulances in the district during the month","Monthly HMIS reporting element: Average response time (call to scene) for all ALS Ambulances in the district during the month.","Patient services and utilization","Health services and systems","Current public form candidate","Revised HMIS formats effective April 2025","Official NHM state-hosted copy","https://nhm.hp.gov.in/reporting-formats","","Not specified","","Not supplied in registry metadata; consult the authoritative source","Monthly HMIS reporting element: Average response time (call to scene) for all ALS Ambulances in the district during the month. Denominator population: Not supplied in registry metadata; consult the authoritative source."
"","Data element","Average response time (call to scene) for all BLS Ambulances in the district during the month","Monthly HMIS reporting element: Average response time (call to scene) for all BLS Ambulances in the district during the month.","Patient services and utilization","Health services and systems","Current public form candidate","Revised HMIS formats effective April 2025","Official NHM state-hosted copy","https://nhm.hp.gov.in/reporting-formats","","Not specified","","Not supplied in registry metadata; consult the authoritative source","Monthly HMIS reporting element: Average response time (call to scene) for all BLS Ambulances in the district during the month. Denominator population: Not supplied in registry metadata; consult the authoritative source."
"","Data element","Ayush - Outpatient attendance","Monthly HMIS reporting element: Ayush - Outpatient attendance.","Tuberculosis services","Communicable diseases","Current public form candidate","Revised HMIS formats effective April 2025","Official NHM state-hosted copy","https://nhm.hp.gov.in/reporting-formats","","Not specified","","Not supplied in registry metadata; consult the authoritative source","Monthly HMIS reporting element: Ayush - Outpatient attendance. Denominator population: Not supplied in registry metadata; consult the authoritative source."
"","Data element","Beneficiaries diagnosed with mild and moderate Anaemia, put on treatment","Monthly HMIS reporting element: Beneficiaries diagnosed with mild and moderate Anaemia, put on treatment.","Anaemia and nutrition","Child, adolescent and nutrition services","Current public form candidate","Revised HMIS formats effective April 2025","Official NHM state-hosted copy","https://nhm.hp.gov.in/reporting-formats","","Not specified","","Not supplied in registry metadata; consult the authoritative source","Monthly HMIS reporting element: Beneficiaries diagnosed with mild and moderate Anaemia, put on treatment. Denominator population: Not supplied in registry metadata; consult the authoritative source."
"","Data element","Beneficiaries diagnosed with Severe Anaemia, put on treatment","Monthly HMIS reporting element: Beneficiaries diagnosed with Severe Anaemia, put on treatment.","Anaemia and nutrition","Child, adolescent and nutrition services","Current public form candidate","Revised HMIS formats effective April 2025","Official NHM state-hosted copy","https://nhm.hp.gov.in/reporting-formats","","Not specified","","Not supplied in registry metadata; consult the authoritative source","Monthly HMIS reporting element: Beneficiaries diagnosed with Severe Anaemia, put on treatment. Denominator population: Not supplied in registry metadata; consult the authoritative source."
"","Data element","Beneficiaries identified with Mild and Moderate Anaemia","Monthly HMIS reporting element: Beneficiaries identified with Mild and Moderate Anaemia.","Anaemia and nutrition","Child, adolescent and nutrition services","Current public form candidate","Revised HMIS formats effective April 2025","Official NHM state-hosted copy","https://nhm.hp.gov.in/reporting-formats","","Not specified","","Not supplied in registry metadata; consult the authoritative source","Monthly HMIS reporting element: Beneficiaries identified with Mild and Moderate Anaemia. Denominator population: Not supplied in registry metadata; consult the authoritative source."
"","Data element","Beneficiaries identified with Severe Anaemia","Monthly HMIS reporting element: Beneficiaries identified with Severe Anaemia.","Anaemia and nutrition","Child, adolescent and nutrition services","Current public form candidate","Revised HMIS formats effective April 2025","Official NHM state-hosted copy","https://nhm.hp.gov.in/reporting-formats","","Not specified","","Not supplied in registry metadata; consult the authoritative source","Monthly HMIS reporting element: Beneficiaries identified with Severe Anaemia. Denominator population: Not supplied in registry metadata; consult the authoritative source."
"","Data element","Biomedical Equipment Management & Maintenance Program","Monthly HMIS reporting element: Biomedical Equipment Management & Maintenance Program.","Medicines, supplies and equipment","Health services and systems","Current public form candidate","Revised HMIS formats effective April 2025","Official NHM state-hosted copy","https://nhm.hp.gov.in/reporting-formats","","Not specified","","Not supplied in registry metadata; consult the authoritative source","Monthly HMIS reporting element: Biomedical Equipment Management & Maintenance Program. Denominator population: Not supplied in registry metadata; consult the authoritative source."
"","Data element","Boys registered in AFHC","Monthly HMIS reporting element: Boys registered in AFHC.","Adolescent health","Child, adolescent and nutrition services","Current public form candidate","Revised HMIS formats effective April 2025","Official NHM state-hosted copy","https://nhm.hp.gov.in/reporting-formats","","Not specified","","Not supplied in registry metadata; consult the authoritative source","Monthly HMIS reporting element: Boys registered in AFHC. Denominator population: Not supplied in registry metadata; consult the authoritative source."
"","Data element","Cause wise maternal deaths reported at block level (Home & Transit deaths)","Monthly HMIS reporting element: Cause wise maternal deaths reported at block level (Home & Transit deaths).","Mortality and death review","Mortality and vital events","Current public form candidate","Revised HMIS formats effective April 2025","Official NHM state-hosted copy","https://nhm.hp.gov.in/reporting-formats","","Not specified","","Not supplied in registry metadata; consult the authoritative source","Monthly HMIS reporting element: Cause wise maternal deaths reported at block level (Home & Transit deaths). Denominator population: Not supplied in registry metadata; consult the authoritative source."
"","Data element","Chikungunya Enzyme- Linked Immuno Sorbent Assay (ELISA) test conducted","Monthly HMIS reporting element: Chikungunya Enzyme- Linked Immuno Sorbent Assay (ELISA) test conducted.","Vector-borne diseases","Communicable diseases","Current public form candidate","Revised HMIS formats effective April 2025","Official NHM state-hosted copy","https://nhm.hp.gov.in/reporting-formats","","Not specified","","Not supplied in registry metadata; consult the authoritative source","Monthly HMIS reporting element: Chikungunya Enzyme- Linked Immuno Sorbent Assay (ELISA) test conducted. Denominator population: Not supplied in registry metadata; consult the authoritative source."
"","Data element","Chikungunya Enzyme- Linked Immuno Sorbent Assay (ELISA) test found positive","Monthly HMIS reporting element: Chikungunya Enzyme- Linked Immuno Sorbent Assay (ELISA) test found positive.","Vector-borne diseases","Communicable diseases","Current public form candidate","Revised HMIS formats effective April 2025","Official NHM state-hosted copy","https://nhm.hp.gov.in/reporting-formats","","Not specified","","Not supplied in registry metadata; consult the authoritative source","Monthly HMIS reporting element: Chikungunya Enzyme- Linked Immuno Sorbent Assay (ELISA) test found positive. Denominator population: Not supplied in registry metadata; consult the authoritative source."
"","Data element","Child Deaths between 1 - below 5 years due to","Monthly HMIS reporting element: Child Deaths between 1 - below 5 years due to.","Mortality and death review","Mortality and vital events","Current public form candidate","Revised HMIS formats effective April 2025","Official NHM state-hosted copy","https://nhm.hp.gov.in/reporting-formats","","Not specified","","Not supplied in registry metadata; consult the authoritative source","Monthly HMIS reporting element: Child Deaths between 1 - below 5 years due to. Denominator population: Not supplied in registry metadata; consult the authoritative source."
"","Data element","Child immunisation (9-11months) - JE 1st dose","Monthly HMIS reporting element: Child immunisation (9-11months) - JE 1st dose.","Immunization","Child, adolescent and nutrition services","Current public form candidate","Revised HMIS formats effective April 2025","Official NHM state-hosted copy","https://nhm.hp.gov.in/reporting-formats","","Not specified","","Not supplied in registry metadata; consult the authoritative source","Monthly HMIS reporting element: Child immunisation (9-11months) - JE 1st dose. Denominator population: Not supplied in registry metadata; consult the authoritative source."
"","Data element","Child immunisation (9-11months) - Measles & Rubella (MR)/Measles containing vaccine(MCV) - 1st Dose","Monthly HMIS reporting element: Child immunisation (9-11months) - Measles & Rubella (MR)/Measles containing vaccine(MCV) - 1st Dose.","Immunization","Child, adolescent and nutrition services","Current public form candidate","Revised HMIS formats effective April 2025","Official NHM state-hosted copy","https://nhm.hp.gov.in/reporting-formats","","Not specified","","Not supplied in registry metadata; consult the authoritative source","Monthly HMIS reporting element: Child immunisation (9-11months) - Measles & Rubella (MR)/Measles containing vaccine(MCV) - 1st Dose. Denominator population: Not supplied in registry metadata; consult the authoritative source."
"","Data element","Child immunisation (after 12 months-delayed vaccination) - JE 1st dose","Monthly HMIS reporting element: Child immunisation (after 12 months-delayed vaccination) - JE 1st dose.","Immunization","Child, adolescent and nutrition services","Current public form candidate","Revised HMIS formats effective April 2025","Official NHM state-hosted copy","https://nhm.hp.gov.in/reporting-formats","","Not specified","","Not supplied in registry metadata; consult the authoritative source","Monthly HMIS reporting element: Child immunisation (after 12 months-delayed vaccination) - JE 1st dose. Denominator population: Not supplied in registry metadata; consult the authoritative source."
"","Data element","Child immunisation - BCG","Monthly HMIS reporting element: Child immunisation - BCG.","Immunization","Child, adolescent and nutrition services","Current public form candidate","Revised HMIS formats effective April 2025","Official NHM state-hosted copy","https://nhm.hp.gov.in/reporting-formats","","Not specified","","Not supplied in registry metadata; consult the authoritative source","Monthly HMIS reporting element: Child immunisation - BCG. Denominator population: Not supplied in registry metadata; consult the authoritative source."
"","Data element","Child immunisation - DPT 1 after 12 months of age (delayed vaccination)","Monthly HMIS reporting element: Child immunisation - DPT 1 after 12 months of age (delayed vaccination).","Immunization","Child, adolescent and nutrition services","Current public form candidate","Revised HMIS formats effective April 2025","Official NHM state-hosted copy","https://nhm.hp.gov.in/reporting-formats","","Not specified","","Not supplied in registry metadata; consult the authoritative source","Monthly HMIS reporting element: Child immunisation - DPT 1 after 12 months of age (delayed vaccination). Denominator population: Not supplied in registry metadata; consult the authoritative source."
"","Data element","Child immunisation - DPT 1st Booster","Monthly HMIS reporting element: Child immunisation - DPT 1st Booster.","Immunization","Child, adolescent and nutrition services","Current public form candidate","Revised HMIS formats effective April 2025","Official NHM state-hosted copy","https://nhm.hp.gov.in/reporting-formats","","Not specified","","Not supplied in registry metadata; consult the authoritative source","Monthly HMIS reporting element: Child immunisation - DPT 1st Booster. Denominator population: Not supplied in registry metadata; consult the authoritative source."
"","Data element","Child immunisation - DPT 2 after 12 months of age (delayed vaccination)","Monthly HMIS reporting element: Child immunisation - DPT 2 after 12 months of age (delayed vaccination).","Immunization","Child, adolescent and nutrition services","Current public form candidate","Revised HMIS formats effective April 2025","Official NHM state-hosted copy","https://nhm.hp.gov.in/reporting-formats","","Not specified","","Not supplied in registry metadata; consult the authoritative source","Monthly HMIS reporting element: Child immunisation - DPT 2 after 12 months of age (delayed vaccination). Denominator population: Not supplied in registry metadata; consult the authoritative source."
"","Data element","Child immunisation - DPT 3 after 12 months of age (delayed vaccination)","Monthly HMIS reporting element: Child immunisation - DPT 3 after 12 months of age (delayed vaccination).","Immunization","Child, adolescent and nutrition services","Current public form candidate","Revised HMIS formats effective April 2025","Official NHM state-hosted copy","https://nhm.hp.gov.in/reporting-formats","","Not specified","","Not supplied in registry metadata; consult the authoritative source","Monthly HMIS reporting element: Child immunisation - DPT 3 after 12 months of age (delayed vaccination). Denominator population: Not supplied in registry metadata; consult the authoritative source."
"","Data element","Child immunisation - DPT Booster after 24 months of age (delayed vaccination)","Monthly HMIS reporting element: Child immunisation - DPT Booster after 24 months of age (delayed vaccination).","Immunization","Child, adolescent and nutrition services","Current public form candidate","Revised HMIS formats effective April 2025","Official NHM state-hosted copy","https://nhm.hp.gov.in/reporting-formats","","Not specified","","Not supplied in registry metadata; consult the authoritative source","Monthly HMIS reporting element: Child immunisation - DPT Booster after 24 months of age (delayed vaccination). Denominator population: Not supplied in registry metadata; consult the authoritative source."
"","Data element","Child immunisation - Hepatitis-B0 (Birth Dose)","Monthly HMIS reporting element: Child immunisation - Hepatitis-B0 (Birth Dose).","Immunization","Child, adolescent and nutrition services","Current public form candidate","Revised HMIS formats effective April 2025","Official NHM state-hosted copy","https://nhm.hp.gov.in/reporting-formats","","Not specified","","Not supplied in registry metadata; consult the authoritative source","Monthly HMIS reporting element: Child immunisation - Hepatitis-B0 (Birth Dose). Denominator population: Not supplied in registry metadata; consult the authoritative source."
"","Data element","Child immunisation - Inactivated Injectable Polio Vaccine 1 (IPV 1)","Monthly HMIS reporting element: Child immunisation - Inactivated Injectable Polio Vaccine 1 (IPV 1).","Immunization","Child, adolescent and nutrition services","Current public form candidate","Revised HMIS formats effective April 2025","Official NHM state-hosted copy","https://nhm.hp.gov.in/reporting-formats","","Not specified","","Not supplied in registry metadata; consult the authoritative source","Monthly HMIS reporting element: Child immunisation - Inactivated Injectable Polio Vaccine 1 (IPV 1). Denominator population: Not supplied in registry metadata; consult the authoritative source."
"","Data element","Child immunisation - Inactivated Injectable Polio Vaccine 2 (IPV 2)","Monthly HMIS reporting element: Child immunisation - Inactivated Injectable Polio Vaccine 2 (IPV 2).","Immunization","Child, adolescent and nutrition services","Current public form candidate","Revised HMIS formats effective April 2025","Official NHM state-hosted copy","https://nhm.hp.gov.in/reporting-formats","","Not specified","","Not supplied in registry metadata; consult the authoritative source","Monthly HMIS reporting element: Child immunisation - Inactivated Injectable Polio Vaccine 2 (IPV 2). Denominator population: Not supplied in registry metadata; consult the authoritative source."
"","Data element","Child immunisation - JE Booster after 24 months of age (delayed vaccination)","Monthly HMIS reporting element: Child immunisation - JE Booster after 24 months of age (delayed vaccination).","Immunization","Child, adolescent and nutrition services","Current public form candidate","Revised HMIS formats effective April 2025","Official NHM state-hosted copy","https://nhm.hp.gov.in/reporting-formats","","Not specified","","Not supplied in registry metadata; consult the authoritative source","Monthly HMIS reporting element: Child immunisation - JE Booster after 24 months of age (delayed vaccination). Denominator population: Not supplied in registry metadata; consult the authoritative source."
"","Data element","Child immunisation - Measles & Rubella (MR)/ Measles containing vaccine(MCV)- 2nd Dose (16-24 months)","Monthly HMIS reporting element: Child immunisation - Measles & Rubella (MR)/ Measles containing vaccine(MCV)- 2nd Dose (16-24 months).","Immunization","Child, adolescent and nutrition services","Current public form candidate","Revised HMIS formats effective April 2025","Official NHM state-hosted copy","https://nhm.hp.gov.in/reporting-formats","","Not specified","","Not supplied in registry metadata; consult the authoritative source","Monthly HMIS reporting element: Child immunisation - Measles & Rubella (MR)/ Measles containing vaccine(MCV)- 2nd Dose (16-24 months). Denominator population: Not supplied in registry metadata; consult the authoritative source."
"","Data element","Child immunisation - OPV 0 (Birth Dose)","Monthly HMIS reporting element: Child immunisation - OPV 0 (Birth Dose).","Immunization","Child, adolescent and nutrition services","Current public form candidate","Revised HMIS formats effective April 2025","Official NHM state-hosted copy","https://nhm.hp.gov.in/reporting-formats","","Not specified","","Not supplied in registry metadata; consult the authoritative source","Monthly HMIS reporting element: Child immunisation - OPV 0 (Birth Dose). Denominator population: Not supplied in registry metadata; consult the authoritative source."
"","Data element","Child immunisation - OPV Booster","Monthly HMIS reporting element: Child immunisation - OPV Booster.","Immunization","Child, adolescent and nutrition services","Current public form candidate","Revised HMIS formats effective April 2025","Official NHM state-hosted copy","https://nhm.hp.gov.in/reporting-formats","","Not specified","","Not supplied in registry metadata; consult the authoritative source","Monthly HMIS reporting element: Child immunisation - OPV Booster. Denominator population: Not supplied in registry metadata; consult the authoritative source."
"","Data element","Child immunisation - OPV Booster after 24 months of age (delayed vaccination)","Monthly HMIS reporting element: Child immunisation - OPV Booster after 24 months of age (delayed vaccination).","Immunization","Child, adolescent and nutrition services","Current public form candidate","Revised HMIS formats effective April 2025","Official NHM state-hosted copy","https://nhm.hp.gov.in/reporting-formats","","Not specified","","Not supplied in registry metadata; consult the authoritative source","Monthly HMIS reporting element: Child immunisation - OPV Booster after 24 months of age (delayed vaccination). Denominator population: Not supplied in registry metadata; consult the authoritative source."
"","Data element","Child immunisation - OPV1","Monthly HMIS reporting element: Child immunisation - OPV1.","Immunization","Child, adolescent and nutrition services","Current public form candidate","Revised HMIS formats effective April 2025","Official NHM state-hosted copy","https://nhm.hp.gov.in/reporting-formats","","Not specified","","Not supplied in registry metadata; consult the authoritative source","Monthly HMIS reporting element: Child immunisation - OPV1. Denominator population: Not supplied in registry metadata; consult the authoritative source."
"","Data element","Child immunisation - OPV2","Monthly HMIS reporting element: Child immunisation - OPV2.","Immunization","Child, adolescent and nutrition services","Current public form candidate","Revised HMIS formats effective April 2025","Official NHM state-hosted copy","https://nhm.hp.gov.in/reporting-formats","","Not specified","","Not supplied in registry metadata; consult the authoritative source","Monthly HMIS reporting element: Child immunisation - OPV2. Denominator population: Not supplied in registry metadata; consult the authoritative source."
"","Data element","Child immunisation - OPV3","Monthly HMIS reporting element: Child immunisation - OPV3.","Immunization","Child, adolescent and nutrition services","Current public form candidate","Revised HMIS formats effective April 2025","Official NHM state-hosted copy","https://nhm.hp.gov.in/reporting-formats","","Not specified","","Not supplied in registry metadata; consult the authoritative source","Monthly HMIS reporting element: Child immunisation - OPV3. Denominator population: Not supplied in registry metadata; consult the authoritative source."
"","Data element","Child immunisation - PCV Booster","Monthly HMIS reporting element: Child immunisation - PCV Booster.","Immunization","Child, adolescent and nutrition services","Current public form candidate","Revised HMIS formats effective April 2025","Official NHM state-hosted copy","https://nhm.hp.gov.in/reporting-formats","","Not specified","","Not supplied in registry metadata; consult the authoritative source","Monthly HMIS reporting element: Child immunisation - PCV Booster. Denominator population: Not supplied in registry metadata; consult the authoritative source."
"","Data element","Child immunisation - PCV1","Monthly HMIS reporting element: Child immunisation - PCV1.","Immunization","Child, adolescent and nutrition services","Current public form candidate","Revised HMIS formats effective April 2025","Official NHM state-hosted copy","https://nhm.hp.gov.in/reporting-formats","","Not specified","","Not supplied in registry metadata; consult the authoritative source","Monthly HMIS reporting element: Child immunisation - PCV1. Denominator population: Not supplied in registry metadata; consult the authoritative source."
"","Data element","Child immunisation - PCV2","Monthly HMIS reporting element: Child immunisation - PCV2.","Immunization","Child, adolescent and nutrition services","Current public form candidate","Revised HMIS formats effective April 2025","Official NHM state-hosted copy","https://nhm.hp.gov.in/reporting-formats","","Not specified","","Not supplied in registry metadata; consult the authoritative source","Monthly HMIS reporting element: Child immunisation - PCV2. Denominator population: Not supplied in registry metadata; consult the authoritative source."
"","Data element","Child immunisation - Pentavalent 1","Monthly HMIS reporting element: Child immunisation - Pentavalent 1.","Immunization","Child, adolescent and nutrition services","Current public form candidate","Revised HMIS formats effective April 2025","Official NHM state-hosted copy","https://nhm.hp.gov.in/reporting-formats","","Not specified","","Not supplied in registry metadata; consult the authoritative source","Monthly HMIS reporting element: Child immunisation - Pentavalent 1. Denominator population: Not supplied in registry metadata; consult the authoritative source."
"","Data element","Child immunisation - Pentavalent 2","Monthly HMIS reporting element: Child immunisation - Pentavalent 2.","Immunization","Child, adolescent and nutrition services","Current public form candidate","Revised HMIS formats effective April 2025","Official NHM state-hosted copy","https://nhm.hp.gov.in/reporting-formats","","Not specified","","Not supplied in registry metadata; consult the authoritative source","Monthly HMIS reporting element: Child immunisation - Pentavalent 2. Denominator population: Not supplied in registry metadata; consult the authoritative source."
"","Data element","Child immunisation - Pentavalent 3","Monthly HMIS reporting element: Child immunisation - Pentavalent 3.","Immunization","Child, adolescent and nutrition services","Current public form candidate","Revised HMIS formats effective April 2025","Official NHM state-hosted copy","https://nhm.hp.gov.in/reporting-formats","","Not specified","","Not supplied in registry metadata; consult the authoritative source","Monthly HMIS reporting element: Child immunisation - Pentavalent 3. Denominator population: Not supplied in registry metadata; consult the authoritative source."
"","Data element","Child immunisation - Rotavirus 1","Monthly HMIS reporting element: Child immunisation - Rotavirus 1.","Immunization","Child, adolescent and nutrition services","Current public form candidate","Revised HMIS formats effective April 2025","Official NHM state-hosted copy","https://nhm.hp.gov.in/reporting-formats","","Not specified","","Not supplied in registry metadata; consult the authoritative source","Monthly HMIS reporting element: Child immunisation - Rotavirus 1. Denominator population: Not supplied in registry metadata; consult the authoritative source."
"","Data element","Child immunisation - Rotavirus 2","Monthly HMIS reporting element: Child immunisation - Rotavirus 2.","Immunization","Child, adolescent and nutrition services","Current public form candidate","Revised HMIS formats effective April 2025","Official NHM state-hosted copy","https://nhm.hp.gov.in/reporting-formats","","Not specified","","Not supplied in registry metadata; consult the authoritative source","Monthly HMIS reporting element: Child immunisation - Rotavirus 2. Denominator population: Not supplied in registry metadata; consult the authoritative source."
"","Data element","Child immunisation - Rotavirus 3","Monthly HMIS reporting element: Child immunisation - Rotavirus 3.","Immunization","Child, adolescent and nutrition services","Current public form candidate","Revised HMIS formats effective April 2025","Official NHM state-hosted copy","https://nhm.hp.gov.in/reporting-formats","","Not specified","","Not supplied in registry metadata; consult the authoritative source","Monthly HMIS reporting element: Child immunisation - Rotavirus 3. Denominator population: Not supplied in registry metadata; consult the authoritative source."
"","Data element","Child immunisation - Vitamin A Dose - 1","Monthly HMIS reporting element: Child immunisation - Vitamin A Dose - 1.","Immunization","Child, adolescent and nutrition services","Current public form candidate","Revised HMIS formats effective April 2025","Official NHM state-hosted copy","https://nhm.hp.gov.in/reporting-formats","","Not specified","","Not supplied in registry metadata; consult the authoritative source","Monthly HMIS reporting element: Child immunisation - Vitamin A Dose - 1. Denominator population: Not supplied in registry metadata; consult the authoritative source."
"","Data element","Child immunisation - Vitamin A Dose - 5","Monthly HMIS reporting element: Child immunisation - Vitamin A Dose - 5.","Immunization","Child, adolescent and nutrition services","Current public form candidate","Revised HMIS formats effective April 2025","Official NHM state-hosted copy","https://nhm.hp.gov.in/reporting-formats","","Not specified","","Not supplied in registry metadata; consult the authoritative source","Monthly HMIS reporting element: Child immunisation - Vitamin A Dose - 5. Denominator population: Not supplied in registry metadata; consult the authoritative source."
"","Data element","Child immunisation - Vitamin A Dose - 9","Monthly HMIS reporting element: Child immunisation - Vitamin A Dose - 9.","Immunization","Child, adolescent and nutrition services","Current public form candidate","Revised HMIS formats effective April 2025","Official NHM state-hosted copy","https://nhm.hp.gov.in/reporting-formats","","Not specified","","Not supplied in registry metadata; consult the authoritative source","Monthly HMIS reporting element: Child immunisation - Vitamin A Dose - 9. Denominator population: Not supplied in registry metadata; consult the authoritative source."
"","Data element","Child immunisation - Vitamin K (Birth Dose)","Monthly HMIS reporting element: Child immunisation - Vitamin K (Birth Dose).","Immunization","Child, adolescent and nutrition services","Current public form candidate","Revised HMIS formats effective April 2025","Official NHM state-hosted copy","https://nhm.hp.gov.in/reporting-formats","","Not specified","","Not supplied in registry metadata; consult the authoritative source","Monthly HMIS reporting element: Child immunisation - Vitamin K (Birth Dose). Denominator population: Not supplied in registry metadata; consult the authoritative source."
"","Data element","Child immunisation(9 - 11 months) - Inactivated Injectable Polio Vaccine 3 (IPV 3)","Monthly HMIS reporting element: Child immunisation(9 - 11 months) - Inactivated Injectable Polio Vaccine 3 (IPV 3).","Immunization","Child, adolescent and nutrition services","Current public form candidate","Revised HMIS formats effective April 2025","Official NHM state-hosted copy","https://nhm.hp.gov.in/reporting-formats","","Not specified","","Not supplied in registry metadata; consult the authoritative source","Monthly HMIS reporting element: Child immunisation(9 - 11 months) - Inactivated Injectable Polio Vaccine 3 (IPV 3). Denominator population: Not supplied in registry metadata; consult the authoritative source."
"","Data element","Child immunisation(after 12 months-delayed vaccination) - Measles & Rubella (MR)/Measles containing vaccine(MCV)- 1st Dose","Monthly HMIS reporting element: Child immunisation(after 12 months-delayed vaccination) - Measles & Rubella (MR)/Measles containing vaccine(MCV)- 1st Dose.","Immunization","Child, adolescent and nutrition services","Current public form candidate","Revised HMIS formats effective April 2025","Official NHM state-hosted copy","https://nhm.hp.gov.in/reporting-formats","","Not specified","","Not supplied in registry metadata; consult the authoritative source","Monthly HMIS reporting element: Child immunisation(after 12 months-delayed vaccination) - Measles & Rubella (MR)/Measles containing vaccine(MCV)- 1st Dose. Denominator population: Not supplied in registry metadata; consult the authoritative source."
"","Data element","Child Immunization- Typhoid","Monthly HMIS reporting element: Child Immunization- Typhoid.","Immunization","Child, adolescent and nutrition services","Current public form candidate","Revised HMIS formats effective April 2025","Official NHM state-hosted copy","https://nhm.hp.gov.in/reporting-formats","","Not specified","","Not supplied in registry metadata; consult the authoritative source","Monthly HMIS reporting element: Child Immunization- Typhoid. Denominator population: Not supplied in registry metadata; consult the authoritative source."
"","Data element","Childhood Diseases - Acute Flaccid Paralysis(AFP)","Monthly HMIS reporting element: Childhood Diseases - Acute Flaccid Paralysis(AFP).","Childhood illness","Child, adolescent and nutrition services","Current public form candidate","Revised HMIS formats effective April 2025","Official NHM state-hosted copy","https://nhm.hp.gov.in/reporting-formats","","Not specified","","Not supplied in registry metadata; consult the authoritative source","Monthly HMIS reporting element: Childhood Diseases - Acute Flaccid Paralysis(AFP). Denominator population: Not supplied in registry metadata; consult the authoritative source."
"","Data element","Childhood Diseases - Asthma","Monthly HMIS reporting element: Childhood Diseases - Asthma.","Childhood illness","Child, adolescent and nutrition services","Current public form candidate","Revised HMIS formats effective April 2025","Official NHM state-hosted copy","https://nhm.hp.gov.in/reporting-formats","","Not specified","","Not supplied in registry metadata; consult the authoritative source","Monthly HMIS reporting element: Childhood Diseases - Asthma. Denominator population: Not supplied in registry metadata; consult the authoritative source."
"","Data element","Childhood Diseases - Diarrhoea","Monthly HMIS reporting element: Childhood Diseases - Diarrhoea.","Childhood illness","Child, adolescent and nutrition services","Current public form candidate","Revised HMIS formats effective April 2025","Official NHM state-hosted copy","https://nhm.hp.gov.in/reporting-formats","","Not specified","","Not supplied in registry metadata; consult the authoritative source","Monthly HMIS reporting element: Childhood Diseases - Diarrhoea. Denominator population: Not supplied in registry metadata; consult the authoritative source."
"","Data element","Childhood Diseases - Diarrhoea treated with ORS","Monthly HMIS reporting element: Childhood Diseases - Diarrhoea treated with ORS.","Childhood illness","Child, adolescent and nutrition services","Current public form candidate","Revised HMIS formats effective April 2025","Official NHM state-hosted copy","https://nhm.hp.gov.in/reporting-formats","","Not specified","","Not supplied in registry metadata; consult the authoritative source","Monthly HMIS reporting element: Childhood Diseases - Diarrhoea treated with ORS. Denominator population: Not supplied in registry metadata; consult the authoritative source."
"","Data element","Childhood Diseases - Diarrhoea treated with Zinc for 14 days","Monthly HMIS reporting element: Childhood Diseases - Diarrhoea treated with Zinc for 14 days.","Childhood illness","Child, adolescent and nutrition services","Current public form candidate","Revised HMIS formats effective April 2025","Official NHM state-hosted copy","https://nhm.hp.gov.in/reporting-formats","","Not specified","","Not supplied in registry metadata; consult the authoritative source","Monthly HMIS reporting element: Childhood Diseases - Diarrhoea treated with Zinc for 14 days. Denominator population: Not supplied in registry metadata; consult the authoritative source."
"","Data element","Childhood Diseases - Diphtheria","Monthly HMIS reporting element: Childhood Diseases - Diphtheria.","Childhood illness","Child, adolescent and nutrition services","Current public form candidate","Revised HMIS formats effective April 2025","Official NHM state-hosted copy","https://nhm.hp.gov.in/reporting-formats","","Not specified","","Not supplied in registry metadata; consult the authoritative source","Monthly HMIS reporting element: Childhood Diseases - Diphtheria. Denominator population: Not supplied in registry metadata; consult the authoritative source."
"","Data element","Childhood Diseases - Malaria","Monthly HMIS reporting element: Childhood Diseases - Malaria.","Vector-borne diseases","Communicable diseases","Current public form candidate","Revised HMIS formats effective April 2025","Official NHM state-hosted copy","https://nhm.hp.gov.in/reporting-formats","","Not specified","","Not supplied in registry metadata; consult the authoritative source","Monthly HMIS reporting element: Childhood Diseases - Malaria. Denominator population: Not supplied in registry metadata; consult the authoritative source."
"","Data element","Childhood Diseases - Measles","Monthly HMIS reporting element: Childhood Diseases - Measles.","Immunization","Child, adolescent and nutrition services","Current public form candidate","Revised HMIS formats effective April 2025","Official NHM state-hosted copy","https://nhm.hp.gov.in/reporting-formats","","Not specified","","Not supplied in registry metadata; consult the authoritative source","Monthly HMIS reporting element: Childhood Diseases - Measles. Denominator population: Not supplied in registry metadata; consult the authoritative source."
"","Data element","Childhood Diseases - Pertussis","Monthly HMIS reporting element: Childhood Diseases - Pertussis.","Childhood illness","Child, adolescent and nutrition services","Current public form candidate","Revised HMIS formats effective April 2025","Official NHM state-hosted copy","https://nhm.hp.gov.in/reporting-formats","","Not specified","","Not supplied in registry metadata; consult the authoritative source","Monthly HMIS reporting element: Childhood Diseases - Pertussis. Denominator population: Not supplied in registry metadata; consult the authoritative source."
"","Data element","Childhood Diseases - Pneumonia","Monthly HMIS reporting element: Childhood Diseases - Pneumonia.","Childhood illness","Child, adolescent and nutrition services","Current public form candidate","Revised HMIS formats effective April 2025","Official NHM state-hosted copy","https://nhm.hp.gov.in/reporting-formats","","Not specified","","Not supplied in registry metadata; consult the authoritative source","Monthly HMIS reporting element: Childhood Diseases - Pneumonia. Denominator population: Not supplied in registry metadata; consult the authoritative source."
"","Data element","Childhood Diseases - Sepsis","Monthly HMIS reporting element: Childhood Diseases - Sepsis.","Childhood illness","Child, adolescent and nutrition services","Current public form candidate","Revised HMIS formats effective April 2025","Official NHM state-hosted copy","https://nhm.hp.gov.in/reporting-formats","","Not specified","","Not supplied in registry metadata; consult the authoritative source","Monthly HMIS reporting element: Childhood Diseases - Sepsis. Denominator population: Not supplied in registry metadata; consult the authoritative source."
"","Data element","Childhood Diseases - Tetanus Neonatorum","Monthly HMIS reporting element: Childhood Diseases - Tetanus Neonatorum.","Childhood illness","Child, adolescent and nutrition services","Current public form candidate","Revised HMIS formats effective April 2025","Official NHM state-hosted copy","https://nhm.hp.gov.in/reporting-formats","","Not specified","","Not supplied in registry metadata; consult the authoritative source","Monthly HMIS reporting element: Childhood Diseases - Tetanus Neonatorum. Denominator population: Not supplied in registry metadata; consult the authoritative source."
"","Data element","Childhood Diseases - Tuberculosis (TB)","Monthly HMIS reporting element: Childhood Diseases - Tuberculosis (TB).","Tuberculosis services","Communicable diseases","Current public form candidate","Revised HMIS formats effective April 2025","Official NHM state-hosted copy","https://nhm.hp.gov.in/reporting-formats","","Not specified","","Not supplied in registry metadata; consult the authoritative source","Monthly HMIS reporting element: Childhood Diseases - Tuberculosis (TB). Denominator population: Not supplied in registry metadata; consult the authoritative source."
"","Data element","Childhood Diseases -Leprosy Cases","Monthly HMIS reporting element: Childhood Diseases -Leprosy Cases.","Leprosy services","Communicable diseases","Current public form candidate","Revised HMIS formats effective April 2025","Official NHM state-hosted copy","https://nhm.hp.gov.in/reporting-formats","","Not specified","","Not supplied in registry metadata; consult the authoritative source","Monthly HMIS reporting element: Childhood Diseases -Leprosy Cases. Denominator population: Not supplied in registry metadata; consult the authoritative source."
"","Data element","Childhood Diseases- Leprosy with Grade II disability","Monthly HMIS reporting element: Childhood Diseases- Leprosy with Grade II disability.","Leprosy services","Communicable diseases","Current public form candidate","Revised HMIS formats effective April 2025","Official NHM state-hosted copy","https://nhm.hp.gov.in/reporting-formats","","Not specified","","Not supplied in registry metadata; consult the authoritative source","Monthly HMIS reporting element: Childhood Diseases- Leprosy with Grade II disability. Denominator population: Not supplied in registry metadata; consult the authoritative source."
"","Data element","Childhood IPD","Monthly HMIS reporting element: Childhood IPD.","Childhood illness","Child, adolescent and nutrition services","Current public form candidate","Revised HMIS formats effective April 2025","Official NHM state-hosted copy","https://nhm.hp.gov.in/reporting-formats","","Not specified","","Not supplied in registry metadata; consult the authoritative source","Monthly HMIS reporting element: Childhood IPD. Denominator population: Not supplied in registry metadata; consult the authoritative source."
"","Data element","Children admitted with Diarrhoea","Monthly HMIS reporting element: Children admitted with Diarrhoea.","Childhood illness","Child, adolescent and nutrition services","Current public form candidate","Revised HMIS formats effective April 2025","Official NHM state-hosted copy","https://nhm.hp.gov.in/reporting-formats","","Not specified","","Not supplied in registry metadata; consult the authoritative source","Monthly HMIS reporting element: Children admitted with Diarrhoea. Denominator population: Not supplied in registry metadata; consult the authoritative source."
"","Data element","Children admitted with Pneumonia","Monthly HMIS reporting element: Children admitted with Pneumonia.","Childhood illness","Child, adolescent and nutrition services","Current public form candidate","Revised HMIS formats effective April 2025","Official NHM state-hosted copy","https://nhm.hp.gov.in/reporting-formats","","Not specified","","Not supplied in registry metadata; consult the authoritative source","Monthly HMIS reporting element: Children admitted with Pneumonia. Denominator population: Not supplied in registry metadata; consult the authoritative source."
"","Data element","Children admitted with Respiratory Infections","Monthly HMIS reporting element: Children admitted with Respiratory Infections.","Childhood illness","Child, adolescent and nutrition services","Current public form candidate","Revised HMIS formats effective April 2025","Official NHM state-hosted copy","https://nhm.hp.gov.in/reporting-formats","","Not specified","","Not supplied in registry metadata; consult the authoritative source","Monthly HMIS reporting element: Children admitted with Respiratory Infections. Denominator population: Not supplied in registry metadata; consult the authoritative source."
"","Data element","Children given following vaccination after 12 months (delayed vaccinations)","Monthly HMIS reporting element: Children given following vaccination after 12 months (delayed vaccinations).","Immunization","Child, adolescent and nutrition services","Current public form candidate","Revised HMIS formats effective April 2025","Official NHM state-hosted copy","https://nhm.hp.gov.in/reporting-formats","","Not specified","","Not supplied in registry metadata; consult the authoritative source","Monthly HMIS reporting element: Children given following vaccination after 12 months (delayed vaccinations). Denominator population: Not supplied in registry metadata; consult the authoritative source."
"","Data element","Children more than 10 years received Td10 (Tetanus Diptheria10)","Monthly HMIS reporting element: Children more than 10 years received Td10 (Tetanus Diptheria10).","Immunization","Child, adolescent and nutrition services","Current public form candidate","Revised HMIS formats effective April 2025","Official NHM state-hosted copy","https://nhm.hp.gov.in/reporting-formats","","Not specified","","Not supplied in registry metadata; consult the authoritative source","Monthly HMIS reporting element: Children more than 10 years received Td10 (Tetanus Diptheria10). Denominator population: Not supplied in registry metadata; consult the authoritative source."
"","Data element","Children more than 16 years received Td16 (Tetanus Diptheria16)","Monthly HMIS reporting element: Children more than 16 years received Td16 (Tetanus Diptheria16).","Immunization","Child, adolescent and nutrition services","Current public form candidate","Revised HMIS formats effective April 2025","Official NHM state-hosted copy","https://nhm.hp.gov.in/reporting-formats","","Not specified","","Not supplied in registry metadata; consult the authoritative source","Monthly HMIS reporting element: Children more than 16 years received Td16 (Tetanus Diptheria16). Denominator population: Not supplied in registry metadata; consult the authoritative source."
"","Data element","Children more than 5 years received DPT5 (2nd Booster)","Monthly HMIS reporting element: Children more than 5 years received DPT5 (2nd Booster).","Immunization","Child, adolescent and nutrition services","Current public form candidate","Revised HMIS formats effective April 2025","Official NHM state-hosted copy","https://nhm.hp.gov.in/reporting-formats","","Not specified","","Not supplied in registry metadata; consult the authoritative source","Monthly HMIS reporting element: Children more than 5 years received DPT5 (2nd Booster). Denominator population: Not supplied in registry metadata; consult the authoritative source."
"","Data element","Children received Vitamin A Doses between 9 months and 5 years","Monthly HMIS reporting element: Children received Vitamin A Doses between 9 months and 5 years.","Immunization","Child, adolescent and nutrition services","Current public form candidate","Revised HMIS formats effective April 2025","Official NHM state-hosted copy","https://nhm.hp.gov.in/reporting-formats","","Not specified","","Not supplied in registry metadata; consult the authoritative source","Monthly HMIS reporting element: Children received Vitamin A Doses between 9 months and 5 years. Denominator population: Not supplied in registry metadata; consult the authoritative source."
"","Data element","Complications following female sterilization","Monthly HMIS reporting element: Complications following female sterilization.","Family planning","Maternal, newborn and reproductive health","Current public form candidate","Revised HMIS formats effective April 2025","Official NHM state-hosted copy","https://nhm.hp.gov.in/reporting-formats","","Not specified","","Not supplied in registry metadata; consult the authoritative source","Monthly HMIS reporting element: Complications following female sterilization. Denominator population: Not supplied in registry metadata; consult the authoritative source."
"","Data element","Complications followingmale sterilization","Monthly HMIS reporting element: Complications followingmale sterilization.","Family planning","Maternal, newborn and reproductive health","Current public form candidate","Revised HMIS formats effective April 2025","Official NHM state-hosted copy","https://nhm.hp.gov.in/reporting-formats","","Not specified","","Not supplied in registry metadata; consult the authoritative source","Monthly HMIS reporting element: Complications followingmale sterilization. Denominator population: Not supplied in registry metadata; consult the authoritative source."
"","Data element","Coverage under MHS- Menstrual Hygiene Scheme (GOI supported)","Monthly HMIS reporting element: Coverage under MHS- Menstrual Hygiene Scheme (GOI supported).","Adolescent health","Child, adolescent and nutrition services","Current public form candidate","Revised HMIS formats effective April 2025","Official NHM state-hosted copy","https://nhm.hp.gov.in/reporting-formats","","Not specified","","Not supplied in registry metadata; consult the authoritative source","Monthly HMIS reporting element: Coverage under MHS- Menstrual Hygiene Scheme (GOI supported). Denominator population: Not supplied in registry metadata; consult the authoritative source."
"","Data element","Coverage under Weekly Iron and Folic Acid (WIFS) Supplementation Programme","Monthly HMIS reporting element: Coverage under Weekly Iron and Folic Acid (WIFS) Supplementation Programme.","Anaemia and nutrition","Child, adolescent and nutrition services","Current public form candidate","Revised HMIS formats effective April 2025","Official NHM state-hosted copy","https://nhm.hp.gov.in/reporting-formats","","Not specified","","Not supplied in registry metadata; consult the authoritative source","Monthly HMIS reporting element: Coverage under Weekly Iron and Folic Acid (WIFS) Supplementation Programme. Denominator population: Not supplied in registry metadata; consult the authoritative source."
"","Data element","CT scan (Inhouse)","Monthly HMIS reporting element: CT scan (Inhouse).","STI/RTI services","Maternal, newborn and reproductive health","Current public form candidate","Revised HMIS formats effective April 2025","Official NHM state-hosted copy","https://nhm.hp.gov.in/reporting-formats","","Not specified","","Not supplied in registry metadata; consult the authoritative source","Monthly HMIS reporting element: CT scan (Inhouse). Denominator population: Not supplied in registry metadata; consult the authoritative source."
"","Data element","Day Care Admissions","Monthly HMIS reporting element: Day Care Admissions.","Tuberculosis services","Communicable diseases","Current public form candidate","Revised HMIS formats effective April 2025","Official NHM state-hosted copy","https://nhm.hp.gov.in/reporting-formats","","Not specified","","Not supplied in registry metadata; consult the authoritative source","Monthly HMIS reporting element: Day Care Admissions. Denominator population: Not supplied in registry metadata; consult the authoritative source."
"","Data element","Deaths due to Vector Borne Diseases ( all age groups)","Monthly HMIS reporting element: Deaths due to Vector Borne Diseases ( all age groups).","Vector-borne diseases","Communicable diseases","Current public form candidate","Revised HMIS formats effective April 2025","Official NHM state-hosted copy","https://nhm.hp.gov.in/reporting-formats","","Not specified","","Not supplied in registry metadata; consult the authoritative source","Monthly HMIS reporting element: Deaths due to Vector Borne Diseases ( all age groups). Denominator population: Not supplied in registry metadata; consult the authoritative source."
"","Data element","Deaths following female sterilization","Monthly HMIS reporting element: Deaths following female sterilization.","Family planning","Maternal, newborn and reproductive health","Current public form candidate","Revised HMIS formats effective April 2025","Official NHM state-hosted copy","https://nhm.hp.gov.in/reporting-formats","","Not specified","","Not supplied in registry metadata; consult the authoritative source","Monthly HMIS reporting element: Deaths following female sterilization. Denominator population: Not supplied in registry metadata; consult the authoritative source."
"","Data element","Deaths followingmale sterilization","Monthly HMIS reporting element: Deaths followingmale sterilization.","Family planning","Maternal, newborn and reproductive health","Current public form candidate","Revised HMIS formats effective April 2025","Official NHM state-hosted copy","https://nhm.hp.gov.in/reporting-formats","","Not specified","","Not supplied in registry metadata; consult the authoritative source","Monthly HMIS reporting element: Deaths followingmale sterilization. Denominator population: Not supplied in registry metadata; consult the authoritative source."
"","Data element","Defect","Monthly HMIS reporting element: Defect.","RBSK / child screening","Health services and systems","Current public form candidate","Revised HMIS formats effective April 2025","Official NHM state-hosted copy","https://nhm.hp.gov.in/reporting-formats","","Not specified","","Not supplied in registry metadata; consult the authoritative source","Monthly HMIS reporting element: Defect. Denominator population: Not supplied in registry metadata; consult the authoritative source."
"","Data element","Deficiency","Monthly HMIS reporting element: Deficiency.","RBSK / child screening","Health services and systems","Current public form candidate","Revised HMIS formats effective April 2025","Official NHM state-hosted copy","https://nhm.hp.gov.in/reporting-formats","","Not specified","","Not supplied in registry metadata; consult the authoritative source","Monthly HMIS reporting element: Deficiency. Denominator population: Not supplied in registry metadata; consult the authoritative source."
"","Data element","Deliveries conducted at Home","Monthly HMIS reporting element: Deliveries conducted at Home.","Delivery and intrapartum care","Maternal, newborn and reproductive health","Current public form candidate","Revised HMIS formats effective April 2025","Official NHM state-hosted copy","https://nhm.hp.gov.in/reporting-formats","","Not specified","","Not supplied in registry metadata; consult the authoritative source","Monthly HMIS reporting element: Deliveries conducted at Home. Denominator population: Not supplied in registry metadata; consult the authoritative source."
"","Data element","Dengue & Chikungunya","Monthly HMIS reporting element: Dengue & Chikungunya.","Vector-borne diseases","Communicable diseases","Current public form candidate","Revised HMIS formats effective April 2025","Official NHM state-hosted copy","https://nhm.hp.gov.in/reporting-formats","","Not specified","","Not supplied in registry metadata; consult the authoritative source","Monthly HMIS reporting element: Dengue & Chikungunya. Denominator population: Not supplied in registry metadata; consult the authoritative source."
"","Data element","Dengue - Enzyme- Linked Immuno Sorbent Assay (ELISA) test conducted","Monthly HMIS reporting element: Dengue - Enzyme- Linked Immuno Sorbent Assay (ELISA) test conducted.","Vector-borne diseases","Communicable diseases","Current public form candidate","Revised HMIS formats effective April 2025","Official NHM state-hosted copy","https://nhm.hp.gov.in/reporting-formats","","Not specified","","Not supplied in registry metadata; consult the authoritative source","Monthly HMIS reporting element: Dengue - Enzyme- Linked Immuno Sorbent Assay (ELISA) test conducted. Denominator population: Not supplied in registry metadata; consult the authoritative source."
"","Data element","Dengue - Enzyme- Linked Immuno Sorbent Assay (ELISA) test found positive","Monthly HMIS reporting element: Dengue - Enzyme- Linked Immuno Sorbent Assay (ELISA) test found positive.","Vector-borne diseases","Communicable diseases","Current public form candidate","Revised HMIS formats effective April 2025","Official NHM state-hosted copy","https://nhm.hp.gov.in/reporting-formats","","Not specified","","Not supplied in registry metadata; consult the authoritative source","Monthly HMIS reporting element: Dengue - Enzyme- Linked Immuno Sorbent Assay (ELISA) test found positive. Denominator population: Not supplied in registry metadata; consult the authoritative source."
"","Data element","Details of deaths reported","Monthly HMIS reporting element: Details of deaths reported.","Mortality and death review","Mortality and vital events","Current public form candidate","Revised HMIS formats effective April 2025","Official NHM state-hosted copy","https://nhm.hp.gov.in/reporting-formats","","Not specified","","Not supplied in registry metadata; consult the authoritative source","Monthly HMIS reporting element: Details of deaths reported. Denominator population: Not supplied in registry metadata; consult the authoritative source."
"","Data element","Details of Newborn children","Monthly HMIS reporting element: Details of Newborn children.","Antenatal care and high-risk pregnancy","Maternal, newborn and reproductive health","Current public form candidate","Revised HMIS formats effective April 2025","Official NHM state-hosted copy","https://nhm.hp.gov.in/reporting-formats","","Not specified","","Not supplied in registry metadata; consult the authoritative source","Monthly HMIS reporting element: Details of Newborn children. Denominator population: Not supplied in registry metadata; consult the authoritative source."
"","Data element","Developmental delay","Monthly HMIS reporting element: Developmental delay.","RBSK / child screening","Health services and systems","Current public form candidate","Revised HMIS formats effective April 2025","Official NHM state-hosted copy","https://nhm.hp.gov.in/reporting-formats","","Not specified","","Not supplied in registry metadata; consult the authoritative source","Monthly HMIS reporting element: Developmental delay. Denominator population: Not supplied in registry metadata; consult the authoritative source."
"","Data element","Diagnostics Tests conducted","Monthly HMIS reporting element: Diagnostics Tests conducted.","STI/RTI services","Maternal, newborn and reproductive health","Current public form candidate","Revised HMIS formats effective April 2025","Official NHM state-hosted copy","https://nhm.hp.gov.in/reporting-formats","","Not specified","","Not supplied in registry metadata; consult the authoritative source","Monthly HMIS reporting element: Diagnostics Tests conducted. Denominator population: Not supplied in registry metadata; consult the authoritative source."
"","Data element","Disease","Monthly HMIS reporting element: Disease.","RBSK / child screening","Health services and systems","Current public form candidate","Revised HMIS formats effective April 2025","Official NHM state-hosted copy","https://nhm.hp.gov.in/reporting-formats","","Not specified","","Not supplied in registry metadata; consult the authoritative source","Monthly HMIS reporting element: Disease. Denominator population: Not supplied in registry metadata; consult the authoritative source."
"","Data element","ECG (Inhouse)","Monthly HMIS reporting element: ECG (Inhouse).","STI/RTI services","Maternal, newborn and reproductive health","Current public form candidate","Revised HMIS formats effective April 2025","Official NHM state-hosted copy","https://nhm.hp.gov.in/reporting-formats","","Not specified","","Not supplied in registry metadata; consult the authoritative source","Monthly HMIS reporting element: ECG (Inhouse). Denominator population: Not supplied in registry metadata; consult the authoritative source."
"","Data element","Emergency","Monthly HMIS reporting element: Emergency.","Tuberculosis services","Communicable diseases","Current public form candidate","Revised HMIS formats effective April 2025","Official NHM state-hosted copy","https://nhm.hp.gov.in/reporting-formats","","Not specified","","Not supplied in registry metadata; consult the authoritative source","Monthly HMIS reporting element: Emergency. Denominator population: Not supplied in registry metadata; consult the authoritative source."
"","Data element","Emergency - Acute Cardiac Emergencies -Admission","Monthly HMIS reporting element: Emergency - Acute Cardiac Emergencies -Admission.","Tuberculosis services","Communicable diseases","Current public form candidate","Revised HMIS formats effective April 2025","Official NHM state-hosted copy","https://nhm.hp.gov.in/reporting-formats","","Not specified","","Not supplied in registry metadata; consult the authoritative source","Monthly HMIS reporting element: Emergency - Acute Cardiac Emergencies -Admission. Denominator population: Not supplied in registry metadata; consult the authoritative source."
"","Data element","Emergency - Acute Cardiac Emergencies -Deaths","Monthly HMIS reporting element: Emergency - Acute Cardiac Emergencies -Deaths.","Tuberculosis services","Communicable diseases","Current public form candidate","Revised HMIS formats effective April 2025","Official NHM state-hosted copy","https://nhm.hp.gov.in/reporting-formats","","Not specified","","Not supplied in registry metadata; consult the authoritative source","Monthly HMIS reporting element: Emergency - Acute Cardiac Emergencies -Deaths. Denominator population: Not supplied in registry metadata; consult the authoritative source."
"","Data element","Emergency - Burn -Admission","Monthly HMIS reporting element: Emergency - Burn -Admission.","Tuberculosis services","Communicable diseases","Current public form candidate","Revised HMIS formats effective April 2025","Official NHM state-hosted copy","https://nhm.hp.gov.in/reporting-formats","","Not specified","","Not supplied in registry metadata; consult the authoritative source","Monthly HMIS reporting element: Emergency - Burn -Admission. Denominator population: Not supplied in registry metadata; consult the authoritative source."
"","Data element","Emergency - Burn -Deaths","Monthly HMIS reporting element: Emergency - Burn -Deaths.","Tuberculosis services","Communicable diseases","Current public form candidate","Revised HMIS formats effective April 2025","Official NHM state-hosted copy","https://nhm.hp.gov.in/reporting-formats","","Not specified","","Not supplied in registry metadata; consult the authoritative source","Monthly HMIS reporting element: Emergency - Burn -Deaths. Denominator population: Not supplied in registry metadata; consult the authoritative source."
"","Data element","Emergency - CVA (Cerebrovascular Disease)/Stroke -Admission","Monthly HMIS reporting element: Emergency - CVA (Cerebrovascular Disease)/Stroke -Admission.","Tuberculosis services","Communicable diseases","Current public form candidate","Revised HMIS formats effective April 2025","Official NHM state-hosted copy","https://nhm.hp.gov.in/reporting-formats","","Not specified","","Not supplied in registry metadata; consult the authoritative source","Monthly HMIS reporting element: Emergency - CVA (Cerebrovascular Disease)/Stroke -Admission. Denominator population: Not supplied in registry metadata; consult the authoritative source."
"","Data element","Emergency - CVA (Cerebrovascular Disease)/Stroke -Deaths","Monthly HMIS reporting element: Emergency - CVA (Cerebrovascular Disease)/Stroke -Deaths.","Tuberculosis services","Communicable diseases","Current public form candidate","Revised HMIS formats effective April 2025","Official NHM state-hosted copy","https://nhm.hp.gov.in/reporting-formats","","Not specified","","Not supplied in registry metadata; consult the authoritative source","Monthly HMIS reporting element: Emergency - CVA (Cerebrovascular Disease)/Stroke -Deaths. Denominator population: Not supplied in registry metadata; consult the authoritative source."
"","Data element","Emergency - Dog Bite -Admission","Monthly HMIS reporting element: Emergency - Dog Bite -Admission.","Tuberculosis services","Communicable diseases","Current public form candidate","Revised HMIS formats effective April 2025","Official NHM state-hosted copy","https://nhm.hp.gov.in/reporting-formats","","Not specified","","Not supplied in registry metadata; consult the authoritative source","Monthly HMIS reporting element: Emergency - Dog Bite -Admission. Denominator population: Not supplied in registry metadata; consult the authoritative source."
"","Data element","Emergency - Dog Bite -Deaths","Monthly HMIS reporting element: Emergency - Dog Bite -Deaths.","Tuberculosis services","Communicable diseases","Current public form candidate","Revised HMIS formats effective April 2025","Official NHM state-hosted copy","https://nhm.hp.gov.in/reporting-formats","","Not specified","","Not supplied in registry metadata; consult the authoritative source","Monthly HMIS reporting element: Emergency - Dog Bite -Deaths. Denominator population: Not supplied in registry metadata; consult the authoritative source."
"","Data element","Emergency - Obstetrics complications -Admission","Monthly HMIS reporting element: Emergency - Obstetrics complications -Admission.","Tuberculosis services","Communicable diseases","Current public form candidate","Revised HMIS formats effective April 2025","Official NHM state-hosted copy","https://nhm.hp.gov.in/reporting-formats","","Not specified","","Not supplied in registry metadata; consult the authoritative source","Monthly HMIS reporting element: Emergency - Obstetrics complications -Admission. Denominator population: Not supplied in registry metadata; consult the authoritative source."
"","Data element","Emergency - Obstetrics complications -Deaths","Monthly HMIS reporting element: Emergency - Obstetrics complications -Deaths.","Tuberculosis services","Communicable diseases","Current public form candidate","Revised HMIS formats effective April 2025","Official NHM state-hosted copy","https://nhm.hp.gov.in/reporting-formats","","Not specified","","Not supplied in registry metadata; consult the authoritative source","Monthly HMIS reporting element: Emergency - Obstetrics complications -Deaths. Denominator population: Not supplied in registry metadata; consult the authoritative source."
"","Data element","Emergency - Snake Bite -Admission","Monthly HMIS reporting element: Emergency - Snake Bite -Admission.","Tuberculosis services","Communicable diseases","Current public form candidate","Revised HMIS formats effective April 2025","Official NHM state-hosted copy","https://nhm.hp.gov.in/reporting-formats","","Not specified","","Not supplied in registry metadata; consult the authoritative source","Monthly HMIS reporting element: Emergency - Snake Bite -Admission. Denominator population: Not supplied in registry metadata; consult the authoritative source."
"","Data element","Emergency - Snake Bite -Deaths","Monthly HMIS reporting element: Emergency - Snake Bite -Deaths.","Tuberculosis services","Communicable diseases","Current public form candidate","Revised HMIS formats effective April 2025","Official NHM state-hosted copy","https://nhm.hp.gov.in/reporting-formats","","Not specified","","Not supplied in registry metadata; consult the authoritative source","Monthly HMIS reporting element: Emergency - Snake Bite -Deaths. Denominator population: Not supplied in registry metadata; consult the authoritative source."
"","Data element","Emergency - Trauma ( accident, injury, poisoning etc) -Admission","Monthly HMIS reporting element: Emergency - Trauma ( accident, injury, poisoning etc) -Admission.","Tuberculosis services","Communicable diseases","Current public form candidate","Revised HMIS formats effective April 2025","Official NHM state-hosted copy","https://nhm.hp.gov.in/reporting-formats","","Not specified","","Not supplied in registry metadata; consult the authoritative source","Monthly HMIS reporting element: Emergency - Trauma ( accident, injury, poisoning etc) -Admission. Denominator population: Not supplied in registry metadata; consult the authoritative source."
"","Data element","Emergency - Trauma ( accident, injury, poisoning etc) -Deaths","Monthly HMIS reporting element: Emergency - Trauma ( accident, injury, poisoning etc) -Deaths.","Tuberculosis services","Communicable diseases","Current public form candidate","Revised HMIS formats effective April 2025","Official NHM state-hosted copy","https://nhm.hp.gov.in/reporting-formats","","Not specified","","Not supplied in registry metadata; consult the authoritative source","Monthly HMIS reporting element: Emergency - Trauma ( accident, injury, poisoning etc) -Deaths. Denominator population: Not supplied in registry metadata; consult the authoritative source."
"","Data element","Emergency admissions/deaths due to","Monthly HMIS reporting element: Emergency admissions/deaths due to.","Tuberculosis services","Communicable diseases","Current public form candidate","Revised HMIS formats effective April 2025","Official NHM state-hosted copy","https://nhm.hp.gov.in/reporting-formats","","Not specified","","Not supplied in registry metadata; consult the authoritative source","Monthly HMIS reporting element: Emergency admissions/deaths due to. Denominator population: Not supplied in registry metadata; consult the authoritative source."
"","Data element","EQAS Compliance","Monthly HMIS reporting element: EQAS Compliance.","Medicines, supplies and equipment","Health services and systems","Current public form candidate","Revised HMIS formats effective April 2025","Official NHM state-hosted copy","https://nhm.hp.gov.in/reporting-formats","","Not specified","","Not supplied in registry metadata; consult the authoritative source","Monthly HMIS reporting element: EQAS Compliance. Denominator population: Not supplied in registry metadata; consult the authoritative source."
"","Data element","Failures following female sterilization","Monthly HMIS reporting element: Failures following female sterilization.","Family planning","Maternal, newborn and reproductive health","Current public form candidate","Revised HMIS formats effective April 2025","Official NHM state-hosted copy","https://nhm.hp.gov.in/reporting-formats","","Not specified","","Not supplied in registry metadata; consult the authoritative source","Monthly HMIS reporting element: Failures following female sterilization. Denominator population: Not supplied in registry metadata; consult the authoritative source."
"","Data element","Failures followingmale sterilization","Monthly HMIS reporting element: Failures followingmale sterilization.","Family planning","Maternal, newborn and reproductive health","Current public form candidate","Revised HMIS formats effective April 2025","Official NHM state-hosted copy","https://nhm.hp.gov.in/reporting-formats","","Not specified","","Not supplied in registry metadata; consult the authoritative source","Monthly HMIS reporting element: Failures followingmale sterilization. Denominator population: Not supplied in registry metadata; consult the authoritative source."
"","Data element","FEMALE STERILIZATION","Monthly HMIS reporting element: FEMALE STERILIZATION.","Family planning","Maternal, newborn and reproductive health","Current public form candidate","Revised HMIS formats effective April 2025","Official NHM state-hosted copy","https://nhm.hp.gov.in/reporting-formats","","Not specified","","Not supplied in registry metadata; consult the authoritative source","Monthly HMIS reporting element: FEMALE STERILIZATION. Denominator population: Not supplied in registry metadata; consult the authoritative source."
"","Data element","Follow up in Sterilization","Monthly HMIS reporting element: Follow up in Sterilization.","Family planning","Maternal, newborn and reproductive health","Current public form candidate","Revised HMIS formats effective April 2025","Official NHM state-hosted copy","https://nhm.hp.gov.in/reporting-formats","","Not specified","","Not supplied in registry metadata; consult the authoritative source","Monthly HMIS reporting element: Follow up in Sterilization. Denominator population: Not supplied in registry metadata; consult the authoritative source."
"","Data element","FULLY IMMUNIZED children aged between 9 and <12 months- Female","Monthly HMIS reporting element: FULLY IMMUNIZED children aged between 9 and <12 months- Female.","Immunization","Child, adolescent and nutrition services","Current public form candidate","Revised HMIS formats effective April 2025","Official NHM state-hosted copy","https://nhm.hp.gov.in/reporting-formats","","Not specified","","Not supplied in registry metadata; consult the authoritative source","Monthly HMIS reporting element: FULLY IMMUNIZED children aged between 9 and <12 months- Female. Denominator population: Not supplied in registry metadata; consult the authoritative source."
"","Data element","FULLY IMMUNIZED children aged between 9 and <12 months- Male","Monthly HMIS reporting element: FULLY IMMUNIZED children aged between 9 and <12 months- Male.","Immunization","Child, adolescent and nutrition services","Current public form candidate","Revised HMIS formats effective April 2025","Official NHM state-hosted copy","https://nhm.hp.gov.in/reporting-formats","","Not specified","","Not supplied in registry metadata; consult the authoritative source","Monthly HMIS reporting element: FULLY IMMUNIZED children aged between 9 and <12 months- Male. Denominator population: Not supplied in registry metadata; consult the authoritative source."
"","Data element","Geriatric (age>=60 yrs) patients footfall","Monthly HMIS reporting element: Geriatric (age>=60 yrs) patients footfall.","Tuberculosis services","Communicable diseases","Current public form candidate","Revised HMIS formats effective April 2025","Official NHM state-hosted copy","https://nhm.hp.gov.in/reporting-formats","","Not specified","","Not supplied in registry metadata; consult the authoritative source","Monthly HMIS reporting element: Geriatric (age>=60 yrs) patients footfall. Denominator population: Not supplied in registry metadata; consult the authoritative source."
"","Data element","Geriatric/Elderly","Monthly HMIS reporting element: Geriatric/Elderly.","Tuberculosis services","Communicable diseases","Current public form candidate","Revised HMIS formats effective April 2025","Official NHM state-hosted copy","https://nhm.hp.gov.in/reporting-formats","","Not specified","","Not supplied in registry metadata; consult the authoritative source","Monthly HMIS reporting element: Geriatric/Elderly. Denominator population: Not supplied in registry metadata; consult the authoritative source."
"","Data element","Girls registered in AFHC","Monthly HMIS reporting element: Girls registered in AFHC.","Adolescent health","Child, adolescent and nutrition services","Current public form candidate","Revised HMIS formats effective April 2025","Official NHM state-hosted copy","https://nhm.hp.gov.in/reporting-formats","","Not specified","","Not supplied in registry metadata; consult the authoritative source","Monthly HMIS reporting element: Girls registered in AFHC. Denominator population: Not supplied in registry metadata; consult the authoritative source."
"","Data element","Hb Tests Conducted","Monthly HMIS reporting element: Hb Tests Conducted.","STI/RTI services","Maternal, newborn and reproductive health","Current public form candidate","Revised HMIS formats effective April 2025","Official NHM state-hosted copy","https://nhm.hp.gov.in/reporting-formats","","Not specified","","Not supplied in registry metadata; consult the authoritative source","Monthly HMIS reporting element: Hb Tests Conducted. Denominator population: Not supplied in registry metadata; consult the authoritative source."
"","Data element","Hepatitis B in pregnancy","Monthly HMIS reporting element: Hepatitis B in pregnancy.","Antenatal care and high-risk pregnancy","Maternal, newborn and reproductive health","Current public form candidate","Revised HMIS formats effective April 2025","Official NHM state-hosted copy","https://nhm.hp.gov.in/reporting-formats","","Not specified","","Not supplied in registry metadata; consult the authoritative source","Monthly HMIS reporting element: Hepatitis B in pregnancy. Denominator population: Not supplied in registry metadata; consult the authoritative source."
"","Data element","High Risk /Complicated Pregnancies","Monthly HMIS reporting element: High Risk /Complicated Pregnancies.","Antenatal care and high-risk pregnancy","Maternal, newborn and reproductive health","Current public form candidate","Revised HMIS formats effective April 2025","Official NHM state-hosted copy","https://nhm.hp.gov.in/reporting-formats","","Not specified","","Not supplied in registry metadata; consult the authoritative source","Monthly HMIS reporting element: High Risk /Complicated Pregnancies. Denominator population: Not supplied in registry metadata; consult the authoritative source."
"","Data element","HIV tests","Monthly HMIS reporting element: HIV tests.","STI/RTI services","Maternal, newborn and reproductive health","Current public form candidate","Revised HMIS formats effective April 2025","Official NHM state-hosted copy","https://nhm.hp.gov.in/reporting-formats","","Not specified","","Not supplied in registry metadata; consult the authoritative source","Monthly HMIS reporting element: HIV tests. Denominator population: Not supplied in registry metadata; consult the authoritative source."
"","Data element","IFA - Blue (Adolescent 10-19 yrs)","Monthly HMIS reporting element: IFA - Blue (Adolescent 10-19 yrs).","Adolescent health","Child, adolescent and nutrition services","Current public form candidate","Revised HMIS formats effective April 2025","Official NHM state-hosted copy","https://nhm.hp.gov.in/reporting-formats","","Not specified","","Not supplied in registry metadata; consult the authoritative source","Monthly HMIS reporting element: IFA - Blue (Adolescent 10-19 yrs). Denominator population: Not supplied in registry metadata; consult the authoritative source."
"","Data element","IFA Coverage","Monthly HMIS reporting element: IFA Coverage.","Anaemia and nutrition","Child, adolescent and nutrition services","Current public form candidate","Revised HMIS formats effective April 2025","Official NHM state-hosted copy","https://nhm.hp.gov.in/reporting-formats","","Not specified","","Not supplied in registry metadata; consult the authoritative source","Monthly HMIS reporting element: IFA Coverage. Denominator population: Not supplied in registry metadata; consult the authoritative source."
"","Data element","IFA Syrup (Paediatric)","Monthly HMIS reporting element: IFA Syrup (Paediatric).","Anaemia and nutrition","Child, adolescent and nutrition services","Current public form candidate","Revised HMIS formats effective April 2025","Official NHM state-hosted copy","https://nhm.hp.gov.in/reporting-formats","","Not specified","","Not supplied in registry metadata; consult the authoritative source","Monthly HMIS reporting element: IFA Syrup (Paediatric). Denominator population: Not supplied in registry metadata; consult the authoritative source."
"","Data element","IFA tablets (Red)","Monthly HMIS reporting element: IFA tablets (Red).","Anaemia and nutrition","Child, adolescent and nutrition services","Current public form candidate","Revised HMIS formats effective April 2025","Official NHM state-hosted copy","https://nhm.hp.gov.in/reporting-formats","","Not specified","","Not supplied in registry metadata; consult the authoritative source","Monthly HMIS reporting element: IFA tablets (Red). Denominator population: Not supplied in registry metadata; consult the authoritative source."
"","Data element","IFA- Pink (Junior 5-9 yrs)","Monthly HMIS reporting element: IFA- Pink (Junior 5-9 yrs).","Anaemia and nutrition","Child, adolescent and nutrition services","Current public form candidate","Revised HMIS formats effective April 2025","Official NHM state-hosted copy","https://nhm.hp.gov.in/reporting-formats","","Not specified","","Not supplied in registry metadata; consult the authoritative source","Monthly HMIS reporting element: IFA- Pink (Junior 5-9 yrs). Denominator population: Not supplied in registry metadata; consult the authoritative source."
"","Data element","Immunisation sessions held","Monthly HMIS reporting element: Immunisation sessions held.","Immunization","Child, adolescent and nutrition services","Current public form candidate","Revised HMIS formats effective April 2025","Official NHM state-hosted copy","https://nhm.hp.gov.in/reporting-formats","","Not specified","","Not supplied in registry metadata; consult the authoritative source","Monthly HMIS reporting element: Immunisation sessions held. Denominator population: Not supplied in registry metadata; consult the authoritative source."
"","Data element","Immunisation sessions planned","Monthly HMIS reporting element: Immunisation sessions planned.","Immunization","Child, adolescent and nutrition services","Current public form candidate","Revised HMIS formats effective April 2025","Official NHM state-hosted copy","https://nhm.hp.gov.in/reporting-formats","","Not specified","","Not supplied in registry metadata; consult the authoritative source","Monthly HMIS reporting element: Immunisation sessions planned. Denominator population: Not supplied in registry metadata; consult the authoritative source."
"","Data element","In case of home delivery, number of women receiving 1st Postpartum checkups within 48 hours","Monthly HMIS reporting element: In case of home delivery, number of women receiving 1st Postpartum checkups within 48 hours.","Delivery and intrapartum care","Maternal, newborn and reproductive health","Current public form candidate","Revised HMIS formats effective April 2025","Official NHM state-hosted copy","https://nhm.hp.gov.in/reporting-formats","","Not specified","","Not supplied in registry metadata; consult the authoritative source","Monthly HMIS reporting element: In case of home delivery, number of women receiving 1st Postpartum checkups within 48 hours. Denominator population: Not supplied in registry metadata; consult the authoritative source."
"","Data element","In-Patient Head Count at midnight","Monthly HMIS reporting element: In-Patient Head Count at midnight.","Tuberculosis services","Communicable diseases","Current public form candidate","Revised HMIS formats effective April 2025","Official NHM state-hosted copy","https://nhm.hp.gov.in/reporting-formats","","Not specified","","Not supplied in registry metadata; consult the authoritative source","Monthly HMIS reporting element: In-Patient Head Count at midnight. Denominator population: Not supplied in registry metadata; consult the authoritative source."
"","Data element","In-Patient Head Count at midnight for standalone/ integrated NRC","Monthly HMIS reporting element: In-Patient Head Count at midnight for standalone/ integrated NRC.","Tuberculosis services","Communicable diseases","Current public form candidate","Revised HMIS formats effective April 2025","Official NHM state-hosted copy","https://nhm.hp.gov.in/reporting-formats","","Not specified","","Not supplied in registry metadata; consult the authoritative source","Monthly HMIS reporting element: In-Patient Head Count at midnight for standalone/ integrated NRC. Denominator population: Not supplied in registry metadata; consult the authoritative source."
"","Data element","In-transit Deaths: 1 year and below 5 years","Monthly HMIS reporting element: In-transit Deaths: 1 year and below 5 years.","Mortality and death review","Mortality and vital events","Current public form candidate","Revised HMIS formats effective April 2025","Official NHM state-hosted copy","https://nhm.hp.gov.in/reporting-formats","","Not specified","","Not supplied in registry metadata; consult the authoritative source","Monthly HMIS reporting element: In-transit Deaths: 1 year and below 5 years. Denominator population: Not supplied in registry metadata; consult the authoritative source."
"","Data element","In-transit Deaths: 10 year and above to below 19 years","Monthly HMIS reporting element: In-transit Deaths: 10 year and above to below 19 years.","Mortality and death review","Mortality and vital events","Current public form candidate","Revised HMIS formats effective April 2025","Official NHM state-hosted copy","https://nhm.hp.gov.in/reporting-formats","","Not specified","","Not supplied in registry metadata; consult the authoritative source","Monthly HMIS reporting element: In-transit Deaths: 10 year and above to below 19 years. Denominator population: Not supplied in registry metadata; consult the authoritative source."
"","Data element","In-transit Deaths: 5 years and above to below 10 years","Monthly HMIS reporting element: In-transit Deaths: 5 years and above to below 10 years.","Mortality and death review","Mortality and vital events","Current public form candidate","Revised HMIS formats effective April 2025","Official NHM state-hosted copy","https://nhm.hp.gov.in/reporting-formats","","Not specified","","Not supplied in registry metadata; consult the authoritative source","Monthly HMIS reporting element: In-transit Deaths: 5 years and above to below 10 years. Denominator population: Not supplied in registry metadata; consult the authoritative source."
"","Data element","In-transit Deaths: Adult 19 years and above","Monthly HMIS reporting element: In-transit Deaths: Adult 19 years and above.","Mortality and death review","Mortality and vital events","Current public form candidate","Revised HMIS formats effective April 2025","Official NHM state-hosted copy","https://nhm.hp.gov.in/reporting-formats","","Not specified","","Not supplied in registry metadata; consult the authoritative source","Monthly HMIS reporting element: In-transit Deaths: Adult 19 years and above. Denominator population: Not supplied in registry metadata; consult the authoritative source."
"","Data element","Infant Deaths (>28 days to below 12 months) At Community (at home or home to facility transit)","Monthly HMIS reporting element: Infant Deaths (>28 days to below 12 months) At Community (at home or home to facility transit).","Mortality and death review","Mortality and vital events","Current public form candidate","Revised HMIS formats effective April 2025","Official NHM state-hosted copy","https://nhm.hp.gov.in/reporting-formats","","Not specified","","Not supplied in registry metadata; consult the authoritative source","Monthly HMIS reporting element: Infant Deaths (>28 days to below 12 months) At Community (at home or home to facility transit). Denominator population: Not supplied in registry metadata; consult the authoritative source."
"","Data element","Infant Deaths (>28 days to below 12 months) at Facility/Facility to facility in transit","Monthly HMIS reporting element: Infant Deaths (>28 days to below 12 months) at Facility/Facility to facility in transit.","Mortality and death review","Mortality and vital events","Current public form candidate","Revised HMIS formats effective April 2025","Official NHM state-hosted copy","https://nhm.hp.gov.in/reporting-formats","","Not specified","","Not supplied in registry metadata; consult the authoritative source","Monthly HMIS reporting element: Infant Deaths (>28 days to below 12 months) at Facility/Facility to facility in transit. Denominator population: Not supplied in registry metadata; consult the authoritative source."
"","Data element","Infant Deaths Between more than 28 days and below 12 months due to","Monthly HMIS reporting element: Infant Deaths Between more than 28 days and below 12 months due to.","Mortality and death review","Mortality and vital events","Current public form candidate","Revised HMIS formats effective April 2025","Official NHM state-hosted copy","https://nhm.hp.gov.in/reporting-formats","","Not specified","","Not supplied in registry metadata; consult the authoritative source","Monthly HMIS reporting element: Infant Deaths Between more than 28 days and below 12 months due to. Denominator population: Not supplied in registry metadata; consult the authoritative source."
"","Data element","Injectable Contraceptive MPA (Intra Muscular) - First Dose","Monthly HMIS reporting element: Injectable Contraceptive MPA (Intra Muscular) - First Dose.","Family planning","Maternal, newborn and reproductive health","Current public form candidate","Revised HMIS formats effective April 2025","Official NHM state-hosted copy","https://nhm.hp.gov.in/reporting-formats","","Not specified","","Not supplied in registry metadata; consult the authoritative source","Monthly HMIS reporting element: Injectable Contraceptive MPA (Intra Muscular) - First Dose. Denominator population: Not supplied in registry metadata; consult the authoritative source."
"","Data element","Injectable Contraceptive MPA (Intra Muscular) - Fourth and above Dose","Monthly HMIS reporting element: Injectable Contraceptive MPA (Intra Muscular) - Fourth and above Dose.","Family planning","Maternal, newborn and reproductive health","Current public form candidate","Revised HMIS formats effective April 2025","Official NHM state-hosted copy","https://nhm.hp.gov.in/reporting-formats","","Not specified","","Not supplied in registry metadata; consult the authoritative source","Monthly HMIS reporting element: Injectable Contraceptive MPA (Intra Muscular) - Fourth and above Dose. Denominator population: Not supplied in registry metadata; consult the authoritative source."
"","Data element","Injectable Contraceptive MPA (Intra Muscular) - Second Dose","Monthly HMIS reporting element: Injectable Contraceptive MPA (Intra Muscular) - Second Dose.","Family planning","Maternal, newborn and reproductive health","Current public form candidate","Revised HMIS formats effective April 2025","Official NHM state-hosted copy","https://nhm.hp.gov.in/reporting-formats","","Not specified","","Not supplied in registry metadata; consult the authoritative source","Monthly HMIS reporting element: Injectable Contraceptive MPA (Intra Muscular) - Second Dose. Denominator population: Not supplied in registry metadata; consult the authoritative source."
"","Data element","Injectable Contraceptive MPA (Intra Muscular) - Third Dose","Monthly HMIS reporting element: Injectable Contraceptive MPA (Intra Muscular) - Third Dose.","Family planning","Maternal, newborn and reproductive health","Current public form candidate","Revised HMIS formats effective April 2025","Official NHM state-hosted copy","https://nhm.hp.gov.in/reporting-formats","","Not specified","","Not supplied in registry metadata; consult the authoritative source","Monthly HMIS reporting element: Injectable Contraceptive MPA (Intra Muscular) - Third Dose. Denominator population: Not supplied in registry metadata; consult the authoritative source."
"","Data element","Injectable Contraceptive MPA (Sub Cutaneous) - First Dose","Monthly HMIS reporting element: Injectable Contraceptive MPA (Sub Cutaneous) - First Dose.","Family planning","Maternal, newborn and reproductive health","Current public form candidate","Revised HMIS formats effective April 2025","Official NHM state-hosted copy","https://nhm.hp.gov.in/reporting-formats","","Not specified","","Not supplied in registry metadata; consult the authoritative source","Monthly HMIS reporting element: Injectable Contraceptive MPA (Sub Cutaneous) - First Dose. Denominator population: Not supplied in registry metadata; consult the authoritative source."
"","Data element","Injectable Contraceptive MPA (Sub Cutaneous)- Fourth and above Dose","Monthly HMIS reporting element: Injectable Contraceptive MPA (Sub Cutaneous)- Fourth and above Dose.","Family planning","Maternal, newborn and reproductive health","Current public form candidate","Revised HMIS formats effective April 2025","Official NHM state-hosted copy","https://nhm.hp.gov.in/reporting-formats","","Not specified","","Not supplied in registry metadata; consult the authoritative source","Monthly HMIS reporting element: Injectable Contraceptive MPA (Sub Cutaneous)- Fourth and above Dose. Denominator population: Not supplied in registry metadata; consult the authoritative source."
"","Data element","Injectable Contraceptive MPA (Sub Cutaneous)- Second Dose","Monthly HMIS reporting element: Injectable Contraceptive MPA (Sub Cutaneous)- Second Dose.","Family planning","Maternal, newborn and reproductive health","Current public form candidate","Revised HMIS formats effective April 2025","Official NHM state-hosted copy","https://nhm.hp.gov.in/reporting-formats","","Not specified","","Not supplied in registry metadata; consult the authoritative source","Monthly HMIS reporting element: Injectable Contraceptive MPA (Sub Cutaneous)- Second Dose. Denominator population: Not supplied in registry metadata; consult the authoritative source."
"","Data element","Injectable Contraceptive MPA (Sub Cutaneous)- Third Dose","Monthly HMIS reporting element: Injectable Contraceptive MPA (Sub Cutaneous)- Third Dose.","Family planning","Maternal, newborn and reproductive health","Current public form candidate","Revised HMIS formats effective April 2025","Official NHM state-hosted copy","https://nhm.hp.gov.in/reporting-formats","","Not specified","","Not supplied in registry metadata; consult the authoritative source","Monthly HMIS reporting element: Injectable Contraceptive MPA (Sub Cutaneous)- Third Dose. Denominator population: Not supplied in registry metadata; consult the authoritative source."
"","Data element","Injectable Contraceptive MPA- First Dose","Monthly HMIS reporting element: Injectable Contraceptive MPA- First Dose.","Family planning","Maternal, newborn and reproductive health","Current public form candidate","Revised HMIS formats effective April 2025","Official NHM state-hosted copy","https://nhm.hp.gov.in/reporting-formats","","Not specified","","Not supplied in registry metadata; consult the authoritative source","Monthly HMIS reporting element: Injectable Contraceptive MPA- First Dose. Denominator population: Not supplied in registry metadata; consult the authoritative source."
"","Data element","Injectable Contraceptive MPA- Fourth and above Dose","Monthly HMIS reporting element: Injectable Contraceptive MPA- Fourth and above Dose.","Family planning","Maternal, newborn and reproductive health","Current public form candidate","Revised HMIS formats effective April 2025","Official NHM state-hosted copy","https://nhm.hp.gov.in/reporting-formats","","Not specified","","Not supplied in registry metadata; consult the authoritative source","Monthly HMIS reporting element: Injectable Contraceptive MPA- Fourth and above Dose. Denominator population: Not supplied in registry metadata; consult the authoritative source."
"","Data element","Injectable Contraceptive MPA- Second Dose","Monthly HMIS reporting element: Injectable Contraceptive MPA- Second Dose.","Family planning","Maternal, newborn and reproductive health","Current public form candidate","Revised HMIS formats effective April 2025","Official NHM state-hosted copy","https://nhm.hp.gov.in/reporting-formats","","Not specified","","Not supplied in registry metadata; consult the authoritative source","Monthly HMIS reporting element: Injectable Contraceptive MPA- Second Dose. Denominator population: Not supplied in registry metadata; consult the authoritative source."
"","Data element","Injectable Contraceptive MPA- Third Dose","Monthly HMIS reporting element: Injectable Contraceptive MPA- Third Dose.","Family planning","Maternal, newborn and reproductive health","Current public form candidate","Revised HMIS formats effective April 2025","Official NHM state-hosted copy","https://nhm.hp.gov.in/reporting-formats","","Not specified","","Not supplied in registry metadata; consult the authoritative source","Monthly HMIS reporting element: Injectable Contraceptive MPA- Third Dose. Denominator population: Not supplied in registry metadata; consult the authoritative source."
"","Data element","Inpatient - Asthma, Chronic Obstructive Pulmonary Disease (COPD), Respiratory infections","Monthly HMIS reporting element: Inpatient - Asthma, Chronic Obstructive Pulmonary Disease (COPD), Respiratory infections.","Tuberculosis services","Communicable diseases","Current public form candidate","Revised HMIS formats effective April 2025","Official NHM state-hosted copy","https://nhm.hp.gov.in/reporting-formats","","Not specified","","Not supplied in registry metadata; consult the authoritative source","Monthly HMIS reporting element: Inpatient - Asthma, Chronic Obstructive Pulmonary Disease (COPD), Respiratory infections. Denominator population: Not supplied in registry metadata; consult the authoritative source."
"","Data element","Inpatient - Dengue","Monthly HMIS reporting element: Inpatient - Dengue.","Vector-borne diseases","Communicable diseases","Current public form candidate","Revised HMIS formats effective April 2025","Official NHM state-hosted copy","https://nhm.hp.gov.in/reporting-formats","","Not specified","","Not supplied in registry metadata; consult the authoritative source","Monthly HMIS reporting element: Inpatient - Dengue. Denominator population: Not supplied in registry metadata; consult the authoritative source."
"","Data element","Inpatient - Diarrhoea with dehydration","Monthly HMIS reporting element: Inpatient - Diarrhoea with dehydration.","Tuberculosis services","Communicable diseases","Current public form candidate","Revised HMIS formats effective April 2025","Official NHM state-hosted copy","https://nhm.hp.gov.in/reporting-formats","","Not specified","","Not supplied in registry metadata; consult the authoritative source","Monthly HMIS reporting element: Inpatient - Diarrhoea with dehydration. Denominator population: Not supplied in registry metadata; consult the authoritative source."
"","Data element","Inpatient - Malaria","Monthly HMIS reporting element: Inpatient - Malaria.","Vector-borne diseases","Communicable diseases","Current public form candidate","Revised HMIS formats effective April 2025","Official NHM state-hosted copy","https://nhm.hp.gov.in/reporting-formats","","Not specified","","Not supplied in registry metadata; consult the authoritative source","Monthly HMIS reporting element: Inpatient - Malaria. Denominator population: Not supplied in registry metadata; consult the authoritative source."
"","Data element","Inpatient - Pyrexia of Unknown Origin (PUO)","Monthly HMIS reporting element: Inpatient - Pyrexia of Unknown Origin (PUO).","Tuberculosis services","Communicable diseases","Current public form candidate","Revised HMIS formats effective April 2025","Official NHM state-hosted copy","https://nhm.hp.gov.in/reporting-formats","","Not specified","","Not supplied in registry metadata; consult the authoritative source","Monthly HMIS reporting element: Inpatient - Pyrexia of Unknown Origin (PUO). Denominator population: Not supplied in registry metadata; consult the authoritative source."
"","Data element","Inpatient - Tuberculosis","Monthly HMIS reporting element: Inpatient - Tuberculosis.","Tuberculosis services","Communicable diseases","Current public form candidate","Revised HMIS formats effective April 2025","Official NHM state-hosted copy","https://nhm.hp.gov.in/reporting-formats","","Not specified","","Not supplied in registry metadata; consult the authoritative source","Monthly HMIS reporting element: Inpatient - Tuberculosis. Denominator population: Not supplied in registry metadata; consult the authoritative source."
"","Data element","Inpatient - Typhoid","Monthly HMIS reporting element: Inpatient - Typhoid.","Tuberculosis services","Communicable diseases","Current public form candidate","Revised HMIS formats effective April 2025","Official NHM state-hosted copy","https://nhm.hp.gov.in/reporting-formats","","Not specified","","Not supplied in registry metadata; consult the authoritative source","Monthly HMIS reporting element: Inpatient - Typhoid. Denominator population: Not supplied in registry metadata; consult the authoritative source."
"","Data element","Inpatient by disease/ health condition","Monthly HMIS reporting element: Inpatient by disease/ health condition.","Tuberculosis services","Communicable diseases","Current public form candidate","Revised HMIS formats effective April 2025","Official NHM state-hosted copy","https://nhm.hp.gov.in/reporting-formats","","Not specified","","Not supplied in registry metadata; consult the authoritative source","Monthly HMIS reporting element: Inpatient by disease/ health condition. Denominator population: Not supplied in registry metadata; consult the authoritative source."
"","Data element","Inpatient details","Monthly HMIS reporting element: Inpatient details.","Tuberculosis services","Communicable diseases","Current public form candidate","Revised HMIS formats effective April 2025","Official NHM state-hosted copy","https://nhm.hp.gov.in/reporting-formats","","Not specified","","Not supplied in registry metadata; consult the authoritative source","Monthly HMIS reporting element: Inpatient details. Denominator population: Not supplied in registry metadata; consult the authoritative source."
"","Data element","Inpatient – Leprosy (Reconstructive Surgery)","Monthly HMIS reporting element: Inpatient – Leprosy (Reconstructive Surgery).","Tuberculosis services","Communicable diseases","Current public form candidate","Revised HMIS formats effective April 2025","Official NHM state-hosted copy","https://nhm.hp.gov.in/reporting-formats","","Not specified","","Not supplied in registry metadata; consult the authoritative source","Monthly HMIS reporting element: Inpatient – Leprosy (Reconstructive Surgery). Denominator population: Not supplied in registry metadata; consult the authoritative source."
"","Data element","Inpatient – Mental illness","Monthly HMIS reporting element: Inpatient – Mental illness.","Tuberculosis services","Communicable diseases","Current public form candidate","Revised HMIS formats effective April 2025","Official NHM state-hosted copy","https://nhm.hp.gov.in/reporting-formats","","Not specified","","Not supplied in registry metadata; consult the authoritative source","Monthly HMIS reporting element: Inpatient – Mental illness. Denominator population: Not supplied in registry metadata; consult the authoritative source."
"","Data element","Inpatient – Operated for Cataract","Monthly HMIS reporting element: Inpatient – Operated for Cataract.","Tuberculosis services","Communicable diseases","Current public form candidate","Revised HMIS formats effective April 2025","Official NHM state-hosted copy","https://nhm.hp.gov.in/reporting-formats","","Not specified","","Not supplied in registry metadata; consult the authoritative source","Monthly HMIS reporting element: Inpatient – Operated for Cataract. Denominator population: Not supplied in registry metadata; consult the authoritative source."
"","Data element","Inpatient – Palliative Care","Monthly HMIS reporting element: Inpatient – Palliative Care.","Tuberculosis services","Communicable diseases","Current public form candidate","Revised HMIS formats effective April 2025","Official NHM state-hosted copy","https://nhm.hp.gov.in/reporting-formats","","Not specified","","Not supplied in registry metadata; consult the authoritative source","Monthly HMIS reporting element: Inpatient – Palliative Care. Denominator population: Not supplied in registry metadata; consult the authoritative source."
"","Data element","Intrapartum (Fresh) Still Birth","Monthly HMIS reporting element: Intrapartum (Fresh) Still Birth.","Antenatal care and high-risk pregnancy","Maternal, newborn and reproductive health","Current public form candidate","Revised HMIS formats effective April 2025","Official NHM state-hosted copy","https://nhm.hp.gov.in/reporting-formats","","Not specified","","Not supplied in registry metadata; consult the authoritative source","Monthly HMIS reporting element: Intrapartum (Fresh) Still Birth. Denominator population: Not supplied in registry metadata; consult the authoritative source."
"","Data element","IPD Admission","Monthly HMIS reporting element: IPD Admission.","Tuberculosis services","Communicable diseases","Current public form candidate","Revised HMIS formats effective April 2025","Official NHM state-hosted copy","https://nhm.hp.gov.in/reporting-formats","","Not specified","","Not supplied in registry metadata; consult the authoritative source","Monthly HMIS reporting element: IPD Admission. Denominator population: Not supplied in registry metadata; consult the authoritative source."
"","Data element","IPD Admission Female- Adults<60yrs","Monthly HMIS reporting element: IPD Admission Female- Adults<60yrs.","Tuberculosis services","Communicable diseases","Current public form candidate","Revised HMIS formats effective April 2025","Official NHM state-hosted copy","https://nhm.hp.gov.in/reporting-formats","","Not specified","","Not supplied in registry metadata; consult the authoritative source","Monthly HMIS reporting element: IPD Admission Female- Adults<60yrs. Denominator population: Not supplied in registry metadata; consult the authoritative source."
"","Data element","IPD Admission Female- Children<18yrs","Monthly HMIS reporting element: IPD Admission Female- Children<18yrs.","Tuberculosis services","Communicable diseases","Current public form candidate","Revised HMIS formats effective April 2025","Official NHM state-hosted copy","https://nhm.hp.gov.in/reporting-formats","","Not specified","","Not supplied in registry metadata; consult the authoritative source","Monthly HMIS reporting element: IPD Admission Female- Children<18yrs. Denominator population: Not supplied in registry metadata; consult the authoritative source."
"","Data element","IPD Admission Geriatric->=60yrs","Monthly HMIS reporting element: IPD Admission Geriatric->=60yrs.","Tuberculosis services","Communicable diseases","Current public form candidate","Revised HMIS formats effective April 2025","Official NHM state-hosted copy","https://nhm.hp.gov.in/reporting-formats","","Not specified","","Not supplied in registry metadata; consult the authoritative source","Monthly HMIS reporting element: IPD Admission Geriatric->=60yrs. Denominator population: Not supplied in registry metadata; consult the authoritative source."
"","Data element","IPD Admission Male- Adults <60yrs","Monthly HMIS reporting element: IPD Admission Male- Adults <60yrs.","Tuberculosis services","Communicable diseases","Current public form candidate","Revised HMIS formats effective April 2025","Official NHM state-hosted copy","https://nhm.hp.gov.in/reporting-formats","","Not specified","","Not supplied in registry metadata; consult the authoritative source","Monthly HMIS reporting element: IPD Admission Male- Adults <60yrs. Denominator population: Not supplied in registry metadata; consult the authoritative source."
"","Data element","IPD Admission Male- Children<18yrs","Monthly HMIS reporting element: IPD Admission Male- Children<18yrs.","Tuberculosis services","Communicable diseases","Current public form candidate","Revised HMIS formats effective April 2025","Official NHM state-hosted copy","https://nhm.hp.gov.in/reporting-formats","","Not specified","","Not supplied in registry metadata; consult the authoritative source","Monthly HMIS reporting element: IPD Admission Male- Children<18yrs. Denominator population: Not supplied in registry metadata; consult the authoritative source."
"","Data element","IPD Deaths (excluding deaths at Emergency department & Sick Newborn Care Unit (SNCU)","Monthly HMIS reporting element: IPD Deaths (excluding deaths at Emergency department & Sick Newborn Care Unit (SNCU).","Newborn and pregnancy outcomes","Maternal, newborn and reproductive health","Current public form candidate","Revised HMIS formats effective April 2025","Official NHM state-hosted copy","https://nhm.hp.gov.in/reporting-formats","","Not specified","","Not supplied in registry metadata; consult the authoritative source","Monthly HMIS reporting element: IPD Deaths (excluding deaths at Emergency department & Sick Newborn Care Unit (SNCU). Denominator population: Not supplied in registry metadata; consult the authoritative source."
"","Data element","IPD Deaths Female- Adults<60yrs","Monthly HMIS reporting element: IPD Deaths Female- Adults<60yrs.","Tuberculosis services","Communicable diseases","Current public form candidate","Revised HMIS formats effective April 2025","Official NHM state-hosted copy","https://nhm.hp.gov.in/reporting-formats","","Not specified","","Not supplied in registry metadata; consult the authoritative source","Monthly HMIS reporting element: IPD Deaths Female- Adults<60yrs. Denominator population: Not supplied in registry metadata; consult the authoritative source."
"","Data element","IPD Deaths Female- Children<18yrs","Monthly HMIS reporting element: IPD Deaths Female- Children<18yrs.","Tuberculosis services","Communicable diseases","Current public form candidate","Revised HMIS formats effective April 2025","Official NHM state-hosted copy","https://nhm.hp.gov.in/reporting-formats","","Not specified","","Not supplied in registry metadata; consult the authoritative source","Monthly HMIS reporting element: IPD Deaths Female- Children<18yrs. Denominator population: Not supplied in registry metadata; consult the authoritative source."
"","Data element","IPD Deaths Geriatric->=60yrs","Monthly HMIS reporting element: IPD Deaths Geriatric->=60yrs.","Tuberculosis services","Communicable diseases","Current public form candidate","Revised HMIS formats effective April 2025","Official NHM state-hosted copy","https://nhm.hp.gov.in/reporting-formats","","Not specified","","Not supplied in registry metadata; consult the authoritative source","Monthly HMIS reporting element: IPD Deaths Geriatric->=60yrs. Denominator population: Not supplied in registry metadata; consult the authoritative source."
"","Data element","IPD Deaths Male- Adults<60yrs","Monthly HMIS reporting element: IPD Deaths Male- Adults<60yrs.","Tuberculosis services","Communicable diseases","Current public form candidate","Revised HMIS formats effective April 2025","Official NHM state-hosted copy","https://nhm.hp.gov.in/reporting-formats","","Not specified","","Not supplied in registry metadata; consult the authoritative source","Monthly HMIS reporting element: IPD Deaths Male- Adults<60yrs. Denominator population: Not supplied in registry metadata; consult the authoritative source."
"","Data element","IPD Deaths Male- Children<18yrs","Monthly HMIS reporting element: IPD Deaths Male- Children<18yrs.","Tuberculosis services","Communicable diseases","Current public form candidate","Revised HMIS formats effective April 2025","Official NHM state-hosted copy","https://nhm.hp.gov.in/reporting-formats","","Not specified","","Not supplied in registry metadata; consult the authoritative source","Monthly HMIS reporting element: IPD Deaths Male- Children<18yrs. Denominator population: Not supplied in registry metadata; consult the authoritative source."
"","Data element","IPD Discharge","Monthly HMIS reporting element: IPD Discharge.","Tuberculosis services","Communicable diseases","Current public form candidate","Revised HMIS formats effective April 2025","Official NHM state-hosted copy","https://nhm.hp.gov.in/reporting-formats","","Not specified","","Not supplied in registry metadata; consult the authoritative source","Monthly HMIS reporting element: IPD Discharge. Denominator population: Not supplied in registry metadata; consult the authoritative source."
"","Data element","IPD Discharge Female- Adults<60yrs","Monthly HMIS reporting element: IPD Discharge Female- Adults<60yrs.","Tuberculosis services","Communicable diseases","Current public form candidate","Revised HMIS formats effective April 2025","Official NHM state-hosted copy","https://nhm.hp.gov.in/reporting-formats","","Not specified","","Not supplied in registry metadata; consult the authoritative source","Monthly HMIS reporting element: IPD Discharge Female- Adults<60yrs. Denominator population: Not supplied in registry metadata; consult the authoritative source."
"","Data element","IPD Discharge Female- Children<18yrs","Monthly HMIS reporting element: IPD Discharge Female- Children<18yrs.","Tuberculosis services","Communicable diseases","Current public form candidate","Revised HMIS formats effective April 2025","Official NHM state-hosted copy","https://nhm.hp.gov.in/reporting-formats","","Not specified","","Not supplied in registry metadata; consult the authoritative source","Monthly HMIS reporting element: IPD Discharge Female- Children<18yrs. Denominator population: Not supplied in registry metadata; consult the authoritative source."
"","Data element","IPD Discharge Geriatric->=60yrs","Monthly HMIS reporting element: IPD Discharge Geriatric->=60yrs.","Tuberculosis services","Communicable diseases","Current public form candidate","Revised HMIS formats effective April 2025","Official NHM state-hosted copy","https://nhm.hp.gov.in/reporting-formats","","Not specified","","Not supplied in registry metadata; consult the authoritative source","Monthly HMIS reporting element: IPD Discharge Geriatric->=60yrs. Denominator population: Not supplied in registry metadata; consult the authoritative source."
"","Data element","IPD Discharge Male- Adults<60yrs","Monthly HMIS reporting element: IPD Discharge Male- Adults<60yrs.","Tuberculosis services","Communicable diseases","Current public form candidate","Revised HMIS formats effective April 2025","Official NHM state-hosted copy","https://nhm.hp.gov.in/reporting-formats","","Not specified","","Not supplied in registry metadata; consult the authoritative source","Monthly HMIS reporting element: IPD Discharge Male- Adults<60yrs. Denominator population: Not supplied in registry metadata; consult the authoritative source."
"","Data element","IPD Discharge Male- Children<18yrs","Monthly HMIS reporting element: IPD Discharge Male- Children<18yrs.","Tuberculosis services","Communicable diseases","Current public form candidate","Revised HMIS formats effective April 2025","Official NHM state-hosted copy","https://nhm.hp.gov.in/reporting-formats","","Not specified","","Not supplied in registry metadata; consult the authoritative source","Monthly HMIS reporting element: IPD Discharge Male- Children<18yrs. Denominator population: Not supplied in registry metadata; consult the authoritative source."
"","Data element","IPD Referred Female- Adults<60yrs","Monthly HMIS reporting element: IPD Referred Female- Adults<60yrs.","Tuberculosis services","Communicable diseases","Current public form candidate","Revised HMIS formats effective April 2025","Official NHM state-hosted copy","https://nhm.hp.gov.in/reporting-formats","","Not specified","","Not supplied in registry metadata; consult the authoritative source","Monthly HMIS reporting element: IPD Referred Female- Adults<60yrs. Denominator population: Not supplied in registry metadata; consult the authoritative source."
"","Data element","IPD Referred Female- Children<18yrs","Monthly HMIS reporting element: IPD Referred Female- Children<18yrs.","Tuberculosis services","Communicable diseases","Current public form candidate","Revised HMIS formats effective April 2025","Official NHM state-hosted copy","https://nhm.hp.gov.in/reporting-formats","","Not specified","","Not supplied in registry metadata; consult the authoritative source","Monthly HMIS reporting element: IPD Referred Female- Children<18yrs. Denominator population: Not supplied in registry metadata; consult the authoritative source."
"","Data element","IPD Referred Geriatric->=60yrs","Monthly HMIS reporting element: IPD Referred Geriatric->=60yrs.","Tuberculosis services","Communicable diseases","Current public form candidate","Revised HMIS formats effective April 2025","Official NHM state-hosted copy","https://nhm.hp.gov.in/reporting-formats","","Not specified","","Not supplied in registry metadata; consult the authoritative source","Monthly HMIS reporting element: IPD Referred Geriatric->=60yrs. Denominator population: Not supplied in registry metadata; consult the authoritative source."
"","Data element","IPD Referred Male- Adults<60yrs","Monthly HMIS reporting element: IPD Referred Male- Adults<60yrs.","Tuberculosis services","Communicable diseases","Current public form candidate","Revised HMIS formats effective April 2025","Official NHM state-hosted copy","https://nhm.hp.gov.in/reporting-formats","","Not specified","","Not supplied in registry metadata; consult the authoritative source","Monthly HMIS reporting element: IPD Referred Male- Adults<60yrs. Denominator population: Not supplied in registry metadata; consult the authoritative source."
"","Data element","IPD Referred Male- Children<18yrs","Monthly HMIS reporting element: IPD Referred Male- Children<18yrs.","Tuberculosis services","Communicable diseases","Current public form candidate","Revised HMIS formats effective April 2025","Official NHM state-hosted copy","https://nhm.hp.gov.in/reporting-formats","","Not specified","","Not supplied in registry metadata; consult the authoritative source","Monthly HMIS reporting element: IPD Referred Male- Children<18yrs. Denominator population: Not supplied in registry metadata; consult the authoritative source."
"","Data element","IPD Referred Out","Monthly HMIS reporting element: IPD Referred Out.","Tuberculosis services","Communicable diseases","Current public form candidate","Revised HMIS formats effective April 2025","Official NHM state-hosted copy","https://nhm.hp.gov.in/reporting-formats","","Not specified","","Not supplied in registry metadata; consult the authoritative source","Monthly HMIS reporting element: IPD Referred Out. Denominator population: Not supplied in registry metadata; consult the authoritative source."
"","Data element","Janani Shishu Suraksha Karyakram (JSSK)","Monthly HMIS reporting element: Janani Shishu Suraksha Karyakram (JSSK).","Tuberculosis services","Communicable diseases","Current public form candidate","Revised HMIS formats effective April 2025","Official NHM state-hosted copy","https://nhm.hp.gov.in/reporting-formats","","Not specified","","Not supplied in registry metadata; consult the authoritative source","Monthly HMIS reporting element: Janani Shishu Suraksha Karyakram (JSSK). Denominator population: Not supplied in registry metadata; consult the authoritative source."
"","Data element","Kala Azar (RDT) - Tests Conducted","Monthly HMIS reporting element: Kala Azar (RDT) - Tests Conducted.","Vector-borne diseases","Communicable diseases","Current public form candidate","Revised HMIS formats effective April 2025","Official NHM state-hosted copy","https://nhm.hp.gov.in/reporting-formats","","Not specified","","Not supplied in registry metadata; consult the authoritative source","Monthly HMIS reporting element: Kala Azar (RDT) - Tests Conducted. Denominator population: Not supplied in registry metadata; consult the authoritative source."
"","Data element","Kala Azar Positive Cases","Monthly HMIS reporting element: Kala Azar Positive Cases.","Vector-borne diseases","Communicable diseases","Current public form candidate","Revised HMIS formats effective April 2025","Official NHM state-hosted copy","https://nhm.hp.gov.in/reporting-formats","","Not specified","","Not supplied in registry metadata; consult the authoritative source","Monthly HMIS reporting element: Kala Azar Positive Cases. Denominator population: Not supplied in registry metadata; consult the authoritative source."
"","Data element","Kala Azar- Rapid Diagnostic Test (RDT)","Monthly HMIS reporting element: Kala Azar- Rapid Diagnostic Test (RDT).","STI/RTI services","Maternal, newborn and reproductive health","Current public form candidate","Revised HMIS formats effective April 2025","Official NHM state-hosted copy","https://nhm.hp.gov.in/reporting-formats","","Not specified","","Not supplied in registry metadata; consult the authoritative source","Monthly HMIS reporting element: Kala Azar- Rapid Diagnostic Test (RDT). Denominator population: Not supplied in registry metadata; consult the authoritative source."
"","Data element","Live Birth","Monthly HMIS reporting element: Live Birth.","Antenatal care and high-risk pregnancy","Maternal, newborn and reproductive health","Current public form candidate","Revised HMIS formats effective April 2025","Official NHM state-hosted copy","https://nhm.hp.gov.in/reporting-formats","","Not specified","","Not supplied in registry metadata; consult the authoritative source","Monthly HMIS reporting element: Live Birth. Denominator population: Not supplied in registry metadata; consult the authoritative source."
"","Data element","Live Birth - Female","Monthly HMIS reporting element: Live Birth - Female.","Antenatal care and high-risk pregnancy","Maternal, newborn and reproductive health","Current public form candidate","Revised HMIS formats effective April 2025","Official NHM state-hosted copy","https://nhm.hp.gov.in/reporting-formats","","Not specified","","Not supplied in registry metadata; consult the authoritative source","Monthly HMIS reporting element: Live Birth - Female. Denominator population: Not supplied in registry metadata; consult the authoritative source."
"","Data element","Live Birth - Male","Monthly HMIS reporting element: Live Birth - Male.","Antenatal care and high-risk pregnancy","Maternal, newborn and reproductive health","Current public form candidate","Revised HMIS formats effective April 2025","Official NHM state-hosted copy","https://nhm.hp.gov.in/reporting-formats","","Not specified","","Not supplied in registry metadata; consult the authoritative source","Monthly HMIS reporting element: Live Birth - Male. Denominator population: Not supplied in registry metadata; consult the authoritative source."
"","Data element","Lymphatic Filariasis","Monthly HMIS reporting element: Lymphatic Filariasis.","Vector-borne diseases","Communicable diseases","Current public form candidate","Revised HMIS formats effective April 2025","Official NHM state-hosted copy","https://nhm.hp.gov.in/reporting-formats","","Not specified","","Not supplied in registry metadata; consult the authoritative source","Monthly HMIS reporting element: Lymphatic Filariasis. Denominator population: Not supplied in registry metadata; consult the authoritative source."
"","Data element","Major Surgeries excluding Obstetrics, Gynaecology and Ophthalmology","Monthly HMIS reporting element: Major Surgeries excluding Obstetrics, Gynaecology and Ophthalmology.","Tuberculosis services","Communicable diseases","Current public form candidate","Revised HMIS formats effective April 2025","Official NHM state-hosted copy","https://nhm.hp.gov.in/reporting-formats","","Not specified","","Not supplied in registry metadata; consult the authoritative source","Monthly HMIS reporting element: Major Surgeries excluding Obstetrics, Gynaecology and Ophthalmology. Denominator population: Not supplied in registry metadata; consult the authoritative source."
"","Data element","Major Surgeries excluding Obstetrics, Gynaecology and Opthalmology","Monthly HMIS reporting element: Major Surgeries excluding Obstetrics, Gynaecology and Opthalmology.","Patient services and utilization","Health services and systems","Current public form candidate","Revised HMIS formats effective April 2025","Official NHM state-hosted copy","https://nhm.hp.gov.in/reporting-formats","","Not specified","","Not supplied in registry metadata; consult the authoritative source","Monthly HMIS reporting element: Major Surgeries excluding Obstetrics, Gynaecology and Opthalmology. Denominator population: Not supplied in registry metadata; consult the authoritative source."
"","Data element","Malaria","Monthly HMIS reporting element: Malaria.","Vector-borne diseases","Communicable diseases","Current public form candidate","Revised HMIS formats effective April 2025","Official NHM state-hosted copy","https://nhm.hp.gov.in/reporting-formats","","Not specified","","Not supplied in registry metadata; consult the authoritative source","Monthly HMIS reporting element: Malaria. Denominator population: Not supplied in registry metadata; consult the authoritative source."
"","Data element","Malaria (Microscopy Tests ) - Mixed test positive","Monthly HMIS reporting element: Malaria (Microscopy Tests ) - Mixed test positive.","Vector-borne diseases","Communicable diseases","Current public form candidate","Revised HMIS formats effective April 2025","Official NHM state-hosted copy","https://nhm.hp.gov.in/reporting-formats","","Not specified","","Not supplied in registry metadata; consult the authoritative source","Monthly HMIS reporting element: Malaria (Microscopy Tests ) - Mixed test positive. Denominator population: Not supplied in registry metadata; consult the authoritative source."
"","Data element","Malaria (Microscopy Tests ) - Plasmodium Falciparum test positive","Monthly HMIS reporting element: Malaria (Microscopy Tests ) - Plasmodium Falciparum test positive.","Vector-borne diseases","Communicable diseases","Current public form candidate","Revised HMIS formats effective April 2025","Official NHM state-hosted copy","https://nhm.hp.gov.in/reporting-formats","","Not specified","","Not supplied in registry metadata; consult the authoritative source","Monthly HMIS reporting element: Malaria (Microscopy Tests ) - Plasmodium Falciparum test positive. Denominator population: Not supplied in registry metadata; consult the authoritative source."
"","Data element","Malaria (Microscopy Tests ) - Plasmodium Vivax test positive","Monthly HMIS reporting element: Malaria (Microscopy Tests ) - Plasmodium Vivax test positive.","Vector-borne diseases","Communicable diseases","Current public form candidate","Revised HMIS formats effective April 2025","Official NHM state-hosted copy","https://nhm.hp.gov.in/reporting-formats","","Not specified","","Not supplied in registry metadata; consult the authoritative source","Monthly HMIS reporting element: Malaria (Microscopy Tests ) - Plasmodium Vivax test positive. Denominator population: Not supplied in registry metadata; consult the authoritative source."
"","Data element","Malaria (RDT) - Mixed test positive","Monthly HMIS reporting element: Malaria (RDT) - Mixed test positive.","Vector-borne diseases","Communicable diseases","Current public form candidate","Revised HMIS formats effective April 2025","Official NHM state-hosted copy","https://nhm.hp.gov.in/reporting-formats","","Not specified","","Not supplied in registry metadata; consult the authoritative source","Monthly HMIS reporting element: Malaria (RDT) - Mixed test positive. Denominator population: Not supplied in registry metadata; consult the authoritative source."
"","Data element","Malaria (RDT) - Plasmodium Falciparum test positive","Monthly HMIS reporting element: Malaria (RDT) - Plasmodium Falciparum test positive.","Vector-borne diseases","Communicable diseases","Current public form candidate","Revised HMIS formats effective April 2025","Official NHM state-hosted copy","https://nhm.hp.gov.in/reporting-formats","","Not specified","","Not supplied in registry metadata; consult the authoritative source","Monthly HMIS reporting element: Malaria (RDT) - Plasmodium Falciparum test positive. Denominator population: Not supplied in registry metadata; consult the authoritative source."
"","Data element","Malaria (RDT) - Plasmodium Vivax test positive","Monthly HMIS reporting element: Malaria (RDT) - Plasmodium Vivax test positive.","Vector-borne diseases","Communicable diseases","Current public form candidate","Revised HMIS formats effective April 2025","Official NHM state-hosted copy","https://nhm.hp.gov.in/reporting-formats","","Not specified","","Not supplied in registry metadata; consult the authoritative source","Monthly HMIS reporting element: Malaria (RDT) - Plasmodium Vivax test positive. Denominator population: Not supplied in registry metadata; consult the authoritative source."
"","Data element","MALE STERILIZATION","Monthly HMIS reporting element: MALE STERILIZATION.","Family planning","Maternal, newborn and reproductive health","Current public form candidate","Revised HMIS formats effective April 2025","Official NHM state-hosted copy","https://nhm.hp.gov.in/reporting-formats","","Not specified","","Not supplied in registry metadata; consult the authoritative source","Monthly HMIS reporting element: MALE STERILIZATION. Denominator population: Not supplied in registry metadata; consult the authoritative source."
"","Data element","Maternal Death in transit to be reported at Block level","Monthly HMIS reporting element: Maternal Death in transit to be reported at Block level.","Mortality and death review","Mortality and vital events","Current public form candidate","Revised HMIS formats effective April 2025","Official NHM state-hosted copy","https://nhm.hp.gov.in/reporting-formats","","Not specified","","Not supplied in registry metadata; consult the authoritative source","Monthly HMIS reporting element: Maternal Death in transit to be reported at Block level. Denominator population: Not supplied in registry metadata; consult the authoritative source."
"","Data element","Maternal Deaths at facility due to","Monthly HMIS reporting element: Maternal Deaths at facility due to.","Mortality and death review","Mortality and vital events","Current public form candidate","Revised HMIS formats effective April 2025","Official NHM state-hosted copy","https://nhm.hp.gov.in/reporting-formats","","Not specified","","Not supplied in registry metadata; consult the authoritative source","Monthly HMIS reporting element: Maternal Deaths at facility due to. Denominator population: Not supplied in registry metadata; consult the authoritative source."
"","Data element","Medical Termination of Pregnancy (MTP)","Monthly HMIS reporting element: Medical Termination of Pregnancy (MTP).","Antenatal care and high-risk pregnancy","Maternal, newborn and reproductive health","Current public form candidate","Revised HMIS formats effective April 2025","Official NHM state-hosted copy","https://nhm.hp.gov.in/reporting-formats","","Not specified","","Not supplied in registry metadata; consult the authoritative source","Monthly HMIS reporting element: Medical Termination of Pregnancy (MTP). Denominator population: Not supplied in registry metadata; consult the authoritative source."
"","Data element","Microscopy Tests","Monthly HMIS reporting element: Microscopy Tests.","Vector-borne diseases","Communicable diseases","Current public form candidate","Revised HMIS formats effective April 2025","Official NHM state-hosted copy","https://nhm.hp.gov.in/reporting-formats","","Not specified","","Not supplied in registry metadata; consult the authoritative source","Monthly HMIS reporting element: Microscopy Tests. Denominator population: Not supplied in registry metadata; consult the authoritative source."
"","Data element","Minor Operations (No or local anaesthesia)","Monthly HMIS reporting element: Minor Operations (No or local anaesthesia).","Tuberculosis services","Communicable diseases","Current public form candidate","Revised HMIS formats effective April 2025","Official NHM state-hosted copy","https://nhm.hp.gov.in/reporting-formats","","Not specified","","Not supplied in registry metadata; consult the authoritative source","Monthly HMIS reporting element: Minor Operations (No or local anaesthesia). Denominator population: Not supplied in registry metadata; consult the authoritative source."
"","Data element","MRI (Inhouse)","Monthly HMIS reporting element: MRI (Inhouse).","STI/RTI services","Maternal, newborn and reproductive health","Current public form candidate","Revised HMIS formats effective April 2025","Official NHM state-hosted copy","https://nhm.hp.gov.in/reporting-formats","","Not specified","","Not supplied in registry metadata; consult the authoritative source","Monthly HMIS reporting element: MRI (Inhouse). Denominator population: Not supplied in registry metadata; consult the authoritative source."
"","Data element","MTP more than 12 weeks of pregnancy","Monthly HMIS reporting element: MTP more than 12 weeks of pregnancy.","Antenatal care and high-risk pregnancy","Maternal, newborn and reproductive health","Current public form candidate","Revised HMIS formats effective April 2025","Official NHM state-hosted copy","https://nhm.hp.gov.in/reporting-formats","","Not specified","","Not supplied in registry metadata; consult the authoritative source","Monthly HMIS reporting element: MTP more than 12 weeks of pregnancy. Denominator population: Not supplied in registry metadata; consult the authoritative source."
"","Data element","MTPs completed through Medical methods of abortion (MMA)","Monthly HMIS reporting element: MTPs completed through Medical methods of abortion (MMA).","Antenatal care and high-risk pregnancy","Maternal, newborn and reproductive health","Current public form candidate","Revised HMIS formats effective April 2025","Official NHM state-hosted copy","https://nhm.hp.gov.in/reporting-formats","","Not specified","","Not supplied in registry metadata; consult the authoritative source","Monthly HMIS reporting element: MTPs completed through Medical methods of abortion (MMA). Denominator population: Not supplied in registry metadata; consult the authoritative source."
"","Data element","National Viral Hepatitis Control Program (Diagnosis and Management of viral hepatitis)","Monthly HMIS reporting element: National Viral Hepatitis Control Program (Diagnosis and Management of viral hepatitis).","Tuberculosis services","Communicable diseases","Current public form candidate","Revised HMIS formats effective April 2025","Official NHM state-hosted copy","https://nhm.hp.gov.in/reporting-formats","","Not specified","","Not supplied in registry metadata; consult the authoritative source","Monthly HMIS reporting element: National Viral Hepatitis Control Program (Diagnosis and Management of viral hepatitis). Denominator population: Not supplied in registry metadata; consult the authoritative source."
"","Data element","Neonatal Deaths up to 4 weeks (0 to 28 days) due to","Monthly HMIS reporting element: Neonatal Deaths up to 4 weeks (0 to 28 days) due to.","Mortality and death review","Mortality and vital events","Current public form candidate","Revised HMIS formats effective April 2025","Official NHM state-hosted copy","https://nhm.hp.gov.in/reporting-formats","","Not specified","","Not supplied in registry metadata; consult the authoritative source","Monthly HMIS reporting element: Neonatal Deaths up to 4 weeks (0 to 28 days) due to. Denominator population: Not supplied in registry metadata; consult the authoritative source."
"","Data element","Neonatal Deaths up to 4 weeks (0 to 28 days) due to Asphyxia","Monthly HMIS reporting element: Neonatal Deaths up to 4 weeks (0 to 28 days) due to Asphyxia.","Mortality and death review","Mortality and vital events","Current public form candidate","Revised HMIS formats effective April 2025","Official NHM state-hosted copy","https://nhm.hp.gov.in/reporting-formats","","Not specified","","Not supplied in registry metadata; consult the authoritative source","Monthly HMIS reporting element: Neonatal Deaths up to 4 weeks (0 to 28 days) due to Asphyxia. Denominator population: Not supplied in registry metadata; consult the authoritative source."
"","Data element","Neonatal Deaths up to 4 weeks (0 to 28 days) due to complications of Prematurity","Monthly HMIS reporting element: Neonatal Deaths up to 4 weeks (0 to 28 days) due to complications of Prematurity.","Mortality and death review","Mortality and vital events","Current public form candidate","Revised HMIS formats effective April 2025","Official NHM state-hosted copy","https://nhm.hp.gov.in/reporting-formats","Index","index/score","","Not supplied in registry metadata; consult the authoritative source","Monthly HMIS reporting element: Neonatal Deaths up to 4 weeks (0 to 28 days) due to complications of Prematurity. Denominator population: Not supplied in registry metadata; consult the authoritative source."
"","Data element","Neonatal Deaths up to 4 weeks (0 to 28 days) due to Other causes","Monthly HMIS reporting element: Neonatal Deaths up to 4 weeks (0 to 28 days) due to Other causes.","Mortality and death review","Mortality and vital events","Current public form candidate","Revised HMIS formats effective April 2025","Official NHM state-hosted copy","https://nhm.hp.gov.in/reporting-formats","","Not specified","","Not supplied in registry metadata; consult the authoritative source","Monthly HMIS reporting element: Neonatal Deaths up to 4 weeks (0 to 28 days) due to Other causes. Denominator population: Not supplied in registry metadata; consult the authoritative source."
"","Data element","Neonatal Deaths up to 4 weeks (0 to 28 days) due to Sepsis","Monthly HMIS reporting element: Neonatal Deaths up to 4 weeks (0 to 28 days) due to Sepsis.","Childhood illness","Child, adolescent and nutrition services","Current public form candidate","Revised HMIS formats effective April 2025","Official NHM state-hosted copy","https://nhm.hp.gov.in/reporting-formats","","Not specified","","Not supplied in registry metadata; consult the authoritative source","Monthly HMIS reporting element: Neonatal Deaths up to 4 weeks (0 to 28 days) due to Sepsis. Denominator population: Not supplied in registry metadata; consult the authoritative source."
"","Data element","New born deaths within 1 week (1 to 7 days) At Community (at home or home to facility transit)","Monthly HMIS reporting element: New born deaths within 1 week (1 to 7 days) At Community (at home or home to facility transit).","Newborn and pregnancy outcomes","Maternal, newborn and reproductive health","Current public form candidate","Revised HMIS formats effective April 2025","Official NHM state-hosted copy","https://nhm.hp.gov.in/reporting-formats","","Not specified","","Not supplied in registry metadata; consult the authoritative source","Monthly HMIS reporting element: New born deaths within 1 week (1 to 7 days) At Community (at home or home to facility transit). Denominator population: Not supplied in registry metadata; consult the authoritative source."
"","Data element","New born deaths within 1 week (1 to 7 days) at Facility/Facility to facility in transit","Monthly HMIS reporting element: New born deaths within 1 week (1 to 7 days) at Facility/Facility to facility in transit.","Newborn and pregnancy outcomes","Maternal, newborn and reproductive health","Current public form candidate","Revised HMIS formats effective April 2025","Official NHM state-hosted copy","https://nhm.hp.gov.in/reporting-formats","","Not specified","","Not supplied in registry metadata; consult the authoritative source","Monthly HMIS reporting element: New born deaths within 1 week (1 to 7 days) at Facility/Facility to facility in transit. Denominator population: Not supplied in registry metadata; consult the authoritative source."
"","Data element","New born deaths within 24 hrs(1 to 23 Hrs 59 minutes) of birth at Facility/ Facility to facility in transit","Monthly HMIS reporting element: New born deaths within 24 hrs(1 to 23 Hrs 59 minutes) of birth at Facility/ Facility to facility in transit.","Newborn and pregnancy outcomes","Maternal, newborn and reproductive health","Current public form candidate","Revised HMIS formats effective April 2025","Official NHM state-hosted copy","https://nhm.hp.gov.in/reporting-formats","","Not specified","","Not supplied in registry metadata; consult the authoritative source","Monthly HMIS reporting element: New born deaths within 24 hrs(1 to 23 Hrs 59 minutes) of birth at Facility/ Facility to facility in transit. Denominator population: Not supplied in registry metadata; consult the authoritative source."
"","Data element","New born deaths within 24 hrs(1 to 23 Hrs 59 minutes) of birth at Facility/Facility to facility in transit","Monthly HMIS reporting element: New born deaths within 24 hrs(1 to 23 Hrs 59 minutes) of birth at Facility/Facility to facility in transit.","Newborn and pregnancy outcomes","Maternal, newborn and reproductive health","Current public form candidate","Revised HMIS formats effective April 2025","Official NHM state-hosted copy","https://nhm.hp.gov.in/reporting-formats","","Not specified","","Not supplied in registry metadata; consult the authoritative source","Monthly HMIS reporting element: New born deaths within 24 hrs(1 to 23 Hrs 59 minutes) of birth at Facility/Facility to facility in transit. Denominator population: Not supplied in registry metadata; consult the authoritative source."
"","Data element","New born deaths within 24 hrs(1 to 23 Hrs 59 minutes) of birth in Community (at home or home to facility transit)","Monthly HMIS reporting element: New born deaths within 24 hrs(1 to 23 Hrs 59 minutes) of birth in Community (at home or home to facility transit).","Newborn and pregnancy outcomes","Maternal, newborn and reproductive health","Current public form candidate","Revised HMIS formats effective April 2025","Official NHM state-hosted copy","https://nhm.hp.gov.in/reporting-formats","","Not specified","","Not supplied in registry metadata; consult the authoritative source","Monthly HMIS reporting element: New born deaths within 24 hrs(1 to 23 Hrs 59 minutes) of birth in Community (at home or home to facility transit). Denominator population: Not supplied in registry metadata; consult the authoritative source."
"","Data element","New born deaths within 8 to 28 days At Community (at home or home to facility transit)","Monthly HMIS reporting element: New born deaths within 8 to 28 days At Community (at home or home to facility transit).","Newborn and pregnancy outcomes","Maternal, newborn and reproductive health","Current public form candidate","Revised HMIS formats effective April 2025","Official NHM state-hosted copy","https://nhm.hp.gov.in/reporting-formats","","Not specified","","Not supplied in registry metadata; consult the authoritative source","Monthly HMIS reporting element: New born deaths within 8 to 28 days At Community (at home or home to facility transit). Denominator population: Not supplied in registry metadata; consult the authoritative source."
"","Data element","New born deaths within 8 to 28 days at Facility/Facility to facility in transit","Monthly HMIS reporting element: New born deaths within 8 to 28 days at Facility/Facility to facility in transit.","Newborn and pregnancy outcomes","Maternal, newborn and reproductive health","Current public form candidate","Revised HMIS formats effective April 2025","Official NHM state-hosted copy","https://nhm.hp.gov.in/reporting-formats","","Not specified","","Not supplied in registry metadata; consult the authoritative source","Monthly HMIS reporting element: New born deaths within 8 to 28 days at Facility/Facility to facility in transit. Denominator population: Not supplied in registry metadata; consult the authoritative source."
"","Data element","New Cases of Childhood Diseases (0-5 years) & Leprosy (0-14 years) Include new cases of OPD/IPD/Emergency","Monthly HMIS reporting element: New Cases of Childhood Diseases (0-5 years) & Leprosy (0-14 years) Include new cases of OPD/IPD/Emergency.","Leprosy services","Communicable diseases","Current public form candidate","Revised HMIS formats effective April 2025","Official NHM state-hosted copy","https://nhm.hp.gov.in/reporting-formats","","Not specified","","Not supplied in registry metadata; consult the authoritative source","Monthly HMIS reporting element: New Cases of Childhood Diseases (0-5 years) & Leprosy (0-14 years) Include new cases of OPD/IPD/Emergency. Denominator population: Not supplied in registry metadata; consult the authoritative source."
"","Data element","New cases of PW with hypertension detected","Monthly HMIS reporting element: New cases of PW with hypertension detected.","Antenatal care and high-risk pregnancy","Maternal, newborn and reproductive health","Current public form candidate","Revised HMIS formats effective April 2025","Official NHM state-hosted copy","https://nhm.hp.gov.in/reporting-formats","","Not specified","","Not supplied in registry metadata; consult the authoritative source","Monthly HMIS reporting element: New cases of PW with hypertension detected. Denominator population: Not supplied in registry metadata; consult the authoritative source."
"","Data element","No. of AES cases tested for JE(IgM ELISA)","Monthly HMIS reporting element: No. of AES cases tested for JE(IgM ELISA).","Vector-borne diseases","Communicable diseases","Current public form candidate","Revised HMIS formats effective April 2025","Official NHM state-hosted copy","https://nhm.hp.gov.in/reporting-formats","","Not specified","","Not supplied in registry metadata; consult the authoritative source","Monthly HMIS reporting element: No. of AES cases tested for JE(IgM ELISA). Denominator population: Not supplied in registry metadata; consult the authoritative source."
"","Data element","No. of Childhood Leprosy cases (1-14) reported in a month","Monthly HMIS reporting element: No. of Childhood Leprosy cases (1-14) reported in a month.","Leprosy services","Communicable diseases","Current public form candidate","Revised HMIS formats effective April 2025","Official NHM state-hosted copy","https://nhm.hp.gov.in/reporting-formats","","Not specified","","Not supplied in registry metadata; consult the authoritative source","Monthly HMIS reporting element: No. of Childhood Leprosy cases (1-14) reported in a month. Denominator population: Not supplied in registry metadata; consult the authoritative source."
"","Data element","No. of DIL women subjected to HIV test at Confirmatory Centre/Stand Alone-ICTC","Monthly HMIS reporting element: No. of DIL women subjected to HIV test at Confirmatory Centre/Stand Alone-ICTC.","STI/RTI services","Maternal, newborn and reproductive health","Current public form candidate","Revised HMIS formats effective April 2025","Official NHM state-hosted copy","https://nhm.hp.gov.in/reporting-formats","","Not specified","","Not supplied in registry metadata; consult the authoritative source","Monthly HMIS reporting element: No. of DIL women subjected to HIV test at Confirmatory Centre/Stand Alone-ICTC. Denominator population: Not supplied in registry metadata; consult the authoritative source."
"","Data element","No. of Emergencies managed at night (8 PM- 8 AM)","Monthly HMIS reporting element: No. of Emergencies managed at night (8 PM- 8 AM).","Tuberculosis services","Communicable diseases","Current public form candidate","Revised HMIS formats effective April 2025","Official NHM state-hosted copy","https://nhm.hp.gov.in/reporting-formats","","Not specified","","Not supplied in registry metadata; consult the authoritative source","Monthly HMIS reporting element: No. of Emergencies managed at night (8 PM- 8 AM). Denominator population: Not supplied in registry metadata; consult the authoritative source."
"","Data element","No. of females (non-ANC) subjected to HIV test at Confirmatory Centre/Stand Alone- ICTC","Monthly HMIS reporting element: No. of females (non-ANC) subjected to HIV test at Confirmatory Centre/Stand Alone- ICTC.","Antenatal care and high-risk pregnancy","Maternal, newborn and reproductive health","Current public form candidate","Revised HMIS formats effective April 2025","Official NHM state-hosted copy","https://nhm.hp.gov.in/reporting-formats","","Not specified","","Not supplied in registry metadata; consult the authoritative source","Monthly HMIS reporting element: No. of females (non-ANC) subjected to HIV test at Confirmatory Centre/Stand Alone- ICTC. Denominator population: Not supplied in registry metadata; consult the authoritative source."
"","Data element","No. of H/TG people subjected to HIV test at Confirmatory Centre /Stand Alone-ICTC","Monthly HMIS reporting element: No. of H/TG people subjected to HIV test at Confirmatory Centre /Stand Alone-ICTC.","STI/RTI services","Maternal, newborn and reproductive health","Current public form candidate","Revised HMIS formats effective April 2025","Official NHM state-hosted copy","https://nhm.hp.gov.in/reporting-formats","","Not specified","","Not supplied in registry metadata; consult the authoritative source","Monthly HMIS reporting element: No. of H/TG people subjected to HIV test at Confirmatory Centre /Stand Alone-ICTC. Denominator population: Not supplied in registry metadata; consult the authoritative source."
"","Data element","No. of H/TG people subjected to HIV test at Confirmatory Centre/Stand Alone-ICTC","Monthly HMIS reporting element: No. of H/TG people subjected to HIV test at Confirmatory Centre/Stand Alone-ICTC.","STI/RTI services","Maternal, newborn and reproductive health","Current public form candidate","Revised HMIS formats effective April 2025","Official NHM state-hosted copy","https://nhm.hp.gov.in/reporting-formats","","Not specified","","Not supplied in registry metadata; consult the authoritative source","Monthly HMIS reporting element: No. of H/TG people subjected to HIV test at Confirmatory Centre/Stand Alone-ICTC. Denominator population: Not supplied in registry metadata; consult the authoritative source."
"","Data element","No. of identified Sick new-borns referred by ASHA to facility under HBNC Programme","Monthly HMIS reporting element: No. of identified Sick new-borns referred by ASHA to facility under HBNC Programme.","Delivery and intrapartum care","Maternal, newborn and reproductive health","Current public form candidate","Revised HMIS formats effective April 2025","Official NHM state-hosted copy","https://nhm.hp.gov.in/reporting-formats","","Not specified","","Not supplied in registry metadata; consult the authoritative source","Monthly HMIS reporting element: No. of identified Sick new-borns referred by ASHA to facility under HBNC Programme. Denominator population: Not supplied in registry metadata; consult the authoritative source."
"","Data element","No. of JE positive cases","Monthly HMIS reporting element: No. of JE positive cases.","Vector-borne diseases","Communicable diseases","Current public form candidate","Revised HMIS formats effective April 2025","Official NHM state-hosted copy","https://nhm.hp.gov.in/reporting-formats","","Not specified","","Not supplied in registry metadata; consult the authoritative source","Monthly HMIS reporting element: No. of JE positive cases. Denominator population: Not supplied in registry metadata; consult the authoritative source."
"","Data element","No. of leprosy patients undergone Reconstructive Surgery in a month","Monthly HMIS reporting element: No. of leprosy patients undergone Reconstructive Surgery in a month.","Leprosy services","Communicable diseases","Current public form candidate","Revised HMIS formats effective April 2025","Official NHM state-hosted copy","https://nhm.hp.gov.in/reporting-formats","","Not specified","","Not supplied in registry metadata; consult the authoritative source","Monthly HMIS reporting element: No. of leprosy patients undergone Reconstructive Surgery in a month. Denominator population: Not supplied in registry metadata; consult the authoritative source."
"","Data element","No. of Major Surgeries done at night (8PM to 8 AM) (Excluding C section)","Monthly HMIS reporting element: No. of Major Surgeries done at night (8PM to 8 AM) (Excluding C section).","Delivery and intrapartum care","Maternal, newborn and reproductive health","Current public form candidate","Revised HMIS formats effective April 2025","Official NHM state-hosted copy","https://nhm.hp.gov.in/reporting-formats","","Not specified","","Not supplied in registry metadata; consult the authoritative source","Monthly HMIS reporting element: No. of Major Surgeries done at night (8PM to 8 AM) (Excluding C section). Denominator population: Not supplied in registry metadata; consult the authoritative source."
"","Data element","No. of males subjected to HIV test at Confirmatory Centre/Stand Alone-ICTC","Monthly HMIS reporting element: No. of males subjected to HIV test at Confirmatory Centre/Stand Alone-ICTC.","STI/RTI services","Maternal, newborn and reproductive health","Current public form candidate","Revised HMIS formats effective April 2025","Official NHM state-hosted copy","https://nhm.hp.gov.in/reporting-formats","","Not specified","","Not supplied in registry metadata; consult the authoritative source","Monthly HMIS reporting element: No. of males subjected to HIV test at Confirmatory Centre/Stand Alone-ICTC. Denominator population: Not supplied in registry metadata; consult the authoritative source."
"","Data element","No. of new leprosy cases found duringmonthly survey","Monthly HMIS reporting element: No. of new leprosy cases found duringmonthly survey.","Leprosy services","Communicable diseases","Current public form candidate","Revised HMIS formats effective April 2025","Official NHM state-hosted copy","https://nhm.hp.gov.in/reporting-formats","","Not specified","","Not supplied in registry metadata; consult the authoritative source","Monthly HMIS reporting element: No. of new leprosy cases found duringmonthly survey. Denominator population: Not supplied in registry metadata; consult the authoritative source."
"","Data element","No. of new Leprosy cases with Grade 2 disability reported in a month","Monthly HMIS reporting element: No. of new Leprosy cases with Grade 2 disability reported in a month.","Leprosy services","Communicable diseases","Current public form candidate","Revised HMIS formats effective April 2025","Official NHM state-hosted copy","https://nhm.hp.gov.in/reporting-formats","","Not specified","","Not supplied in registry metadata; consult the authoritative source","Monthly HMIS reporting element: No. of new Leprosy cases with Grade 2 disability reported in a month. Denominator population: Not supplied in registry metadata; consult the authoritative source."
"","Data element","No. of Newborns discharged from the facility were exclusively breastfed till discharge","Monthly HMIS reporting element: No. of Newborns discharged from the facility were exclusively breastfed till discharge.","Antenatal care and high-risk pregnancy","Maternal, newborn and reproductive health","Current public form candidate","Revised HMIS formats effective April 2025","Official NHM state-hosted copy","https://nhm.hp.gov.in/reporting-formats","","Not specified","","Not supplied in registry metadata; consult the authoritative source","Monthly HMIS reporting element: No. of Newborns discharged from the facility were exclusively breastfed till discharge. Denominator population: Not supplied in registry metadata; consult the authoritative source."
"","Data element","No. of PW(ANC) subjected to HIV test at Confirmatory Centre /Stand Alone-ICTC","Monthly HMIS reporting element: No. of PW(ANC) subjected to HIV test at Confirmatory Centre /Stand Alone-ICTC.","Antenatal care and high-risk pregnancy","Maternal, newborn and reproductive health","Current public form candidate","Revised HMIS formats effective April 2025","Official NHM state-hosted copy","https://nhm.hp.gov.in/reporting-formats","","Not specified","","Not supplied in registry metadata; consult the authoritative source","Monthly HMIS reporting element: No. of PW(ANC) subjected to HIV test at Confirmatory Centre /Stand Alone-ICTC. Denominator population: Not supplied in registry metadata; consult the authoritative source."
"","Data element","No. of PW(ANC) subjected to HIV test at Confirmatory Centre/Stand Alone-ICTC","Monthly HMIS reporting element: No. of PW(ANC) subjected to HIV test at Confirmatory Centre/Stand Alone-ICTC.","Antenatal care and high-risk pregnancy","Maternal, newborn and reproductive health","Current public form candidate","Revised HMIS formats effective April 2025","Official NHM state-hosted copy","https://nhm.hp.gov.in/reporting-formats","","Not specified","","Not supplied in registry metadata; consult the authoritative source","Monthly HMIS reporting element: No. of PW(ANC) subjected to HIV test at Confirmatory Centre/Stand Alone-ICTC. Denominator population: Not supplied in registry metadata; consult the authoritative source."
"","Data element","No. of registered Bio chemistry tests report EQAS Compliant","Monthly HMIS reporting element: No. of registered Bio chemistry tests report EQAS Compliant.","Diagnostics and laboratory services","Health services and systems","Current public form candidate","Revised HMIS formats effective April 2025","Official NHM state-hosted copy","https://nhm.hp.gov.in/reporting-formats","","Not specified","","Not supplied in registry metadata; consult the authoritative source","Monthly HMIS reporting element: No. of registered Bio chemistry tests report EQAS Compliant. Denominator population: Not supplied in registry metadata; consult the authoritative source."
"","Data element","No. of registered Haematology tests reported EQAS Compliant","Monthly HMIS reporting element: No. of registered Haematology tests reported EQAS Compliant.","Diagnostics and laboratory services","Health services and systems","Current public form candidate","Revised HMIS formats effective April 2025","Official NHM state-hosted copy","https://nhm.hp.gov.in/reporting-formats","","Not specified","","Not supplied in registry metadata; consult the authoritative source","Monthly HMIS reporting element: No. of registered Haematology tests reported EQAS Compliant. Denominator population: Not supplied in registry metadata; consult the authoritative source."
"","Data element","No. of Subdermal Contraceptive Implant","Monthly HMIS reporting element: No. of Subdermal Contraceptive Implant.","Family planning","Maternal, newborn and reproductive health","Current public form candidate","Revised HMIS formats effective April 2025","Official NHM state-hosted copy","https://nhm.hp.gov.in/reporting-formats","","Not specified","","Not supplied in registry metadata; consult the authoritative source","Monthly HMIS reporting element: No. of Subdermal Contraceptive Implant. Denominator population: Not supplied in registry metadata; consult the authoritative source."
"","Data element","No. of Subdermal Contraceptive Implant inserted","Monthly HMIS reporting element: No. of Subdermal Contraceptive Implant inserted.","Family planning","Maternal, newborn and reproductive health","Current public form candidate","Revised HMIS formats effective April 2025","Official NHM state-hosted copy","https://nhm.hp.gov.in/reporting-formats","","Not specified","","Not supplied in registry metadata; consult the authoritative source","Monthly HMIS reporting element: No. of Subdermal Contraceptive Implant inserted. Denominator population: Not supplied in registry metadata; consult the authoritative source."
"","Data element","No. of Subdermal Contraceptive Implant removed","Monthly HMIS reporting element: No. of Subdermal Contraceptive Implant removed.","Family planning","Maternal, newborn and reproductive health","Current public form candidate","Revised HMIS formats effective April 2025","Official NHM state-hosted copy","https://nhm.hp.gov.in/reporting-formats","","Not specified","","Not supplied in registry metadata; consult the authoritative source","Monthly HMIS reporting element: No. of Subdermal Contraceptive Implant removed. Denominator population: Not supplied in registry metadata; consult the authoritative source."
"","Data element","Number of Admission in NBSU ( New Born Stabilisation Unit)","Monthly HMIS reporting element: Number of Admission in NBSU ( New Born Stabilisation Unit).","Newborn and pregnancy outcomes","Maternal, newborn and reproductive health","Current public form candidate","Revised HMIS formats effective April 2025","Official NHM state-hosted copy","https://nhm.hp.gov.in/reporting-formats","","Not specified","","Not supplied in registry metadata; consult the authoritative source","Monthly HMIS reporting element: Number of Admission in NBSU ( New Born Stabilisation Unit). Denominator population: Not supplied in registry metadata; consult the authoritative source."
"","Data element","Number of admitted children left against medical advice (LAMA) / defaulter","Monthly HMIS reporting element: Number of admitted children left against medical advice (LAMA) / defaulter.","Tuberculosis services","Communicable diseases","Current public form candidate","Revised HMIS formats effective April 2025","Official NHM state-hosted copy","https://nhm.hp.gov.in/reporting-formats","","Not specified","","Not supplied in registry metadata; consult the authoritative source","Monthly HMIS reporting element: Number of admitted children left against medical advice (LAMA) / defaulter. Denominator population: Not supplied in registry metadata; consult the authoritative source."
"","Data element","Number of Adolescent Friendly Club Meetings organized","Monthly HMIS reporting element: Number of Adolescent Friendly Club Meetings organized.","Adolescent health","Child, adolescent and nutrition services","Current public form candidate","Revised HMIS formats effective April 2025","Official NHM state-hosted copy","https://nhm.hp.gov.in/reporting-formats","","Not specified","","Not supplied in registry metadata; consult the authoritative source","Monthly HMIS reporting element: Number of Adolescent Friendly Club Meetings organized. Denominator population: Not supplied in registry metadata; consult the authoritative source."
"","Data element","Number of adolescent girls attended monthly meeting","Monthly HMIS reporting element: Number of adolescent girls attended monthly meeting.","Adolescent health","Child, adolescent and nutrition services","Current public form candidate","Revised HMIS formats effective April 2025","Official NHM state-hosted copy","https://nhm.hp.gov.in/reporting-formats","","Not specified","","Not supplied in registry metadata; consult the authoritative source","Monthly HMIS reporting element: Number of adolescent girls attended monthly meeting. Denominator population: Not supplied in registry metadata; consult the authoritative source."
"","Data element","Number of adolescent girls provided sanitary napkin packs by ASHA","Monthly HMIS reporting element: Number of adolescent girls provided sanitary napkin packs by ASHA.","Adolescent health","Child, adolescent and nutrition services","Current public form candidate","Revised HMIS formats effective April 2025","Official NHM state-hosted copy","https://nhm.hp.gov.in/reporting-formats","","Not specified","","Not supplied in registry metadata; consult the authoritative source","Monthly HMIS reporting element: Number of adolescent girls provided sanitary napkin packs by ASHA. Denominator population: Not supplied in registry metadata; consult the authoritative source."
"","Data element","Number of adolescent girls provided sanitary napkin packs by State/UT supported Menstrual Hygiene Scheme (MHS)","Monthly HMIS reporting element: Number of adolescent girls provided sanitary napkin packs by State/UT supported Menstrual Hygiene Scheme (MHS).","Adolescent health","Child, adolescent and nutrition services","Current public form candidate","Revised HMIS formats effective April 2025","Official NHM state-hosted copy","https://nhm.hp.gov.in/reporting-formats","","Not specified","","Not supplied in registry metadata; consult the authoritative source","Monthly HMIS reporting element: Number of adolescent girls provided sanitary napkin packs by State/UT supported Menstrual Hygiene Scheme (MHS). Denominator population: Not supplied in registry metadata; consult the authoritative source."
"","Data element","Number of Adolescent Health & Wellness Days organized","Monthly HMIS reporting element: Number of Adolescent Health & Wellness Days organized.","Adolescent health","Child, adolescent and nutrition services","Current public form candidate","Revised HMIS formats effective April 2025","Official NHM state-hosted copy","https://nhm.hp.gov.in/reporting-formats","","Not specified","","Not supplied in registry metadata; consult the authoritative source","Monthly HMIS reporting element: Number of Adolescent Health & Wellness Days organized. Denominator population: Not supplied in registry metadata; consult the authoritative source."
"","Data element","Number of Adolescents (10-19 years) registered in Adolescent Friendly Health Clinic (AFHC)","Monthly HMIS reporting element: Number of Adolescents (10-19 years) registered in Adolescent Friendly Health Clinic (AFHC).","Adolescent health","Child, adolescent and nutrition services","Current public form candidate","Revised HMIS formats effective April 2025","Official NHM state-hosted copy","https://nhm.hp.gov.in/reporting-formats","","Not specified","","Not supplied in registry metadata; consult the authoritative source","Monthly HMIS reporting element: Number of Adolescents (10-19 years) registered in Adolescent Friendly Health Clinic (AFHC). Denominator population: Not supplied in registry metadata; consult the authoritative source."
"","Data element","Number of anaemic in-school adolescent boys (10-19 years) put on treatment","Monthly HMIS reporting element: Number of anaemic in-school adolescent boys (10-19 years) put on treatment.","Adolescent health","Child, adolescent and nutrition services","Current public form candidate","Revised HMIS formats effective April 2025","Official NHM state-hosted copy","https://nhm.hp.gov.in/reporting-formats","","Not specified","","Not supplied in registry metadata; consult the authoritative source","Monthly HMIS reporting element: Number of anaemic in-school adolescent boys (10-19 years) put on treatment. Denominator population: Not supplied in registry metadata; consult the authoritative source."
"","Data element","Number of anaemic in-school adolescent girls (10-19 years) put on treatment","Monthly HMIS reporting element: Number of anaemic in-school adolescent girls (10-19 years) put on treatment.","Adolescent health","Child, adolescent and nutrition services","Current public form candidate","Revised HMIS formats effective April 2025","Official NHM state-hosted copy","https://nhm.hp.gov.in/reporting-formats","","Not specified","","Not supplied in registry metadata; consult the authoritative source","Monthly HMIS reporting element: Number of anaemic in-school adolescent girls (10-19 years) put on treatment. Denominator population: Not supplied in registry metadata; consult the authoritative source."
"","Data element","Number of anaemic in-school Children (5-9 years) put on treatment","Monthly HMIS reporting element: Number of anaemic in-school Children (5-9 years) put on treatment.","Anaemia and nutrition","Child, adolescent and nutrition services","Current public form candidate","Revised HMIS formats effective April 2025","Official NHM state-hosted copy","https://nhm.hp.gov.in/reporting-formats","","Not specified","","Not supplied in registry metadata; consult the authoritative source","Monthly HMIS reporting element: Number of anaemic in-school Children (5-9 years) put on treatment. Denominator population: Not supplied in registry metadata; consult the authoritative source."
"","Data element","Number of anaemic lactatingmothers (of 0-6 months old child) put on treatment","Monthly HMIS reporting element: Number of anaemic lactatingmothers (of 0-6 months old child) put on treatment.","Anaemia and nutrition","Child, adolescent and nutrition services","Current public form candidate","Revised HMIS formats effective April 2025","Official NHM state-hosted copy","https://nhm.hp.gov.in/reporting-formats","","Not specified","","Not supplied in registry metadata; consult the authoritative source","Monthly HMIS reporting element: Number of anaemic lactatingmothers (of 0-6 months old child) put on treatment. Denominator population: Not supplied in registry metadata; consult the authoritative source."
"","Data element","Number of anaemic out of school adolescent girls (10-19 years) put on treatment","Monthly HMIS reporting element: Number of anaemic out of school adolescent girls (10-19 years) put on treatment.","Adolescent health","Child, adolescent and nutrition services","Current public form candidate","Revised HMIS formats effective April 2025","Official NHM state-hosted copy","https://nhm.hp.gov.in/reporting-formats","","Not specified","","Not supplied in registry metadata; consult the authoritative source","Monthly HMIS reporting element: Number of anaemic out of school adolescent girls (10-19 years) put on treatment. Denominator population: Not supplied in registry metadata; consult the authoritative source."
"","Data element","Number of anaemic women of reproductive age (non-pregnant, non-lactating) (20- 49 years) put on treatment","Monthly HMIS reporting element: Number of anaemic women of reproductive age (non-pregnant, non-lactating) (20- 49 years) put on treatment.","Antenatal care and high-risk pregnancy","Maternal, newborn and reproductive health","Current public form candidate","Revised HMIS formats effective April 2025","Official NHM state-hosted copy","https://nhm.hp.gov.in/reporting-formats","","Not specified","","Not supplied in registry metadata; consult the authoritative source","Monthly HMIS reporting element: Number of anaemic women of reproductive age (non-pregnant, non-lactating) (20- 49 years) put on treatment. Denominator population: Not supplied in registry metadata; consult the authoritative source."
"","Data element","Number of anaemic women of reproductive age (non-pregnant, non-lactating) (20-49 years) put on treatment","Monthly HMIS reporting element: Number of anaemic women of reproductive age (non-pregnant, non-lactating) (20-49 years) put on treatment.","Antenatal care and high-risk pregnancy","Maternal, newborn and reproductive health","Current public form candidate","Revised HMIS formats effective April 2025","Official NHM state-hosted copy","https://nhm.hp.gov.in/reporting-formats","","Not specified","","Not supplied in registry metadata; consult the authoritative source","Monthly HMIS reporting element: Number of anaemic women of reproductive age (non-pregnant, non-lactating) (20-49 years) put on treatment. Denominator population: Not supplied in registry metadata; consult the authoritative source."
"","Data element","Number of Anganwadi centres reported to have conducted atleast one Village Health & Nutrition Day (VHNDs)/UHND/ Outreach / Special Outreach sessions","Monthly HMIS reporting element: Number of Anganwadi centres reported to have conducted atleast one Village Health & Nutrition Day (VHNDs)/UHND/ Outreach / Special Outreach sessions.","Patient services and utilization","Health services and systems","Current public form candidate","Revised HMIS formats effective April 2025","Official NHM state-hosted copy","https://nhm.hp.gov.in/reporting-formats","","Not specified","","Not supplied in registry metadata; consult the authoritative source","Monthly HMIS reporting element: Number of Anganwadi centres reported to have conducted atleast one Village Health & Nutrition Day (VHNDs)/UHND/ Outreach / Special Outreach sessions. Denominator population: Not supplied in registry metadata; consult the authoritative source."
"","Data element","Number of babies born to Syphilis-Seropositive Pregnant Women tested positive/ clinically diagnosed for congenital Syphilis","Monthly HMIS reporting element: Number of babies born to Syphilis-Seropositive Pregnant Women tested positive/ clinically diagnosed for congenital Syphilis.","Antenatal care and high-risk pregnancy","Maternal, newborn and reproductive health","Current public form candidate","Revised HMIS formats effective April 2025","Official NHM state-hosted copy","https://nhm.hp.gov.in/reporting-formats","","Not specified","","Not supplied in registry metadata; consult the authoritative source","Monthly HMIS reporting element: Number of babies born to Syphilis-Seropositive Pregnant Women tested positive/ clinically diagnosed for congenital Syphilis. Denominator population: Not supplied in registry metadata; consult the authoritative source."
"","Data element","Number of beneficiaries who are registered at the ICTC centre","Monthly HMIS reporting element: Number of beneficiaries who are registered at the ICTC centre.","Tuberculosis services","Communicable diseases","Current public form candidate","Revised HMIS formats effective April 2025","Official NHM state-hosted copy","https://nhm.hp.gov.in/reporting-formats","","Not specified","","Not supplied in registry metadata; consult the authoritative source","Monthly HMIS reporting element: Number of beneficiaries who are registered at the ICTC centre. Denominator population: Not supplied in registry metadata; consult the authoritative source."
"","Data element","Number of beneficiaries who are registered at the NCD clinic","Monthly HMIS reporting element: Number of beneficiaries who are registered at the NCD clinic.","Tuberculosis services","Communicable diseases","Current public form candidate","Revised HMIS formats effective April 2025","Official NHM state-hosted copy","https://nhm.hp.gov.in/reporting-formats","","Not specified","","Not supplied in registry metadata; consult the authoritative source","Monthly HMIS reporting element: Number of beneficiaries who are registered at the NCD clinic. Denominator population: Not supplied in registry metadata; consult the authoritative source."
"","Data element","Number of Boys (6th -12th class) provided 4/5 IFA tablets in schools","Monthly HMIS reporting element: Number of Boys (6th -12th class) provided 4/5 IFA tablets in schools.","Anaemia and nutrition","Child, adolescent and nutrition services","Current public form candidate","Revised HMIS formats effective April 2025","Official NHM state-hosted copy","https://nhm.hp.gov.in/reporting-formats","","Not specified","","Not supplied in registry metadata; consult the authoritative source","Monthly HMIS reporting element: Number of Boys (6th -12th class) provided 4/5 IFA tablets in schools. Denominator population: Not supplied in registry metadata; consult the authoritative source."
"","Data element","Number of Boys (6th -12th class) provided albendazole in schools","Monthly HMIS reporting element: Number of Boys (6th -12th class) provided albendazole in schools.","Anaemia and nutrition","Child, adolescent and nutrition services","Current public form candidate","Revised HMIS formats effective April 2025","Official NHM state-hosted copy","https://nhm.hp.gov.in/reporting-formats","","Not specified","","Not supplied in registry metadata; consult the authoritative source","Monthly HMIS reporting element: Number of Boys (6th -12th class) provided albendazole in schools. Denominator population: Not supplied in registry metadata; consult the authoritative source."
"","Data element","Number of boys 10-11 years having anaemia (Hb 8.1-11.4 g/dL (deciliter))","Monthly HMIS reporting element: Number of boys 10-11 years having anaemia (Hb 8.1-11.4 g/dL (deciliter)).","Anaemia and nutrition","Child, adolescent and nutrition services","Current public form candidate","Revised HMIS formats effective April 2025","Official NHM state-hosted copy","https://nhm.hp.gov.in/reporting-formats","","Not specified","","Not supplied in registry metadata; consult the authoritative source","Monthly HMIS reporting element: Number of boys 10-11 years having anaemia (Hb 8.1-11.4 g/dL (deciliter)). Denominator population: Not supplied in registry metadata; consult the authoritative source."
"","Data element","Number of cases of AEFI - Serious (eg.- hospitalization, death, disability , cluster etc.)","Monthly HMIS reporting element: Number of cases of AEFI - Serious (eg.- hospitalization, death, disability , cluster etc.).","Immunization","Child, adolescent and nutrition services","Current public form candidate","Revised HMIS formats effective April 2025","Official NHM state-hosted copy","https://nhm.hp.gov.in/reporting-formats","","Not specified","","Not supplied in registry metadata; consult the authoritative source","Monthly HMIS reporting element: Number of cases of AEFI - Serious (eg.- hospitalization, death, disability , cluster etc.). Denominator population: Not supplied in registry metadata; consult the authoritative source."
"","Data element","Number of cases of AEFI - Severe (eg.- anaphylaxis, fever>102 degrees, not requiring hospitalization etc.)","Monthly HMIS reporting element: Number of cases of AEFI - Severe (eg.- anaphylaxis, fever>102 degrees, not requiring hospitalization etc.).","Immunization","Child, adolescent and nutrition services","Current public form candidate","Revised HMIS formats effective April 2025","Official NHM state-hosted copy","https://nhm.hp.gov.in/reporting-formats","","Not specified","","Not supplied in registry metadata; consult the authoritative source","Monthly HMIS reporting element: Number of cases of AEFI - Severe (eg.- anaphylaxis, fever>102 degrees, not requiring hospitalization etc.). Denominator population: Not supplied in registry metadata; consult the authoritative source."
"","Data element","Number of cases of AEFI -Minor (eg.- fever, rash, pain etc)","Monthly HMIS reporting element: Number of cases of AEFI -Minor (eg.- fever, rash, pain etc).","Immunization","Child, adolescent and nutrition services","Current public form candidate","Revised HMIS formats effective April 2025","Official NHM state-hosted copy","https://nhm.hp.gov.in/reporting-formats","","Not specified","","Not supplied in registry metadata; consult the authoritative source","Monthly HMIS reporting element: Number of cases of AEFI -Minor (eg.- fever, rash, pain etc). Denominator population: Not supplied in registry metadata; consult the authoritative source."
"","Data element","Number of cases of Female Sterilization followed up (after 1 month or on the resumption of her menstrual cycle whichever is earlier)","Monthly HMIS reporting element: Number of cases of Female Sterilization followed up (after 1 month or on the resumption of her menstrual cycle whichever is earlier).","Family planning","Maternal, newborn and reproductive health","Current public form candidate","Revised HMIS formats effective April 2025","Official NHM state-hosted copy","https://nhm.hp.gov.in/reporting-formats","","Not specified","","Not supplied in registry metadata; consult the authoritative source","Monthly HMIS reporting element: Number of cases of Female Sterilization followed up (after 1 month or on the resumption of her menstrual cycle whichever is earlier). Denominator population: Not supplied in registry metadata; consult the authoritative source."
"","Data element","Number of cases of Male Sterilization followed up (after 3 months)","Monthly HMIS reporting element: Number of cases of Male Sterilization followed up (after 3 months).","Family planning","Maternal, newborn and reproductive health","Current public form candidate","Revised HMIS formats effective April 2025","Official NHM state-hosted copy","https://nhm.hp.gov.in/reporting-formats","","Not specified","","Not supplied in registry metadata; consult the authoritative source","Monthly HMIS reporting element: Number of cases of Male Sterilization followed up (after 3 months). Denominator population: Not supplied in registry metadata; consult the authoritative source."
"","Data element","Number of cases reported for Self Harm","Monthly HMIS reporting element: Number of cases reported for Self Harm.","Tuberculosis services","Communicable diseases","Current public form candidate","Revised HMIS formats effective April 2025","Official NHM state-hosted copy","https://nhm.hp.gov.in/reporting-formats","","Not specified","","Not supplied in registry metadata; consult the authoritative source","Monthly HMIS reporting element: Number of cases reported for Self Harm. Denominator population: Not supplied in registry metadata; consult the authoritative source."
"","Data element","Number of Centchroman (weekly) pill strips distributed to the beneficiary","Monthly HMIS reporting element: Number of Centchroman (weekly) pill strips distributed to the beneficiary.","Family planning","Maternal, newborn and reproductive health","Current public form candidate","Revised HMIS formats effective April 2025","Official NHM state-hosted copy","https://nhm.hp.gov.in/reporting-formats","","Not specified","","Not supplied in registry metadata; consult the authoritative source","Monthly HMIS reporting element: Number of Centchroman (weekly) pill strips distributed to the beneficiary. Denominator population: Not supplied in registry metadata; consult the authoritative source."
"","Data element","Number of Child Deaths (1 -below 5 years) due to Diarrhoea","Monthly HMIS reporting element: Number of Child Deaths (1 -below 5 years) due to Diarrhoea.","Childhood illness","Child, adolescent and nutrition services","Current public form candidate","Revised HMIS formats effective April 2025","Official NHM state-hosted copy","https://nhm.hp.gov.in/reporting-formats","","Not specified","","Not supplied in registry metadata; consult the authoritative source","Monthly HMIS reporting element: Number of Child Deaths (1 -below 5 years) due to Diarrhoea. Denominator population: Not supplied in registry metadata; consult the authoritative source."
"","Data element","Number of Child Deaths (1 -below 5 years) due to Fever related","Monthly HMIS reporting element: Number of Child Deaths (1 -below 5 years) due to Fever related.","Mortality and death review","Mortality and vital events","Current public form candidate","Revised HMIS formats effective April 2025","Official NHM state-hosted copy","https://nhm.hp.gov.in/reporting-formats","","Not specified","","Not supplied in registry metadata; consult the authoritative source","Monthly HMIS reporting element: Number of Child Deaths (1 -below 5 years) due to Fever related. Denominator population: Not supplied in registry metadata; consult the authoritative source."
"","Data element","Number of Child Deaths (1 -below 5 years) due to Measles","Monthly HMIS reporting element: Number of Child Deaths (1 -below 5 years) due to Measles.","Immunization","Child, adolescent and nutrition services","Current public form candidate","Revised HMIS formats effective April 2025","Official NHM state-hosted copy","https://nhm.hp.gov.in/reporting-formats","","Not specified","","Not supplied in registry metadata; consult the authoritative source","Monthly HMIS reporting element: Number of Child Deaths (1 -below 5 years) due to Measles. Denominator population: Not supplied in registry metadata; consult the authoritative source."
"","Data element","Number of Child Deaths (1 -below 5 years) due to Others","Monthly HMIS reporting element: Number of Child Deaths (1 -below 5 years) due to Others.","Mortality and death review","Mortality and vital events","Current public form candidate","Revised HMIS formats effective April 2025","Official NHM state-hosted copy","https://nhm.hp.gov.in/reporting-formats","","Not specified","","Not supplied in registry metadata; consult the authoritative source","Monthly HMIS reporting element: Number of Child Deaths (1 -below 5 years) due to Others. Denominator population: Not supplied in registry metadata; consult the authoritative source."
"","Data element","Number of Child Deaths (1 -below 5 years) due to Pneumonia","Monthly HMIS reporting element: Number of Child Deaths (1 -below 5 years) due to Pneumonia.","Childhood illness","Child, adolescent and nutrition services","Current public form candidate","Revised HMIS formats effective April 2025","Official NHM state-hosted copy","https://nhm.hp.gov.in/reporting-formats","","Not specified","","Not supplied in registry metadata; consult the authoritative source","Monthly HMIS reporting element: Number of Child Deaths (1 -below 5 years) due to Pneumonia. Denominator population: Not supplied in registry metadata; consult the authoritative source."
"","Data element","Number of children (0 - 18 years) identified with selected birth defect by RBSK Mobile Health teams","Monthly HMIS reporting element: Number of children (0 - 18 years) identified with selected birth defect by RBSK Mobile Health teams.","RBSK / child screening","Health services and systems","Current public form candidate","Revised HMIS formats effective April 2025","Official NHM state-hosted copy","https://nhm.hp.gov.in/reporting-formats","","Not specified","","Not supplied in registry metadata; consult the authoritative source","Monthly HMIS reporting element: Number of children (0 - 18 years) identified with selected birth defect by RBSK Mobile Health teams. Denominator population: Not supplied in registry metadata; consult the authoritative source."
"","Data element","Number of children (6 Weeks to 6 years) screened by RBSK mobile health teams at Anganwadi center","Monthly HMIS reporting element: Number of children (6 Weeks to 6 years) screened by RBSK mobile health teams at Anganwadi center.","RBSK / child screening","Health services and systems","Current public form candidate","Revised HMIS formats effective April 2025","Official NHM state-hosted copy","https://nhm.hp.gov.in/reporting-formats","","Not specified","","Not supplied in registry metadata; consult the authoritative source","Monthly HMIS reporting element: Number of children (6 Weeks to 6 years) screened by RBSK mobile health teams at Anganwadi center. Denominator population: Not supplied in registry metadata; consult the authoritative source."
"","Data element","Number of children (6 years to 18 years) screened by RBSK mobile health teams at Govt and Govt aided schools","Monthly HMIS reporting element: Number of children (6 years to 18 years) screened by RBSK mobile health teams at Govt and Govt aided schools.","RBSK / child screening","Health services and systems","Current public form candidate","Revised HMIS formats effective April 2025","Official NHM state-hosted copy","https://nhm.hp.gov.in/reporting-formats","","Not specified","","Not supplied in registry metadata; consult the authoritative source","Monthly HMIS reporting element: Number of children (6 years to 18 years) screened by RBSK mobile health teams at Govt and Govt aided schools. Denominator population: Not supplied in registry metadata; consult the authoritative source."
"","Data element","Number of children (6-59 months old) provided 8-10 doses (1ml) of IFA syrup (Bi weekly)","Monthly HMIS reporting element: Number of children (6-59 months old) provided 8-10 doses (1ml) of IFA syrup (Bi weekly).","Anaemia and nutrition","Child, adolescent and nutrition services","Current public form candidate","Revised HMIS formats effective April 2025","Official NHM state-hosted copy","https://nhm.hp.gov.in/reporting-formats","","Not specified","","Not supplied in registry metadata; consult the authoritative source","Monthly HMIS reporting element: Number of children (6-59 months old) provided 8-10 doses (1ml) of IFA syrup (Bi weekly). Denominator population: Not supplied in registry metadata; consult the authoritative source."
"","Data element","Number of children 5-9 years provided Weekly Iron Folic Acid (IFA Pink) tablets in a month","Monthly HMIS reporting element: Number of children 5-9 years provided Weekly Iron Folic Acid (IFA Pink) tablets in a month.","Anaemia and nutrition","Child, adolescent and nutrition services","Current public form candidate","Revised HMIS formats effective April 2025","Official NHM state-hosted copy","https://nhm.hp.gov.in/reporting-formats","","Not specified","","Not supplied in registry metadata; consult the authoritative source","Monthly HMIS reporting element: Number of children 5-9 years provided Weekly Iron Folic Acid (IFA Pink) tablets in a month. Denominator population: Not supplied in registry metadata; consult the authoritative source."
"","Data element","Number of Children 9-11 months who received:","Monthly HMIS reporting element: Number of Children 9-11 months who received:.","Immunization","Child, adolescent and nutrition services","Current public form candidate","Revised HMIS formats effective April 2025","Official NHM state-hosted copy","https://nhm.hp.gov.in/reporting-formats","","Not specified","","Not supplied in registry metadata; consult the authoritative source","Monthly HMIS reporting element: Number of Children 9-11 months who received:. Denominator population: Not supplied in registry metadata; consult the authoritative source."
"","Data element","Number of children aged between 9 and <12 months FULLY IMMUNIZED {BCG +OPV123+ Pentavalent123+ MR/ Measles Containing Vaccine (MCV)-1st Dose}","Monthly HMIS reporting element: Number of children aged between 9 and <12 months FULLY IMMUNIZED {BCG +OPV123+ Pentavalent123+ MR/ Measles Containing Vaccine (MCV)-1st Dose}.","Immunization","Child, adolescent and nutrition services","Current public form candidate","Revised HMIS formats effective April 2025","Official NHM state-hosted copy","https://nhm.hp.gov.in/reporting-formats","","Not specified","","Not supplied in registry metadata; consult the authoritative source","Monthly HMIS reporting element: Number of children aged between 9 and <12 months FULLY IMMUNIZED {BCG +OPV123+ Pentavalent123+ MR/ Measles Containing Vaccine (MCV)-1st Dose}. Denominator population: Not supplied in registry metadata; consult the authoritative source."
"","Data element","Number of children died while admitted in standalone/ intergrated NRC","Monthly HMIS reporting element: Number of children died while admitted in standalone/ intergrated NRC.","Tuberculosis services","Communicable diseases","Current public form candidate","Revised HMIS formats effective April 2025","Official NHM state-hosted copy","https://nhm.hp.gov.in/reporting-formats","","Not specified","","Not supplied in registry metadata; consult the authoritative source","Monthly HMIS reporting element: Number of children died while admitted in standalone/ intergrated NRC. Denominator population: Not supplied in registry metadata; consult the authoritative source."
"","Data element","Number of children identified with Deficiency by RBSK Mobile Health teams","Monthly HMIS reporting element: Number of children identified with Deficiency by RBSK Mobile Health teams.","RBSK / child screening","Health services and systems","Current public form candidate","Revised HMIS formats effective April 2025","Official NHM state-hosted copy","https://nhm.hp.gov.in/reporting-formats","","Not specified","","Not supplied in registry metadata; consult the authoritative source","Monthly HMIS reporting element: Number of children identified with Deficiency by RBSK Mobile Health teams. Denominator population: Not supplied in registry metadata; consult the authoritative source."
"","Data element","Number of children identified with Developmental delay by RBSK Mobile Health teams","Monthly HMIS reporting element: Number of children identified with Developmental delay by RBSK Mobile Health teams.","RBSK / child screening","Health services and systems","Current public form candidate","Revised HMIS formats effective April 2025","Official NHM state-hosted copy","https://nhm.hp.gov.in/reporting-formats","","Not specified","","Not supplied in registry metadata; consult the authoritative source","Monthly HMIS reporting element: Number of children identified with Developmental delay by RBSK Mobile Health teams. Denominator population: Not supplied in registry metadata; consult the authoritative source."
"","Data element","Number of children identified with Disease by RBSK Mobile Health teams","Monthly HMIS reporting element: Number of children identified with Disease by RBSK Mobile Health teams.","RBSK / child screening","Health services and systems","Current public form candidate","Revised HMIS formats effective April 2025","Official NHM state-hosted copy","https://nhm.hp.gov.in/reporting-formats","","Not specified","","Not supplied in registry metadata; consult the authoritative source","Monthly HMIS reporting element: Number of children identified with Disease by RBSK Mobile Health teams. Denominator population: Not supplied in registry metadata; consult the authoritative source."
"","Data element","Number of children identified with selected health conditions ( New Born - 18 years)","Monthly HMIS reporting element: Number of children identified with selected health conditions ( New Born - 18 years).","Newborn and pregnancy outcomes","Maternal, newborn and reproductive health","Current public form candidate","Revised HMIS formats effective April 2025","Official NHM state-hosted copy","https://nhm.hp.gov.in/reporting-formats","","Not specified","","Not supplied in registry metadata; consult the authoritative source","Monthly HMIS reporting element: Number of children identified with selected health conditions ( New Born - 18 years). Denominator population: Not supplied in registry metadata; consult the authoritative source."
"","Data element","Number of Children more than 12 months who received:","Monthly HMIS reporting element: Number of Children more than 12 months who received:.","Immunization","Child, adolescent and nutrition services","Current public form candidate","Revised HMIS formats effective April 2025","Official NHM state-hosted copy","https://nhm.hp.gov.in/reporting-formats","","Not specified","","Not supplied in registry metadata; consult the authoritative source","Monthly HMIS reporting element: Number of Children more than 12 months who received:. Denominator population: Not supplied in registry metadata; consult the authoritative source."
"","Data element","Number of children more than 16 months of age who received Japanese Encephalitis (JE) vaccine- 2nd dose (16-24 months)","Monthly HMIS reporting element: Number of children more than 16 months of age who received Japanese Encephalitis (JE) vaccine- 2nd dose (16-24 months).","Immunization","Child, adolescent and nutrition services","Current public form candidate","Revised HMIS formats effective April 2025","Official NHM state-hosted copy","https://nhm.hp.gov.in/reporting-formats","","Not specified","","Not supplied in registry metadata; consult the authoritative source","Monthly HMIS reporting element: Number of children more than 16 months of age who received Japanese Encephalitis (JE) vaccine- 2nd dose (16-24 months). Denominator population: Not supplied in registry metadata; consult the authoritative source."
"","Data element","Number of Children more than 23 months who received:","Monthly HMIS reporting element: Number of Children more than 23 months who received:.","Immunization","Child, adolescent and nutrition services","Current public form candidate","Revised HMIS formats effective April 2025","Official NHM state-hosted copy","https://nhm.hp.gov.in/reporting-formats","","Not specified","","Not supplied in registry metadata; consult the authoritative source","Monthly HMIS reporting element: Number of Children more than 23 months who received:. Denominator population: Not supplied in registry metadata; consult the authoritative source."
"","Data element","Number of children Referred to standalone/ integrated NRC by RBSK Team","Monthly HMIS reporting element: Number of children Referred to standalone/ integrated NRC by RBSK Team.","RBSK / child screening","Health services and systems","Current public form candidate","Revised HMIS formats effective April 2025","Official NHM state-hosted copy","https://nhm.hp.gov.in/reporting-formats","","Not specified","","Not supplied in registry metadata; consult the authoritative source","Monthly HMIS reporting element: Number of children Referred to standalone/ integrated NRC by RBSK Team. Denominator population: Not supplied in registry metadata; consult the authoritative source."
"","Data element","Number of children till age 18 years (affected with selected health conditions) managed by Intervention - Surgical","Monthly HMIS reporting element: Number of children till age 18 years (affected with selected health conditions) managed by Intervention - Surgical.","Antenatal care and high-risk pregnancy","Maternal, newborn and reproductive health","Current public form candidate","Revised HMIS formats effective April 2025","Official NHM state-hosted copy","https://nhm.hp.gov.in/reporting-formats","","Not specified","","Not supplied in registry metadata; consult the authoritative source","Monthly HMIS reporting element: Number of children till age 18 years (affected with selected health conditions) managed by Intervention - Surgical. Denominator population: Not supplied in registry metadata; consult the authoritative source."
"","Data element","Number of children till age 18 years (affected with selected health conditions) managed for 4 Ds (Disease, Deficiency, Developmental Delay & Defect)","Monthly HMIS reporting element: Number of children till age 18 years (affected with selected health conditions) managed for 4 Ds (Disease, Deficiency, Developmental Delay & Defect).","Antenatal care and high-risk pregnancy","Maternal, newborn and reproductive health","Current public form candidate","Revised HMIS formats effective April 2025","Official NHM state-hosted copy","https://nhm.hp.gov.in/reporting-formats","","Not specified","","Not supplied in registry metadata; consult the authoritative source","Monthly HMIS reporting element: Number of children till age 18 years (affected with selected health conditions) managed for 4 Ds (Disease, Deficiency, Developmental Delay & Defect). Denominator population: Not supplied in registry metadata; consult the authoritative source."
"","Data element","Number of children till age 18 years managed at DEIC (District Early Intervention Centre)","Monthly HMIS reporting element: Number of children till age 18 years managed at DEIC (District Early Intervention Centre).","Antenatal care and high-risk pregnancy","Maternal, newborn and reproductive health","Current public form candidate","Revised HMIS formats effective April 2025","Official NHM state-hosted copy","https://nhm.hp.gov.in/reporting-formats","","Not specified","","Not supplied in registry metadata; consult the authoritative source","Monthly HMIS reporting element: Number of children till age 18 years managed at DEIC (District Early Intervention Centre). Denominator population: Not supplied in registry metadata; consult the authoritative source."
"","Data element","Number of children who completed all four post discharge follow-ups","Monthly HMIS reporting element: Number of children who completed all four post discharge follow-ups.","Tuberculosis services","Communicable diseases","Current public form candidate","Revised HMIS formats effective April 2025","Official NHM state-hosted copy","https://nhm.hp.gov.in/reporting-formats","","Not specified","","Not supplied in registry metadata; consult the authoritative source","Monthly HMIS reporting element: Number of children who completed all four post discharge follow-ups. Denominator population: Not supplied in registry metadata; consult the authoritative source."
"","Data element","Number of Combined Oral Pill cycles distributed to the beneficiary","Monthly HMIS reporting element: Number of Combined Oral Pill cycles distributed to the beneficiary.","Family planning","Maternal, newborn and reproductive health","Current public form candidate","Revised HMIS formats effective April 2025","Official NHM state-hosted copy","https://nhm.hp.gov.in/reporting-formats","","Not specified","","Not supplied in registry metadata; consult the authoritative source","Monthly HMIS reporting element: Number of Combined Oral Pill cycles distributed to the beneficiary. Denominator population: Not supplied in registry metadata; consult the authoritative source."
"","Data element","Number of complications following IUCD Insertion","Monthly HMIS reporting element: Number of complications following IUCD Insertion.","Family planning","Maternal, newborn and reproductive health","Current public form candidate","Revised HMIS formats effective April 2025","Official NHM state-hosted copy","https://nhm.hp.gov.in/reporting-formats","","Not specified","","Not supplied in registry metadata; consult the authoritative source","Monthly HMIS reporting element: Number of complications following IUCD Insertion. Denominator population: Not supplied in registry metadata; consult the authoritative source."
"","Data element","Number of Condom pieces distributed to the beneficiary","Monthly HMIS reporting element: Number of Condom pieces distributed to the beneficiary.","Family planning","Maternal, newborn and reproductive health","Current public form candidate","Revised HMIS formats effective April 2025","Official NHM state-hosted copy","https://nhm.hp.gov.in/reporting-formats","","Not specified","","Not supplied in registry metadata; consult the authoritative source","Monthly HMIS reporting element: Number of Condom pieces distributed to the beneficiary. Denominator population: Not supplied in registry metadata; consult the authoritative source."
"","Data element","Number of deaths due to Accidents/Burn cases","Monthly HMIS reporting element: Number of deaths due to Accidents/Burn cases.","Mortality and death review","Mortality and vital events","Current public form candidate","Revised HMIS formats effective April 2025","Official NHM state-hosted copy","https://nhm.hp.gov.in/reporting-formats","","Not specified","","Not supplied in registry metadata; consult the authoritative source","Monthly HMIS reporting element: Number of deaths due to Accidents/Burn cases. Denominator population: Not supplied in registry metadata; consult the authoritative source."
"","Data element","Number of Deaths due to Acute Encephelitis Syndrome (AES)","Monthly HMIS reporting element: Number of Deaths due to Acute Encephelitis Syndrome (AES).","Mortality and death review","Mortality and vital events","Current public form candidate","Revised HMIS formats effective April 2025","Official NHM state-hosted copy","https://nhm.hp.gov.in/reporting-formats","","Not specified","","Not supplied in registry metadata; consult the authoritative source","Monthly HMIS reporting element: Number of Deaths due to Acute Encephelitis Syndrome (AES). Denominator population: Not supplied in registry metadata; consult the authoritative source."
"","Data element","Number of deaths due to Animal bites and stings","Monthly HMIS reporting element: Number of deaths due to Animal bites and stings.","STI/RTI services","Maternal, newborn and reproductive health","Current public form candidate","Revised HMIS formats effective April 2025","Official NHM state-hosted copy","https://nhm.hp.gov.in/reporting-formats","","Not specified","","Not supplied in registry metadata; consult the authoritative source","Monthly HMIS reporting element: Number of deaths due to Animal bites and stings. Denominator population: Not supplied in registry metadata; consult the authoritative source."
"","Data element","Number of deaths due to Cancer","Monthly HMIS reporting element: Number of deaths due to Cancer.","Noncommunicable diseases","Health services and systems","Current public form candidate","Revised HMIS formats effective April 2025","Official NHM state-hosted copy","https://nhm.hp.gov.in/reporting-formats","","Not specified","","Not supplied in registry metadata; consult the authoritative source","Monthly HMIS reporting element: Number of deaths due to Cancer. Denominator population: Not supplied in registry metadata; consult the authoritative source."
"","Data element","Number of Deaths due to Dengue","Monthly HMIS reporting element: Number of Deaths due to Dengue.","Vector-borne diseases","Communicable diseases","Current public form candidate","Revised HMIS formats effective April 2025","Official NHM state-hosted copy","https://nhm.hp.gov.in/reporting-formats","","Not specified","","Not supplied in registry metadata; consult the authoritative source","Monthly HMIS reporting element: Number of Deaths due to Dengue. Denominator population: Not supplied in registry metadata; consult the authoritative source."
"","Data element","Number of deaths due to Diarrhoeal diseases","Monthly HMIS reporting element: Number of deaths due to Diarrhoeal diseases.","Childhood illness","Child, adolescent and nutrition services","Current public form candidate","Revised HMIS formats effective April 2025","Official NHM state-hosted copy","https://nhm.hp.gov.in/reporting-formats","","Not specified","","Not supplied in registry metadata; consult the authoritative source","Monthly HMIS reporting element: Number of deaths due to Diarrhoeal diseases. Denominator population: Not supplied in registry metadata; consult the authoritative source."
"","Data element","Number of deaths due to Heart disease/Hypertension related","Monthly HMIS reporting element: Number of deaths due to Heart disease/Hypertension related.","Noncommunicable diseases","Health services and systems","Current public form candidate","Revised HMIS formats effective April 2025","Official NHM state-hosted copy","https://nhm.hp.gov.in/reporting-formats","","Not specified","","Not supplied in registry metadata; consult the authoritative source","Monthly HMIS reporting element: Number of deaths due to Heart disease/Hypertension related. Denominator population: Not supplied in registry metadata; consult the authoritative source."
"","Data element","Number of Deaths due to Japanese Encephalitis (JE)","Monthly HMIS reporting element: Number of Deaths due to Japanese Encephalitis (JE).","Vector-borne diseases","Communicable diseases","Current public form candidate","Revised HMIS formats effective April 2025","Official NHM state-hosted copy","https://nhm.hp.gov.in/reporting-formats","","Not specified","","Not supplied in registry metadata; consult the authoritative source","Monthly HMIS reporting element: Number of Deaths due to Japanese Encephalitis (JE). Denominator population: Not supplied in registry metadata; consult the authoritative source."
"","Data element","Number of Deaths due to Kala Azar","Monthly HMIS reporting element: Number of Deaths due to Kala Azar.","Vector-borne diseases","Communicable diseases","Current public form candidate","Revised HMIS formats effective April 2025","Official NHM state-hosted copy","https://nhm.hp.gov.in/reporting-formats","","Not specified","","Not supplied in registry metadata; consult the authoritative source","Monthly HMIS reporting element: Number of Deaths due to Kala Azar. Denominator population: Not supplied in registry metadata; consult the authoritative source."
"","Data element","Number of deaths due to Known Acute Disease","Monthly HMIS reporting element: Number of deaths due to Known Acute Disease.","Mortality and death review","Mortality and vital events","Current public form candidate","Revised HMIS formats effective April 2025","Official NHM state-hosted copy","https://nhm.hp.gov.in/reporting-formats","","Not specified","","Not supplied in registry metadata; consult the authoritative source","Monthly HMIS reporting element: Number of deaths due to Known Acute Disease. Denominator population: Not supplied in registry metadata; consult the authoritative source."
"","Data element","Number of deaths due to Known Chronic Disease","Monthly HMIS reporting element: Number of deaths due to Known Chronic Disease.","Mortality and death review","Mortality and vital events","Current public form candidate","Revised HMIS formats effective April 2025","Official NHM state-hosted copy","https://nhm.hp.gov.in/reporting-formats","","Not specified","","Not supplied in registry metadata; consult the authoritative source","Monthly HMIS reporting element: Number of deaths due to Known Chronic Disease. Denominator population: Not supplied in registry metadata; consult the authoritative source."
"","Data element","Number of Deaths due to Malaria- Plasmodium Falciparum","Monthly HMIS reporting element: Number of Deaths due to Malaria- Plasmodium Falciparum.","Vector-borne diseases","Communicable diseases","Current public form candidate","Revised HMIS formats effective April 2025","Official NHM state-hosted copy","https://nhm.hp.gov.in/reporting-formats","","Not specified","","Not supplied in registry metadata; consult the authoritative source","Monthly HMIS reporting element: Number of Deaths due to Malaria- Plasmodium Falciparum. Denominator population: Not supplied in registry metadata; consult the authoritative source."
"","Data element","Number of Deaths due to Malaria- Plasmodium Vivax","Monthly HMIS reporting element: Number of Deaths due to Malaria- Plasmodium Vivax.","Vector-borne diseases","Communicable diseases","Current public form candidate","Revised HMIS formats effective April 2025","Official NHM state-hosted copy","https://nhm.hp.gov.in/reporting-formats","","Not specified","","Not supplied in registry metadata; consult the authoritative source","Monthly HMIS reporting element: Number of Deaths due to Malaria- Plasmodium Vivax. Denominator population: Not supplied in registry metadata; consult the authoritative source."
"","Data element","Number of deaths due to Neurological disease including strokes","Monthly HMIS reporting element: Number of deaths due to Neurological disease including strokes.","Noncommunicable diseases","Health services and systems","Current public form candidate","Revised HMIS formats effective April 2025","Official NHM state-hosted copy","https://nhm.hp.gov.in/reporting-formats","","Not specified","","Not supplied in registry metadata; consult the authoritative source","Monthly HMIS reporting element: Number of deaths due to Neurological disease including strokes. Denominator population: Not supplied in registry metadata; consult the authoritative source."
"","Data element","Number of deaths due to Other Causes","Monthly HMIS reporting element: Number of deaths due to Other Causes.","Mortality and death review","Mortality and vital events","Current public form candidate","Revised HMIS formats effective April 2025","Official NHM state-hosted copy","https://nhm.hp.gov.in/reporting-formats","","Not specified","","Not supplied in registry metadata; consult the authoritative source","Monthly HMIS reporting element: Number of deaths due to Other Causes. Denominator population: Not supplied in registry metadata; consult the authoritative source."
"","Data element","Number of deaths due to Other Fever Related","Monthly HMIS reporting element: Number of deaths due to Other Fever Related.","Mortality and death review","Mortality and vital events","Current public form candidate","Revised HMIS formats effective April 2025","Official NHM state-hosted copy","https://nhm.hp.gov.in/reporting-formats","","Not specified","","Not supplied in registry metadata; consult the authoritative source","Monthly HMIS reporting element: Number of deaths due to Other Fever Related. Denominator population: Not supplied in registry metadata; consult the authoritative source."
"","Data element","Number of deaths due to Respiratory diseases including infections (other than TB)","Monthly HMIS reporting element: Number of deaths due to Respiratory diseases including infections (other than TB).","Tuberculosis services","Communicable diseases","Current public form candidate","Revised HMIS formats effective April 2025","Official NHM state-hosted copy","https://nhm.hp.gov.in/reporting-formats","","Not specified","","Not supplied in registry metadata; consult the authoritative source","Monthly HMIS reporting element: Number of deaths due to Respiratory diseases including infections (other than TB). Denominator population: Not supplied in registry metadata; consult the authoritative source."
"","Data element","Number of deaths due to Tuberculosis","Monthly HMIS reporting element: Number of deaths due to Tuberculosis.","Tuberculosis services","Communicable diseases","Current public form candidate","Revised HMIS formats effective April 2025","Official NHM state-hosted copy","https://nhm.hp.gov.in/reporting-formats","","Not specified","","Not supplied in registry metadata; consult the authoritative source","Monthly HMIS reporting element: Number of deaths due to Tuberculosis. Denominator population: Not supplied in registry metadata; consult the authoritative source."
"","Data element","Number of deaths occurred at SNCU","Monthly HMIS reporting element: Number of deaths occurred at SNCU.","Newborn and pregnancy outcomes","Maternal, newborn and reproductive health","Current public form candidate","Revised HMIS formats effective April 2025","Official NHM state-hosted copy","https://nhm.hp.gov.in/reporting-formats","","Not specified","","Not supplied in registry metadata; consult the authoritative source","Monthly HMIS reporting element: Number of deaths occurred at SNCU. Denominator population: Not supplied in registry metadata; consult the authoritative source."
"","Data element","Number of delivery LAMA cases reported at the facility","Monthly HMIS reporting element: Number of delivery LAMA cases reported at the facility.","Delivery and intrapartum care","Maternal, newborn and reproductive health","Current public form candidate","Revised HMIS formats effective April 2025","Official NHM state-hosted copy","https://nhm.hp.gov.in/reporting-formats","","Not specified","","Not supplied in registry metadata; consult the authoritative source","Monthly HMIS reporting element: Number of delivery LAMA cases reported at the facility. Denominator population: Not supplied in registry metadata; consult the authoritative source."
"","Data element","Number of DIL women screened for HIV by Whole Blood Finger Prick/RDT test/POC test","Monthly HMIS reporting element: Number of DIL women screened for HIV by Whole Blood Finger Prick/RDT test/POC test.","STI/RTI services","Maternal, newborn and reproductive health","Current public form candidate","Revised HMIS formats effective April 2025","Official NHM state-hosted copy","https://nhm.hp.gov.in/reporting-formats","","Not specified","","Not supplied in registry metadata; consult the authoritative source","Monthly HMIS reporting element: Number of DIL women screened for HIV by Whole Blood Finger Prick/RDT test/POC test. Denominator population: Not supplied in registry metadata; consult the authoritative source."
"","Data element","Number of Eclampsia cases managed during delivery","Monthly HMIS reporting element: Number of Eclampsia cases managed during delivery.","Antenatal care and high-risk pregnancy","Maternal, newborn and reproductive health","Current public form candidate","Revised HMIS formats effective April 2025","Official NHM state-hosted copy","https://nhm.hp.gov.in/reporting-formats","","Not specified","","Not supplied in registry metadata; consult the authoritative source","Monthly HMIS reporting element: Number of Eclampsia cases managed during delivery. Denominator population: Not supplied in registry metadata; consult the authoritative source."
"","Data element","Number of elderly support groups-‘Sanjeevini’ created during the month","Monthly HMIS reporting element: Number of elderly support groups-‘Sanjeevini’ created during the month.","Elderly and palliative care","Health services and systems","Current public form candidate","Revised HMIS formats effective April 2025","Official NHM state-hosted copy","https://nhm.hp.gov.in/reporting-formats","","Not specified","","Not supplied in registry metadata; consult the authoritative source","Monthly HMIS reporting element: Number of elderly support groups-‘Sanjeevini’ created during the month. Denominator population: Not supplied in registry metadata; consult the authoritative source."
"","Data element","Number of Emergency Contraceptive Pills (ECP) given to the beneficiary","Monthly HMIS reporting element: Number of Emergency Contraceptive Pills (ECP) given to the beneficiary.","Family planning","Maternal, newborn and reproductive health","Current public form candidate","Revised HMIS formats effective April 2025","Official NHM state-hosted copy","https://nhm.hp.gov.in/reporting-formats","","Not specified","","Not supplied in registry metadata; consult the authoritative source","Monthly HMIS reporting element: Number of Emergency Contraceptive Pills (ECP) given to the beneficiary. Denominator population: Not supplied in registry metadata; consult the authoritative source."
"","Data element","Number of females (all females) assessed for STI/RTI","Monthly HMIS reporting element: Number of females (all females) assessed for STI/RTI.","STI/RTI services","Maternal, newborn and reproductive health","Current public form candidate","Revised HMIS formats effective April 2025","Official NHM state-hosted copy","https://nhm.hp.gov.in/reporting-formats","","Not specified","","Not supplied in registry metadata; consult the authoritative source","Monthly HMIS reporting element: Number of females (all females) assessed for STI/RTI. Denominator population: Not supplied in registry metadata; consult the authoritative source."
"","Data element","Number of females (non-ANC) screened for HIV by Whole Blood Finger Prick/RDT test/POC test","Monthly HMIS reporting element: Number of females (non-ANC) screened for HIV by Whole Blood Finger Prick/RDT test/POC test.","Antenatal care and high-risk pregnancy","Maternal, newborn and reproductive health","Current public form candidate","Revised HMIS formats effective April 2025","Official NHM state-hosted copy","https://nhm.hp.gov.in/reporting-formats","","Not specified","","Not supplied in registry metadata; consult the authoritative source","Monthly HMIS reporting element: Number of females (non-ANC) screened for HIV by Whole Blood Finger Prick/RDT test/POC test. Denominator population: Not supplied in registry metadata; consult the authoritative source."
"","Data element","Number of fixed day rehabilitation services provided during the month","Monthly HMIS reporting element: Number of fixed day rehabilitation services provided during the month.","Patient services and utilization","Health services and systems","Current public form candidate","Revised HMIS formats effective April 2025","Official NHM state-hosted copy","https://nhm.hp.gov.in/reporting-formats","","Not specified","","Not supplied in registry metadata; consult the authoritative source","Monthly HMIS reporting element: Number of fixed day rehabilitation services provided during the month. Denominator population: Not supplied in registry metadata; consult the authoritative source."
"","Data element","Number of GDM positive PW managed with Insulin/Metformin out of total tested positive for GDM","Monthly HMIS reporting element: Number of GDM positive PW managed with Insulin/Metformin out of total tested positive for GDM.","Antenatal care and high-risk pregnancy","Maternal, newborn and reproductive health","Current public form candidate","Revised HMIS formats effective April 2025","Official NHM state-hosted copy","https://nhm.hp.gov.in/reporting-formats","","Not specified","","Not supplied in registry metadata; consult the authoritative source","Monthly HMIS reporting element: Number of GDM positive PW managed with Insulin/Metformin out of total tested positive for GDM. Denominator population: Not supplied in registry metadata; consult the authoritative source."
"","Data element","Number of geriatric/elderly patients (age>=60 yrs) provided physiotherapy services","Monthly HMIS reporting element: Number of geriatric/elderly patients (age>=60 yrs) provided physiotherapy services.","Tuberculosis services","Communicable diseases","Current public form candidate","Revised HMIS formats effective April 2025","Official NHM state-hosted copy","https://nhm.hp.gov.in/reporting-formats","","Not specified","","Not supplied in registry metadata; consult the authoritative source","Monthly HMIS reporting element: Number of geriatric/elderly patients (age>=60 yrs) provided physiotherapy services. Denominator population: Not supplied in registry metadata; consult the authoritative source."
"","Data element","Number of geriatric/elderly persons followed-up for any elderly conditions","Monthly HMIS reporting element: Number of geriatric/elderly persons followed-up for any elderly conditions.","Tuberculosis services","Communicable diseases","Current public form candidate","Revised HMIS formats effective April 2025","Official NHM state-hosted copy","https://nhm.hp.gov.in/reporting-formats","","Not specified","","Not supplied in registry metadata; consult the authoritative source","Monthly HMIS reporting element: Number of geriatric/elderly persons followed-up for any elderly conditions. Denominator population: Not supplied in registry metadata; consult the authoritative source."
"","Data element","Number of geriatric/elderly persons managed for any elderly conditions","Monthly HMIS reporting element: Number of geriatric/elderly persons managed for any elderly conditions.","Tuberculosis services","Communicable diseases","Current public form candidate","Revised HMIS formats effective April 2025","Official NHM state-hosted copy","https://nhm.hp.gov.in/reporting-formats","","Not specified","","Not supplied in registry metadata; consult the authoritative source","Monthly HMIS reporting element: Number of geriatric/elderly persons managed for any elderly conditions. Denominator population: Not supplied in registry metadata; consult the authoritative source."
"","Data element","Number of geriatric/elderly persons who underwent Comprehensive Geriatric Assessment by CHO","Monthly HMIS reporting element: Number of geriatric/elderly persons who underwent Comprehensive Geriatric Assessment by CHO.","Elderly and palliative care","Health services and systems","Current public form candidate","Revised HMIS formats effective April 2025","Official NHM state-hosted copy","https://nhm.hp.gov.in/reporting-formats","","Not specified","","Not supplied in registry metadata; consult the authoritative source","Monthly HMIS reporting element: Number of geriatric/elderly persons who underwent Comprehensive Geriatric Assessment by CHO. Denominator population: Not supplied in registry metadata; consult the authoritative source."
"","Data element","Number of Girls (6th -12th class) provided 4/5 IFA tablets in schools","Monthly HMIS reporting element: Number of Girls (6th -12th class) provided 4/5 IFA tablets in schools.","Anaemia and nutrition","Child, adolescent and nutrition services","Current public form candidate","Revised HMIS formats effective April 2025","Official NHM state-hosted copy","https://nhm.hp.gov.in/reporting-formats","","Not specified","","Not supplied in registry metadata; consult the authoritative source","Monthly HMIS reporting element: Number of Girls (6th -12th class) provided 4/5 IFA tablets in schools. Denominator population: Not supplied in registry metadata; consult the authoritative source."
"","Data element","Number of Girls (6th -12th class) provided albendazole in schools","Monthly HMIS reporting element: Number of Girls (6th -12th class) provided albendazole in schools.","Anaemia and nutrition","Child, adolescent and nutrition services","Current public form candidate","Revised HMIS formats effective April 2025","Official NHM state-hosted copy","https://nhm.hp.gov.in/reporting-formats","","Not specified","","Not supplied in registry metadata; consult the authoritative source","Monthly HMIS reporting element: Number of Girls (6th -12th class) provided albendazole in schools. Denominator population: Not supplied in registry metadata; consult the authoritative source."
"","Data element","Number of H/TG assessed for STI/RTI","Monthly HMIS reporting element: Number of H/TG assessed for STI/RTI.","STI/RTI services","Maternal, newborn and reproductive health","Current public form candidate","Revised HMIS formats effective April 2025","Official NHM state-hosted copy","https://nhm.hp.gov.in/reporting-formats","","Not specified","","Not supplied in registry metadata; consult the authoritative source","Monthly HMIS reporting element: Number of H/TG assessed for STI/RTI. Denominator population: Not supplied in registry metadata; consult the authoritative source."
"","Data element","Number of H/TG people screened for HIV by Whole Blood Finger Prick/RDT test/POC test","Monthly HMIS reporting element: Number of H/TG people screened for HIV by Whole Blood Finger Prick/RDT test/POC test.","STI/RTI services","Maternal, newborn and reproductive health","Current public form candidate","Revised HMIS formats effective April 2025","Official NHM state-hosted copy","https://nhm.hp.gov.in/reporting-formats","","Not specified","","Not supplied in registry metadata; consult the authoritative source","Monthly HMIS reporting element: Number of H/TG people screened for HIV by Whole Blood Finger Prick/RDT test/POC test. Denominator population: Not supplied in registry metadata; consult the authoritative source."
"","Data element","Number of Hb tests conducted including kit tests","Monthly HMIS reporting element: Number of Hb tests conducted including kit tests.","STI/RTI services","Maternal, newborn and reproductive health","Current public form candidate","Revised HMIS formats effective April 2025","Official NHM state-hosted copy","https://nhm.hp.gov.in/reporting-formats","","Not specified","","Not supplied in registry metadata; consult the authoritative source","Monthly HMIS reporting element: Number of Hb tests conducted including kit tests. Denominator population: Not supplied in registry metadata; consult the authoritative source."
"","Data element","Number of home bound (bed bound & restricted mobility) elderly and single elderly visited by ASHA & ANM/MPW-M during the month","Monthly HMIS reporting element: Number of home bound (bed bound & restricted mobility) elderly and single elderly visited by ASHA & ANM/MPW-M during the month.","Elderly and palliative care","Health services and systems","Current public form candidate","Revised HMIS formats effective April 2025","Official NHM state-hosted copy","https://nhm.hp.gov.in/reporting-formats","","Not specified","","Not supplied in registry metadata; consult the authoritative source","Monthly HMIS reporting element: Number of home bound (bed bound & restricted mobility) elderly and single elderly visited by ASHA & ANM/MPW-M during the month. Denominator population: Not supplied in registry metadata; consult the authoritative source."
"","Data element","Number of Home Deliveries attended by","Monthly HMIS reporting element: Number of Home Deliveries attended by.","Delivery and intrapartum care","Maternal, newborn and reproductive health","Current public form candidate","Revised HMIS formats effective April 2025","Official NHM state-hosted copy","https://nhm.hp.gov.in/reporting-formats","","Not specified","","Not supplied in registry metadata; consult the authoritative source","Monthly HMIS reporting element: Number of Home Deliveries attended by. Denominator population: Not supplied in registry metadata; consult the authoritative source."
"","Data element","Number of Home Deliveries attended by Non SBA","Monthly HMIS reporting element: Number of Home Deliveries attended by Non SBA.","Delivery and intrapartum care","Maternal, newborn and reproductive health","Current public form candidate","Revised HMIS formats effective April 2025","Official NHM state-hosted copy","https://nhm.hp.gov.in/reporting-formats","","Not specified","","Not supplied in registry metadata; consult the authoritative source","Monthly HMIS reporting element: Number of Home Deliveries attended by Non SBA. Denominator population: Not supplied in registry metadata; consult the authoritative source."
"","Data element","Number of Home Deliveries attended by Skill Birth Attendant(SBA) (Doctor/Nurse/ANM)","Monthly HMIS reporting element: Number of Home Deliveries attended by Skill Birth Attendant(SBA) (Doctor/Nurse/ANM).","Delivery and intrapartum care","Maternal, newborn and reproductive health","Current public form candidate","Revised HMIS formats effective April 2025","Official NHM state-hosted copy","https://nhm.hp.gov.in/reporting-formats","","Not specified","","Not supplied in registry metadata; consult the authoritative source","Monthly HMIS reporting element: Number of Home Deliveries attended by Skill Birth Attendant(SBA) (Doctor/Nurse/ANM). Denominator population: Not supplied in registry metadata; consult the authoritative source."
"","Data element","Number of Hydrocele surgeries conducted in Lymphatic Filariasis (MMDP)","Monthly HMIS reporting element: Number of Hydrocele surgeries conducted in Lymphatic Filariasis (MMDP).","Vector-borne diseases","Communicable diseases","Current public form candidate","Revised HMIS formats effective April 2025","Official NHM state-hosted copy","https://nhm.hp.gov.in/reporting-formats","","Not specified","","Not supplied in registry metadata; consult the authoritative source","Monthly HMIS reporting element: Number of Hydrocele surgeries conducted in Lymphatic Filariasis (MMDP). Denominator population: Not supplied in registry metadata; consult the authoritative source."
"","Data element","Number of Immunisation sessions","Monthly HMIS reporting element: Number of Immunisation sessions.","Immunization","Child, adolescent and nutrition services","Current public form candidate","Revised HMIS formats effective April 2025","Official NHM state-hosted copy","https://nhm.hp.gov.in/reporting-formats","","Not specified","","Not supplied in registry metadata; consult the authoritative source","Monthly HMIS reporting element: Number of Immunisation sessions. Denominator population: Not supplied in registry metadata; consult the authoritative source."
"","Data element","Number of in-school adolescent boys (10-19 years) having anaemia","Monthly HMIS reporting element: Number of in-school adolescent boys (10-19 years) having anaemia.","Adolescent health","Child, adolescent and nutrition services","Current public form candidate","Revised HMIS formats effective April 2025","Official NHM state-hosted copy","https://nhm.hp.gov.in/reporting-formats","","Not specified","","Not supplied in registry metadata; consult the authoritative source","Monthly HMIS reporting element: Number of in-school adolescent boys (10-19 years) having anaemia. Denominator population: Not supplied in registry metadata; consult the authoritative source."
"","Data element","Number of in-school adolescent boys (10-19 years) having severe anaemia (Hb <8 g/dL (deciliter))","Monthly HMIS reporting element: Number of in-school adolescent boys (10-19 years) having severe anaemia (Hb <8 g/dL (deciliter)).","Adolescent health","Child, adolescent and nutrition services","Current public form candidate","Revised HMIS formats effective April 2025","Official NHM state-hosted copy","https://nhm.hp.gov.in/reporting-formats","","Not specified","","Not supplied in registry metadata; consult the authoritative source","Monthly HMIS reporting element: Number of in-school adolescent boys (10-19 years) having severe anaemia (Hb <8 g/dL (deciliter)). Denominator population: Not supplied in registry metadata; consult the authoritative source."
"","Data element","Number of in-school adolescent girls (10-19 years) having anaemia (Hb 8.1-11.9 g/dL (deciliter))","Monthly HMIS reporting element: Number of in-school adolescent girls (10-19 years) having anaemia (Hb 8.1-11.9 g/dL (deciliter)).","Adolescent health","Child, adolescent and nutrition services","Current public form candidate","Revised HMIS formats effective April 2025","Official NHM state-hosted copy","https://nhm.hp.gov.in/reporting-formats","","Not specified","","Not supplied in registry metadata; consult the authoritative source","Monthly HMIS reporting element: Number of in-school adolescent girls (10-19 years) having anaemia (Hb 8.1-11.9 g/dL (deciliter)). Denominator population: Not supplied in registry metadata; consult the authoritative source."
"","Data element","Number of in-school adolescent girls (10-19 years) having severe anaemia (Hb <8 g/dL (deciliter))","Monthly HMIS reporting element: Number of in-school adolescent girls (10-19 years) having severe anaemia (Hb <8 g/dL (deciliter)).","Adolescent health","Child, adolescent and nutrition services","Current public form candidate","Revised HMIS formats effective April 2025","Official NHM state-hosted copy","https://nhm.hp.gov.in/reporting-formats","","Not specified","","Not supplied in registry metadata; consult the authoritative source","Monthly HMIS reporting element: Number of in-school adolescent girls (10-19 years) having severe anaemia (Hb <8 g/dL (deciliter)). Denominator population: Not supplied in registry metadata; consult the authoritative source."
"","Data element","Number of in-school children (5 - 9 years) provided 4-5 IFA Pink tablets in schools","Monthly HMIS reporting element: Number of in-school children (5 - 9 years) provided 4-5 IFA Pink tablets in schools.","Anaemia and nutrition","Child, adolescent and nutrition services","Current public form candidate","Revised HMIS formats effective April 2025","Official NHM state-hosted copy","https://nhm.hp.gov.in/reporting-formats","","Not specified","","Not supplied in registry metadata; consult the authoritative source","Monthly HMIS reporting element: Number of in-school children (5 - 9 years) provided 4-5 IFA Pink tablets in schools. Denominator population: Not supplied in registry metadata; consult the authoritative source."
"","Data element","Number of in-school Children (5-9 years) having anaemia (Hb 8.1-11.4 g/dL (deciliter))","Monthly HMIS reporting element: Number of in-school Children (5-9 years) having anaemia (Hb 8.1-11.4 g/dL (deciliter)).","Anaemia and nutrition","Child, adolescent and nutrition services","Current public form candidate","Revised HMIS formats effective April 2025","Official NHM state-hosted copy","https://nhm.hp.gov.in/reporting-formats","","Not specified","","Not supplied in registry metadata; consult the authoritative source","Monthly HMIS reporting element: Number of in-school Children (5-9 years) having anaemia (Hb 8.1-11.4 g/dL (deciliter)). Denominator population: Not supplied in registry metadata; consult the authoritative source."
"","Data element","Number of in-school Children (5-9 years) having severe anaemia (Hb <8 g/dL (deciliter))","Monthly HMIS reporting element: Number of in-school Children (5-9 years) having severe anaemia (Hb <8 g/dL (deciliter)).","Anaemia and nutrition","Child, adolescent and nutrition services","Current public form candidate","Revised HMIS formats effective April 2025","Official NHM state-hosted copy","https://nhm.hp.gov.in/reporting-formats","","Not specified","","Not supplied in registry metadata; consult the authoritative source","Monthly HMIS reporting element: Number of in-school Children (5-9 years) having severe anaemia (Hb <8 g/dL (deciliter)). Denominator population: Not supplied in registry metadata; consult the authoritative source."
"","Data element","Number of Infant Deaths (>28 days - below 12 months) due to Pneumonia","Monthly HMIS reporting element: Number of Infant Deaths (>28 days - below 12 months) due to Pneumonia.","Childhood illness","Child, adolescent and nutrition services","Current public form candidate","Revised HMIS formats effective April 2025","Official NHM state-hosted copy","https://nhm.hp.gov.in/reporting-formats","","Not specified","","Not supplied in registry metadata; consult the authoritative source","Monthly HMIS reporting element: Number of Infant Deaths (>28 days - below 12 months) due to Pneumonia. Denominator population: Not supplied in registry metadata; consult the authoritative source."
"","Data element","Number of Infant Deaths (>28 days -below 12 months) due to Diarrhoea","Monthly HMIS reporting element: Number of Infant Deaths (>28 days -below 12 months) due to Diarrhoea.","Childhood illness","Child, adolescent and nutrition services","Current public form candidate","Revised HMIS formats effective April 2025","Official NHM state-hosted copy","https://nhm.hp.gov.in/reporting-formats","","Not specified","","Not supplied in registry metadata; consult the authoritative source","Monthly HMIS reporting element: Number of Infant Deaths (>28 days -below 12 months) due to Diarrhoea. Denominator population: Not supplied in registry metadata; consult the authoritative source."
"","Data element","Number of Infant Deaths (>28 days -below 12 months) due to Fever related","Monthly HMIS reporting element: Number of Infant Deaths (>28 days -below 12 months) due to Fever related.","Mortality and death review","Mortality and vital events","Current public form candidate","Revised HMIS formats effective April 2025","Official NHM state-hosted copy","https://nhm.hp.gov.in/reporting-formats","","Not specified","","Not supplied in registry metadata; consult the authoritative source","Monthly HMIS reporting element: Number of Infant Deaths (>28 days -below 12 months) due to Fever related. Denominator population: Not supplied in registry metadata; consult the authoritative source."
"","Data element","Number of Infant Deaths (>28 days -below 12 months) due to Measles","Monthly HMIS reporting element: Number of Infant Deaths (>28 days -below 12 months) due to Measles.","Immunization","Child, adolescent and nutrition services","Current public form candidate","Revised HMIS formats effective April 2025","Official NHM state-hosted copy","https://nhm.hp.gov.in/reporting-formats","","Not specified","","Not supplied in registry metadata; consult the authoritative source","Monthly HMIS reporting element: Number of Infant Deaths (>28 days -below 12 months) due to Measles. Denominator population: Not supplied in registry metadata; consult the authoritative source."
"","Data element","Number of Infant Deaths (>28 days -below 12 months) due to Others","Monthly HMIS reporting element: Number of Infant Deaths (>28 days -below 12 months) due to Others.","Mortality and death review","Mortality and vital events","Current public form candidate","Revised HMIS formats effective April 2025","Official NHM state-hosted copy","https://nhm.hp.gov.in/reporting-formats","","Not specified","","Not supplied in registry metadata; consult the authoritative source","Monthly HMIS reporting element: Number of Infant Deaths (>28 days -below 12 months) due to Others. Denominator population: Not supplied in registry metadata; consult the authoritative source."
"","Data element","Number of Infants 0 to 11 months old who received:","Monthly HMIS reporting element: Number of Infants 0 to 11 months old who received:.","Immunization","Child, adolescent and nutrition services","Current public form candidate","Revised HMIS formats effective April 2025","Official NHM state-hosted copy","https://nhm.hp.gov.in/reporting-formats","","Not specified","","Not supplied in registry metadata; consult the authoritative source","Monthly HMIS reporting element: Number of Infants 0 to 11 months old who received:. Denominator population: Not supplied in registry metadata; consult the authoritative source."
"","Data element","Number of infants admitted at facility due to any sickness- JSSK Beneficiaries","Monthly HMIS reporting element: Number of infants admitted at facility due to any sickness- JSSK Beneficiaries.","Tuberculosis services","Communicable diseases","Current public form candidate","Revised HMIS formats effective April 2025","Official NHM state-hosted copy","https://nhm.hp.gov.in/reporting-formats","","Not specified","","Not supplied in registry metadata; consult the authoritative source","Monthly HMIS reporting element: Number of infants admitted at facility due to any sickness- JSSK Beneficiaries. Denominator population: Not supplied in registry metadata; consult the authoritative source."
"","Data element","Number of infants received free referral transport under JSSK","Monthly HMIS reporting element: Number of infants received free referral transport under JSSK.","Tuberculosis services","Communicable diseases","Current public form candidate","Revised HMIS formats effective April 2025","Official NHM state-hosted copy","https://nhm.hp.gov.in/reporting-formats","","Not specified","","Not supplied in registry metadata; consult the authoritative source","Monthly HMIS reporting element: Number of infants received free referral transport under JSSK. Denominator population: Not supplied in registry metadata; consult the authoritative source."
"","Data element","Number of Institutional Deliveries conducted (Including C-Sections)","Monthly HMIS reporting element: Number of Institutional Deliveries conducted (Including C-Sections).","Delivery and intrapartum care","Maternal, newborn and reproductive health","Current public form candidate","Revised HMIS formats effective April 2025","Official NHM state-hosted copy","https://nhm.hp.gov.in/reporting-formats","","Not specified","","Not supplied in registry metadata; consult the authoritative source","Monthly HMIS reporting element: Number of Institutional Deliveries conducted (Including C-Sections). Denominator population: Not supplied in registry metadata; consult the authoritative source."
"","Data element","Number of Interval IUCD Insertions (excluding PPIUCD and PAIUCD)","Monthly HMIS reporting element: Number of Interval IUCD Insertions (excluding PPIUCD and PAIUCD).","Family planning","Maternal, newborn and reproductive health","Current public form candidate","Revised HMIS formats effective April 2025","Official NHM state-hosted copy","https://nhm.hp.gov.in/reporting-formats","","Not specified","","Not supplied in registry metadata; consult the authoritative source","Monthly HMIS reporting element: Number of Interval IUCD Insertions (excluding PPIUCD and PAIUCD). Denominator population: Not supplied in registry metadata; consult the authoritative source."
"","Data element","Number of Interval sterilizations (Mini-lap/Conventional) (other than post-partum and post abortion) conducted","Monthly HMIS reporting element: Number of Interval sterilizations (Mini-lap/Conventional) (other than post-partum and post abortion) conducted.","Family planning","Maternal, newborn and reproductive health","Current public form candidate","Revised HMIS formats effective April 2025","Official NHM state-hosted copy","https://nhm.hp.gov.in/reporting-formats","","Not specified","","Not supplied in registry metadata; consult the authoritative source","Monthly HMIS reporting element: Number of Interval sterilizations (Mini-lap/Conventional) (other than post-partum and post abortion) conducted. Denominator population: Not supplied in registry metadata; consult the authoritative source."
"","Data element","Number of IUCD Removals","Monthly HMIS reporting element: Number of IUCD Removals.","Family planning","Maternal, newborn and reproductive health","Current public form candidate","Revised HMIS formats effective April 2025","Official NHM state-hosted copy","https://nhm.hp.gov.in/reporting-formats","","Not specified","","Not supplied in registry metadata; consult the authoritative source","Monthly HMIS reporting element: Number of IUCD Removals. Denominator population: Not supplied in registry metadata; consult the authoritative source."
"","Data element","Number of Jan Arogya Samiti (JAS) meetings held","Monthly HMIS reporting element: Number of Jan Arogya Samiti (JAS) meetings held.","Patient services and utilization","Health services and systems","Current public form candidate","Revised HMIS formats effective April 2025","Official NHM state-hosted copy","https://nhm.hp.gov.in/reporting-formats","","Not specified","","Not supplied in registry metadata; consult the authoritative source","Monthly HMIS reporting element: Number of Jan Arogya Samiti (JAS) meetings held. Denominator population: Not supplied in registry metadata; consult the authoritative source."
"","Data element","Number of lactatingmothers (of 0-6 months old child) diagnosed with severe anaemia and put on treatment","Monthly HMIS reporting element: Number of lactatingmothers (of 0-6 months old child) diagnosed with severe anaemia and put on treatment.","Anaemia and nutrition","Child, adolescent and nutrition services","Current public form candidate","Revised HMIS formats effective April 2025","Official NHM state-hosted copy","https://nhm.hp.gov.in/reporting-formats","","Not specified","","Not supplied in registry metadata; consult the authoritative source","Monthly HMIS reporting element: Number of lactatingmothers (of 0-6 months old child) diagnosed with severe anaemia and put on treatment. Denominator population: Not supplied in registry metadata; consult the authoritative source."
"","Data element","Number of lactatingmothers (of 0-6 months old child) having anaemia (Hb 8.1-11.9 g/dl)","Monthly HMIS reporting element: Number of lactatingmothers (of 0-6 months old child) having anaemia (Hb 8.1-11.9 g/dl).","Anaemia and nutrition","Child, adolescent and nutrition services","Current public form candidate","Revised HMIS formats effective April 2025","Official NHM state-hosted copy","https://nhm.hp.gov.in/reporting-formats","","Not specified","","Not supplied in registry metadata; consult the authoritative source","Monthly HMIS reporting element: Number of lactatingmothers (of 0-6 months old child) having anaemia (Hb 8.1-11.9 g/dl). Denominator population: Not supplied in registry metadata; consult the authoritative source."
"","Data element","Number of lactatingmothers (of 0-6 months old child) having severe anaemia (Hb <8 g/dl)","Monthly HMIS reporting element: Number of lactatingmothers (of 0-6 months old child) having severe anaemia (Hb <8 g/dl).","Anaemia and nutrition","Child, adolescent and nutrition services","Current public form candidate","Revised HMIS formats effective April 2025","Official NHM state-hosted copy","https://nhm.hp.gov.in/reporting-formats","","Not specified","","Not supplied in registry metadata; consult the authoritative source","Monthly HMIS reporting element: Number of lactatingmothers (of 0-6 months old child) having severe anaemia (Hb <8 g/dl). Denominator population: Not supplied in registry metadata; consult the authoritative source."
"","Data element","Number of Laparoscopic sterilizations (excluding post-abortion) conducted","Monthly HMIS reporting element: Number of Laparoscopic sterilizations (excluding post-abortion) conducted.","Family planning","Maternal, newborn and reproductive health","Current public form candidate","Revised HMIS formats effective April 2025","Official NHM state-hosted copy","https://nhm.hp.gov.in/reporting-formats","","Not specified","","Not supplied in registry metadata; consult the authoritative source","Monthly HMIS reporting element: Number of Laparoscopic sterilizations (excluding post-abortion) conducted. Denominator population: Not supplied in registry metadata; consult the authoritative source."
"","Data element","Number of Left Against Medical Advice (LAMA) cases","Monthly HMIS reporting element: Number of Left Against Medical Advice (LAMA) cases.","Tuberculosis services","Communicable diseases","Current public form candidate","Revised HMIS formats effective April 2025","Official NHM state-hosted copy","https://nhm.hp.gov.in/reporting-formats","","Not specified","","Not supplied in registry metadata; consult the authoritative source","Monthly HMIS reporting element: Number of Left Against Medical Advice (LAMA) cases. Denominator population: Not supplied in registry metadata; consult the authoritative source."
"","Data element","Number of live births among Syphilis seropositive Pregnant Women","Monthly HMIS reporting element: Number of live births among Syphilis seropositive Pregnant Women.","Antenatal care and high-risk pregnancy","Maternal, newborn and reproductive health","Current public form candidate","Revised HMIS formats effective April 2025","Official NHM state-hosted copy","https://nhm.hp.gov.in/reporting-formats","","Not specified","","Not supplied in registry metadata; consult the authoritative source","Monthly HMIS reporting element: Number of live births among Syphilis seropositive Pregnant Women. Denominator population: Not supplied in registry metadata; consult the authoritative source."
"","Data element","Number of Lymphatic Filarisis lymphoedema patients received MMDP (Morbidity Management And Disability Prevention) kits","Monthly HMIS reporting element: Number of Lymphatic Filarisis lymphoedema patients received MMDP (Morbidity Management And Disability Prevention) kits.","Vector-borne diseases","Communicable diseases","Current public form candidate","Revised HMIS formats effective April 2025","Official NHM state-hosted copy","https://nhm.hp.gov.in/reporting-formats","","Not specified","","Not supplied in registry metadata; consult the authoritative source","Monthly HMIS reporting element: Number of Lymphatic Filarisis lymphoedema patients received MMDP (Morbidity Management And Disability Prevention) kits. Denominator population: Not supplied in registry metadata; consult the authoritative source."
"","Data element","Number of Lymphatic Filarisis lymphoedema patients received MMDP(Morbidity Management And Disability Prevention) kits","Monthly HMIS reporting element: Number of Lymphatic Filarisis lymphoedema patients received MMDP(Morbidity Management And Disability Prevention) kits.","Vector-borne diseases","Communicable diseases","Current public form candidate","Revised HMIS formats effective April 2025","Official NHM state-hosted copy","https://nhm.hp.gov.in/reporting-formats","","Not specified","","Not supplied in registry metadata; consult the authoritative source","Monthly HMIS reporting element: Number of Lymphatic Filarisis lymphoedema patients received MMDP(Morbidity Management And Disability Prevention) kits. Denominator population: Not supplied in registry metadata; consult the authoritative source."
"","Data element","Number of males assessed for STI/RTI","Monthly HMIS reporting element: Number of males assessed for STI/RTI.","STI/RTI services","Maternal, newborn and reproductive health","Current public form candidate","Revised HMIS formats effective April 2025","Official NHM state-hosted copy","https://nhm.hp.gov.in/reporting-formats","","Not specified","","Not supplied in registry metadata; consult the authoritative source","Monthly HMIS reporting element: Number of males assessed for STI/RTI. Denominator population: Not supplied in registry metadata; consult the authoritative source."
"","Data element","Number of males screened for HIV by Whole Blood Finger Prick/RDT test/POC test","Monthly HMIS reporting element: Number of males screened for HIV by Whole Blood Finger Prick/RDT test/POC test.","STI/RTI services","Maternal, newborn and reproductive health","Current public form candidate","Revised HMIS formats effective April 2025","Official NHM state-hosted copy","https://nhm.hp.gov.in/reporting-formats","","Not specified","","Not supplied in registry metadata; consult the authoritative source","Monthly HMIS reporting element: Number of males screened for HIV by Whole Blood Finger Prick/RDT test/POC test. Denominator population: Not supplied in registry metadata; consult the authoritative source."
"","Data element","Number of Maternal Deaths (Home & Transit deaths) due to Abortion and/ or its complication","Monthly HMIS reporting element: Number of Maternal Deaths (Home & Transit deaths) due to Abortion and/ or its complication.","STI/RTI services","Maternal, newborn and reproductive health","Current public form candidate","Revised HMIS formats effective April 2025","Official NHM state-hosted copy","https://nhm.hp.gov.in/reporting-formats","","Not specified","","Not supplied in registry metadata; consult the authoritative source","Monthly HMIS reporting element: Number of Maternal Deaths (Home & Transit deaths) due to Abortion and/ or its complication. Denominator population: Not supplied in registry metadata; consult the authoritative source."
"","Data element","Number of Maternal Deaths (Home & Transit deaths) due to APH (Antepartum Haemmorhage)","Monthly HMIS reporting element: Number of Maternal Deaths (Home & Transit deaths) due to APH (Antepartum Haemmorhage).","Tuberculosis services","Communicable diseases","Current public form candidate","Revised HMIS formats effective April 2025","Official NHM state-hosted copy","https://nhm.hp.gov.in/reporting-formats","","Not specified","","Not supplied in registry metadata; consult the authoritative source","Monthly HMIS reporting element: Number of Maternal Deaths (Home & Transit deaths) due to APH (Antepartum Haemmorhage). Denominator population: Not supplied in registry metadata; consult the authoritative source."
"","Data element","Number of Maternal Deaths (Home & Transit deaths) due to Obstructed/prolonged labour","Monthly HMIS reporting element: Number of Maternal Deaths (Home & Transit deaths) due to Obstructed/prolonged labour.","Mortality and death review","Mortality and vital events","Current public form candidate","Revised HMIS formats effective April 2025","Official NHM state-hosted copy","https://nhm.hp.gov.in/reporting-formats","","Not specified","","Not supplied in registry metadata; consult the authoritative source","Monthly HMIS reporting element: Number of Maternal Deaths (Home & Transit deaths) due to Obstructed/prolonged labour. Denominator population: Not supplied in registry metadata; consult the authoritative source."
"","Data element","Number of Maternal Deaths (Home & Transit deaths) due to Other/Unknown Causes","Monthly HMIS reporting element: Number of Maternal Deaths (Home & Transit deaths) due to Other/Unknown Causes.","Mortality and death review","Mortality and vital events","Current public form candidate","Revised HMIS formats effective April 2025","Official NHM state-hosted copy","https://nhm.hp.gov.in/reporting-formats","","Not specified","","Not supplied in registry metadata; consult the authoritative source","Monthly HMIS reporting element: Number of Maternal Deaths (Home & Transit deaths) due to Other/Unknown Causes. Denominator population: Not supplied in registry metadata; consult the authoritative source."
"","Data element","Number of Maternal Deaths (Home & Transit deaths) due to PPH (Post-Partum Haemmorhage)","Monthly HMIS reporting element: Number of Maternal Deaths (Home & Transit deaths) due to PPH (Post-Partum Haemmorhage).","Mortality and death review","Mortality and vital events","Current public form candidate","Revised HMIS formats effective April 2025","Official NHM state-hosted copy","https://nhm.hp.gov.in/reporting-formats","","Not specified","","Not supplied in registry metadata; consult the authoritative source","Monthly HMIS reporting element: Number of Maternal Deaths (Home & Transit deaths) due to PPH (Post-Partum Haemmorhage). Denominator population: Not supplied in registry metadata; consult the authoritative source."
"","Data element","Number of Maternal Deaths (Home & Transit deaths) due to Pregnancy related infection and sepsis, Fever","Monthly HMIS reporting element: Number of Maternal Deaths (Home & Transit deaths) due to Pregnancy related infection and sepsis, Fever.","Antenatal care and high-risk pregnancy","Maternal, newborn and reproductive health","Current public form candidate","Revised HMIS formats effective April 2025","Official NHM state-hosted copy","https://nhm.hp.gov.in/reporting-formats","","Not specified","","Not supplied in registry metadata; consult the authoritative source","Monthly HMIS reporting element: Number of Maternal Deaths (Home & Transit deaths) due to Pregnancy related infection and sepsis, Fever. Denominator population: Not supplied in registry metadata; consult the authoritative source."
"","Data element","Number of Maternal Deaths (Home & Transit deaths) due to Severe hypertension/fits/Pre Eclampsia/Eclampsia & in pregnancy, during delivery and puerperium","Monthly HMIS reporting element: Number of Maternal Deaths (Home & Transit deaths) due to Severe hypertension/fits/Pre Eclampsia/Eclampsia & in pregnancy, during delivery and puerperium.","Antenatal care and high-risk pregnancy","Maternal, newborn and reproductive health","Current public form candidate","Revised HMIS formats effective April 2025","Official NHM state-hosted copy","https://nhm.hp.gov.in/reporting-formats","","Not specified","","Not supplied in registry metadata; consult the authoritative source","Monthly HMIS reporting element: Number of Maternal Deaths (Home & Transit deaths) due to Severe hypertension/fits/Pre Eclampsia/Eclampsia & in pregnancy, during delivery and puerperium. Denominator population: Not supplied in registry metadata; consult the authoritative source."
"","Data element","Number of Maternal Deaths at facility due to Abortion and/ or its complication","Monthly HMIS reporting element: Number of Maternal Deaths at facility due to Abortion and/ or its complication.","STI/RTI services","Maternal, newborn and reproductive health","Current public form candidate","Revised HMIS formats effective April 2025","Official NHM state-hosted copy","https://nhm.hp.gov.in/reporting-formats","","Not specified","","Not supplied in registry metadata; consult the authoritative source","Monthly HMIS reporting element: Number of Maternal Deaths at facility due to Abortion and/ or its complication. Denominator population: Not supplied in registry metadata; consult the authoritative source."
"","Data element","Number of Maternal Deaths at facility due to APH (Antepartum Haemmorhage)","Monthly HMIS reporting element: Number of Maternal Deaths at facility due to APH (Antepartum Haemmorhage).","Tuberculosis services","Communicable diseases","Current public form candidate","Revised HMIS formats effective April 2025","Official NHM state-hosted copy","https://nhm.hp.gov.in/reporting-formats","","Not specified","","Not supplied in registry metadata; consult the authoritative source","Monthly HMIS reporting element: Number of Maternal Deaths at facility due to APH (Antepartum Haemmorhage). Denominator population: Not supplied in registry metadata; consult the authoritative source."
"","Data element","Number of Maternal Deaths at facility due to Obstructed/prolonged labour","Monthly HMIS reporting element: Number of Maternal Deaths at facility due to Obstructed/prolonged labour.","Mortality and death review","Mortality and vital events","Current public form candidate","Revised HMIS formats effective April 2025","Official NHM state-hosted copy","https://nhm.hp.gov.in/reporting-formats","","Not specified","","Not supplied in registry metadata; consult the authoritative source","Monthly HMIS reporting element: Number of Maternal Deaths at facility due to Obstructed/prolonged labour. Denominator population: Not supplied in registry metadata; consult the authoritative source."
"","Data element","Number of Maternal Deaths at facility due to Other/Unknown Causes","Monthly HMIS reporting element: Number of Maternal Deaths at facility due to Other/Unknown Causes.","Mortality and death review","Mortality and vital events","Current public form candidate","Revised HMIS formats effective April 2025","Official NHM state-hosted copy","https://nhm.hp.gov.in/reporting-formats","","Not specified","","Not supplied in registry metadata; consult the authoritative source","Monthly HMIS reporting element: Number of Maternal Deaths at facility due to Other/Unknown Causes. Denominator population: Not supplied in registry metadata; consult the authoritative source."
"","Data element","Number of Maternal Deaths at facility due to PPH (Post-Partum Haemmorhage)","Monthly HMIS reporting element: Number of Maternal Deaths at facility due to PPH (Post-Partum Haemmorhage).","Mortality and death review","Mortality and vital events","Current public form candidate","Revised HMIS formats effective April 2025","Official NHM state-hosted copy","https://nhm.hp.gov.in/reporting-formats","","Not specified","","Not supplied in registry metadata; consult the authoritative source","Monthly HMIS reporting element: Number of Maternal Deaths at facility due to PPH (Post-Partum Haemmorhage). Denominator population: Not supplied in registry metadata; consult the authoritative source."
"","Data element","Number of Maternal Deaths at facility due to Pregnancy related infection and sepsis, Fever","Monthly HMIS reporting element: Number of Maternal Deaths at facility due to Pregnancy related infection and sepsis, Fever.","Antenatal care and high-risk pregnancy","Maternal, newborn and reproductive health","Current public form candidate","Revised HMIS formats effective April 2025","Official NHM state-hosted copy","https://nhm.hp.gov.in/reporting-formats","","Not specified","","Not supplied in registry metadata; consult the authoritative source","Monthly HMIS reporting element: Number of Maternal Deaths at facility due to Pregnancy related infection and sepsis, Fever. Denominator population: Not supplied in registry metadata; consult the authoritative source."
"","Data element","Number of Maternal Deaths at facility due to Severe hypertension/fits/Pre Eclampsia/Eclampsia & in pregnancy, during delivery and puerperium","Monthly HMIS reporting element: Number of Maternal Deaths at facility due to Severe hypertension/fits/Pre Eclampsia/Eclampsia & in pregnancy, during delivery and puerperium.","Antenatal care and high-risk pregnancy","Maternal, newborn and reproductive health","Current public form candidate","Revised HMIS formats effective April 2025","Official NHM state-hosted copy","https://nhm.hp.gov.in/reporting-formats","","Not specified","","Not supplied in registry metadata; consult the authoritative source","Monthly HMIS reporting element: Number of Maternal Deaths at facility due to Severe hypertension/fits/Pre Eclampsia/Eclampsia & in pregnancy, during delivery and puerperium. Denominator population: Not supplied in registry metadata; consult the authoritative source."
"","Data element","Number of Maternal Deaths at facility due to Severe hypertension/fits/Pre Eclampsia/Eclampsia in pregnancy, during delivery and puerperium","Monthly HMIS reporting element: Number of Maternal Deaths at facility due to Severe hypertension/fits/Pre Eclampsia/Eclampsia in pregnancy, during delivery and puerperium.","Antenatal care and high-risk pregnancy","Maternal, newborn and reproductive health","Current public form candidate","Revised HMIS formats effective April 2025","Official NHM state-hosted copy","https://nhm.hp.gov.in/reporting-formats","","Not specified","","Not supplied in registry metadata; consult the authoritative source","Monthly HMIS reporting element: Number of Maternal Deaths at facility due to Severe hypertension/fits/Pre Eclampsia/Eclampsia in pregnancy, during delivery and puerperium. Denominator population: Not supplied in registry metadata; consult the authoritative source."
"","Data element","Number of Maternal Deaths reviewed through Community based Maternal Death Review (CBMDR)","Monthly HMIS reporting element: Number of Maternal Deaths reviewed through Community based Maternal Death Review (CBMDR).","Mortality and death review","Mortality and vital events","Current public form candidate","Revised HMIS formats effective April 2025","Official NHM state-hosted copy","https://nhm.hp.gov.in/reporting-formats","","Not specified","","Not supplied in registry metadata; consult the authoritative source","Monthly HMIS reporting element: Number of Maternal Deaths reviewed through Community based Maternal Death Review (CBMDR). Denominator population: Not supplied in registry metadata; consult the authoritative source."
"","Data element","Number of mothers provided full course 360 Calcium tablets after delivery","Monthly HMIS reporting element: Number of mothers provided full course 360 Calcium tablets after delivery.","Delivery and intrapartum care","Maternal, newborn and reproductive health","Current public form candidate","Revised HMIS formats effective April 2025","Official NHM state-hosted copy","https://nhm.hp.gov.in/reporting-formats","","Not specified","","Not supplied in registry metadata; consult the authoritative source","Monthly HMIS reporting element: Number of mothers provided full course 360 Calcium tablets after delivery. Denominator population: Not supplied in registry metadata; consult the authoritative source."
"","Data element","Number of mothers provided full course of 180 IFA tablets after delivery","Monthly HMIS reporting element: Number of mothers provided full course of 180 IFA tablets after delivery.","Delivery and intrapartum care","Maternal, newborn and reproductive health","Current public form candidate","Revised HMIS formats effective April 2025","Official NHM state-hosted copy","https://nhm.hp.gov.in/reporting-formats","","Not specified","","Not supplied in registry metadata; consult the authoritative source","Monthly HMIS reporting element: Number of mothers provided full course of 180 IFA tablets after delivery. Denominator population: Not supplied in registry metadata; consult the authoritative source."
"","Data element","Number of MTPs conducted","Monthly HMIS reporting element: Number of MTPs conducted.","Antenatal care and high-risk pregnancy","Maternal, newborn and reproductive health","Current public form candidate","Revised HMIS formats effective April 2025","Official NHM state-hosted copy","https://nhm.hp.gov.in/reporting-formats","","Not specified","","Not supplied in registry metadata; consult the authoritative source","Monthly HMIS reporting element: Number of MTPs conducted. Denominator population: Not supplied in registry metadata; consult the authoritative source."
"","Data element","Number of New Borns to Pregnant Women (found positive for HBsAg) received Hepatitis B Immunoglobulin (HBIG) (within 24 hours of birth)","Monthly HMIS reporting element: Number of New Borns to Pregnant Women (found positive for HBsAg) received Hepatitis B Immunoglobulin (HBIG) (within 24 hours of birth).","Antenatal care and high-risk pregnancy","Maternal, newborn and reproductive health","Current public form candidate","Revised HMIS formats effective April 2025","Official NHM state-hosted copy","https://nhm.hp.gov.in/reporting-formats","","Not specified","","Not supplied in registry metadata; consult the authoritative source","Monthly HMIS reporting element: Number of New Borns to Pregnant Women (found positive for HBsAg) received Hepatitis B Immunoglobulin (HBIG) (within 24 hours of birth). Denominator population: Not supplied in registry metadata; consult the authoritative source."
"","Data element","Number of New Pre-Eclampsia/Eclampsia cases identified","Monthly HMIS reporting element: Number of New Pre-Eclampsia/Eclampsia cases identified.","Antenatal care and high-risk pregnancy","Maternal, newborn and reproductive health","Current public form candidate","Revised HMIS formats effective April 2025","Official NHM state-hosted copy","https://nhm.hp.gov.in/reporting-formats","","Not specified","","Not supplied in registry metadata; consult the authoritative source","Monthly HMIS reporting element: Number of New Pre-Eclampsia/Eclampsia cases identified. Denominator population: Not supplied in registry metadata; consult the authoritative source."
"","Data element","Number of new STI/RTI cases identified","Monthly HMIS reporting element: Number of new STI/RTI cases identified.","STI/RTI services","Maternal, newborn and reproductive health","Current public form candidate","Revised HMIS formats effective April 2025","Official NHM state-hosted copy","https://nhm.hp.gov.in/reporting-formats","","Not specified","","Not supplied in registry metadata; consult the authoritative source","Monthly HMIS reporting element: Number of new STI/RTI cases identified. Denominator population: Not supplied in registry metadata; consult the authoritative source."
"","Data element","Number of newborn who received birth dose of Hepatitis B vaccine born to HBsAg positive pregnant women","Monthly HMIS reporting element: Number of newborn who received birth dose of Hepatitis B vaccine born to HBsAg positive pregnant women.","Antenatal care and high-risk pregnancy","Maternal, newborn and reproductive health","Current public form candidate","Revised HMIS formats effective April 2025","Official NHM state-hosted copy","https://nhm.hp.gov.in/reporting-formats","","Not specified","","Not supplied in registry metadata; consult the authoritative source","Monthly HMIS reporting element: Number of newborn who received birth dose of Hepatitis B vaccine born to HBsAg positive pregnant women. Denominator population: Not supplied in registry metadata; consult the authoritative source."
"","Data element","Number of Newborns breast fed within 1 hour of birth","Monthly HMIS reporting element: Number of Newborns breast fed within 1 hour of birth.","Antenatal care and high-risk pregnancy","Maternal, newborn and reproductive health","Current public form candidate","Revised HMIS formats effective April 2025","Official NHM state-hosted copy","https://nhm.hp.gov.in/reporting-formats","","Not specified","","Not supplied in registry metadata; consult the authoritative source","Monthly HMIS reporting element: Number of Newborns breast fed within 1 hour of birth. Denominator population: Not supplied in registry metadata; consult the authoritative source."
"","Data element","Number of Newborns having weight less than 2500 gms","Monthly HMIS reporting element: Number of Newborns having weight less than 2500 gms.","Antenatal care and high-risk pregnancy","Maternal, newborn and reproductive health","Current public form candidate","Revised HMIS formats effective April 2025","Official NHM state-hosted copy","https://nhm.hp.gov.in/reporting-formats","","Not specified","","Not supplied in registry metadata; consult the authoritative source","Monthly HMIS reporting element: Number of Newborns having weight less than 2500 gms. Denominator population: Not supplied in registry metadata; consult the authoritative source."
"","Data element","Number of Newborns identified with visible birth defects (including Neural tube defect, Down’s Syndrome, Cleft Lip & Palate, Club foot and Developmental dysplasia of the hip)","Monthly HMIS reporting element: Number of Newborns identified with visible birth defects (including Neural tube defect, Down’s Syndrome, Cleft Lip & Palate, Club foot and Developmental dysplasia of the hip).","Antenatal care and high-risk pregnancy","Maternal, newborn and reproductive health","Current public form candidate","Revised HMIS formats effective April 2025","Official NHM state-hosted copy","https://nhm.hp.gov.in/reporting-formats","","Not specified","","Not supplied in registry metadata; consult the authoritative source","Monthly HMIS reporting element: Number of Newborns identified with visible birth defects (including Neural tube defect, Down’s Syndrome, Cleft Lip & Palate, Club foot and Developmental dysplasia of the hip). Denominator population: Not supplied in registry metadata; consult the authoritative source."
"","Data element","Number of newborns received 6/7 HBNC visits after Delivery (Home+ Institutional)","Monthly HMIS reporting element: Number of newborns received 6/7 HBNC visits after Delivery (Home+ Institutional).","Delivery and intrapartum care","Maternal, newborn and reproductive health","Current public form candidate","Revised HMIS formats effective April 2025","Official NHM state-hosted copy","https://nhm.hp.gov.in/reporting-formats","","Not specified","","Not supplied in registry metadata; consult the authoritative source","Monthly HMIS reporting element: Number of newborns received 6/7 HBNC visits after Delivery (Home+ Institutional). Denominator population: Not supplied in registry metadata; consult the authoritative source."
"","Data element","Number of Newborns received Donor Human Milk (DHM) in the facility","Monthly HMIS reporting element: Number of Newborns received Donor Human Milk (DHM) in the facility.","Antenatal care and high-risk pregnancy","Maternal, newborn and reproductive health","Current public form candidate","Revised HMIS formats effective April 2025","Official NHM state-hosted copy","https://nhm.hp.gov.in/reporting-formats","","Not specified","","Not supplied in registry metadata; consult the authoritative source","Monthly HMIS reporting element: Number of Newborns received Donor Human Milk (DHM) in the facility. Denominator population: Not supplied in registry metadata; consult the authoritative source."
"","Data element","Number of Newborns screened for defects at birth (as per Comprehensive Newborn Screening, RBSK)","Monthly HMIS reporting element: Number of Newborns screened for defects at birth (as per Comprehensive Newborn Screening, RBSK).","Antenatal care and high-risk pregnancy","Maternal, newborn and reproductive health","Current public form candidate","Revised HMIS formats effective April 2025","Official NHM state-hosted copy","https://nhm.hp.gov.in/reporting-formats","","Not specified","","Not supplied in registry metadata; consult the authoritative source","Monthly HMIS reporting element: Number of Newborns screened for defects at birth (as per Comprehensive Newborn Screening, RBSK). Denominator population: Not supplied in registry metadata; consult the authoritative source."
"","Data element","Number of Newborns successfully discharged from SNCU","Monthly HMIS reporting element: Number of Newborns successfully discharged from SNCU.","Newborn and pregnancy outcomes","Maternal, newborn and reproductive health","Current public form candidate","Revised HMIS formats effective April 2025","Official NHM state-hosted copy","https://nhm.hp.gov.in/reporting-formats","","Not specified","","Not supplied in registry metadata; consult the authoritative source","Monthly HMIS reporting element: Number of Newborns successfully discharged from SNCU. Denominator population: Not supplied in registry metadata; consult the authoritative source."
"","Data element","Number of Newborns weighed at birth","Monthly HMIS reporting element: Number of Newborns weighed at birth.","Antenatal care and high-risk pregnancy","Maternal, newborn and reproductive health","Current public form candidate","Revised HMIS formats effective April 2025","Official NHM state-hosted copy","https://nhm.hp.gov.in/reporting-formats","","Not specified","","Not supplied in registry metadata; consult the authoritative source","Monthly HMIS reporting element: Number of Newborns weighed at birth. Denominator population: Not supplied in registry metadata; consult the authoritative source."
"","Data element","Number of Non Scalpel Vasectomy (NSV) / Conventional Vasectomy conducted","Monthly HMIS reporting element: Number of Non Scalpel Vasectomy (NSV) / Conventional Vasectomy conducted.","Family planning","Maternal, newborn and reproductive health","Current public form candidate","Revised HMIS formats effective April 2025","Official NHM state-hosted copy","https://nhm.hp.gov.in/reporting-formats","","Not specified","","Not supplied in registry metadata; consult the authoritative source","Monthly HMIS reporting element: Number of Non Scalpel Vasectomy (NSV) / Conventional Vasectomy conducted. Denominator population: Not supplied in registry metadata; consult the authoritative source."
"","Data element","Number of oral health camps ONLY for screening organized at community/village level","Monthly HMIS reporting element: Number of oral health camps ONLY for screening organized at community/village level.","Other HMIS reporting","Health services and systems","Current public form candidate","Revised HMIS formats effective April 2025","Official NHM state-hosted copy","https://nhm.hp.gov.in/reporting-formats","","Not specified","","Not supplied in registry metadata; consult the authoritative source","Monthly HMIS reporting element: Number of oral health camps ONLY for screening organized at community/village level. Denominator population: Not supplied in registry metadata; consult the authoritative source."
"","Data element","Number of oral health camps ONLY for screening organized at school level for school children","Monthly HMIS reporting element: Number of oral health camps ONLY for screening organized at school level for school children.","Other HMIS reporting","Health services and systems","Current public form candidate","Revised HMIS formats effective April 2025","Official NHM state-hosted copy","https://nhm.hp.gov.in/reporting-formats","","Not specified","","Not supplied in registry metadata; consult the authoritative source","Monthly HMIS reporting element: Number of oral health camps ONLY for screening organized at school level for school children. Denominator population: Not supplied in registry metadata; consult the authoritative source."
"","Data element","Number of oral health camps ONLY for treatment organized at community/village level","Monthly HMIS reporting element: Number of oral health camps ONLY for treatment organized at community/village level.","Other HMIS reporting","Health services and systems","Current public form candidate","Revised HMIS formats effective April 2025","Official NHM state-hosted copy","https://nhm.hp.gov.in/reporting-formats","","Not specified","","Not supplied in registry metadata; consult the authoritative source","Monthly HMIS reporting element: Number of oral health camps ONLY for treatment organized at community/village level. Denominator population: Not supplied in registry metadata; consult the authoritative source."
"","Data element","Number of oral health camps ONLY for treatment organized at school level for school children","Monthly HMIS reporting element: Number of oral health camps ONLY for treatment organized at school level for school children.","Other HMIS reporting","Health services and systems","Current public form candidate","Revised HMIS formats effective April 2025","Official NHM state-hosted copy","https://nhm.hp.gov.in/reporting-formats","","Not specified","","Not supplied in registry metadata; consult the authoritative source","Monthly HMIS reporting element: Number of oral health camps ONLY for treatment organized at school level for school children. Denominator population: Not supplied in registry metadata; consult the authoritative source."
"","Data element","Number of out of school adolescent girls (10-19 years) having anaemia (Hb 8.1-11.9 g/dl)","Monthly HMIS reporting element: Number of out of school adolescent girls (10-19 years) having anaemia (Hb 8.1-11.9 g/dl).","Adolescent health","Child, adolescent and nutrition services","Current public form candidate","Revised HMIS formats effective April 2025","Official NHM state-hosted copy","https://nhm.hp.gov.in/reporting-formats","","Not specified","","Not supplied in registry metadata; consult the authoritative source","Monthly HMIS reporting element: Number of out of school adolescent girls (10-19 years) having anaemia (Hb 8.1-11.9 g/dl). Denominator population: Not supplied in registry metadata; consult the authoritative source."
"","Data element","Number of out of school adolescent girls (10-19 years) having severe anaemia (Hb <8 g/dl)","Monthly HMIS reporting element: Number of out of school adolescent girls (10-19 years) having severe anaemia (Hb <8 g/dl).","Adolescent health","Child, adolescent and nutrition services","Current public form candidate","Revised HMIS formats effective April 2025","Official NHM state-hosted copy","https://nhm.hp.gov.in/reporting-formats","","Not specified","","Not supplied in registry metadata; consult the authoritative source","Monthly HMIS reporting element: Number of out of school adolescent girls (10-19 years) having severe anaemia (Hb <8 g/dl). Denominator population: Not supplied in registry metadata; consult the authoritative source."
"","Data element","Number of out of school adolescent girls (10-19 years) provided 4/5 IFA tablets at Anganwadi Centres","Monthly HMIS reporting element: Number of out of school adolescent girls (10-19 years) provided 4/5 IFA tablets at Anganwadi Centres.","Adolescent health","Child, adolescent and nutrition services","Current public form candidate","Revised HMIS formats effective April 2025","Official NHM state-hosted copy","https://nhm.hp.gov.in/reporting-formats","","Not specified","","Not supplied in registry metadata; consult the authoritative source","Monthly HMIS reporting element: Number of out of school adolescent girls (10-19 years) provided 4/5 IFA tablets at Anganwadi Centres. Denominator population: Not supplied in registry metadata; consult the authoritative source."
"","Data element","Number of out of school adolescent girls (10-19 years) provided albendazole tablet at Anganwadi Centres","Monthly HMIS reporting element: Number of out of school adolescent girls (10-19 years) provided albendazole tablet at Anganwadi Centres.","Adolescent health","Child, adolescent and nutrition services","Current public form candidate","Revised HMIS formats effective April 2025","Official NHM state-hosted copy","https://nhm.hp.gov.in/reporting-formats","","Not specified","","Not supplied in registry metadata; consult the authoritative source","Monthly HMIS reporting element: Number of out of school adolescent girls (10-19 years) provided albendazole tablet at Anganwadi Centres. Denominator population: Not supplied in registry metadata; consult the authoritative source."
"","Data element","Number of out of school children (5 -9 years) given 4-5 IFA Pink tablets at Anganwadi Centres","Monthly HMIS reporting element: Number of out of school children (5 -9 years) given 4-5 IFA Pink tablets at Anganwadi Centres.","Anaemia and nutrition","Child, adolescent and nutrition services","Current public form candidate","Revised HMIS formats effective April 2025","Official NHM state-hosted copy","https://nhm.hp.gov.in/reporting-formats","","Not specified","","Not supplied in registry metadata; consult the authoritative source","Monthly HMIS reporting element: Number of out of school children (5 -9 years) given 4-5 IFA Pink tablets at Anganwadi Centres. Denominator population: Not supplied in registry metadata; consult the authoritative source."
"","Data element","Number of Palliative Patients visited at home","Monthly HMIS reporting element: Number of Palliative Patients visited at home.","Elderly and palliative care","Health services and systems","Current public form candidate","Revised HMIS formats effective April 2025","Official NHM state-hosted copy","https://nhm.hp.gov.in/reporting-formats","","Not specified","","Not supplied in registry metadata; consult the authoritative source","Monthly HMIS reporting element: Number of Palliative Patients visited at home. Denominator population: Not supplied in registry metadata; consult the authoritative source."
"","Data element","Number of patients provided physiotherapy services","Monthly HMIS reporting element: Number of patients provided physiotherapy services.","Tuberculosis services","Communicable diseases","Current public form candidate","Revised HMIS formats effective April 2025","Official NHM state-hosted copy","https://nhm.hp.gov.in/reporting-formats","","Not specified","","Not supplied in registry metadata; consult the authoritative source","Monthly HMIS reporting element: Number of patients provided physiotherapy services. Denominator population: Not supplied in registry metadata; consult the authoritative source."
"","Data element","Number of Peer Educators selected","Monthly HMIS reporting element: Number of Peer Educators selected.","Adolescent health","Child, adolescent and nutrition services","Current public form candidate","Revised HMIS formats effective April 2025","Official NHM state-hosted copy","https://nhm.hp.gov.in/reporting-formats","","Not specified","","Not supplied in registry metadata; consult the authoritative source","Monthly HMIS reporting element: Number of Peer Educators selected. Denominator population: Not supplied in registry metadata; consult the authoritative source."
"","Data element","Number of persons that consumed MDA (Mass Drug Administration) drugs during the MDA round","Monthly HMIS reporting element: Number of persons that consumed MDA (Mass Drug Administration) drugs during the MDA round.","Vector-borne diseases","Communicable diseases","Current public form candidate","Revised HMIS formats effective April 2025","Official NHM state-hosted copy","https://nhm.hp.gov.in/reporting-formats","","Not specified","","Not supplied in registry metadata; consult the authoritative source","Monthly HMIS reporting element: Number of persons that consumed MDA (Mass Drug Administration) drugs during the MDA round. Denominator population: Not supplied in registry metadata; consult the authoritative source."
"","Data element","Number of persons that consumed MDA(Mass Drug Administration) drugs during the MDA round","Monthly HMIS reporting element: Number of persons that consumed MDA(Mass Drug Administration) drugs during the MDA round.","Vector-borne diseases","Communicable diseases","Current public form candidate","Revised HMIS formats effective April 2025","Official NHM state-hosted copy","https://nhm.hp.gov.in/reporting-formats","","Not specified","","Not supplied in registry metadata; consult the authoritative source","Monthly HMIS reporting element: Number of persons that consumed MDA(Mass Drug Administration) drugs during the MDA round. Denominator population: Not supplied in registry metadata; consult the authoritative source."
"","Data element","Number of PNC mothers provided - Free Drop Back home after delivery under JSSK","Monthly HMIS reporting element: Number of PNC mothers provided - Free Drop Back home after delivery under JSSK.","Delivery and intrapartum care","Maternal, newborn and reproductive health","Current public form candidate","Revised HMIS formats effective April 2025","Official NHM state-hosted copy","https://nhm.hp.gov.in/reporting-formats","","Not specified","","Not supplied in registry metadata; consult the authoritative source","Monthly HMIS reporting element: Number of PNC mothers provided - Free Drop Back home after delivery under JSSK. Denominator population: Not supplied in registry metadata; consult the authoritative source."
"","Data element","Number of post operative Surgical Site infection","Monthly HMIS reporting element: Number of post operative Surgical Site infection.","Patient services and utilization","Health services and systems","Current public form candidate","Revised HMIS formats effective April 2025","Official NHM state-hosted copy","https://nhm.hp.gov.in/reporting-formats","","Not specified","","Not supplied in registry metadata; consult the authoritative source","Monthly HMIS reporting element: Number of post operative Surgical Site infection. Denominator population: Not supplied in registry metadata; consult the authoritative source."
"","Data element","Number of Post-abortion (within 12 days of Spontaneous or surgical abortion) IUCD insertions","Monthly HMIS reporting element: Number of Post-abortion (within 12 days of Spontaneous or surgical abortion) IUCD insertions.","Family planning","Maternal, newborn and reproductive health","Current public form candidate","Revised HMIS formats effective April 2025","Official NHM state-hosted copy","https://nhm.hp.gov.in/reporting-formats","","Not specified","","Not supplied in registry metadata; consult the authoritative source","Monthly HMIS reporting element: Number of Post-abortion (within 12 days of Spontaneous or surgical abortion) IUCD insertions. Denominator population: Not supplied in registry metadata; consult the authoritative source."
"","Data element","Number of Post-abortion sterilizations (within 7 days of spontaneous or surgical abortion) conducted","Monthly HMIS reporting element: Number of Post-abortion sterilizations (within 7 days of spontaneous or surgical abortion) conducted.","Family planning","Maternal, newborn and reproductive health","Current public form candidate","Revised HMIS formats effective April 2025","Official NHM state-hosted copy","https://nhm.hp.gov.in/reporting-formats","","Not specified","","Not supplied in registry metadata; consult the authoritative source","Monthly HMIS reporting element: Number of Post-abortion sterilizations (within 7 days of spontaneous or surgical abortion) conducted. Denominator population: Not supplied in registry metadata; consult the authoritative source."
"","Data element","Number of Post-operative Surgical Site infection","Monthly HMIS reporting element: Number of Post-operative Surgical Site infection.","Tuberculosis services","Communicable diseases","Current public form candidate","Revised HMIS formats effective April 2025","Official NHM state-hosted copy","https://nhm.hp.gov.in/reporting-formats","","Not specified","","Not supplied in registry metadata; consult the authoritative source","Monthly HMIS reporting element: Number of Post-operative Surgical Site infection. Denominator population: Not supplied in registry metadata; consult the authoritative source."
"","Data element","Number of Postpartum (within 48 hours of delivery) IUCD insertions","Monthly HMIS reporting element: Number of Postpartum (within 48 hours of delivery) IUCD insertions.","Delivery and intrapartum care","Maternal, newborn and reproductive health","Current public form candidate","Revised HMIS formats effective April 2025","Official NHM state-hosted copy","https://nhm.hp.gov.in/reporting-formats","","Not specified","","Not supplied in registry metadata; consult the authoritative source","Monthly HMIS reporting element: Number of Postpartum (within 48 hours of delivery) IUCD insertions. Denominator population: Not supplied in registry metadata; consult the authoritative source."
"","Data element","Number of Postpartum sterilizations (within 7 days of delivery by minilap or concurrent with caesarean section) conducted","Monthly HMIS reporting element: Number of Postpartum sterilizations (within 7 days of delivery by minilap or concurrent with caesarean section) conducted.","Delivery and intrapartum care","Maternal, newborn and reproductive health","Current public form candidate","Revised HMIS formats effective April 2025","Official NHM state-hosted copy","https://nhm.hp.gov.in/reporting-formats","","Not specified","","Not supplied in registry metadata; consult the authoritative source","Monthly HMIS reporting element: Number of Postpartum sterilizations (within 7 days of delivery by minilap or concurrent with caesarean section) conducted. Denominator population: Not supplied in registry metadata; consult the authoritative source."
"","Data element","Number of Pre-Eclampsia/Eclampsia cases managed during ANC","Monthly HMIS reporting element: Number of Pre-Eclampsia/Eclampsia cases managed during ANC.","Antenatal care and high-risk pregnancy","Maternal, newborn and reproductive health","Current public form candidate","Revised HMIS formats effective April 2025","Official NHM state-hosted copy","https://nhm.hp.gov.in/reporting-formats","","Not specified","","Not supplied in registry metadata; consult the authoritative source","Monthly HMIS reporting element: Number of Pre-Eclampsia/Eclampsia cases managed during ANC. Denominator population: Not supplied in registry metadata; consult the authoritative source."
"","Data element","Number of Pre-term newborns ( < 37 weeks of pregnancy)","Monthly HMIS reporting element: Number of Pre-term newborns ( < 37 weeks of pregnancy).","Antenatal care and high-risk pregnancy","Maternal, newborn and reproductive health","Current public form candidate","Revised HMIS formats effective April 2025","Official NHM state-hosted copy","https://nhm.hp.gov.in/reporting-formats","","Not specified","","Not supplied in registry metadata; consult the authoritative source","Monthly HMIS reporting element: Number of Pre-term newborns ( < 37 weeks of pregnancy). Denominator population: Not supplied in registry metadata; consult the authoritative source."
"","Data element","Number of Pre-term newborns (< 37 weeks of pregnancy)","Monthly HMIS reporting element: Number of Pre-term newborns (< 37 weeks of pregnancy).","Antenatal care and high-risk pregnancy","Maternal, newborn and reproductive health","Current public form candidate","Revised HMIS formats effective April 2025","Official NHM state-hosted copy","https://nhm.hp.gov.in/reporting-formats","","Not specified","","Not supplied in registry metadata; consult the authoritative source","Monthly HMIS reporting element: Number of Pre-term newborns (< 37 weeks of pregnancy). Denominator population: Not supplied in registry metadata; consult the authoritative source."
"","Data element","Number of Pregnancy Test Kits (PTK) utilized","Monthly HMIS reporting element: Number of Pregnancy Test Kits (PTK) utilized.","Antenatal care and high-risk pregnancy","Maternal, newborn and reproductive health","Current public form candidate","Revised HMIS formats effective April 2025","Official NHM state-hosted copy","https://nhm.hp.gov.in/reporting-formats","","Not specified","","Not supplied in registry metadata; consult the authoritative source","Monthly HMIS reporting element: Number of Pregnancy Test Kits (PTK) utilized. Denominator population: Not supplied in registry metadata; consult the authoritative source."
"","Data element","Number of Pregnant Women (ANC&DIL) screened for HIV more than once(Repeated testing)","Monthly HMIS reporting element: Number of Pregnant Women (ANC&DIL) screened for HIV more than once(Repeated testing).","Antenatal care and high-risk pregnancy","Maternal, newborn and reproductive health","Current public form candidate","Revised HMIS formats effective April 2025","Official NHM state-hosted copy","https://nhm.hp.gov.in/reporting-formats","","Not specified","","Not supplied in registry metadata; consult the authoritative source","Monthly HMIS reporting element: Number of Pregnant Women (ANC&DIL) screened for HIV more than once(Repeated testing). Denominator population: Not supplied in registry metadata; consult the authoritative source."
"","Data element","Number of Pregnant Women (PW-ANC) screened for HIV by Whole Blood Finger Prick/RDT test/POC test","Monthly HMIS reporting element: Number of Pregnant Women (PW-ANC) screened for HIV by Whole Blood Finger Prick/RDT test/POC test.","Antenatal care and high-risk pregnancy","Maternal, newborn and reproductive health","Current public form candidate","Revised HMIS formats effective April 2025","Official NHM state-hosted copy","https://nhm.hp.gov.in/reporting-formats","","Not specified","","Not supplied in registry metadata; consult the authoritative source","Monthly HMIS reporting element: Number of Pregnant Women (PW-ANC) screened for HIV by Whole Blood Finger Prick/RDT test/POC test. Denominator population: Not supplied in registry metadata; consult the authoritative source."
"","Data element","Number of Pregnant Women found positive for HBsAg delivered in an institution","Monthly HMIS reporting element: Number of Pregnant Women found positive for HBsAg delivered in an institution.","Antenatal care and high-risk pregnancy","Maternal, newborn and reproductive health","Current public form candidate","Revised HMIS formats effective April 2025","Official NHM state-hosted copy","https://nhm.hp.gov.in/reporting-formats","","Not specified","","Not supplied in registry metadata; consult the authoritative source","Monthly HMIS reporting element: Number of Pregnant Women found positive for HBsAg delivered in an institution. Denominator population: Not supplied in registry metadata; consult the authoritative source."
"","Data element","Number of Pregnant Women found positive for HBsAg referred out to higher centre for institutional delivery","Monthly HMIS reporting element: Number of Pregnant Women found positive for HBsAg referred out to higher centre for institutional delivery.","Antenatal care and high-risk pregnancy","Maternal, newborn and reproductive health","Current public form candidate","Revised HMIS formats effective April 2025","Official NHM state-hosted copy","https://nhm.hp.gov.in/reporting-formats","","Not specified","","Not supplied in registry metadata; consult the authoritative source","Monthly HMIS reporting element: Number of Pregnant Women found positive for HBsAg referred out to higher centre for institutional delivery. Denominator population: Not supplied in registry metadata; consult the authoritative source."
"","Data element","Number of Pregnant Women identified only with Eclampsia in the facility","Monthly HMIS reporting element: Number of Pregnant Women identified only with Eclampsia in the facility.","Antenatal care and high-risk pregnancy","Maternal, newborn and reproductive health","Current public form candidate","Revised HMIS formats effective April 2025","Official NHM state-hosted copy","https://nhm.hp.gov.in/reporting-formats","","Not specified","","Not supplied in registry metadata; consult the authoritative source","Monthly HMIS reporting element: Number of Pregnant Women identified only with Eclampsia in the facility. Denominator population: Not supplied in registry metadata; consult the authoritative source."
"","Data element","Number of Pregnant Women identified only with obstructed labour in the facility","Monthly HMIS reporting element: Number of Pregnant Women identified only with obstructed labour in the facility.","Antenatal care and high-risk pregnancy","Maternal, newborn and reproductive health","Current public form candidate","Revised HMIS formats effective April 2025","Official NHM state-hosted copy","https://nhm.hp.gov.in/reporting-formats","","Not specified","","Not supplied in registry metadata; consult the authoritative source","Monthly HMIS reporting element: Number of Pregnant Women identified only with obstructed labour in the facility. Denominator population: Not supplied in registry metadata; consult the authoritative source."
"","Data element","Number of Pregnant Women identified with more than 1 complication listed above","Monthly HMIS reporting element: Number of Pregnant Women identified with more than 1 complication listed above.","Antenatal care and high-risk pregnancy","Maternal, newborn and reproductive health","Current public form candidate","Revised HMIS formats effective April 2025","Official NHM state-hosted copy","https://nhm.hp.gov.in/reporting-formats","","Not specified","","Not supplied in registry metadata; consult the authoritative source","Monthly HMIS reporting element: Number of Pregnant Women identified with more than 1 complication listed above. Denominator population: Not supplied in registry metadata; consult the authoritative source."
"","Data element","Number of Pregnant Women identified with Presumptive TB symptoms","Monthly HMIS reporting element: Number of Pregnant Women identified with Presumptive TB symptoms.","Antenatal care and high-risk pregnancy","Maternal, newborn and reproductive health","Current public form candidate","Revised HMIS formats effective April 2025","Official NHM state-hosted copy","https://nhm.hp.gov.in/reporting-formats","","Not specified","","Not supplied in registry metadata; consult the authoritative source","Monthly HMIS reporting element: Number of Pregnant Women identified with Presumptive TB symptoms. Denominator population: Not supplied in registry metadata; consult the authoritative source."
"","Data element","Number of Pregnant Women only with Post-Partum Haemorrhage (Immediately after delivery) in the facility","Monthly HMIS reporting element: Number of Pregnant Women only with Post-Partum Haemorrhage (Immediately after delivery) in the facility.","Antenatal care and high-risk pregnancy","Maternal, newborn and reproductive health","Current public form candidate","Revised HMIS formats effective April 2025","Official NHM state-hosted copy","https://nhm.hp.gov.in/reporting-formats","","Not specified","","Not supplied in registry metadata; consult the authoritative source","Monthly HMIS reporting element: Number of Pregnant Women only with Post-Partum Haemorrhage (Immediately after delivery) in the facility. Denominator population: Not supplied in registry metadata; consult the authoritative source."
"","Data element","Number of Pregnant Women only with Sepsis in the facility","Monthly HMIS reporting element: Number of Pregnant Women only with Sepsis in the facility.","Antenatal care and high-risk pregnancy","Maternal, newborn and reproductive health","Current public form candidate","Revised HMIS formats effective April 2025","Official NHM state-hosted copy","https://nhm.hp.gov.in/reporting-formats","","Not specified","","Not supplied in registry metadata; consult the authoritative source","Monthly HMIS reporting element: Number of Pregnant Women only with Sepsis in the facility. Denominator population: Not supplied in registry metadata; consult the authoritative source."
"","Data element","Number of pregnant women provided - Free Home to facility transport for conducting delivery under JSSK","Monthly HMIS reporting element: Number of pregnant women provided - Free Home to facility transport for conducting delivery under JSSK.","Antenatal care and high-risk pregnancy","Maternal, newborn and reproductive health","Current public form candidate","Revised HMIS formats effective April 2025","Official NHM state-hosted copy","https://nhm.hp.gov.in/reporting-formats","","Not specified","","Not supplied in registry metadata; consult the authoritative source","Monthly HMIS reporting element: Number of pregnant women provided - Free Home to facility transport for conducting delivery under JSSK. Denominator population: Not supplied in registry metadata; consult the authoritative source."
"","Data element","Number of pregnant women provided - Interfacility transfers when needed during delivery under JSSK(in case of referral)","Monthly HMIS reporting element: Number of pregnant women provided - Interfacility transfers when needed during delivery under JSSK(in case of referral).","Antenatal care and high-risk pregnancy","Maternal, newborn and reproductive health","Current public form candidate","Revised HMIS formats effective April 2025","Official NHM state-hosted copy","https://nhm.hp.gov.in/reporting-formats","","Not specified","","Not supplied in registry metadata; consult the authoritative source","Monthly HMIS reporting element: Number of pregnant women provided - Interfacility transfers when needed during delivery under JSSK(in case of referral). Denominator population: Not supplied in registry metadata; consult the authoritative source."
"","Data element","Number of pregnant women provided free diagnostics during ANC period under JSSK","Monthly HMIS reporting element: Number of pregnant women provided free diagnostics during ANC period under JSSK.","Antenatal care and high-risk pregnancy","Maternal, newborn and reproductive health","Current public form candidate","Revised HMIS formats effective April 2025","Official NHM state-hosted copy","https://nhm.hp.gov.in/reporting-formats","","Not specified","","Not supplied in registry metadata; consult the authoritative source","Monthly HMIS reporting element: Number of pregnant women provided free diagnostics during ANC period under JSSK. Denominator population: Not supplied in registry metadata; consult the authoritative source."
"","Data element","Number of pregnant women provided free medicines during ANC period under JSSK","Monthly HMIS reporting element: Number of pregnant women provided free medicines during ANC period under JSSK.","Antenatal care and high-risk pregnancy","Maternal, newborn and reproductive health","Current public form candidate","Revised HMIS formats effective April 2025","Official NHM state-hosted copy","https://nhm.hp.gov.in/reporting-formats","","Not specified","","Not supplied in registry metadata; consult the authoritative source","Monthly HMIS reporting element: Number of pregnant women provided free medicines during ANC period under JSSK. Denominator population: Not supplied in registry metadata; consult the authoritative source."
"","Data element","Number of Pregnant Women referred out of those identified with Presumptive TB symptoms","Monthly HMIS reporting element: Number of Pregnant Women referred out of those identified with Presumptive TB symptoms.","Antenatal care and high-risk pregnancy","Maternal, newborn and reproductive health","Current public form candidate","Revised HMIS formats effective April 2025","Official NHM state-hosted copy","https://nhm.hp.gov.in/reporting-formats","","Not specified","","Not supplied in registry metadata; consult the authoritative source","Monthly HMIS reporting element: Number of Pregnant Women referred out of those identified with Presumptive TB symptoms. Denominator population: Not supplied in registry metadata; consult the authoritative source."
"","Data element","Number of Pregnant Women screened for TB","Monthly HMIS reporting element: Number of Pregnant Women screened for TB.","Antenatal care and high-risk pregnancy","Maternal, newborn and reproductive health","Current public form candidate","Revised HMIS formats effective April 2025","Official NHM state-hosted copy","https://nhm.hp.gov.in/reporting-formats","","Not specified","","Not supplied in registry metadata; consult the authoritative source","Monthly HMIS reporting element: Number of Pregnant Women screened for TB. Denominator population: Not supplied in registry metadata; consult the authoritative source."
"","Data element","Number of Pregnant Women tested for HBsAg","Monthly HMIS reporting element: Number of Pregnant Women tested for HBsAg.","Antenatal care and high-risk pregnancy","Maternal, newborn and reproductive health","Current public form candidate","Revised HMIS formats effective April 2025","Official NHM state-hosted copy","https://nhm.hp.gov.in/reporting-formats","","Not specified","","Not supplied in registry metadata; consult the authoritative source","Monthly HMIS reporting element: Number of Pregnant Women tested for HBsAg. Denominator population: Not supplied in registry metadata; consult the authoritative source."
"","Data element","Number of Pregnant Women tested positive for Thyroid disorder","Monthly HMIS reporting element: Number of Pregnant Women tested positive for Thyroid disorder.","Antenatal care and high-risk pregnancy","Maternal, newborn and reproductive health","Current public form candidate","Revised HMIS formats effective April 2025","Official NHM state-hosted copy","https://nhm.hp.gov.in/reporting-formats","","Not specified","","Not supplied in registry metadata; consult the authoritative source","Monthly HMIS reporting element: Number of Pregnant Women tested positive for Thyroid disorder. Denominator population: Not supplied in registry metadata; consult the authoritative source."
"","Data element","Number of Pregnant Women treated for thyroid disorder","Monthly HMIS reporting element: Number of Pregnant Women treated for thyroid disorder.","Antenatal care and high-risk pregnancy","Maternal, newborn and reproductive health","Current public form candidate","Revised HMIS formats effective April 2025","Official NHM state-hosted copy","https://nhm.hp.gov.in/reporting-formats","","Not specified","","Not supplied in registry metadata; consult the authoritative source","Monthly HMIS reporting element: Number of Pregnant Women treated for thyroid disorder. Denominator population: Not supplied in registry metadata; consult the authoritative source."
"","Data element","Number of Pregnant Women who are HBsAg positive (out of those tested for Hepatitis B i.e. HBsAg)","Monthly HMIS reporting element: Number of Pregnant Women who are HBsAg positive (out of those tested for Hepatitis B i.e. HBsAg).","Antenatal care and high-risk pregnancy","Maternal, newborn and reproductive health","Current public form candidate","Revised HMIS formats effective April 2025","Official NHM state-hosted copy","https://nhm.hp.gov.in/reporting-formats","","Not specified","","Not supplied in registry metadata; consult the authoritative source","Monthly HMIS reporting element: Number of Pregnant Women who are HBsAg positive (out of those tested for Hepatitis B i.e. HBsAg). Denominator population: Not supplied in registry metadata; consult the authoritative source."
"","Data element","Number of Pregnant Women who are HBsAg positive(out of those tested for Hepatitis B i.e. HBsAg)","Monthly HMIS reporting element: Number of Pregnant Women who are HBsAg positive(out of those tested for Hepatitis B i.e. HBsAg).","Antenatal care and high-risk pregnancy","Maternal, newborn and reproductive health","Current public form candidate","Revised HMIS formats effective April 2025","Official NHM state-hosted copy","https://nhm.hp.gov.in/reporting-formats","","Not specified","","Not supplied in registry metadata; consult the authoritative source","Monthly HMIS reporting element: Number of Pregnant Women who are HBsAg positive(out of those tested for Hepatitis B i.e. HBsAg). Denominator population: Not supplied in registry metadata; consult the authoritative source."
"","Data element","Number of Pregnant Women(PW) and Post Natal Care (PNC) Beneficiaries","Monthly HMIS reporting element: Number of Pregnant Women(PW) and Post Natal Care (PNC) Beneficiaries.","Antenatal care and high-risk pregnancy","Maternal, newborn and reproductive health","Current public form candidate","Revised HMIS formats effective April 2025","Official NHM state-hosted copy","https://nhm.hp.gov.in/reporting-formats","","Not specified","","Not supplied in registry metadata; consult the authoritative source","Monthly HMIS reporting element: Number of Pregnant Women(PW) and Post Natal Care (PNC) Beneficiaries. Denominator population: Not supplied in registry metadata; consult the authoritative source."
"","Data element","Number of pregnant/DIL women found seropositive for Syphilis by VDRL/RPR/TPHA/RDT/PoC test","Monthly HMIS reporting element: Number of pregnant/DIL women found seropositive for Syphilis by VDRL/RPR/TPHA/RDT/PoC test.","Antenatal care and high-risk pregnancy","Maternal, newborn and reproductive health","Current public form candidate","Revised HMIS formats effective April 2025","Official NHM state-hosted copy","https://nhm.hp.gov.in/reporting-formats","","Not specified","","Not supplied in registry metadata; consult the authoritative source","Monthly HMIS reporting element: Number of pregnant/DIL women found seropositive for Syphilis by VDRL/RPR/TPHA/RDT/PoC test. Denominator population: Not supplied in registry metadata; consult the authoritative source."
"","Data element","Number of pregnant/DIL women found Syphilis-Seropositive and given treatment with injection Benzathine Penicillin (IM)","Monthly HMIS reporting element: Number of pregnant/DIL women found Syphilis-Seropositive and given treatment with injection Benzathine Penicillin (IM).","Antenatal care and high-risk pregnancy","Maternal, newborn and reproductive health","Current public form candidate","Revised HMIS formats effective April 2025","Official NHM state-hosted copy","https://nhm.hp.gov.in/reporting-formats","","Not specified","","Not supplied in registry metadata; consult the authoritative source","Monthly HMIS reporting element: Number of pregnant/DIL women found Syphilis-Seropositive and given treatment with injection Benzathine Penicillin (IM). Denominator population: Not supplied in registry metadata; consult the authoritative source."
"","Data element","Number of pregnant/Direct-In-Labor (DIL) women screened/tested (with VDRL/RPR/TPHA/RDT/PoC) for Syphilis","Monthly HMIS reporting element: Number of pregnant/Direct-In-Labor (DIL) women screened/tested (with VDRL/RPR/TPHA/RDT/PoC) for Syphilis.","Antenatal care and high-risk pregnancy","Maternal, newborn and reproductive health","Current public form candidate","Revised HMIS formats effective April 2025","Official NHM state-hosted copy","https://nhm.hp.gov.in/reporting-formats","","Not specified","","Not supplied in registry metadata; consult the authoritative source","Monthly HMIS reporting element: Number of pregnant/Direct-In-Labor (DIL) women screened/tested (with VDRL/RPR/TPHA/RDT/PoC) for Syphilis. Denominator population: Not supplied in registry metadata; consult the authoritative source."
"","Data element","Number of psychoeducation sessions conducted at the Ayushman Arogya Mandir during the month","Monthly HMIS reporting element: Number of psychoeducation sessions conducted at the Ayushman Arogya Mandir during the month.","Patient services and utilization","Health services and systems","Current public form candidate","Revised HMIS formats effective April 2025","Official NHM state-hosted copy","https://nhm.hp.gov.in/reporting-formats","","Not specified","","Not supplied in registry metadata; consult the authoritative source","Monthly HMIS reporting element: Number of psychoeducation sessions conducted at the Ayushman Arogya Mandir during the month. Denominator population: Not supplied in registry metadata; consult the authoritative source."
"","Data element","Number of PW and PNC beneficiaries provided - Free Diagnostics under JSSK","Monthly HMIS reporting element: Number of PW and PNC beneficiaries provided - Free Diagnostics under JSSK.","Postnatal care","Maternal, newborn and reproductive health","Current public form candidate","Revised HMIS formats effective April 2025","Official NHM state-hosted copy","https://nhm.hp.gov.in/reporting-formats","","Not specified","","Not supplied in registry metadata; consult the authoritative source","Monthly HMIS reporting element: Number of PW and PNC beneficiaries provided - Free Diagnostics under JSSK. Denominator population: Not supplied in registry metadata; consult the authoritative source."
"","Data element","Number of PW and PNC beneficiaries provided - Free Medicines under JSSK","Monthly HMIS reporting element: Number of PW and PNC beneficiaries provided - Free Medicines under JSSK.","Postnatal care","Maternal, newborn and reproductive health","Current public form candidate","Revised HMIS formats effective April 2025","Official NHM state-hosted copy","https://nhm.hp.gov.in/reporting-formats","","Not specified","","Not supplied in registry metadata; consult the authoritative source","Monthly HMIS reporting element: Number of PW and PNC beneficiaries provided - Free Medicines under JSSK. Denominator population: Not supplied in registry metadata; consult the authoritative source."
"","Data element","Number of PW given ANC Corticosteroids in Pre-Term Labour","Monthly HMIS reporting element: Number of PW given ANC Corticosteroids in Pre-Term Labour.","Antenatal care and high-risk pregnancy","Maternal, newborn and reproductive health","Current public form candidate","Revised HMIS formats effective April 2025","Official NHM state-hosted copy","https://nhm.hp.gov.in/reporting-formats","","Not specified","","Not supplied in registry metadata; consult the authoritative source","Monthly HMIS reporting element: Number of PW given ANC Corticosteroids in Pre-Term Labour. Denominator population: Not supplied in registry metadata; consult the authoritative source."
"","Data element","Number of PW given one Albendazole tablet after 1st trimester","Monthly HMIS reporting element: Number of PW given one Albendazole tablet after 1st trimester.","Antenatal care and high-risk pregnancy","Maternal, newborn and reproductive health","Current public form candidate","Revised HMIS formats effective April 2025","Official NHM state-hosted copy","https://nhm.hp.gov.in/reporting-formats","","Not specified","","Not supplied in registry metadata; consult the authoritative source","Monthly HMIS reporting element: Number of PW given one Albendazole tablet after 1st trimester. Denominator population: Not supplied in registry metadata; consult the authoritative source."
"","Data element","Number of PW given Tablet Misoprostol during home delivery","Monthly HMIS reporting element: Number of PW given Tablet Misoprostol during home delivery.","Delivery and intrapartum care","Maternal, newborn and reproductive health","Current public form candidate","Revised HMIS formats effective April 2025","Official NHM state-hosted copy","https://nhm.hp.gov.in/reporting-formats","","Not specified","","Not supplied in registry metadata; consult the authoritative source","Monthly HMIS reporting element: Number of PW given Tablet Misoprostol during home delivery. Denominator population: Not supplied in registry metadata; consult the authoritative source."
"","Data element","Number of PW given Td Booster (Tetanus Diptheria dose booster)","Monthly HMIS reporting element: Number of PW given Td Booster (Tetanus Diptheria dose booster).","Antenatal care and high-risk pregnancy","Maternal, newborn and reproductive health","Current public form candidate","Revised HMIS formats effective April 2025","Official NHM state-hosted copy","https://nhm.hp.gov.in/reporting-formats","","Not specified","","Not supplied in registry metadata; consult the authoritative source","Monthly HMIS reporting element: Number of PW given Td Booster (Tetanus Diptheria dose booster). Denominator population: Not supplied in registry metadata; consult the authoritative source."
"","Data element","Number of PW given Td1 (Tetanus Diptheria dose 1)","Monthly HMIS reporting element: Number of PW given Td1 (Tetanus Diptheria dose 1).","Antenatal care and high-risk pregnancy","Maternal, newborn and reproductive health","Current public form candidate","Revised HMIS formats effective April 2025","Official NHM state-hosted copy","https://nhm.hp.gov.in/reporting-formats","","Not specified","","Not supplied in registry metadata; consult the authoritative source","Monthly HMIS reporting element: Number of PW given Td1 (Tetanus Diptheria dose 1). Denominator population: Not supplied in registry metadata; consult the authoritative source."
"","Data element","Number of PW given Td2 (Tetanus Diptheria dose 2)","Monthly HMIS reporting element: Number of PW given Td2 (Tetanus Diptheria dose 2).","Antenatal care and high-risk pregnancy","Maternal, newborn and reproductive health","Current public form candidate","Revised HMIS formats effective April 2025","Official NHM state-hosted copy","https://nhm.hp.gov.in/reporting-formats","","Not specified","","Not supplied in registry metadata; consult the authoritative source","Monthly HMIS reporting element: Number of PW given Td2 (Tetanus Diptheria dose 2). Denominator population: Not supplied in registry metadata; consult the authoritative source."
"","Data element","Number of PW having Hb level<11(7.1 to 10.9 g/dl) (Out of total tested cases)","Monthly HMIS reporting element: Number of PW having Hb level<11(7.1 to 10.9 g/dl) (Out of total tested cases).","Antenatal care and high-risk pregnancy","Maternal, newborn and reproductive health","Current public form candidate","Revised HMIS formats effective April 2025","Official NHM state-hosted copy","https://nhm.hp.gov.in/reporting-formats","","Not specified","","Not supplied in registry metadata; consult the authoritative source","Monthly HMIS reporting element: Number of PW having Hb level<11(7.1 to 10.9 g/dl) (Out of total tested cases). Denominator population: Not supplied in registry metadata; consult the authoritative source."
"","Data element","Number of PW having Hb level<=7 g/dl (Out of total tested cases)","Monthly HMIS reporting element: Number of PW having Hb level<=7 g/dl (Out of total tested cases).","Antenatal care and high-risk pregnancy","Maternal, newborn and reproductive health","Current public form candidate","Revised HMIS formats effective April 2025","Official NHM state-hosted copy","https://nhm.hp.gov.in/reporting-formats","","Not specified","","Not supplied in registry metadata; consult the authoritative source","Monthly HMIS reporting element: Number of PW having Hb level<=7 g/dl (Out of total tested cases). Denominator population: Not supplied in registry metadata; consult the authoritative source."
"","Data element","Number of PW provided full course 180 Iron Folic Acid (IFA) tablets","Monthly HMIS reporting element: Number of PW provided full course 180 Iron Folic Acid (IFA) tablets.","Antenatal care and high-risk pregnancy","Maternal, newborn and reproductive health","Current public form candidate","Revised HMIS formats effective April 2025","Official NHM state-hosted copy","https://nhm.hp.gov.in/reporting-formats","","Not specified","","Not supplied in registry metadata; consult the authoritative source","Monthly HMIS reporting element: Number of PW provided full course 180 Iron Folic Acid (IFA) tablets. Denominator population: Not supplied in registry metadata; consult the authoritative source."
"","Data element","Number of PW provided full course 360 Calcium tablets","Monthly HMIS reporting element: Number of PW provided full course 360 Calcium tablets.","Antenatal care and high-risk pregnancy","Maternal, newborn and reproductive health","Current public form candidate","Revised HMIS formats effective April 2025","Official NHM state-hosted copy","https://nhm.hp.gov.in/reporting-formats","","Not specified","","Not supplied in registry metadata; consult the authoritative source","Monthly HMIS reporting element: Number of PW provided full course 360 Calcium tablets. Denominator population: Not supplied in registry metadata; consult the authoritative source."
"","Data element","Number of PW received 4 or more ANC check ups","Monthly HMIS reporting element: Number of PW received 4 or more ANC check ups.","Antenatal care and high-risk pregnancy","Maternal, newborn and reproductive health","Current public form candidate","Revised HMIS formats effective April 2025","Official NHM state-hosted copy","https://nhm.hp.gov.in/reporting-formats","","Not specified","","Not supplied in registry metadata; consult the authoritative source","Monthly HMIS reporting element: Number of PW received 4 or more ANC check ups. Denominator population: Not supplied in registry metadata; consult the authoritative source."
"","Data element","Number of PW tested for Blood Sugar using OGTT(Oral Glucose Tolerance Test)","Monthly HMIS reporting element: Number of PW tested for Blood Sugar using OGTT(Oral Glucose Tolerance Test).","Antenatal care and high-risk pregnancy","Maternal, newborn and reproductive health","Current public form candidate","Revised HMIS formats effective April 2025","Official NHM state-hosted copy","https://nhm.hp.gov.in/reporting-formats","","Not specified","","Not supplied in registry metadata; consult the authoritative source","Monthly HMIS reporting element: Number of PW tested for Blood Sugar using OGTT(Oral Glucose Tolerance Test). Denominator population: Not supplied in registry metadata; consult the authoritative source."
"","Data element","Number of PW tested for Haemoglobin (Hb ) 4 or more than 4 times for respective ANCs","Monthly HMIS reporting element: Number of PW tested for Haemoglobin (Hb ) 4 or more than 4 times for respective ANCs.","Antenatal care and high-risk pregnancy","Maternal, newborn and reproductive health","Current public form candidate","Revised HMIS formats effective April 2025","Official NHM state-hosted copy","https://nhm.hp.gov.in/reporting-formats","","Not specified","","Not supplied in registry metadata; consult the authoritative source","Monthly HMIS reporting element: Number of PW tested for Haemoglobin (Hb ) 4 or more than 4 times for respective ANCs. Denominator population: Not supplied in registry metadata; consult the authoritative source."
"","Data element","Number of PW tested for Haemoglobin (Hb)","Monthly HMIS reporting element: Number of PW tested for Haemoglobin (Hb).","Antenatal care and high-risk pregnancy","Maternal, newborn and reproductive health","Current public form candidate","Revised HMIS formats effective April 2025","Official NHM state-hosted copy","https://nhm.hp.gov.in/reporting-formats","","Not specified","","Not supplied in registry metadata; consult the authoritative source","Monthly HMIS reporting element: Number of PW tested for Haemoglobin (Hb). Denominator population: Not supplied in registry metadata; consult the authoritative source."
"","Data element","Number of PW tested positive for GDM out of total OGTT(Oral Glucose Tolerance Test) conducted","Monthly HMIS reporting element: Number of PW tested positive for GDM out of total OGTT(Oral Glucose Tolerance Test) conducted.","Antenatal care and high-risk pregnancy","Maternal, newborn and reproductive health","Current public form candidate","Revised HMIS formats effective April 2025","Official NHM state-hosted copy","https://nhm.hp.gov.in/reporting-formats","","Not specified","","Not supplied in registry metadata; consult the authoritative source","Monthly HMIS reporting element: Number of PW tested positive for GDM out of total OGTT(Oral Glucose Tolerance Test) conducted. Denominator population: Not supplied in registry metadata; consult the authoritative source."
"","Data element","Number of PW treated for severe anaemia (Hb<=7g/dl) (including referred-in cases)","Monthly HMIS reporting element: Number of PW treated for severe anaemia (Hb<=7g/dl) (including referred-in cases).","Antenatal care and high-risk pregnancy","Maternal, newborn and reproductive health","Current public form candidate","Revised HMIS formats effective April 2025","Official NHM state-hosted copy","https://nhm.hp.gov.in/reporting-formats","","Not specified","","Not supplied in registry metadata; consult the authoritative source","Monthly HMIS reporting element: Number of PW treated for severe anaemia (Hb<=7g/dl) (including referred-in cases). Denominator population: Not supplied in registry metadata; consult the authoritative source."
"","Data element","Number of PW with hypertension managed at institution","Monthly HMIS reporting element: Number of PW with hypertension managed at institution.","Antenatal care and high-risk pregnancy","Maternal, newborn and reproductive health","Current public form candidate","Revised HMIS formats effective April 2025","Official NHM state-hosted copy","https://nhm.hp.gov.in/reporting-formats","","Not specified","","Not supplied in registry metadata; consult the authoritative source","Monthly HMIS reporting element: Number of PW with hypertension managed at institution. Denominator population: Not supplied in registry metadata; consult the authoritative source."
"","Data element","Number of Rogi Kalyan Samiti (RKS) meetings held","Monthly HMIS reporting element: Number of Rogi Kalyan Samiti (RKS) meetings held.","Tuberculosis services","Communicable diseases","Current public form candidate","Revised HMIS formats effective April 2025","Official NHM state-hosted copy","https://nhm.hp.gov.in/reporting-formats","","Not specified","","Not supplied in registry metadata; consult the authoritative source","Monthly HMIS reporting element: Number of Rogi Kalyan Samiti (RKS) meetings held. Denominator population: Not supplied in registry metadata; consult the authoritative source."
"","Data element","Number of SAM children discharged from standalone/ integrated NRC who met the discharge criteria","Monthly HMIS reporting element: Number of SAM children discharged from standalone/ integrated NRC who met the discharge criteria.","Tuberculosis services","Communicable diseases","Current public form candidate","Revised HMIS formats effective April 2025","Official NHM state-hosted copy","https://nhm.hp.gov.in/reporting-formats","","Not specified","","Not supplied in registry metadata; consult the authoritative source","Monthly HMIS reporting element: Number of SAM children discharged from standalone/ integrated NRC who met the discharge criteria. Denominator population: Not supplied in registry metadata; consult the authoritative source."
"","Data element","Number of sanitary napkin packs distributed free to ASHA (for her personal use)","Monthly HMIS reporting element: Number of sanitary napkin packs distributed free to ASHA (for her personal use).","Adolescent health","Child, adolescent and nutrition services","Current public form candidate","Revised HMIS formats effective April 2025","Official NHM state-hosted copy","https://nhm.hp.gov.in/reporting-formats","","Not specified","","Not supplied in registry metadata; consult the authoritative source","Monthly HMIS reporting element: Number of sanitary napkin packs distributed free to ASHA (for her personal use). Denominator population: Not supplied in registry metadata; consult the authoritative source."
"","Data element","Number of sick infants provided","Monthly HMIS reporting element: Number of sick infants provided.","Tuberculosis services","Communicable diseases","Current public form candidate","Revised HMIS formats effective April 2025","Official NHM state-hosted copy","https://nhm.hp.gov.in/reporting-formats","","Not specified","","Not supplied in registry metadata; consult the authoritative source","Monthly HMIS reporting element: Number of sick infants provided. Denominator population: Not supplied in registry metadata; consult the authoritative source."
"","Data element","Number of sick infants provided - Free Diagnostics under JSSK","Monthly HMIS reporting element: Number of sick infants provided - Free Diagnostics under JSSK.","STI/RTI services","Maternal, newborn and reproductive health","Current public form candidate","Revised HMIS formats effective April 2025","Official NHM state-hosted copy","https://nhm.hp.gov.in/reporting-formats","","Not specified","","Not supplied in registry metadata; consult the authoritative source","Monthly HMIS reporting element: Number of sick infants provided - Free Diagnostics under JSSK. Denominator population: Not supplied in registry metadata; consult the authoritative source."
"","Data element","Number of sick infants provided - Free Home to facility transport under JSSK","Monthly HMIS reporting element: Number of sick infants provided - Free Home to facility transport under JSSK.","Tuberculosis services","Communicable diseases","Current public form candidate","Revised HMIS formats effective April 2025","Official NHM state-hosted copy","https://nhm.hp.gov.in/reporting-formats","","Not specified","","Not supplied in registry metadata; consult the authoritative source","Monthly HMIS reporting element: Number of sick infants provided - Free Home to facility transport under JSSK. Denominator population: Not supplied in registry metadata; consult the authoritative source."
"","Data element","Number of sick infants provided - Free Medicines under JSSK","Monthly HMIS reporting element: Number of sick infants provided - Free Medicines under JSSK.","Tuberculosis services","Communicable diseases","Current public form candidate","Revised HMIS formats effective April 2025","Official NHM state-hosted copy","https://nhm.hp.gov.in/reporting-formats","","Not specified","","Not supplied in registry metadata; consult the authoritative source","Monthly HMIS reporting element: Number of sick infants provided - Free Medicines under JSSK. Denominator population: Not supplied in registry metadata; consult the authoritative source."
"","Data element","Number of sick SAM children admitted in standalone/ integrated NRC","Monthly HMIS reporting element: Number of sick SAM children admitted in standalone/ integrated NRC.","Tuberculosis services","Communicable diseases","Current public form candidate","Revised HMIS formats effective April 2025","Official NHM state-hosted copy","https://nhm.hp.gov.in/reporting-formats","","Not specified","","Not supplied in registry metadata; consult the authoritative source","Monthly HMIS reporting element: Number of sick SAM children admitted in standalone/ integrated NRC. Denominator population: Not supplied in registry metadata; consult the authoritative source."
"","Data element","Number of sick SAM children referred to standalone/ integrated NRC by Frontline Workers (AWW/ ASHA/ ANM)","Monthly HMIS reporting element: Number of sick SAM children referred to standalone/ integrated NRC by Frontline Workers (AWW/ ASHA/ ANM).","Tuberculosis services","Communicable diseases","Current public form candidate","Revised HMIS formats effective April 2025","Official NHM state-hosted copy","https://nhm.hp.gov.in/reporting-formats","","Not specified","","Not supplied in registry metadata; consult the authoritative source","Monthly HMIS reporting element: Number of sick SAM children referred to standalone/ integrated NRC by Frontline Workers (AWW/ ASHA/ ANM). Denominator population: Not supplied in registry metadata; consult the authoritative source."
"","Data element","Number of sick SAM children referred to standalone/ integrated NRC from IPD/OPD of other Health Facility (PHC/CHC/SDH/DH/other NRC)","Monthly HMIS reporting element: Number of sick SAM children referred to standalone/ integrated NRC from IPD/OPD of other Health Facility (PHC/CHC/SDH/DH/other NRC).","Tuberculosis services","Communicable diseases","Current public form candidate","Revised HMIS formats effective April 2025","Official NHM state-hosted copy","https://nhm.hp.gov.in/reporting-formats","","Not specified","","Not supplied in registry metadata; consult the authoritative source","Monthly HMIS reporting element: Number of sick SAM children referred to standalone/ integrated NRC from IPD/OPD of other Health Facility (PHC/CHC/SDH/DH/other NRC). Denominator population: Not supplied in registry metadata; consult the authoritative source."
"","Data element","Number of sick SAM children treated and admitted in the pediatric facility (other than standalone/ integrated NRC)","Monthly HMIS reporting element: Number of sick SAM children treated and admitted in the pediatric facility (other than standalone/ integrated NRC).","Tuberculosis services","Communicable diseases","Current public form candidate","Revised HMIS formats effective April 2025","Official NHM state-hosted copy","https://nhm.hp.gov.in/reporting-formats","","Not specified","","Not supplied in registry metadata; consult the authoritative source","Monthly HMIS reporting element: Number of sick SAM children treated and admitted in the pediatric facility (other than standalone/ integrated NRC). Denominator population: Not supplied in registry metadata; consult the authoritative source."
"","Data element","Number of SNCU discharged babies screened in DEIC","Monthly HMIS reporting element: Number of SNCU discharged babies screened in DEIC.","Antenatal care and high-risk pregnancy","Maternal, newborn and reproductive health","Current public form candidate","Revised HMIS formats effective April 2025","Official NHM state-hosted copy","https://nhm.hp.gov.in/reporting-formats","","Not specified","","Not supplied in registry metadata; consult the authoritative source","Monthly HMIS reporting element: Number of SNCU discharged babies screened in DEIC. Denominator population: Not supplied in registry metadata; consult the authoritative source."
"","Data element","Number of students (6th -12th class) provided 4-5 IFA tablets in schools","Monthly HMIS reporting element: Number of students (6th -12th class) provided 4-5 IFA tablets in schools.","Anaemia and nutrition","Child, adolescent and nutrition services","Current public form candidate","Revised HMIS formats effective April 2025","Official NHM state-hosted copy","https://nhm.hp.gov.in/reporting-formats","","Not specified","","Not supplied in registry metadata; consult the authoritative source","Monthly HMIS reporting element: Number of students (6th -12th class) provided 4-5 IFA tablets in schools. Denominator population: Not supplied in registry metadata; consult the authoritative source."
"","Data element","Number of students (6th -12th class) provided albendazole in schools","Monthly HMIS reporting element: Number of students (6th -12th class) provided albendazole in schools.","Anaemia and nutrition","Child, adolescent and nutrition services","Current public form candidate","Revised HMIS formats effective April 2025","Official NHM state-hosted copy","https://nhm.hp.gov.in/reporting-formats","","Not specified","","Not supplied in registry metadata; consult the authoritative source","Monthly HMIS reporting element: Number of students (6th -12th class) provided albendazole in schools. Denominator population: Not supplied in registry metadata; consult the authoritative source."
"","Data element","Number of total admissions in Special Newborn Care Unit (SNCU Admissions)","Monthly HMIS reporting element: Number of total admissions in Special Newborn Care Unit (SNCU Admissions).","Newborn and pregnancy outcomes","Maternal, newborn and reproductive health","Current public form candidate","Revised HMIS formats effective April 2025","Official NHM state-hosted copy","https://nhm.hp.gov.in/reporting-formats","","Not specified","","Not supplied in registry metadata; consult the authoritative source","Monthly HMIS reporting element: Number of total admissions in Special Newborn Care Unit (SNCU Admissions). Denominator population: Not supplied in registry metadata; consult the authoritative source."
"","Data element","Number of Total Left Against Medical Advice (LAMA) cases reported at the facility","Monthly HMIS reporting element: Number of Total Left Against Medical Advice (LAMA) cases reported at the facility.","Tuberculosis services","Communicable diseases","Current public form candidate","Revised HMIS formats effective April 2025","Official NHM state-hosted copy","https://nhm.hp.gov.in/reporting-formats","","Not specified","","Not supplied in registry metadata; consult the authoritative source","Monthly HMIS reporting element: Number of Total Left Against Medical Advice (LAMA) cases reported at the facility. Denominator population: Not supplied in registry metadata; consult the authoritative source."
"","Data element","Number of visit made by the service engineer/ BME for the month","Monthly HMIS reporting element: Number of visit made by the service engineer/ BME for the month.","Medicines, supplies and equipment","Health services and systems","Current public form candidate","Revised HMIS formats effective April 2025","Official NHM state-hosted copy","https://nhm.hp.gov.in/reporting-formats","","Not specified","","Not supplied in registry metadata; consult the authoritative source","Monthly HMIS reporting element: Number of visit made by the service engineer/ BME for the month. Denominator population: Not supplied in registry metadata; consult the authoritative source."
"","Data element","Number of visits for home care/ end of life care provided by AAM-PHC team","Monthly HMIS reporting element: Number of visits for home care/ end of life care provided by AAM-PHC team.","Patient services and utilization","Health services and systems","Current public form candidate","Revised HMIS formats effective April 2025","Official NHM state-hosted copy","https://nhm.hp.gov.in/reporting-formats","","Not specified","","Not supplied in registry metadata; consult the authoritative source","Monthly HMIS reporting element: Number of visits for home care/ end of life care provided by AAM-PHC team. Denominator population: Not supplied in registry metadata; consult the authoritative source."
"","Data element","Number of weekly geriatric clinics organized during the month","Monthly HMIS reporting element: Number of weekly geriatric clinics organized during the month.","Elderly and palliative care","Health services and systems","Current public form candidate","Revised HMIS formats effective April 2025","Official NHM state-hosted copy","https://nhm.hp.gov.in/reporting-formats","","Not specified","","Not supplied in registry metadata; consult the authoritative source","Monthly HMIS reporting element: Number of weekly geriatric clinics organized during the month. Denominator population: Not supplied in registry metadata; consult the authoritative source."
"","Data element","Number of weekly palliative care OPD conducted at AAM-PHC","Monthly HMIS reporting element: Number of weekly palliative care OPD conducted at AAM-PHC.","Elderly and palliative care","Health services and systems","Current public form candidate","Revised HMIS formats effective April 2025","Official NHM state-hosted copy","https://nhm.hp.gov.in/reporting-formats","","Not specified","","Not supplied in registry metadata; consult the authoritative source","Monthly HMIS reporting element: Number of weekly palliative care OPD conducted at AAM-PHC. Denominator population: Not supplied in registry metadata; consult the authoritative source."
"","Data element","Number of women of reproductive age (non-pregnant, non-lactating) (20-49 years) having anaemia (Hb 8.1-11.9 g/dl)","Monthly HMIS reporting element: Number of women of reproductive age (non-pregnant, non-lactating) (20-49 years) having anaemia (Hb 8.1-11.9 g/dl).","Antenatal care and high-risk pregnancy","Maternal, newborn and reproductive health","Current public form candidate","Revised HMIS formats effective April 2025","Official NHM state-hosted copy","https://nhm.hp.gov.in/reporting-formats","","Not specified","","Not supplied in registry metadata; consult the authoritative source","Monthly HMIS reporting element: Number of women of reproductive age (non-pregnant, non-lactating) (20-49 years) having anaemia (Hb 8.1-11.9 g/dl). Denominator population: Not supplied in registry metadata; consult the authoritative source."
"","Data element","Number of women of reproductive age (non-pregnant, non-lactating) (20-49 years) having severe anaemia (Hb <8 g/dl)","Monthly HMIS reporting element: Number of women of reproductive age (non-pregnant, non-lactating) (20-49 years) having severe anaemia (Hb <8 g/dl).","Antenatal care and high-risk pregnancy","Maternal, newborn and reproductive health","Current public form candidate","Revised HMIS formats effective April 2025","Official NHM state-hosted copy","https://nhm.hp.gov.in/reporting-formats","","Not specified","","Not supplied in registry metadata; consult the authoritative source","Monthly HMIS reporting element: Number of women of reproductive age (non-pregnant, non-lactating) (20-49 years) having severe anaemia (Hb <8 g/dl). Denominator population: Not supplied in registry metadata; consult the authoritative source."
"","Data element","Number of women of reproductive age (WRA) 20-49 years (non-pregnant, non- lactating), provided 4 Red Iron and folic acid (IFA) tablets in a month","Monthly HMIS reporting element: Number of women of reproductive age (WRA) 20-49 years (non-pregnant, non- lactating), provided 4 Red Iron and folic acid (IFA) tablets in a month.","Antenatal care and high-risk pregnancy","Maternal, newborn and reproductive health","Current public form candidate","Revised HMIS formats effective April 2025","Official NHM state-hosted copy","https://nhm.hp.gov.in/reporting-formats","","Not specified","","Not supplied in registry metadata; consult the authoritative source","Monthly HMIS reporting element: Number of women of reproductive age (WRA) 20-49 years (non-pregnant, non- lactating), provided 4 Red Iron and folic acid (IFA) tablets in a month. Denominator population: Not supplied in registry metadata; consult the authoritative source."
"","Data element","Number of women provided - Free Diet under JSSK","Monthly HMIS reporting element: Number of women provided - Free Diet under JSSK.","Tuberculosis services","Communicable diseases","Current public form candidate","Revised HMIS formats effective April 2025","Official NHM state-hosted copy","https://nhm.hp.gov.in/reporting-formats","","Not specified","","Not supplied in registry metadata; consult the authoritative source","Monthly HMIS reporting element: Number of women provided - Free Diet under JSSK. Denominator population: Not supplied in registry metadata; consult the authoritative source."
"","Data element","Number of women provided with Post-abortion/ MTP contraception","Monthly HMIS reporting element: Number of women provided with Post-abortion/ MTP contraception.","Antenatal care and high-risk pregnancy","Maternal, newborn and reproductive health","Current public form candidate","Revised HMIS formats effective April 2025","Official NHM state-hosted copy","https://nhm.hp.gov.in/reporting-formats","","Not specified","","Not supplied in registry metadata; consult the authoritative source","Monthly HMIS reporting element: Number of women provided with Post-abortion/ MTP contraception. Denominator population: Not supplied in registry metadata; consult the authoritative source."
"","Data element","Number of women receiving Postpartum checkup between 48 hours and 14 days after Institutional delivery","Monthly HMIS reporting element: Number of women receiving Postpartum checkup between 48 hours and 14 days after Institutional delivery.","Delivery and intrapartum care","Maternal, newborn and reproductive health","Current public form candidate","Revised HMIS formats effective April 2025","Official NHM state-hosted copy","https://nhm.hp.gov.in/reporting-formats","","Not specified","","Not supplied in registry metadata; consult the authoritative source","Monthly HMIS reporting element: Number of women receiving Postpartum checkup between 48 hours and 14 days after Institutional delivery. Denominator population: Not supplied in registry metadata; consult the authoritative source."
"","Data element","Nutritional Rehabilitation Centre (NRC)","Monthly HMIS reporting element: Nutritional Rehabilitation Centre (NRC).","Tuberculosis services","Communicable diseases","Current public form candidate","Revised HMIS formats effective April 2025","Official NHM state-hosted copy","https://nhm.hp.gov.in/reporting-formats","","Not specified","","Not supplied in registry metadata; consult the authoritative source","Monthly HMIS reporting element: Nutritional Rehabilitation Centre (NRC). Denominator population: Not supplied in registry metadata; consult the authoritative source."
"","Data element","Of the number registered at ICTC centre, the number of presumptive TB cases identified and referred for TB testing and diagnosis","Monthly HMIS reporting element: Of the number registered at ICTC centre, the number of presumptive TB cases identified and referred for TB testing and diagnosis.","STI/RTI services","Maternal, newborn and reproductive health","Current public form candidate","Revised HMIS formats effective April 2025","Official NHM state-hosted copy","https://nhm.hp.gov.in/reporting-formats","","Not specified","","Not supplied in registry metadata; consult the authoritative source","Monthly HMIS reporting element: Of the number registered at ICTC centre, the number of presumptive TB cases identified and referred for TB testing and diagnosis. Denominator population: Not supplied in registry metadata; consult the authoritative source."
"","Data element","Operations (excluding C-section)","Monthly HMIS reporting element: Operations (excluding C-section).","Delivery and intrapartum care","Maternal, newborn and reproductive health","Current public form candidate","Revised HMIS formats effective April 2025","Official NHM state-hosted copy","https://nhm.hp.gov.in/reporting-formats","","Not specified","","Not supplied in registry metadata; consult the authoritative source","Monthly HMIS reporting element: Operations (excluding C-section). Denominator population: Not supplied in registry metadata; consult the authoritative source."
"","Data element","Other Deaths (except Infant, Child & Maternal Deaths) 5 years and above due to","Monthly HMIS reporting element: Other Deaths (except Infant, Child & Maternal Deaths) 5 years and above due to.","Mortality and death review","Mortality and vital events","Current public form candidate","Revised HMIS formats effective April 2025","Official NHM state-hosted copy","https://nhm.hp.gov.in/reporting-formats","","Not specified","","Not supplied in registry metadata; consult the authoritative source","Monthly HMIS reporting element: Other Deaths (except Infant, Child & Maternal Deaths) 5 years and above due to. Denominator population: Not supplied in registry metadata; consult the authoritative source."
"","Data element","Other Services","Monthly HMIS reporting element: Other Services.","Tuberculosis services","Communicable diseases","Current public form candidate","Revised HMIS formats effective April 2025","Official NHM state-hosted copy","https://nhm.hp.gov.in/reporting-formats","","Not specified","","Not supplied in registry metadata; consult the authoritative source","Monthly HMIS reporting element: Other Services. Denominator population: Not supplied in registry metadata; consult the authoritative source."
"","Data element","Out of above identified number of High Risk Mothers managed (including referred in cases)","Monthly HMIS reporting element: Out of above identified number of High Risk Mothers managed (including referred in cases).","Antenatal care and high-risk pregnancy","Maternal, newborn and reproductive health","Current public form candidate","Revised HMIS formats effective April 2025","Official NHM state-hosted copy","https://nhm.hp.gov.in/reporting-formats","","Not specified","","Not supplied in registry metadata; consult the authoritative source","Monthly HMIS reporting element: Out of above identified number of High Risk Mothers managed (including referred in cases). Denominator population: Not supplied in registry metadata; consult the authoritative source."
"","Data element","Out of above, babies with congenital Syphilis received curative treatment","Monthly HMIS reporting element: Out of above, babies with congenital Syphilis received curative treatment.","Antenatal care and high-risk pregnancy","Maternal, newborn and reproductive health","Current public form candidate","Revised HMIS formats effective April 2025","Official NHM state-hosted copy","https://nhm.hp.gov.in/reporting-formats","","Not specified","","Not supplied in registry metadata; consult the authoritative source","Monthly HMIS reporting element: Out of above, babies with congenital Syphilis received curative treatment. Denominator population: Not supplied in registry metadata; consult the authoritative source."
"","Data element","Out of above, number of specialist Allopathic OPD services provided","Monthly HMIS reporting element: Out of above, number of specialist Allopathic OPD services provided.","Tuberculosis services","Communicable diseases","Current public form candidate","Revised HMIS formats effective April 2025","Official NHM state-hosted copy","https://nhm.hp.gov.in/reporting-formats","","Not specified","","Not supplied in registry metadata; consult the authoritative source","Monthly HMIS reporting element: Out of above, number of specialist Allopathic OPD services provided. Denominator population: Not supplied in registry metadata; consult the authoritative source."
"","Data element","Out of above, number of specialist AYUSH OPD services provided","Monthly HMIS reporting element: Out of above, number of specialist AYUSH OPD services provided.","Tuberculosis services","Communicable diseases","Current public form candidate","Revised HMIS formats effective April 2025","Official NHM state-hosted copy","https://nhm.hp.gov.in/reporting-formats","","Not specified","","Not supplied in registry metadata; consult the authoritative source","Monthly HMIS reporting element: Out of above, number of specialist AYUSH OPD services provided. Denominator population: Not supplied in registry metadata; consult the authoritative source."
"","Data element","Out of Boys registered, Boys received clinical services","Monthly HMIS reporting element: Out of Boys registered, Boys received clinical services.","Adolescent health","Child, adolescent and nutrition services","Current public form candidate","Revised HMIS formats effective April 2025","Official NHM state-hosted copy","https://nhm.hp.gov.in/reporting-formats","","Not specified","","Not supplied in registry metadata; consult the authoritative source","Monthly HMIS reporting element: Out of Boys registered, Boys received clinical services. Denominator population: Not supplied in registry metadata; consult the authoritative source."
"","Data element","Out of Boys registered, Boys received counselling","Monthly HMIS reporting element: Out of Boys registered, Boys received counselling.","Adolescent health","Child, adolescent and nutrition services","Current public form candidate","Revised HMIS formats effective April 2025","Official NHM state-hosted copy","https://nhm.hp.gov.in/reporting-formats","","Not specified","","Not supplied in registry metadata; consult the authoritative source","Monthly HMIS reporting element: Out of Boys registered, Boys received counselling. Denominator population: Not supplied in registry metadata; consult the authoritative source."
"","Data element","Out of Girls registered, Girls received clinical services","Monthly HMIS reporting element: Out of Girls registered, Girls received clinical services.","Adolescent health","Child, adolescent and nutrition services","Current public form candidate","Revised HMIS formats effective April 2025","Official NHM state-hosted copy","https://nhm.hp.gov.in/reporting-formats","","Not specified","","Not supplied in registry metadata; consult the authoritative source","Monthly HMIS reporting element: Out of Girls registered, Girls received clinical services. Denominator population: Not supplied in registry metadata; consult the authoritative source."
"","Data element","Out of Girls registered, Girls received counselling","Monthly HMIS reporting element: Out of Girls registered, Girls received counselling.","Adolescent health","Child, adolescent and nutrition services","Current public form candidate","Revised HMIS formats effective April 2025","Official NHM state-hosted copy","https://nhm.hp.gov.in/reporting-formats","","Not specified","","Not supplied in registry metadata; consult the authoritative source","Monthly HMIS reporting element: Out of Girls registered, Girls received counselling. Denominator population: Not supplied in registry metadata; consult the authoritative source."
"","Data element","Out of Major Operation, Gynecology- Hysterectomy surgeries","Monthly HMIS reporting element: Out of Major Operation, Gynecology- Hysterectomy surgeries.","Tuberculosis services","Communicable diseases","Current public form candidate","Revised HMIS formats effective April 2025","Official NHM state-hosted copy","https://nhm.hp.gov.in/reporting-formats","","Not specified","","Not supplied in registry metadata; consult the authoritative source","Monthly HMIS reporting element: Out of Major Operation, Gynecology- Hysterectomy surgeries. Denominator population: Not supplied in registry metadata; consult the authoritative source."
"","Data element","Out of Number of cases of AEFI - Serious , total number of AEFI deaths","Monthly HMIS reporting element: Out of Number of cases of AEFI - Serious , total number of AEFI deaths.","Immunization","Child, adolescent and nutrition services","Current public form candidate","Revised HMIS formats effective April 2025","Official NHM state-hosted copy","https://nhm.hp.gov.in/reporting-formats","","Not specified","","Not supplied in registry metadata; consult the authoritative source","Monthly HMIS reporting element: Out of Number of cases of AEFI - Serious , total number of AEFI deaths. Denominator population: Not supplied in registry metadata; consult the authoritative source."
"","Data element","Out of registered adolescents (10-19 years), number received clinical services","Monthly HMIS reporting element: Out of registered adolescents (10-19 years), number received clinical services.","Adolescent health","Child, adolescent and nutrition services","Current public form candidate","Revised HMIS formats effective April 2025","Official NHM state-hosted copy","https://nhm.hp.gov.in/reporting-formats","","Not specified","","Not supplied in registry metadata; consult the authoritative source","Monthly HMIS reporting element: Out of registered adolescents (10-19 years), number received clinical services. Denominator population: Not supplied in registry metadata; consult the authoritative source."
"","Data element","Out of registered adolescents (10-19 years), number received counselling","Monthly HMIS reporting element: Out of registered adolescents (10-19 years), number received counselling.","Adolescent health","Child, adolescent and nutrition services","Current public form candidate","Revised HMIS formats effective April 2025","Official NHM state-hosted copy","https://nhm.hp.gov.in/reporting-formats","","Not specified","","Not supplied in registry metadata; consult the authoritative source","Monthly HMIS reporting element: Out of registered adolescents (10-19 years), number received counselling. Denominator population: Not supplied in registry metadata; consult the authoritative source."
"","Data element","Out of the above, No. of DIL women confirmed as HIV Positive","Monthly HMIS reporting element: Out of the above, No. of DIL women confirmed as HIV Positive.","STI/RTI services","Maternal, newborn and reproductive health","Current public form candidate","Revised HMIS formats effective April 2025","Official NHM state-hosted copy","https://nhm.hp.gov.in/reporting-formats","","Not specified","","Not supplied in registry metadata; consult the authoritative source","Monthly HMIS reporting element: Out of the above, No. of DIL women confirmed as HIV Positive. Denominator population: Not supplied in registry metadata; consult the authoritative source."
"","Data element","Out of the above, No. of DIL women found reactive for HIV","Monthly HMIS reporting element: Out of the above, No. of DIL women found reactive for HIV.","STI/RTI services","Maternal, newborn and reproductive health","Current public form candidate","Revised HMIS formats effective April 2025","Official NHM state-hosted copy","https://nhm.hp.gov.in/reporting-formats","","Not specified","","Not supplied in registry metadata; consult the authoritative source","Monthly HMIS reporting element: Out of the above, No. of DIL women found reactive for HIV. Denominator population: Not supplied in registry metadata; consult the authoritative source."
"","Data element","Out of the above, No. of females (non-ANC) confirmed as HIV Positive","Monthly HMIS reporting element: Out of the above, No. of females (non-ANC) confirmed as HIV Positive.","Antenatal care and high-risk pregnancy","Maternal, newborn and reproductive health","Current public form candidate","Revised HMIS formats effective April 2025","Official NHM state-hosted copy","https://nhm.hp.gov.in/reporting-formats","","Not specified","","Not supplied in registry metadata; consult the authoritative source","Monthly HMIS reporting element: Out of the above, No. of females (non-ANC) confirmed as HIV Positive. Denominator population: Not supplied in registry metadata; consult the authoritative source."
"","Data element","Out of the above, No. of females (non-ANC) found reactive for HIV","Monthly HMIS reporting element: Out of the above, No. of females (non-ANC) found reactive for HIV.","Antenatal care and high-risk pregnancy","Maternal, newborn and reproductive health","Current public form candidate","Revised HMIS formats effective April 2025","Official NHM state-hosted copy","https://nhm.hp.gov.in/reporting-formats","","Not specified","","Not supplied in registry metadata; consult the authoritative source","Monthly HMIS reporting element: Out of the above, No. of females (non-ANC) found reactive for HIV. Denominator population: Not supplied in registry metadata; consult the authoritative source."
"","Data element","Out of the above, No. of H/TG people confirmed as HIV Positive","Monthly HMIS reporting element: Out of the above, No. of H/TG people confirmed as HIV Positive.","STI/RTI services","Maternal, newborn and reproductive health","Current public form candidate","Revised HMIS formats effective April 2025","Official NHM state-hosted copy","https://nhm.hp.gov.in/reporting-formats","","Not specified","","Not supplied in registry metadata; consult the authoritative source","Monthly HMIS reporting element: Out of the above, No. of H/TG people confirmed as HIV Positive. Denominator population: Not supplied in registry metadata; consult the authoritative source."
"","Data element","Out of the above, No. of H/TG people found reactive for HIV","Monthly HMIS reporting element: Out of the above, No. of H/TG people found reactive for HIV.","STI/RTI services","Maternal, newborn and reproductive health","Current public form candidate","Revised HMIS formats effective April 2025","Official NHM state-hosted copy","https://nhm.hp.gov.in/reporting-formats","","Not specified","","Not supplied in registry metadata; consult the authoritative source","Monthly HMIS reporting element: Out of the above, No. of H/TG people found reactive for HIV. Denominator population: Not supplied in registry metadata; consult the authoritative source."
"","Data element","Out of the above, No. of males confirmed as HIV Positive","Monthly HMIS reporting element: Out of the above, No. of males confirmed as HIV Positive.","STI/RTI services","Maternal, newborn and reproductive health","Current public form candidate","Revised HMIS formats effective April 2025","Official NHM state-hosted copy","https://nhm.hp.gov.in/reporting-formats","","Not specified","","Not supplied in registry metadata; consult the authoritative source","Monthly HMIS reporting element: Out of the above, No. of males confirmed as HIV Positive. Denominator population: Not supplied in registry metadata; consult the authoritative source."
"","Data element","Out of the above, No. of males found reactive for HIV","Monthly HMIS reporting element: Out of the above, No. of males found reactive for HIV.","STI/RTI services","Maternal, newborn and reproductive health","Current public form candidate","Revised HMIS formats effective April 2025","Official NHM state-hosted copy","https://nhm.hp.gov.in/reporting-formats","","Not specified","","Not supplied in registry metadata; consult the authoritative source","Monthly HMIS reporting element: Out of the above, No. of males found reactive for HIV. Denominator population: Not supplied in registry metadata; consult the authoritative source."
"","Data element","Out of the above, No. of PW(ANC) confirmed as HIV Positive","Monthly HMIS reporting element: Out of the above, No. of PW(ANC) confirmed as HIV Positive.","Antenatal care and high-risk pregnancy","Maternal, newborn and reproductive health","Current public form candidate","Revised HMIS formats effective April 2025","Official NHM state-hosted copy","https://nhm.hp.gov.in/reporting-formats","","Not specified","","Not supplied in registry metadata; consult the authoritative source","Monthly HMIS reporting element: Out of the above, No. of PW(ANC) confirmed as HIV Positive. Denominator population: Not supplied in registry metadata; consult the authoritative source."
"","Data element","Out of the above, No. of PW(ANC) found reactive for HIV","Monthly HMIS reporting element: Out of the above, No. of PW(ANC) found reactive for HIV.","Antenatal care and high-risk pregnancy","Maternal, newborn and reproductive health","Current public form candidate","Revised HMIS formats effective April 2025","Official NHM state-hosted copy","https://nhm.hp.gov.in/reporting-formats","","Not specified","","Not supplied in registry metadata; consult the authoritative source","Monthly HMIS reporting element: Out of the above, No. of PW(ANC) found reactive for HIV. Denominator population: Not supplied in registry metadata; consult the authoritative source."
"","Data element","Out of the above, number of females (all females) diagnosed with STI/RTI","Monthly HMIS reporting element: Out of the above, number of females (all females) diagnosed with STI/RTI.","STI/RTI services","Maternal, newborn and reproductive health","Current public form candidate","Revised HMIS formats effective April 2025","Official NHM state-hosted copy","https://nhm.hp.gov.in/reporting-formats","","Not specified","","Not supplied in registry metadata; consult the authoritative source","Monthly HMIS reporting element: Out of the above, number of females (all females) diagnosed with STI/RTI. Denominator population: Not supplied in registry metadata; consult the authoritative source."
"","Data element","Out of the above, number of females (all females) treated for STI/RTI","Monthly HMIS reporting element: Out of the above, number of females (all females) treated for STI/RTI.","STI/RTI services","Maternal, newborn and reproductive health","Current public form candidate","Revised HMIS formats effective April 2025","Official NHM state-hosted copy","https://nhm.hp.gov.in/reporting-formats","","Not specified","","Not supplied in registry metadata; consult the authoritative source","Monthly HMIS reporting element: Out of the above, number of females (all females) treated for STI/RTI. Denominator population: Not supplied in registry metadata; consult the authoritative source."
"","Data element","Out of the above, number of females (non-ANC) tested reactive for Syphilis (RPR/VDRL/PoC/ RDT/TPHA)","Monthly HMIS reporting element: Out of the above, number of females (non-ANC) tested reactive for Syphilis (RPR/VDRL/PoC/ RDT/TPHA).","Antenatal care and high-risk pregnancy","Maternal, newborn and reproductive health","Current public form candidate","Revised HMIS formats effective April 2025","Official NHM state-hosted copy","https://nhm.hp.gov.in/reporting-formats","","Not specified","","Not supplied in registry metadata; consult the authoritative source","Monthly HMIS reporting element: Out of the above, number of females (non-ANC) tested reactive for Syphilis (RPR/VDRL/PoC/ RDT/TPHA). Denominator population: Not supplied in registry metadata; consult the authoritative source."
"","Data element","Out of the above, number of females (non-ANC) treated for Syphilis","Monthly HMIS reporting element: Out of the above, number of females (non-ANC) treated for Syphilis.","Antenatal care and high-risk pregnancy","Maternal, newborn and reproductive health","Current public form candidate","Revised HMIS formats effective April 2025","Official NHM state-hosted copy","https://nhm.hp.gov.in/reporting-formats","","Not specified","","Not supplied in registry metadata; consult the authoritative source","Monthly HMIS reporting element: Out of the above, number of females (non-ANC) treated for Syphilis. Denominator population: Not supplied in registry metadata; consult the authoritative source."
"","Data element","Out of the above, number of H/TG people diagnosed with STI/RTI","Monthly HMIS reporting element: Out of the above, number of H/TG people diagnosed with STI/RTI.","STI/RTI services","Maternal, newborn and reproductive health","Current public form candidate","Revised HMIS formats effective April 2025","Official NHM state-hosted copy","https://nhm.hp.gov.in/reporting-formats","","Not specified","","Not supplied in registry metadata; consult the authoritative source","Monthly HMIS reporting element: Out of the above, number of H/TG people diagnosed with STI/RTI. Denominator population: Not supplied in registry metadata; consult the authoritative source."
"","Data element","Out of the above, number of H/TG people tested reactive for Syphilis (RPR/VDRL/PoC/ RDT/TPHA)","Monthly HMIS reporting element: Out of the above, number of H/TG people tested reactive for Syphilis (RPR/VDRL/PoC/ RDT/TPHA).","STI/RTI services","Maternal, newborn and reproductive health","Current public form candidate","Revised HMIS formats effective April 2025","Official NHM state-hosted copy","https://nhm.hp.gov.in/reporting-formats","","Not specified","","Not supplied in registry metadata; consult the authoritative source","Monthly HMIS reporting element: Out of the above, number of H/TG people tested reactive for Syphilis (RPR/VDRL/PoC/ RDT/TPHA). Denominator population: Not supplied in registry metadata; consult the authoritative source."
"","Data element","Out of the above, number of H/TG people treated for STI/RTI","Monthly HMIS reporting element: Out of the above, number of H/TG people treated for STI/RTI.","STI/RTI services","Maternal, newborn and reproductive health","Current public form candidate","Revised HMIS formats effective April 2025","Official NHM state-hosted copy","https://nhm.hp.gov.in/reporting-formats","","Not specified","","Not supplied in registry metadata; consult the authoritative source","Monthly HMIS reporting element: Out of the above, number of H/TG people treated for STI/RTI. Denominator population: Not supplied in registry metadata; consult the authoritative source."
"","Data element","Out of the above, number of H/TG people treated for Syphilis","Monthly HMIS reporting element: Out of the above, number of H/TG people treated for Syphilis.","STI/RTI services","Maternal, newborn and reproductive health","Current public form candidate","Revised HMIS formats effective April 2025","Official NHM state-hosted copy","https://nhm.hp.gov.in/reporting-formats","","Not specified","","Not supplied in registry metadata; consult the authoritative source","Monthly HMIS reporting element: Out of the above, number of H/TG people treated for Syphilis. Denominator population: Not supplied in registry metadata; consult the authoritative source."
"","Data element","Out of the above, number of males diagnosed with STI/RTI","Monthly HMIS reporting element: Out of the above, number of males diagnosed with STI/RTI.","STI/RTI services","Maternal, newborn and reproductive health","Current public form candidate","Revised HMIS formats effective April 2025","Official NHM state-hosted copy","https://nhm.hp.gov.in/reporting-formats","","Not specified","","Not supplied in registry metadata; consult the authoritative source","Monthly HMIS reporting element: Out of the above, number of males diagnosed with STI/RTI. Denominator population: Not supplied in registry metadata; consult the authoritative source."
"","Data element","Out of the above, number of males tested reactive for Syphilis (RPR/VDRL/PoC/ RDT/TPHA)","Monthly HMIS reporting element: Out of the above, number of males tested reactive for Syphilis (RPR/VDRL/PoC/ RDT/TPHA).","STI/RTI services","Maternal, newborn and reproductive health","Current public form candidate","Revised HMIS formats effective April 2025","Official NHM state-hosted copy","https://nhm.hp.gov.in/reporting-formats","","Not specified","","Not supplied in registry metadata; consult the authoritative source","Monthly HMIS reporting element: Out of the above, number of males tested reactive for Syphilis (RPR/VDRL/PoC/ RDT/TPHA). Denominator population: Not supplied in registry metadata; consult the authoritative source."
"","Data element","Out of the above, number of males treated for STI/RTI","Monthly HMIS reporting element: Out of the above, number of males treated for STI/RTI.","STI/RTI services","Maternal, newborn and reproductive health","Current public form candidate","Revised HMIS formats effective April 2025","Official NHM state-hosted copy","https://nhm.hp.gov.in/reporting-formats","","Not specified","","Not supplied in registry metadata; consult the authoritative source","Monthly HMIS reporting element: Out of the above, number of males treated for STI/RTI. Denominator population: Not supplied in registry metadata; consult the authoritative source."
"","Data element","Out of the above, number of males treated for Syphilis","Monthly HMIS reporting element: Out of the above, number of males treated for Syphilis.","STI/RTI services","Maternal, newborn and reproductive health","Current public form candidate","Revised HMIS formats effective April 2025","Official NHM state-hosted copy","https://nhm.hp.gov.in/reporting-formats","","Not specified","","Not supplied in registry metadata; consult the authoritative source","Monthly HMIS reporting element: Out of the above, number of males treated for Syphilis. Denominator population: Not supplied in registry metadata; consult the authoritative source."
"","Data element","Out of the above, number of Newborns having weight less than 1800 gms","Monthly HMIS reporting element: Out of the above, number of Newborns having weight less than 1800 gms.","Antenatal care and high-risk pregnancy","Maternal, newborn and reproductive health","Current public form candidate","Revised HMIS formats effective April 2025","Official NHM state-hosted copy","https://nhm.hp.gov.in/reporting-formats","","Not specified","","Not supplied in registry metadata; consult the authoritative source","Monthly HMIS reporting element: Out of the above, number of Newborns having weight less than 1800 gms. Denominator population: Not supplied in registry metadata; consult the authoritative source."
"","Data element","Out of the selected Peer Educators, numbers trained","Monthly HMIS reporting element: Out of the selected Peer Educators, numbers trained.","Adolescent health","Child, adolescent and nutrition services","Current public form candidate","Revised HMIS formats effective April 2025","Official NHM state-hosted copy","https://nhm.hp.gov.in/reporting-formats","","Not specified","","Not supplied in registry metadata; consult the authoritative source","Monthly HMIS reporting element: Out of the selected Peer Educators, numbers trained. Denominator population: Not supplied in registry metadata; consult the authoritative source."
"","Data element","Out of the total NEW ANC registered, number registered within 1st trimester (within 12 weeks)","Monthly HMIS reporting element: Out of the total NEW ANC registered, number registered within 1st trimester (within 12 weeks).","Antenatal care and high-risk pregnancy","Maternal, newborn and reproductive health","Current public form candidate","Revised HMIS formats effective April 2025","Official NHM state-hosted copy","https://nhm.hp.gov.in/reporting-formats","","Not specified","","Not supplied in registry metadata; consult the authoritative source","Monthly HMIS reporting element: Out of the total NEW ANC registered, number registered within 1st trimester (within 12 weeks). Denominator population: Not supplied in registry metadata; consult the authoritative source."
"","Data element","Out of the total number of Hb tests done, Number having Hb < 7 mg","Monthly HMIS reporting element: Out of the total number of Hb tests done, Number having Hb < 7 mg.","STI/RTI services","Maternal, newborn and reproductive health","Current public form candidate","Revised HMIS formats effective April 2025","Official NHM state-hosted copy","https://nhm.hp.gov.in/reporting-formats","","Not specified","","Not supplied in registry metadata; consult the authoritative source","Monthly HMIS reporting element: Out of the total number of Hb tests done, Number having Hb < 7 mg. Denominator population: Not supplied in registry metadata; consult the authoritative source."
"","Data element","Out of total C-section, number of women stayed for 72 hours or more after delivery","Monthly HMIS reporting element: Out of total C-section, number of women stayed for 72 hours or more after delivery.","Delivery and intrapartum care","Maternal, newborn and reproductive health","Current public form candidate","Revised HMIS formats effective April 2025","Official NHM state-hosted copy","https://nhm.hp.gov.in/reporting-formats","","Not specified","","Not supplied in registry metadata; consult the authoritative source","Monthly HMIS reporting element: Out of total C-section, number of women stayed for 72 hours or more after delivery. Denominator population: Not supplied in registry metadata; consult the authoritative source."
"","Data element","Out of total C-sections, number performed at night (8 PM- 8 AM)","Monthly HMIS reporting element: Out of total C-sections, number performed at night (8 PM- 8 AM).","Delivery and intrapartum care","Maternal, newborn and reproductive health","Current public form candidate","Revised HMIS formats effective April 2025","Official NHM state-hosted copy","https://nhm.hp.gov.in/reporting-formats","","Not specified","","Not supplied in registry metadata; consult the authoritative source","Monthly HMIS reporting element: Out of total C-sections, number performed at night (8 PM- 8 AM). Denominator population: Not supplied in registry metadata; consult the authoritative source."
"","Data element","Out of total institutional deliveries(excluding C-section), number of women stayed for 48 hours or more after delivery","Monthly HMIS reporting element: Out of total institutional deliveries(excluding C-section), number of women stayed for 48 hours or more after delivery.","Delivery and intrapartum care","Maternal, newborn and reproductive health","Current public form candidate","Revised HMIS formats effective April 2025","Official NHM state-hosted copy","https://nhm.hp.gov.in/reporting-formats","","Not specified","","Not supplied in registry metadata; consult the authoritative source","Monthly HMIS reporting element: Out of total institutional deliveries(excluding C-section), number of women stayed for 48 hours or more after delivery. Denominator population: Not supplied in registry metadata; consult the authoritative source."
"","Data element","Out of total Institutional deliveries, number of Institutional Deliveries (Excluding C- Sections) conducted at night (8 PM- 8 AM)","Monthly HMIS reporting element: Out of total Institutional deliveries, number of Institutional Deliveries (Excluding C- Sections) conducted at night (8 PM- 8 AM).","Delivery and intrapartum care","Maternal, newborn and reproductive health","Current public form candidate","Revised HMIS formats effective April 2025","Official NHM state-hosted copy","https://nhm.hp.gov.in/reporting-formats","","Not specified","","Not supplied in registry metadata; consult the authoritative source","Monthly HMIS reporting element: Out of total Institutional deliveries, number of Institutional Deliveries (Excluding C- Sections) conducted at night (8 PM- 8 AM). Denominator population: Not supplied in registry metadata; consult the authoritative source."
"","Data element","Out of total Institutional deliveries, number of institutional deliveries conducted at Midwifery Led Care Unit (MLCU)","Monthly HMIS reporting element: Out of total Institutional deliveries, number of institutional deliveries conducted at Midwifery Led Care Unit (MLCU).","Delivery and intrapartum care","Maternal, newborn and reproductive health","Current public form candidate","Revised HMIS formats effective April 2025","Official NHM state-hosted copy","https://nhm.hp.gov.in/reporting-formats","","Not specified","","Not supplied in registry metadata; consult the authoritative source","Monthly HMIS reporting element: Out of total Institutional deliveries, number of institutional deliveries conducted at Midwifery Led Care Unit (MLCU). Denominator population: Not supplied in registry metadata; consult the authoritative source."
"","Data element","Out of total number maternal deaths (Home & Transit deaths), deaths with age more than >19- 49 years","Monthly HMIS reporting element: Out of total number maternal deaths (Home & Transit deaths), deaths with age more than >19- 49 years.","Mortality and death review","Mortality and vital events","Current public form candidate","Revised HMIS formats effective April 2025","Official NHM state-hosted copy","https://nhm.hp.gov.in/reporting-formats","","Not specified","","Not supplied in registry metadata; consult the authoritative source","Monthly HMIS reporting element: Out of total number maternal deaths (Home & Transit deaths), deaths with age more than >19- 49 years. Denominator population: Not supplied in registry metadata; consult the authoritative source."
"","Data element","Out of total number maternal deaths (Home & Transit deaths), deaths with age more than >49 years","Monthly HMIS reporting element: Out of total number maternal deaths (Home & Transit deaths), deaths with age more than >49 years.","Mortality and death review","Mortality and vital events","Current public form candidate","Revised HMIS formats effective April 2025","Official NHM state-hosted copy","https://nhm.hp.gov.in/reporting-formats","","Not specified","","Not supplied in registry metadata; consult the authoritative source","Monthly HMIS reporting element: Out of total number maternal deaths (Home & Transit deaths), deaths with age more than >49 years. Denominator population: Not supplied in registry metadata; consult the authoritative source."
"","Data element","Out of total number maternal deaths at facility, deaths with age more than >19-49 years","Monthly HMIS reporting element: Out of total number maternal deaths at facility, deaths with age more than >19-49 years.","Mortality and death review","Mortality and vital events","Current public form candidate","Revised HMIS formats effective April 2025","Official NHM state-hosted copy","https://nhm.hp.gov.in/reporting-formats","","Not specified","","Not supplied in registry metadata; consult the authoritative source","Monthly HMIS reporting element: Out of total number maternal deaths at facility, deaths with age more than >19-49 years. Denominator population: Not supplied in registry metadata; consult the authoritative source."
"","Data element","Out of total number maternal deaths at facility, deaths with age more than >49 years","Monthly HMIS reporting element: Out of total number maternal deaths at facility, deaths with age more than >49 years.","Mortality and death review","Mortality and vital events","Current public form candidate","Revised HMIS formats effective April 2025","Official NHM state-hosted copy","https://nhm.hp.gov.in/reporting-formats","","Not specified","","Not supplied in registry metadata; consult the authoritative source","Monthly HMIS reporting element: Out of total number maternal deaths at facility, deaths with age more than >49 years. Denominator population: Not supplied in registry metadata; consult the authoritative source."
"","Data element","Out of total number of delivery, PW with age 15-19 years","Monthly HMIS reporting element: Out of total number of delivery, PW with age 15-19 years.","Delivery and intrapartum care","Maternal, newborn and reproductive health","Current public form candidate","Revised HMIS formats effective April 2025","Official NHM state-hosted copy","https://nhm.hp.gov.in/reporting-formats","","Not specified","","Not supplied in registry metadata; consult the authoritative source","Monthly HMIS reporting element: Out of total number of delivery, PW with age 15-19 years. Denominator population: Not supplied in registry metadata; consult the authoritative source."
"","Data element","Out of total number of delivery, PW with age less than <15 years","Monthly HMIS reporting element: Out of total number of delivery, PW with age less than <15 years.","Delivery and intrapartum care","Maternal, newborn and reproductive health","Current public form candidate","Revised HMIS formats effective April 2025","Official NHM state-hosted copy","https://nhm.hp.gov.in/reporting-formats","","Not specified","","Not supplied in registry metadata; consult the authoritative source","Monthly HMIS reporting element: Out of total number of delivery, PW with age less than <15 years. Denominator population: Not supplied in registry metadata; consult the authoritative source."
"","Data element","Out of total number of delivery, PW with age more than > 49 years","Monthly HMIS reporting element: Out of total number of delivery, PW with age more than > 49 years.","Delivery and intrapartum care","Maternal, newborn and reproductive health","Current public form candidate","Revised HMIS formats effective April 2025","Official NHM state-hosted copy","https://nhm.hp.gov.in/reporting-formats","","Not specified","","Not supplied in registry metadata; consult the authoritative source","Monthly HMIS reporting element: Out of total number of delivery, PW with age more than > 49 years. Denominator population: Not supplied in registry metadata; consult the authoritative source."
"","Data element","Out of total number of delivery, PW with age more than >19-49 years","Monthly HMIS reporting element: Out of total number of delivery, PW with age more than >19-49 years.","Delivery and intrapartum care","Maternal, newborn and reproductive health","Current public form candidate","Revised HMIS formats effective April 2025","Official NHM state-hosted copy","https://nhm.hp.gov.in/reporting-formats","","Not specified","","Not supplied in registry metadata; consult the authoritative source","Monthly HMIS reporting element: Out of total number of delivery, PW with age more than >19-49 years. Denominator population: Not supplied in registry metadata; consult the authoritative source."
"","Data element","Out of total number of maternal deaths (Home & Transit deaths), deaths with age 15-19 years","Monthly HMIS reporting element: Out of total number of maternal deaths (Home & Transit deaths), deaths with age 15-19 years.","Mortality and death review","Mortality and vital events","Current public form candidate","Revised HMIS formats effective April 2025","Official NHM state-hosted copy","https://nhm.hp.gov.in/reporting-formats","","Not specified","","Not supplied in registry metadata; consult the authoritative source","Monthly HMIS reporting element: Out of total number of maternal deaths (Home & Transit deaths), deaths with age 15-19 years. Denominator population: Not supplied in registry metadata; consult the authoritative source."
"","Data element","Out of total number of maternal deaths (Home & Transit deaths), deaths with age less than <15 years","Monthly HMIS reporting element: Out of total number of maternal deaths (Home & Transit deaths), deaths with age less than <15 years.","Mortality and death review","Mortality and vital events","Current public form candidate","Revised HMIS formats effective April 2025","Official NHM state-hosted copy","https://nhm.hp.gov.in/reporting-formats","","Not specified","","Not supplied in registry metadata; consult the authoritative source","Monthly HMIS reporting element: Out of total number of maternal deaths (Home & Transit deaths), deaths with age less than <15 years. Denominator population: Not supplied in registry metadata; consult the authoritative source."
"","Data element","Out of total number of maternal deaths at facility, deaths with age 15-19 years","Monthly HMIS reporting element: Out of total number of maternal deaths at facility, deaths with age 15-19 years.","Mortality and death review","Mortality and vital events","Current public form candidate","Revised HMIS formats effective April 2025","Official NHM state-hosted copy","https://nhm.hp.gov.in/reporting-formats","","Not specified","","Not supplied in registry metadata; consult the authoritative source","Monthly HMIS reporting element: Out of total number of maternal deaths at facility, deaths with age 15-19 years. Denominator population: Not supplied in registry metadata; consult the authoritative source."
"","Data element","Out of total number of maternal deaths at facility, deaths with age less than <15 years","Monthly HMIS reporting element: Out of total number of maternal deaths at facility, deaths with age less than <15 years.","Mortality and death review","Mortality and vital events","Current public form candidate","Revised HMIS formats effective April 2025","Official NHM state-hosted copy","https://nhm.hp.gov.in/reporting-formats","","Not specified","","Not supplied in registry metadata; consult the authoritative source","Monthly HMIS reporting element: Out of total number of maternal deaths at facility, deaths with age less than <15 years. Denominator population: Not supplied in registry metadata; consult the authoritative source."
"","Data element","Out of total number of NEW pregnant women registered with age 15-19 years","Monthly HMIS reporting element: Out of total number of NEW pregnant women registered with age 15-19 years.","Antenatal care and high-risk pregnancy","Maternal, newborn and reproductive health","Current public form candidate","Revised HMIS formats effective April 2025","Official NHM state-hosted copy","https://nhm.hp.gov.in/reporting-formats","","Not specified","","Not supplied in registry metadata; consult the authoritative source","Monthly HMIS reporting element: Out of total number of NEW pregnant women registered with age 15-19 years. Denominator population: Not supplied in registry metadata; consult the authoritative source."
"","Data element","Out of total number of NEW pregnant women registered with age less than <15 years","Monthly HMIS reporting element: Out of total number of NEW pregnant women registered with age less than <15 years.","Antenatal care and high-risk pregnancy","Maternal, newborn and reproductive health","Current public form candidate","Revised HMIS formats effective April 2025","Official NHM state-hosted copy","https://nhm.hp.gov.in/reporting-formats","","Not specified","","Not supplied in registry metadata; consult the authoritative source","Monthly HMIS reporting element: Out of total number of NEW pregnant women registered with age less than <15 years. Denominator population: Not supplied in registry metadata; consult the authoritative source."
"","Data element","Out of total number of NEW pregnant women registered with age more than >19 to 49 years","Monthly HMIS reporting element: Out of total number of NEW pregnant women registered with age more than >19 to 49 years.","Antenatal care and high-risk pregnancy","Maternal, newborn and reproductive health","Current public form candidate","Revised HMIS formats effective April 2025","Official NHM state-hosted copy","https://nhm.hp.gov.in/reporting-formats","","Not specified","","Not supplied in registry metadata; consult the authoritative source","Monthly HMIS reporting element: Out of total number of NEW pregnant women registered with age more than >19 to 49 years. Denominator population: Not supplied in registry metadata; consult the authoritative source."
"","Data element","Out of total number of NEW pregnant women registered with age more than >49 years","Monthly HMIS reporting element: Out of total number of NEW pregnant women registered with age more than >49 years.","Antenatal care and high-risk pregnancy","Maternal, newborn and reproductive health","Current public form candidate","Revised HMIS formats effective April 2025","Official NHM state-hosted copy","https://nhm.hp.gov.in/reporting-formats","","Not specified","","Not supplied in registry metadata; consult the authoritative source","Monthly HMIS reporting element: Out of total number of NEW pregnant women registered with age more than >49 years. Denominator population: Not supplied in registry metadata; consult the authoritative source."
"","Data element","Outpatient attendance (All) (excluding teleconsultation)","Monthly HMIS reporting element: Outpatient attendance (All) (excluding teleconsultation).","Tuberculosis services","Communicable diseases","Current public form candidate","Revised HMIS formats effective April 2025","Official NHM state-hosted copy","https://nhm.hp.gov.in/reporting-formats","","Not specified","","Not supplied in registry metadata; consult the authoritative source","Monthly HMIS reporting element: Outpatient attendance (All) (excluding teleconsultation). Denominator population: Not supplied in registry metadata; consult the authoritative source."
"","Data element","Patient Satisfaction Score of the facility in percentage (from Mera Aspatal)","Monthly HMIS reporting element: Patient Satisfaction Score of the facility in percentage (from Mera Aspatal).","Tuberculosis services","Communicable diseases","Current public form candidate","Revised HMIS formats effective April 2025","Official NHM state-hosted copy","https://nhm.hp.gov.in/reporting-formats","Index","index/score","","Not supplied in registry metadata; consult the authoritative source","Monthly HMIS reporting element: Patient Satisfaction Score of the facility in percentage (from Mera Aspatal). Denominator population: Not supplied in registry metadata; consult the authoritative source."
"","Data element","Patients registered at Emergency Department","Monthly HMIS reporting element: Patients registered at Emergency Department.","Tuberculosis services","Communicable diseases","Current public form candidate","Revised HMIS formats effective April 2025","Official NHM state-hosted copy","https://nhm.hp.gov.in/reporting-formats","","Not specified","","Not supplied in registry metadata; consult the authoritative source","Monthly HMIS reporting element: Patients registered at Emergency Department. Denominator population: Not supplied in registry metadata; consult the authoritative source."
"","Data element","Peer Educator Programme","Monthly HMIS reporting element: Peer Educator Programme.","Adolescent health","Child, adolescent and nutrition services","Current public form candidate","Revised HMIS formats effective April 2025","Official NHM state-hosted copy","https://nhm.hp.gov.in/reporting-formats","","Not specified","","Not supplied in registry metadata; consult the authoritative source","Monthly HMIS reporting element: Peer Educator Programme. Denominator population: Not supplied in registry metadata; consult the authoritative source."
"","Data element","Post-abortion/MTP Complications","Monthly HMIS reporting element: Post-abortion/MTP Complications.","Antenatal care and high-risk pregnancy","Maternal, newborn and reproductive health","Current public form candidate","Revised HMIS formats effective April 2025","Official NHM state-hosted copy","https://nhm.hp.gov.in/reporting-formats","","Not specified","","Not supplied in registry metadata; consult the authoritative source","Monthly HMIS reporting element: Post-abortion/MTP Complications. Denominator population: Not supplied in registry metadata; consult the authoritative source."
"","Data element","Post-abortion/MTP complications identified (where abortions were carried out in facilities other than public and accredited private health facilities)","Monthly HMIS reporting element: Post-abortion/MTP complications identified (where abortions were carried out in facilities other than public and accredited private health facilities).","Antenatal care and high-risk pregnancy","Maternal, newborn and reproductive health","Current public form candidate","Revised HMIS formats effective April 2025","Official NHM state-hosted copy","https://nhm.hp.gov.in/reporting-formats","","Not specified","","Not supplied in registry metadata; consult the authoritative source","Monthly HMIS reporting element: Post-abortion/MTP complications identified (where abortions were carried out in facilities other than public and accredited private health facilities). Denominator population: Not supplied in registry metadata; consult the authoritative source."
"","Data element","Post-abortion/MTP Complications treated","Monthly HMIS reporting element: Post-abortion/MTP Complications treated.","Antenatal care and high-risk pregnancy","Maternal, newborn and reproductive health","Current public form candidate","Revised HMIS formats effective April 2025","Official NHM state-hosted copy","https://nhm.hp.gov.in/reporting-formats","","Not specified","","Not supplied in registry metadata; consult the authoritative source","Monthly HMIS reporting element: Post-abortion/MTP Complications treated. Denominator population: Not supplied in registry metadata; consult the authoritative source."
"","Data element","Pregnancy Outcome (in number)","Monthly HMIS reporting element: Pregnancy Outcome (in number).","Antenatal care and high-risk pregnancy","Maternal, newborn and reproductive health","Current public form candidate","Revised HMIS formats effective April 2025","Official NHM state-hosted copy","https://nhm.hp.gov.in/reporting-formats","","Not specified","","Not supplied in registry metadata; consult the authoritative source","Monthly HMIS reporting element: Pregnancy Outcome (in number). Denominator population: Not supplied in registry metadata; consult the authoritative source."
"","Data element","Pregnant Women (PW) with Anaemia","Monthly HMIS reporting element: Pregnant Women (PW) with Anaemia.","Antenatal care and high-risk pregnancy","Maternal, newborn and reproductive health","Current public form candidate","Revised HMIS formats effective April 2025","Official NHM state-hosted copy","https://nhm.hp.gov.in/reporting-formats","","Not specified","","Not supplied in registry metadata; consult the authoritative source","Monthly HMIS reporting element: Pregnant Women (PW) with Anaemia. Denominator population: Not supplied in registry metadata; consult the authoritative source."
"","Data element","Pregnant Women (PW) with Gestational Diabetes Mellitus (GDM)","Monthly HMIS reporting element: Pregnant Women (PW) with Gestational Diabetes Mellitus (GDM).","Antenatal care and high-risk pregnancy","Maternal, newborn and reproductive health","Current public form candidate","Revised HMIS formats effective April 2025","Official NHM state-hosted copy","https://nhm.hp.gov.in/reporting-formats","","Not specified","","Not supplied in registry metadata; consult the authoritative source","Monthly HMIS reporting element: Pregnant Women (PW) with Gestational Diabetes Mellitus (GDM). Denominator population: Not supplied in registry metadata; consult the authoritative source."
"","Data element","Pregnant Women (PW) with Hypertension (BP>140/90)","Monthly HMIS reporting element: Pregnant Women (PW) with Hypertension (BP>140/90).","Antenatal care and high-risk pregnancy","Maternal, newborn and reproductive health","Current public form candidate","Revised HMIS formats effective April 2025","Official NHM state-hosted copy","https://nhm.hp.gov.in/reporting-formats","","Not specified","","Not supplied in registry metadata; consult the authoritative source","Monthly HMIS reporting element: Pregnant Women (PW) with Hypertension (BP>140/90). Denominator population: Not supplied in registry metadata; consult the authoritative source."
"","Data element","Pregnant Women (PW) with Syphilis","Monthly HMIS reporting element: Pregnant Women (PW) with Syphilis.","Antenatal care and high-risk pregnancy","Maternal, newborn and reproductive health","Current public form candidate","Revised HMIS formats effective April 2025","Official NHM state-hosted copy","https://nhm.hp.gov.in/reporting-formats","","Not specified","","Not supplied in registry metadata; consult the authoritative source","Monthly HMIS reporting element: Pregnant Women (PW) with Syphilis. Denominator population: Not supplied in registry metadata; consult the authoritative source."
"","Data element","Quality in sterilization services","Monthly HMIS reporting element: Quality in sterilization services.","Family planning","Maternal, newborn and reproductive health","Current public form candidate","Revised HMIS formats effective April 2025","Official NHM state-hosted copy","https://nhm.hp.gov.in/reporting-formats","","Not specified","","Not supplied in registry metadata; consult the authoritative source","Monthly HMIS reporting element: Quality in sterilization services. Denominator population: Not supplied in registry metadata; consult the authoritative source."
"","Data element","Radiology","Monthly HMIS reporting element: Radiology.","STI/RTI services","Maternal, newborn and reproductive health","Current public form candidate","Revised HMIS formats effective April 2025","Official NHM state-hosted copy","https://nhm.hp.gov.in/reporting-formats","","Not specified","","Not supplied in registry metadata; consult the authoritative source","Monthly HMIS reporting element: Radiology. Denominator population: Not supplied in registry metadata; consult the authoritative source."
"","Data element","Rapid Diagnostic Test (RDT )","Monthly HMIS reporting element: Rapid Diagnostic Test (RDT ).","STI/RTI services","Maternal, newborn and reproductive health","Current public form candidate","Revised HMIS formats effective April 2025","Official NHM state-hosted copy","https://nhm.hp.gov.in/reporting-formats","","Not specified","","Not supplied in registry metadata; consult the authoritative source","Monthly HMIS reporting element: Rapid Diagnostic Test (RDT ). Denominator population: Not supplied in registry metadata; consult the authoritative source."
"","Data element","Rashtriya Bal Swasthya Karyakram (RBSK)","Monthly HMIS reporting element: Rashtriya Bal Swasthya Karyakram (RBSK).","Antenatal care and high-risk pregnancy","Maternal, newborn and reproductive health","Current public form candidate","Revised HMIS formats effective April 2025","Official NHM state-hosted copy","https://nhm.hp.gov.in/reporting-formats","","Not specified","","Not supplied in registry metadata; consult the authoritative source","Monthly HMIS reporting element: Rashtriya Bal Swasthya Karyakram (RBSK). Denominator population: Not supplied in registry metadata; consult the authoritative source."
"","Data element","RDT conducted for Malaria","Monthly HMIS reporting element: RDT conducted for Malaria.","Vector-borne diseases","Communicable diseases","Current public form candidate","Revised HMIS formats effective April 2025","Official NHM state-hosted copy","https://nhm.hp.gov.in/reporting-formats","","Not specified","","Not supplied in registry metadata; consult the authoritative source","Monthly HMIS reporting element: RDT conducted for Malaria. Denominator population: Not supplied in registry metadata; consult the authoritative source."
"","Data element","RTI /STI colour coded syndromic kits ( I to VII)","Monthly HMIS reporting element: RTI /STI colour coded syndromic kits ( I to VII).","STI/RTI services","Maternal, newborn and reproductive health","Current public form candidate","Revised HMIS formats effective April 2025","Official NHM state-hosted copy","https://nhm.hp.gov.in/reporting-formats","","Not specified","","Not supplied in registry metadata; consult the authoritative source","Monthly HMIS reporting element: RTI /STI colour coded syndromic kits ( I to VII). Denominator population: Not supplied in registry metadata; consult the authoritative source."
"","Data element","Services provided","Monthly HMIS reporting element: Services provided.","Tuberculosis services","Communicable diseases","Current public form candidate","Revised HMIS formats effective April 2025","Official NHM state-hosted copy","https://nhm.hp.gov.in/reporting-formats","","Not specified","","Not supplied in registry metadata; consult the authoritative source","Monthly HMIS reporting element: Services provided. Denominator population: Not supplied in registry metadata; consult the authoritative source."
"","Data element","Services provided in outreach camps during the month","Monthly HMIS reporting element: Services provided in outreach camps during the month.","Patient services and utilization","Health services and systems","Current public form candidate","Revised HMIS formats effective April 2025","Official NHM state-hosted copy","https://nhm.hp.gov.in/reporting-formats","","Not specified","","Not supplied in registry metadata; consult the authoritative source","Monthly HMIS reporting element: Services provided in outreach camps during the month. Denominator population: Not supplied in registry metadata; consult the authoritative source."
"","Data element","Sick Newborns (up to 4 weeks) Admissions","Monthly HMIS reporting element: Sick Newborns (up to 4 weeks) Admissions.","Newborn and pregnancy outcomes","Maternal, newborn and reproductive health","Current public form candidate","Revised HMIS formats effective April 2025","Official NHM state-hosted copy","https://nhm.hp.gov.in/reporting-formats","","Not specified","","Not supplied in registry metadata; consult the authoritative source","Monthly HMIS reporting element: Sick Newborns (up to 4 weeks) Admissions. Denominator population: Not supplied in registry metadata; consult the authoritative source."
"","Data element","SNCU(Deaths & Discharge)","Monthly HMIS reporting element: SNCU(Deaths & Discharge).","Newborn and pregnancy outcomes","Maternal, newborn and reproductive health","Current public form candidate","Revised HMIS formats effective April 2025","Official NHM state-hosted copy","https://nhm.hp.gov.in/reporting-formats","","Not specified","","Not supplied in registry metadata; consult the authoritative source","Monthly HMIS reporting element: SNCU(Deaths & Discharge). Denominator population: Not supplied in registry metadata; consult the authoritative source."
"","Data element","STI/RTI attendees Tested for Syphilis","Monthly HMIS reporting element: STI/RTI attendees Tested for Syphilis.","STI/RTI services","Maternal, newborn and reproductive health","Current public form candidate","Revised HMIS formats effective April 2025","Official NHM state-hosted copy","https://nhm.hp.gov.in/reporting-formats","","Not specified","","Not supplied in registry metadata; consult the authoritative source","Monthly HMIS reporting element: STI/RTI attendees Tested for Syphilis. Denominator population: Not supplied in registry metadata; consult the authoritative source."
"","Data element","Still Birth","Monthly HMIS reporting element: Still Birth.","Antenatal care and high-risk pregnancy","Maternal, newborn and reproductive health","Current public form candidate","Revised HMIS formats effective April 2025","Official NHM state-hosted copy","https://nhm.hp.gov.in/reporting-formats","","Not specified","","Not supplied in registry metadata; consult the authoritative source","Monthly HMIS reporting element: Still Birth. Denominator population: Not supplied in registry metadata; consult the authoritative source."
"","Data element","Surgical MTPs upto 12 weeks of pregnancy","Monthly HMIS reporting element: Surgical MTPs upto 12 weeks of pregnancy.","Antenatal care and high-risk pregnancy","Maternal, newborn and reproductive health","Current public form candidate","Revised HMIS formats effective April 2025","Official NHM state-hosted copy","https://nhm.hp.gov.in/reporting-formats","","Not specified","","Not supplied in registry metadata; consult the authoritative source","Monthly HMIS reporting element: Surgical MTPs upto 12 weeks of pregnancy. Denominator population: Not supplied in registry metadata; consult the authoritative source."
"","Data element","Syphilis test conducted for Pregnant Women","Monthly HMIS reporting element: Syphilis test conducted for Pregnant Women.","Antenatal care and high-risk pregnancy","Maternal, newborn and reproductive health","Current public form candidate","Revised HMIS formats effective April 2025","Official NHM state-hosted copy","https://nhm.hp.gov.in/reporting-formats","","Not specified","","Not supplied in registry metadata; consult the authoritative source","Monthly HMIS reporting element: Syphilis test conducted for Pregnant Women. Denominator population: Not supplied in registry metadata; consult the authoritative source."
"","Data element","The number registered at the NCD clinic includes the number of presumptive TB cases identified and referred for TB testing and diagnosis","Monthly HMIS reporting element: The number registered at the NCD clinic includes the number of presumptive TB cases identified and referred for TB testing and diagnosis.","STI/RTI services","Maternal, newborn and reproductive health","Current public form candidate","Revised HMIS formats effective April 2025","Official NHM state-hosted copy","https://nhm.hp.gov.in/reporting-formats","","Not specified","","Not supplied in registry metadata; consult the authoritative source","Monthly HMIS reporting element: The number registered at the NCD clinic includes the number of presumptive TB cases identified and referred for TB testing and diagnosis. Denominator population: Not supplied in registry metadata; consult the authoritative source."
"","Data element","Thyroid test conducted for Pregnant Women","Monthly HMIS reporting element: Thyroid test conducted for Pregnant Women.","Antenatal care and high-risk pregnancy","Maternal, newborn and reproductive health","Current public form candidate","Revised HMIS formats effective April 2025","Official NHM state-hosted copy","https://nhm.hp.gov.in/reporting-formats","","Not specified","","Not supplied in registry metadata; consult the authoritative source","Monthly HMIS reporting element: Thyroid test conducted for Pregnant Women. Denominator population: Not supplied in registry metadata; consult the authoritative source."
"","Data element","Total ANC footfall/cases (Old cases + New Registration) attended","Monthly HMIS reporting element: Total ANC footfall/cases (Old cases + New Registration) attended.","Antenatal care and high-risk pregnancy","Maternal, newborn and reproductive health","Current public form candidate","Revised HMIS formats effective April 2025","Official NHM state-hosted copy","https://nhm.hp.gov.in/reporting-formats","","Not specified","","Not supplied in registry metadata; consult the authoritative source","Monthly HMIS reporting element: Total ANC footfall/cases (Old cases + New Registration) attended. Denominator population: Not supplied in registry metadata; consult the authoritative source."
"","Data element","Total Blood Smears Examined for Malaria","Monthly HMIS reporting element: Total Blood Smears Examined for Malaria.","Vector-borne diseases","Communicable diseases","Current public form candidate","Revised HMIS formats effective April 2025","Official NHM state-hosted copy","https://nhm.hp.gov.in/reporting-formats","","Not specified","","Not supplied in registry metadata; consult the authoritative source","Monthly HMIS reporting element: Total Blood Smears Examined for Malaria. Denominator population: Not supplied in registry metadata; consult the authoritative source."
"","Data element","Total cases Referred out (OPD+Emergency)-During Day","Monthly HMIS reporting element: Total cases Referred out (OPD+Emergency)-During Day.","Patient services and utilization","Health services and systems","Current public form candidate","Revised HMIS formats effective April 2025","Official NHM state-hosted copy","https://nhm.hp.gov.in/reporting-formats","","Not specified","","Not supplied in registry metadata; consult the authoritative source","Monthly HMIS reporting element: Total cases Referred out (OPD+Emergency)-During Day. Denominator population: Not supplied in registry metadata; consult the authoritative source."
"","Data element","Total cases Referred out (OPD+IPD+Emergency)-At Night (8 PM- 8 AM)","Monthly HMIS reporting element: Total cases Referred out (OPD+IPD+Emergency)-At Night (8 PM- 8 AM).","Tuberculosis services","Communicable diseases","Current public form candidate","Revised HMIS formats effective April 2025","Official NHM state-hosted copy","https://nhm.hp.gov.in/reporting-formats","","Not specified","","Not supplied in registry metadata; consult the authoritative source","Monthly HMIS reporting element: Total cases Referred out (OPD+IPD+Emergency)-At Night (8 PM- 8 AM). Denominator population: Not supplied in registry metadata; consult the authoritative source."
"","Data element","Total cases Referred out (OPD+IPD+Emergency)-During Day","Monthly HMIS reporting element: Total cases Referred out (OPD+IPD+Emergency)-During Day.","Tuberculosis services","Communicable diseases","Current public form candidate","Revised HMIS formats effective April 2025","Official NHM state-hosted copy","https://nhm.hp.gov.in/reporting-formats","","Not specified","","Not supplied in registry metadata; consult the authoritative source","Monthly HMIS reporting element: Total cases Referred out (OPD+IPD+Emergency)-During Day. Denominator population: Not supplied in registry metadata; consult the authoritative source."
"","Data element","Total Deaths (5 years and above of age): Excluding in-transit & maternal deaths","Monthly HMIS reporting element: Total Deaths (5 years and above of age): Excluding in-transit & maternal deaths.","Mortality and death review","Mortality and vital events","Current public form candidate","Revised HMIS formats effective April 2025","Official NHM state-hosted copy","https://nhm.hp.gov.in/reporting-formats","","Not specified","","Not supplied in registry metadata; consult the authoritative source","Monthly HMIS reporting element: Total Deaths (5 years and above of age): Excluding in-transit & maternal deaths. Denominator population: Not supplied in registry metadata; consult the authoritative source."
"","Data element","Total Facility Based Maternal Death Reviews (FBMDR) done","Monthly HMIS reporting element: Total Facility Based Maternal Death Reviews (FBMDR) done.","Mortality and death review","Mortality and vital events","Current public form candidate","Revised HMIS formats effective April 2025","Official NHM state-hosted copy","https://nhm.hp.gov.in/reporting-formats","","Not specified","","Not supplied in registry metadata; consult the authoritative source","Monthly HMIS reporting element: Total Facility Based Maternal Death Reviews (FBMDR) done. Denominator population: Not supplied in registry metadata; consult the authoritative source."
"","Data element","Total High Risk Pregnancy (HRP) Antepartum (Only New Cases are to be reported)","Monthly HMIS reporting element: Total High Risk Pregnancy (HRP) Antepartum (Only New Cases are to be reported).","Antenatal care and high-risk pregnancy","Maternal, newborn and reproductive health","Current public form candidate","Revised HMIS formats effective April 2025","Official NHM state-hosted copy","https://nhm.hp.gov.in/reporting-formats","","Not specified","","Not supplied in registry metadata; consult the authoritative source","Monthly HMIS reporting element: Total High Risk Pregnancy (HRP) Antepartum (Only New Cases are to be reported). Denominator population: Not supplied in registry metadata; consult the authoritative source."
"","Data element","Total High Risk Pregnancy (HRP) Intrapartum including following:","Monthly HMIS reporting element: Total High Risk Pregnancy (HRP) Intrapartum including following:.","Antenatal care and high-risk pregnancy","Maternal, newborn and reproductive health","Current public form candidate","Revised HMIS formats effective April 2025","Official NHM state-hosted copy","https://nhm.hp.gov.in/reporting-formats","","Not specified","","Not supplied in registry metadata; consult the authoritative source","Monthly HMIS reporting element: Total High Risk Pregnancy (HRP) Intrapartum including following:. Denominator population: Not supplied in registry metadata; consult the authoritative source."
"","Data element","Total In-transit Deaths :Excluding infant & maternal deaths","Monthly HMIS reporting element: Total In-transit Deaths :Excluding infant & maternal deaths.","Mortality and death review","Mortality and vital events","Current public form candidate","Revised HMIS formats effective April 2025","Official NHM state-hosted copy","https://nhm.hp.gov.in/reporting-formats","","Not specified","","Not supplied in registry metadata; consult the authoritative source","Monthly HMIS reporting element: Total In-transit Deaths :Excluding infant & maternal deaths. Denominator population: Not supplied in registry metadata; consult the authoritative source."
"","Data element","Total Maternal Deaths Reviewed (MDR) by CMO, out of total reported maternal deaths","Monthly HMIS reporting element: Total Maternal Deaths Reviewed (MDR) by CMO, out of total reported maternal deaths.","Mortality and death review","Mortality and vital events","Current public form candidate","Revised HMIS formats effective April 2025","Official NHM state-hosted copy","https://nhm.hp.gov.in/reporting-formats","","Not specified","","Not supplied in registry metadata; consult the authoritative source","Monthly HMIS reporting element: Total Maternal Deaths Reviewed (MDR) by CMO, out of total reported maternal deaths. Denominator population: Not supplied in registry metadata; consult the authoritative source."
"","Data element","Total Maternal Deaths Reviewed (MDR) by DM, out of total reported maternal deaths","Monthly HMIS reporting element: Total Maternal Deaths Reviewed (MDR) by DM, out of total reported maternal deaths.","Mortality and death review","Mortality and vital events","Current public form candidate","Revised HMIS formats effective April 2025","Official NHM state-hosted copy","https://nhm.hp.gov.in/reporting-formats","","Not specified","","Not supplied in registry metadata; consult the authoritative source","Monthly HMIS reporting element: Total Maternal Deaths Reviewed (MDR) by DM, out of total reported maternal deaths. Denominator population: Not supplied in registry metadata; consult the authoritative source."
"","Data element","Total Maternal Deaths, occurred at Home to be reported at Block level","Monthly HMIS reporting element: Total Maternal Deaths, occurred at Home to be reported at Block level.","Mortality and death review","Mortality and vital events","Current public form candidate","Revised HMIS formats effective April 2025","Official NHM state-hosted copy","https://nhm.hp.gov.in/reporting-formats","","Not specified","","Not supplied in registry metadata; consult the authoritative source","Monthly HMIS reporting element: Total Maternal Deaths, occurred at Home to be reported at Block level. Denominator population: Not supplied in registry metadata; consult the authoritative source."
"","Data element","Total No of High Risk Mothers identified during Post Natal Period","Monthly HMIS reporting element: Total No of High Risk Mothers identified during Post Natal Period.","Antenatal care and high-risk pregnancy","Maternal, newborn and reproductive health","Current public form candidate","Revised HMIS formats effective April 2025","Official NHM state-hosted copy","https://nhm.hp.gov.in/reporting-formats","","Not specified","","Not supplied in registry metadata; consult the authoritative source","Monthly HMIS reporting element: Total No of High Risk Mothers identified during Post Natal Period. Denominator population: Not supplied in registry metadata; consult the authoritative source."
"","Data element","Total no. of highrisk ANC cases referred in to the facility (Referred in)","Monthly HMIS reporting element: Total no. of highrisk ANC cases referred in to the facility (Referred in).","Antenatal care and high-risk pregnancy","Maternal, newborn and reproductive health","Current public form candidate","Revised HMIS formats effective April 2025","Official NHM state-hosted copy","https://nhm.hp.gov.in/reporting-formats","","Not specified","","Not supplied in registry metadata; consult the authoritative source","Monthly HMIS reporting element: Total no. of highrisk ANC cases referred in to the facility (Referred in). Denominator population: Not supplied in registry metadata; consult the authoritative source."
"","Data element","Total no. of highrisk ANC cases referred to Higher/ any other facility (Referred out)","Monthly HMIS reporting element: Total no. of highrisk ANC cases referred to Higher/ any other facility (Referred out).","Antenatal care and high-risk pregnancy","Maternal, newborn and reproductive health","Current public form candidate","Revised HMIS formats effective April 2025","Official NHM state-hosted copy","https://nhm.hp.gov.in/reporting-formats","","Not specified","","Not supplied in registry metadata; consult the authoritative source","Monthly HMIS reporting element: Total no. of highrisk ANC cases referred to Higher/ any other facility (Referred out). Denominator population: Not supplied in registry metadata; consult the authoritative source."
"","Data element","Total no. of Intrapartum/PNC High Risk Pregnancy cases attended or referred into the facility (Referred in)","Monthly HMIS reporting element: Total no. of Intrapartum/PNC High Risk Pregnancy cases attended or referred into the facility (Referred in).","Antenatal care and high-risk pregnancy","Maternal, newborn and reproductive health","Current public form candidate","Revised HMIS formats effective April 2025","Official NHM state-hosted copy","https://nhm.hp.gov.in/reporting-formats","","Not specified","","Not supplied in registry metadata; consult the authoritative source","Monthly HMIS reporting element: Total no. of Intrapartum/PNC High Risk Pregnancy cases attended or referred into the facility (Referred in). Denominator population: Not supplied in registry metadata; consult the authoritative source."
"","Data element","Total no. of Intrapartum/PNC High Risk Pregnancy cases referred to Higher/ any other facility (Referred out)","Monthly HMIS reporting element: Total no. of Intrapartum/PNC High Risk Pregnancy cases referred to Higher/ any other facility (Referred out).","Antenatal care and high-risk pregnancy","Maternal, newborn and reproductive health","Current public form candidate","Revised HMIS formats effective April 2025","Official NHM state-hosted copy","https://nhm.hp.gov.in/reporting-formats","","Not specified","","Not supplied in registry metadata; consult the authoritative source","Monthly HMIS reporting element: Total no. of Intrapartum/PNC High Risk Pregnancy cases referred to Higher/ any other facility (Referred out). Denominator population: Not supplied in registry metadata; consult the authoritative source."
"","Data element","Total number cases examined in outreach camps for Mental illness","Monthly HMIS reporting element: Total number cases examined in outreach camps for Mental illness.","Mental health","Health services and systems","Current public form candidate","Revised HMIS formats effective April 2025","Official NHM state-hosted copy","https://nhm.hp.gov.in/reporting-formats","","Not specified","","Not supplied in registry metadata; consult the authoritative source","Monthly HMIS reporting element: Total number cases examined in outreach camps for Mental illness. Denominator population: Not supplied in registry metadata; consult the authoritative source."
"","Data element","Total number of Biochemistry tests registered under External Quality Assurance Scheme (EQAS)","Monthly HMIS reporting element: Total number of Biochemistry tests registered under External Quality Assurance Scheme (EQAS).","Diagnostics and laboratory services","Health services and systems","Current public form candidate","Revised HMIS formats effective April 2025","Official NHM state-hosted copy","https://nhm.hp.gov.in/reporting-formats","","Not specified","","Not supplied in registry metadata; consult the authoritative source","Monthly HMIS reporting element: Total number of Biochemistry tests registered under External Quality Assurance Scheme (EQAS). Denominator population: Not supplied in registry metadata; consult the authoritative source."
"","Data element","Total number of blood samples screened by ELISA/Rapid tests for viral hepatitis","Monthly HMIS reporting element: Total number of blood samples screened by ELISA/Rapid tests for viral hepatitis.","Tuberculosis services","Communicable diseases","Current public form candidate","Revised HMIS formats effective April 2025","Official NHM state-hosted copy","https://nhm.hp.gov.in/reporting-formats","","Not specified","","Not supplied in registry metadata; consult the authoritative source","Monthly HMIS reporting element: Total number of blood samples screened by ELISA/Rapid tests for viral hepatitis. Denominator population: Not supplied in registry metadata; consult the authoritative source."
"","Data element","Total number of blood samples screened by ELISA/Rapid tests for viral hepatitis A (IgM Anti- HAV)","Monthly HMIS reporting element: Total number of blood samples screened by ELISA/Rapid tests for viral hepatitis A (IgM Anti- HAV).","Tuberculosis services","Communicable diseases","Current public form candidate","Revised HMIS formats effective April 2025","Official NHM state-hosted copy","https://nhm.hp.gov.in/reporting-formats","","Not specified","","Not supplied in registry metadata; consult the authoritative source","Monthly HMIS reporting element: Total number of blood samples screened by ELISA/Rapid tests for viral hepatitis A (IgM Anti- HAV). Denominator population: Not supplied in registry metadata; consult the authoritative source."
"","Data element","Total number of blood samples screened by ELISA/Rapid tests for viral hepatitis B i.e. HBsAg (excluding pregnant women)","Monthly HMIS reporting element: Total number of blood samples screened by ELISA/Rapid tests for viral hepatitis B i.e. HBsAg (excluding pregnant women).","Antenatal care and high-risk pregnancy","Maternal, newborn and reproductive health","Current public form candidate","Revised HMIS formats effective April 2025","Official NHM state-hosted copy","https://nhm.hp.gov.in/reporting-formats","","Not specified","","Not supplied in registry metadata; consult the authoritative source","Monthly HMIS reporting element: Total number of blood samples screened by ELISA/Rapid tests for viral hepatitis B i.e. HBsAg (excluding pregnant women). Denominator population: Not supplied in registry metadata; consult the authoritative source."
"","Data element","Total number of blood samples screened by ELISA/Rapid tests for viral hepatitis C (Anti- HCV)","Monthly HMIS reporting element: Total number of blood samples screened by ELISA/Rapid tests for viral hepatitis C (Anti- HCV).","Diagnostics and laboratory services","Health services and systems","Current public form candidate","Revised HMIS formats effective April 2025","Official NHM state-hosted copy","https://nhm.hp.gov.in/reporting-formats","","Not specified","","Not supplied in registry metadata; consult the authoritative source","Monthly HMIS reporting element: Total number of blood samples screened by ELISA/Rapid tests for viral hepatitis C (Anti- HCV). Denominator population: Not supplied in registry metadata; consult the authoritative source."
"","Data element","Total number of blood samples screened by ELISA/Rapid tests for viral hepatitis C(Anti- HCV)","Monthly HMIS reporting element: Total number of blood samples screened by ELISA/Rapid tests for viral hepatitis C(Anti- HCV).","Tuberculosis services","Communicable diseases","Current public form candidate","Revised HMIS formats effective April 2025","Official NHM state-hosted copy","https://nhm.hp.gov.in/reporting-formats","","Not specified","","Not supplied in registry metadata; consult the authoritative source","Monthly HMIS reporting element: Total number of blood samples screened by ELISA/Rapid tests for viral hepatitis C(Anti- HCV). Denominator population: Not supplied in registry metadata; consult the authoritative source."
"","Data element","Total number of blood samples screened by ELISA/Rapid tests for viral hepatitis E(i.e. IgM Anti- HEV)","Monthly HMIS reporting element: Total number of blood samples screened by ELISA/Rapid tests for viral hepatitis E(i.e. IgM Anti- HEV).","Tuberculosis services","Communicable diseases","Current public form candidate","Revised HMIS formats effective April 2025","Official NHM state-hosted copy","https://nhm.hp.gov.in/reporting-formats","","Not specified","","Not supplied in registry metadata; consult the authoritative source","Monthly HMIS reporting element: Total number of blood samples screened by ELISA/Rapid tests for viral hepatitis E(i.e. IgM Anti- HEV). Denominator population: Not supplied in registry metadata; consult the authoritative source."
"","Data element","Total number of blood samples screened by ELISA/Rapid tests for viral hepatitis E(i.e. IgM Anti-HEV)","Monthly HMIS reporting element: Total number of blood samples screened by ELISA/Rapid tests for viral hepatitis E(i.e. IgM Anti-HEV).","Diagnostics and laboratory services","Health services and systems","Current public form candidate","Revised HMIS formats effective April 2025","Official NHM state-hosted copy","https://nhm.hp.gov.in/reporting-formats","","Not specified","","Not supplied in registry metadata; consult the authoritative source","Monthly HMIS reporting element: Total number of blood samples screened by ELISA/Rapid tests for viral hepatitis E(i.e. IgM Anti-HEV). Denominator population: Not supplied in registry metadata; consult the authoritative source."
"","Data element","Total number of blood samples tested positive by ELISA/ Rapid tests for Hepatitis A (out of those tested for IgM Anti- HAV)","Monthly HMIS reporting element: Total number of blood samples tested positive by ELISA/ Rapid tests for Hepatitis A (out of those tested for IgM Anti- HAV).","Tuberculosis services","Communicable diseases","Current public form candidate","Revised HMIS formats effective April 2025","Official NHM state-hosted copy","https://nhm.hp.gov.in/reporting-formats","","Not specified","","Not supplied in registry metadata; consult the authoritative source","Monthly HMIS reporting element: Total number of blood samples tested positive by ELISA/ Rapid tests for Hepatitis A (out of those tested for IgM Anti- HAV). Denominator population: Not supplied in registry metadata; consult the authoritative source."
"","Data element","Total number of blood samples tested positive by ELISA/ Rapid tests for Hepatitis B (out of those tested for HBsAg excluding pregnant women)","Monthly HMIS reporting element: Total number of blood samples tested positive by ELISA/ Rapid tests for Hepatitis B (out of those tested for HBsAg excluding pregnant women).","Antenatal care and high-risk pregnancy","Maternal, newborn and reproductive health","Current public form candidate","Revised HMIS formats effective April 2025","Official NHM state-hosted copy","https://nhm.hp.gov.in/reporting-formats","","Not specified","","Not supplied in registry metadata; consult the authoritative source","Monthly HMIS reporting element: Total number of blood samples tested positive by ELISA/ Rapid tests for Hepatitis B (out of those tested for HBsAg excluding pregnant women). Denominator population: Not supplied in registry metadata; consult the authoritative source."
"","Data element","Total number of blood samples tested positive by ELISA/ Rapid tests for Hepatitis C (out of those tested for Anti-HCV)","Monthly HMIS reporting element: Total number of blood samples tested positive by ELISA/ Rapid tests for Hepatitis C (out of those tested for Anti-HCV).","Tuberculosis services","Communicable diseases","Current public form candidate","Revised HMIS formats effective April 2025","Official NHM state-hosted copy","https://nhm.hp.gov.in/reporting-formats","","Not specified","","Not supplied in registry metadata; consult the authoritative source","Monthly HMIS reporting element: Total number of blood samples tested positive by ELISA/ Rapid tests for Hepatitis C (out of those tested for Anti-HCV). Denominator population: Not supplied in registry metadata; consult the authoritative source."
"","Data element","Total number of blood samples tested positive by ELISA/ Rapid tests for Hepatitis E(out of those tested for IgM Anti-HEV)","Monthly HMIS reporting element: Total number of blood samples tested positive by ELISA/ Rapid tests for Hepatitis E(out of those tested for IgM Anti-HEV).","Tuberculosis services","Communicable diseases","Current public form candidate","Revised HMIS formats effective April 2025","Official NHM state-hosted copy","https://nhm.hp.gov.in/reporting-formats","","Not specified","","Not supplied in registry metadata; consult the authoritative source","Monthly HMIS reporting element: Total number of blood samples tested positive by ELISA/ Rapid tests for Hepatitis E(out of those tested for IgM Anti-HEV). Denominator population: Not supplied in registry metadata; consult the authoritative source."
"","Data element","Total number of blood samples tested positive by ELISA/ Rapid tests for viral hepatitis & its management","Monthly HMIS reporting element: Total number of blood samples tested positive by ELISA/ Rapid tests for viral hepatitis & its management.","Tuberculosis services","Communicable diseases","Current public form candidate","Revised HMIS formats effective April 2025","Official NHM state-hosted copy","https://nhm.hp.gov.in/reporting-formats","","Not specified","","Not supplied in registry metadata; consult the authoritative source","Monthly HMIS reporting element: Total number of blood samples tested positive by ELISA/ Rapid tests for viral hepatitis & its management. Denominator population: Not supplied in registry metadata; consult the authoritative source."
"","Data element","Total number of breakdown attended for the month","Monthly HMIS reporting element: Total number of breakdown attended for the month.","Medicines, supplies and equipment","Health services and systems","Current public form candidate","Revised HMIS formats effective April 2025","Official NHM state-hosted copy","https://nhm.hp.gov.in/reporting-formats","","Not specified","","Not supplied in registry metadata; consult the authoritative source","Monthly HMIS reporting element: Total number of breakdown attended for the month. Denominator population: Not supplied in registry metadata; consult the authoritative source."
"","Data element","Total number of breakdown calls reported for the month","Monthly HMIS reporting element: Total number of breakdown calls reported for the month.","Medicines, supplies and equipment","Health services and systems","Current public form candidate","Revised HMIS formats effective April 2025","Official NHM state-hosted copy","https://nhm.hp.gov.in/reporting-formats","","Not specified","","Not supplied in registry metadata; consult the authoritative source","Monthly HMIS reporting element: Total number of breakdown calls reported for the month. Denominator population: Not supplied in registry metadata; consult the authoritative source."
"","Data element","Total number of C -Section deliveries performed","Monthly HMIS reporting element: Total number of C -Section deliveries performed.","Delivery and intrapartum care","Maternal, newborn and reproductive health","Current public form candidate","Revised HMIS formats effective April 2025","Official NHM state-hosted copy","https://nhm.hp.gov.in/reporting-formats","","Not specified","","Not supplied in registry metadata; consult the authoritative source","Monthly HMIS reporting element: Total number of C -Section deliveries performed. Denominator population: Not supplied in registry metadata; consult the authoritative source."
"","Data element","Total Number of cases Referred out (OPD+Emergency)","Monthly HMIS reporting element: Total Number of cases Referred out (OPD+Emergency).","Patient services and utilization","Health services and systems","Current public form candidate","Revised HMIS formats effective April 2025","Official NHM state-hosted copy","https://nhm.hp.gov.in/reporting-formats","","Not specified","","Not supplied in registry metadata; consult the authoritative source","Monthly HMIS reporting element: Total Number of cases Referred out (OPD+Emergency). Denominator population: Not supplied in registry metadata; consult the authoritative source."
"","Data element","Total Number of cases Referred out (OPD+IPD+Emergency)","Monthly HMIS reporting element: Total Number of cases Referred out (OPD+IPD+Emergency).","Tuberculosis services","Communicable diseases","Current public form candidate","Revised HMIS formats effective April 2025","Official NHM state-hosted copy","https://nhm.hp.gov.in/reporting-formats","","Not specified","","Not supplied in registry metadata; consult the authoritative source","Monthly HMIS reporting element: Total Number of cases Referred out (OPD+IPD+Emergency). Denominator population: Not supplied in registry metadata; consult the authoritative source."
"","Data element","Total number of Child Deaths Reviewed by CMHO Level","Monthly HMIS reporting element: Total number of Child Deaths Reviewed by CMHO Level.","Mortality and death review","Mortality and vital events","Current public form candidate","Revised HMIS formats effective April 2025","Official NHM state-hosted copy","https://nhm.hp.gov.in/reporting-formats","","Not specified","","Not supplied in registry metadata; consult the authoritative source","Monthly HMIS reporting element: Total number of Child Deaths Reviewed by CMHO Level. Denominator population: Not supplied in registry metadata; consult the authoritative source."
"","Data element","Total number of Child Deaths Reviewed by DM Level","Monthly HMIS reporting element: Total number of Child Deaths Reviewed by DM Level.","Mortality and death review","Mortality and vital events","Current public form candidate","Revised HMIS formats effective April 2025","Official NHM state-hosted copy","https://nhm.hp.gov.in/reporting-formats","","Not specified","","Not supplied in registry metadata; consult the authoritative source","Monthly HMIS reporting element: Total number of Child Deaths Reviewed by DM Level. Denominator population: Not supplied in registry metadata; consult the authoritative source."
"","Data element","Total number of Children received all scheduled 5 Home visits under HBYC","Monthly HMIS reporting element: Total number of Children received all scheduled 5 Home visits under HBYC.","Delivery and intrapartum care","Maternal, newborn and reproductive health","Current public form candidate","Revised HMIS formats effective April 2025","Official NHM state-hosted copy","https://nhm.hp.gov.in/reporting-formats","","Not specified","","Not supplied in registry metadata; consult the authoritative source","Monthly HMIS reporting element: Total number of Children received all scheduled 5 Home visits under HBYC. Denominator population: Not supplied in registry metadata; consult the authoritative source."
"","Data element","Total Number of CPR performed in the emergency","Monthly HMIS reporting element: Total Number of CPR performed in the emergency.","Tuberculosis services","Communicable diseases","Current public form candidate","Revised HMIS formats effective April 2025","Official NHM state-hosted copy","https://nhm.hp.gov.in/reporting-formats","","Not specified","","Not supplied in registry metadata; consult the authoritative source","Monthly HMIS reporting element: Total Number of CPR performed in the emergency. Denominator population: Not supplied in registry metadata; consult the authoritative source."
"","Data element","Total number of deaths occurring at Emergency Department","Monthly HMIS reporting element: Total number of deaths occurring at Emergency Department.","Tuberculosis services","Communicable diseases","Current public form candidate","Revised HMIS formats effective April 2025","Official NHM state-hosted copy","https://nhm.hp.gov.in/reporting-formats","","Not specified","","Not supplied in registry metadata; consult the authoritative source","Monthly HMIS reporting element: Total number of deaths occurring at Emergency Department. Denominator population: Not supplied in registry metadata; consult the authoritative source."
"","Data element","Total Number of Emergency cases managed","Monthly HMIS reporting element: Total Number of Emergency cases managed.","Tuberculosis services","Communicable diseases","Current public form candidate","Revised HMIS formats effective April 2025","Official NHM state-hosted copy","https://nhm.hp.gov.in/reporting-formats","","Not specified","","Not supplied in registry metadata; consult the authoritative source","Monthly HMIS reporting element: Total Number of Emergency cases managed. Denominator population: Not supplied in registry metadata; consult the authoritative source."
"","Data element","Total Number of Emergency cases referred out","Monthly HMIS reporting element: Total Number of Emergency cases referred out.","Tuberculosis services","Communicable diseases","Current public form candidate","Revised HMIS formats effective April 2025","Official NHM state-hosted copy","https://nhm.hp.gov.in/reporting-formats","","Not specified","","Not supplied in registry metadata; consult the authoritative source","Monthly HMIS reporting element: Total Number of Emergency cases referred out. Denominator population: Not supplied in registry metadata; consult the authoritative source."
"","Data element","Total number of female (non-ANC) tested for Syphilis (RPR/VDRL/PoC/ RDT/TPHA)","Monthly HMIS reporting element: Total number of female (non-ANC) tested for Syphilis (RPR/VDRL/PoC/ RDT/TPHA).","Antenatal care and high-risk pregnancy","Maternal, newborn and reproductive health","Current public form candidate","Revised HMIS formats effective April 2025","Official NHM state-hosted copy","https://nhm.hp.gov.in/reporting-formats","","Not specified","","Not supplied in registry metadata; consult the authoritative source","Monthly HMIS reporting element: Total number of female (non-ANC) tested for Syphilis (RPR/VDRL/PoC/ RDT/TPHA). Denominator population: Not supplied in registry metadata; consult the authoritative source."
"","Data element","Total number of footfall in outreach camps/sessions","Monthly HMIS reporting element: Total number of footfall in outreach camps/sessions.","Patient services and utilization","Health services and systems","Current public form candidate","Revised HMIS formats effective April 2025","Official NHM state-hosted copy","https://nhm.hp.gov.in/reporting-formats","","Not specified","","Not supplied in registry metadata; consult the authoritative source","Monthly HMIS reporting element: Total number of footfall in outreach camps/sessions. Denominator population: Not supplied in registry metadata; consult the authoritative source."
"","Data element","Total number of geriatric/elderly patients (age>=60 yrs) Registered","Monthly HMIS reporting element: Total number of geriatric/elderly patients (age>=60 yrs) Registered.","Tuberculosis services","Communicable diseases","Current public form candidate","Revised HMIS formats effective April 2025","Official NHM state-hosted copy","https://nhm.hp.gov.in/reporting-formats","","Not specified","","Not supplied in registry metadata; consult the authoritative source","Monthly HMIS reporting element: Total number of geriatric/elderly patients (age>=60 yrs) Registered. Denominator population: Not supplied in registry metadata; consult the authoritative source."
"","Data element","Total number of H/TG people tested for Syphilis (RPR/VDRL/PoC/ RDT/TPHA)","Monthly HMIS reporting element: Total number of H/TG people tested for Syphilis (RPR/VDRL/PoC/ RDT/TPHA).","STI/RTI services","Maternal, newborn and reproductive health","Current public form candidate","Revised HMIS formats effective April 2025","Official NHM state-hosted copy","https://nhm.hp.gov.in/reporting-formats","","Not specified","","Not supplied in registry metadata; consult the authoritative source","Monthly HMIS reporting element: Total number of H/TG people tested for Syphilis (RPR/VDRL/PoC/ RDT/TPHA). Denominator population: Not supplied in registry metadata; consult the authoritative source."
"","Data element","Total number of Haematology tests registered under External Quality Assurance Scheme (EQAS)","Monthly HMIS reporting element: Total number of Haematology tests registered under External Quality Assurance Scheme (EQAS).","Diagnostics and laboratory services","Health services and systems","Current public form candidate","Revised HMIS formats effective April 2025","Official NHM state-hosted copy","https://nhm.hp.gov.in/reporting-formats","","Not specified","","Not supplied in registry metadata; consult the authoritative source","Monthly HMIS reporting element: Total number of Haematology tests registered under External Quality Assurance Scheme (EQAS). Denominator population: Not supplied in registry metadata; consult the authoritative source."
"","Data element","Total Number of Kit Tests conducted in Outreach areas/Camps/in-facility (outside lab)","Monthly HMIS reporting element: Total Number of Kit Tests conducted in Outreach areas/Camps/in-facility (outside lab).","STI/RTI services","Maternal, newborn and reproductive health","Current public form candidate","Revised HMIS formats effective April 2025","Official NHM state-hosted copy","https://nhm.hp.gov.in/reporting-formats","","Not specified","","Not supplied in registry metadata; consult the authoritative source","Monthly HMIS reporting element: Total Number of Kit Tests conducted in Outreach areas/Camps/in-facility (outside lab). Denominator population: Not supplied in registry metadata; consult the authoritative source."
"","Data element","Total Number of Kit Tests conducted in Outreach areas/Camps/in-facility(outside lab)","Monthly HMIS reporting element: Total Number of Kit Tests conducted in Outreach areas/Camps/in-facility(outside lab).","STI/RTI services","Maternal, newborn and reproductive health","Current public form candidate","Revised HMIS formats effective April 2025","Official NHM state-hosted copy","https://nhm.hp.gov.in/reporting-formats","","Not specified","","Not supplied in registry metadata; consult the authoritative source","Monthly HMIS reporting element: Total Number of Kit Tests conducted in Outreach areas/Camps/in-facility(outside lab). Denominator population: Not supplied in registry metadata; consult the authoritative source."
"","Data element","Total Number of Lab Tests & Kit Tests","Monthly HMIS reporting element: Total Number of Lab Tests & Kit Tests.","STI/RTI services","Maternal, newborn and reproductive health","Current public form candidate","Revised HMIS formats effective April 2025","Official NHM state-hosted copy","https://nhm.hp.gov.in/reporting-formats","","Not specified","","Not supplied in registry metadata; consult the authoritative source","Monthly HMIS reporting element: Total Number of Lab Tests & Kit Tests. Denominator population: Not supplied in registry metadata; consult the authoritative source."
"","Data element","Total Number of Lab Tests done- Inhouse (including kits tests conducted in Laboratory)","Monthly HMIS reporting element: Total Number of Lab Tests done- Inhouse (including kits tests conducted in Laboratory).","STI/RTI services","Maternal, newborn and reproductive health","Current public form candidate","Revised HMIS formats effective April 2025","Official NHM state-hosted copy","https://nhm.hp.gov.in/reporting-formats","","Not specified","","Not supplied in registry metadata; consult the authoritative source","Monthly HMIS reporting element: Total Number of Lab Tests done- Inhouse (including kits tests conducted in Laboratory). Denominator population: Not supplied in registry metadata; consult the authoritative source."
"","Data element","Total Number of Lab Tests done- Outsourced (including kits tests conducted in Laboratory)","Monthly HMIS reporting element: Total Number of Lab Tests done- Outsourced (including kits tests conducted in Laboratory).","STI/RTI services","Maternal, newborn and reproductive health","Current public form candidate","Revised HMIS formats effective April 2025","Official NHM state-hosted copy","https://nhm.hp.gov.in/reporting-formats","","Not specified","","Not supplied in registry metadata; consult the authoritative source","Monthly HMIS reporting element: Total Number of Lab Tests done- Outsourced (including kits tests conducted in Laboratory). Denominator population: Not supplied in registry metadata; consult the authoritative source."
"","Data element","Total number of Major Operations conducted excluding C-Section (General and spinal anaesthesia)","Monthly HMIS reporting element: Total number of Major Operations conducted excluding C-Section (General and spinal anaesthesia).","Delivery and intrapartum care","Maternal, newborn and reproductive health","Current public form candidate","Revised HMIS formats effective April 2025","Official NHM state-hosted copy","https://nhm.hp.gov.in/reporting-formats","","Not specified","","Not supplied in registry metadata; consult the authoritative source","Monthly HMIS reporting element: Total number of Major Operations conducted excluding C-Section (General and spinal anaesthesia). Denominator population: Not supplied in registry metadata; consult the authoritative source."
"","Data element","Total number of males tested for Syphilis (RPR/VDRL/PoC/ RDT/TPHA)","Monthly HMIS reporting element: Total number of males tested for Syphilis (RPR/VDRL/PoC/ RDT/TPHA).","STI/RTI services","Maternal, newborn and reproductive health","Current public form candidate","Revised HMIS formats effective April 2025","Official NHM state-hosted copy","https://nhm.hp.gov.in/reporting-formats","","Not specified","","Not supplied in registry metadata; consult the authoritative source","Monthly HMIS reporting element: Total number of males tested for Syphilis (RPR/VDRL/PoC/ RDT/TPHA). Denominator population: Not supplied in registry metadata; consult the authoritative source."
"","Data element","Total number of Medico Legal Cases reported at the facility","Monthly HMIS reporting element: Total number of Medico Legal Cases reported at the facility.","Tuberculosis services","Communicable diseases","Current public form candidate","Revised HMIS formats effective April 2025","Official NHM state-hosted copy","https://nhm.hp.gov.in/reporting-formats","","Not specified","","Not supplied in registry metadata; consult the authoritative source","Monthly HMIS reporting element: Total number of Medico Legal Cases reported at the facility. Denominator population: Not supplied in registry metadata; consult the authoritative source."
"","Data element","Total number of NEW Pregnant Women registered for ANC","Monthly HMIS reporting element: Total number of NEW Pregnant Women registered for ANC.","Antenatal care and high-risk pregnancy","Maternal, newborn and reproductive health","Current public form candidate","Revised HMIS formats effective April 2025","Official NHM state-hosted copy","https://nhm.hp.gov.in/reporting-formats","","Not specified","","Not supplied in registry metadata; consult the authoritative source","Monthly HMIS reporting element: Total number of NEW Pregnant Women registered for ANC. Denominator population: Not supplied in registry metadata; consult the authoritative source."
"","Data element","Total number of oral health camps organized at community/village level","Monthly HMIS reporting element: Total number of oral health camps organized at community/village level.","Other HMIS reporting","Health services and systems","Current public form candidate","Revised HMIS formats effective April 2025","Official NHM state-hosted copy","https://nhm.hp.gov.in/reporting-formats","","Not specified","","Not supplied in registry metadata; consult the authoritative source","Monthly HMIS reporting element: Total number of oral health camps organized at community/village level. Denominator population: Not supplied in registry metadata; consult the authoritative source."
"","Data element","Total Number of oral health camps organized at school level for school children","Monthly HMIS reporting element: Total Number of oral health camps organized at school level for school children.","Other HMIS reporting","Health services and systems","Current public form candidate","Revised HMIS formats effective April 2025","Official NHM state-hosted copy","https://nhm.hp.gov.in/reporting-formats","","Not specified","","Not supplied in registry metadata; consult the authoritative source","Monthly HMIS reporting element: Total Number of oral health camps organized at school level for school children. Denominator population: Not supplied in registry metadata; consult the authoritative source."
"","Data element","Total number of outreach visits conducted by staff","Monthly HMIS reporting element: Total number of outreach visits conducted by staff.","Patient services and utilization","Health services and systems","Current public form candidate","Revised HMIS formats effective April 2025","Official NHM state-hosted copy","https://nhm.hp.gov.in/reporting-formats","","Not specified","","Not supplied in registry metadata; consult the authoritative source","Monthly HMIS reporting element: Total number of outreach visits conducted by staff. Denominator population: Not supplied in registry metadata; consult the authoritative source."
"","Data element","Total number of outreach visits made by DMHP team","Monthly HMIS reporting element: Total number of outreach visits made by DMHP team.","Tuberculosis services","Communicable diseases","Current public form candidate","Revised HMIS formats effective April 2025","Official NHM state-hosted copy","https://nhm.hp.gov.in/reporting-formats","","Not specified","","Not supplied in registry metadata; consult the authoritative source","Monthly HMIS reporting element: Total number of outreach visits made by DMHP team. Denominator population: Not supplied in registry metadata; consult the authoritative source."
"","Data element","Total number of Outreach/Special Outreach camps conducted in the reportingmonth","Monthly HMIS reporting element: Total number of Outreach/Special Outreach camps conducted in the reportingmonth.","STI/RTI services","Maternal, newborn and reproductive health","Current public form candidate","Revised HMIS formats effective April 2025","Official NHM state-hosted copy","https://nhm.hp.gov.in/reporting-formats","","Not specified","","Not supplied in registry metadata; consult the authoritative source","Monthly HMIS reporting element: Total number of Outreach/Special Outreach camps conducted in the reportingmonth. Denominator population: Not supplied in registry metadata; consult the authoritative source."
"","Data element","Total number of positive blood samples for hepatitis B by ELISA/ Rapid tests tested for HBV DNA(out of those tested positive for HBsAg excluding pregnant women)","Monthly HMIS reporting element: Total number of positive blood samples for hepatitis B by ELISA/ Rapid tests tested for HBV DNA(out of those tested positive for HBsAg excluding pregnant women).","Antenatal care and high-risk pregnancy","Maternal, newborn and reproductive health","Current public form candidate","Revised HMIS formats effective April 2025","Official NHM state-hosted copy","https://nhm.hp.gov.in/reporting-formats","","Not specified","","Not supplied in registry metadata; consult the authoritative source","Monthly HMIS reporting element: Total number of positive blood samples for hepatitis B by ELISA/ Rapid tests tested for HBV DNA(out of those tested positive for HBsAg excluding pregnant women). Denominator population: Not supplied in registry metadata; consult the authoritative source."
"","Data element","Total number of positive blood samples for Hepatitis C screened by test (ELISA/ Rapid tests) confirmed by HCV RNA testing (out of those positive for anti-HCV)","Monthly HMIS reporting element: Total number of positive blood samples for Hepatitis C screened by test (ELISA/ Rapid tests) confirmed by HCV RNA testing (out of those positive for anti-HCV).","STI/RTI services","Maternal, newborn and reproductive health","Current public form candidate","Revised HMIS formats effective April 2025","Official NHM state-hosted copy","https://nhm.hp.gov.in/reporting-formats","","Not specified","","Not supplied in registry metadata; consult the authoritative source","Monthly HMIS reporting element: Total number of positive blood samples for Hepatitis C screened by test (ELISA/ Rapid tests) confirmed by HCV RNA testing (out of those positive for anti-HCV). Denominator population: Not supplied in registry metadata; consult the authoritative source."
"","Data element","Total number of postmortem conducted at the facility","Monthly HMIS reporting element: Total number of postmortem conducted at the facility.","Tuberculosis services","Communicable diseases","Current public form candidate","Revised HMIS formats effective April 2025","Official NHM state-hosted copy","https://nhm.hp.gov.in/reporting-formats","","Not specified","","Not supplied in registry metadata; consult the authoritative source","Monthly HMIS reporting element: Total number of postmortem conducted at the facility. Denominator population: Not supplied in registry metadata; consult the authoritative source."
"","Data element","Total number of telemedicine consultation provided","Monthly HMIS reporting element: Total number of telemedicine consultation provided.","Tuberculosis services","Communicable diseases","Current public form candidate","Revised HMIS formats effective April 2025","Official NHM state-hosted copy","https://nhm.hp.gov.in/reporting-formats","","Not specified","","Not supplied in registry metadata; consult the authoritative source","Monthly HMIS reporting element: Total number of telemedicine consultation provided. Denominator population: Not supplied in registry metadata; consult the authoritative source."
"","Data element","Total number of UHND/VHND sessions conducted in the reportingmonth","Monthly HMIS reporting element: Total number of UHND/VHND sessions conducted in the reportingmonth.","STI/RTI services","Maternal, newborn and reproductive health","Current public form candidate","Revised HMIS formats effective April 2025","Official NHM state-hosted copy","https://nhm.hp.gov.in/reporting-formats","","Not specified","","Not supplied in registry metadata; consult the authoritative source","Monthly HMIS reporting element: Total number of UHND/VHND sessions conducted in the reportingmonth. Denominator population: Not supplied in registry metadata; consult the authoritative source."
"","Data element","Total Post-abortion/MTP Complications Identified","Monthly HMIS reporting element: Total Post-abortion/MTP Complications Identified.","Antenatal care and high-risk pregnancy","Maternal, newborn and reproductive health","Current public form candidate","Revised HMIS formats effective April 2025","Official NHM state-hosted copy","https://nhm.hp.gov.in/reporting-formats","","Not specified","","Not supplied in registry metadata; consult the authoritative source","Monthly HMIS reporting element: Total Post-abortion/MTP Complications Identified. Denominator population: Not supplied in registry metadata; consult the authoritative source."
"","Data element","Total Quantity of Bio medical waste generated in Kg for the month - (All Yellow, Red, white & Blue)","Monthly HMIS reporting element: Total Quantity of Bio medical waste generated in Kg for the month - (All Yellow, Red, white & Blue).","Medicines, supplies and equipment","Health services and systems","Current public form candidate","Revised HMIS formats effective April 2025","Official NHM state-hosted copy","https://nhm.hp.gov.in/reporting-formats","","Not specified","","Not supplied in registry metadata; consult the authoritative source","Monthly HMIS reporting element: Total Quantity of Bio medical waste generated in Kg for the month - (All Yellow, Red, white & Blue). Denominator population: Not supplied in registry metadata; consult the authoritative source."
"","Data element","Total Quantity of General waste generated in Kg for the month","Monthly HMIS reporting element: Total Quantity of General waste generated in Kg for the month.","Medicines, supplies and equipment","Health services and systems","Current public form candidate","Revised HMIS formats effective April 2025","Official NHM state-hosted copy","https://nhm.hp.gov.in/reporting-formats","","Not specified","","Not supplied in registry metadata; consult the authoritative source","Monthly HMIS reporting element: Total Quantity of General waste generated in Kg for the month. Denominator population: Not supplied in registry metadata; consult the authoritative source."
"","Data element","Tuberculosis test conducted for Pregnant Women","Monthly HMIS reporting element: Tuberculosis test conducted for Pregnant Women.","Antenatal care and high-risk pregnancy","Maternal, newborn and reproductive health","Current public form candidate","Revised HMIS formats effective April 2025","Official NHM state-hosted copy","https://nhm.hp.gov.in/reporting-formats","","Not specified","","Not supplied in registry metadata; consult the authoritative source","Monthly HMIS reporting element: Tuberculosis test conducted for Pregnant Women. Denominator population: Not supplied in registry metadata; consult the authoritative source."
"","Data element","Ultrasonography (USG) (Inhouse)","Monthly HMIS reporting element: Ultrasonography (USG) (Inhouse).","STI/RTI services","Maternal, newborn and reproductive health","Current public form candidate","Revised HMIS formats effective April 2025","Official NHM state-hosted copy","https://nhm.hp.gov.in/reporting-formats","","Not specified","","Not supplied in registry metadata; consult the authoritative source","Monthly HMIS reporting element: Ultrasonography (USG) (Inhouse). Denominator population: Not supplied in registry metadata; consult the authoritative source."
"","Data element","Widal tests","Monthly HMIS reporting element: Widal tests.","STI/RTI services","Maternal, newborn and reproductive health","Current public form candidate","Revised HMIS formats effective April 2025","Official NHM state-hosted copy","https://nhm.hp.gov.in/reporting-formats","","Not specified","","Not supplied in registry metadata; consult the authoritative source","Monthly HMIS reporting element: Widal tests. Denominator population: Not supplied in registry metadata; consult the authoritative source."
"","Data element","Widal tests- Number Positive","Monthly HMIS reporting element: Widal tests- Number Positive.","STI/RTI services","Maternal, newborn and reproductive health","Current public form candidate","Revised HMIS formats effective April 2025","Official NHM state-hosted copy","https://nhm.hp.gov.in/reporting-formats","","Not specified","","Not supplied in registry metadata; consult the authoritative source","Monthly HMIS reporting element: Widal tests- Number Positive. Denominator population: Not supplied in registry metadata; consult the authoritative source."
"","Data element","Widal tests- Number Tested","Monthly HMIS reporting element: Widal tests- Number Tested.","STI/RTI services","Maternal, newborn and reproductive health","Current public form candidate","Revised HMIS formats effective April 2025","Official NHM state-hosted copy","https://nhm.hp.gov.in/reporting-formats","","Not specified","","Not supplied in registry metadata; consult the authoritative source","Monthly HMIS reporting element: Widal tests- Number Tested. Denominator population: Not supplied in registry metadata; consult the authoritative source."
"","Data element","X-ray(Inhouse)","Monthly HMIS reporting element: X-ray(Inhouse).","STI/RTI services","Maternal, newborn and reproductive health","Current public form candidate","Revised HMIS formats effective April 2025","Official NHM state-hosted copy","https://nhm.hp.gov.in/reporting-formats","","Not specified","","Not supplied in registry metadata; consult the authoritative source","Monthly HMIS reporting element: X-ray(Inhouse). Denominator population: Not supplied in registry metadata; consult the authoritative source."
"","Published output","Estimated Number of Annual Pregnancies #","HMIS output published in the OGD district-level key-indicator catalogue: Estimated Number of Annual Pregnancies #.","STI/HIV services","Maternal, newborn and reproductive health","Historical published output","","Ministry of Health and Family Welfare, Government of India","https://www.data.gov.in/catalog/performance-key-hmis-indicators-upto-district-level-all-indicators","","Not specified","","Not supplied in registry metadata; consult the authoritative source","HMIS output published in the OGD district-level key-indicator catalogue: Estimated Number of Annual Pregnancies #. Denominator population: Not supplied in registry metadata; consult the authoritative source."
"","Published output","Total number of pregnant women Registered for ANC","HMIS output published in the OGD district-level key-indicator catalogue: Total number of pregnant women Registered for ANC.","Antenatal care and high-risk pregnancy","Maternal, newborn and reproductive health","Historical published output","","Ministry of Health and Family Welfare, Government of India","https://www.data.gov.in/catalog/performance-key-hmis-indicators-upto-district-level-all-indicators","","Not specified","","Not supplied in registry metadata; consult the authoritative source","HMIS output published in the OGD district-level key-indicator catalogue: Total number of pregnant women Registered for ANC. Denominator population: Not supplied in registry metadata; consult the authoritative source."
"","Published output","% ANC Registered to Estimated Pregnancies","HMIS output published in the OGD district-level key-indicator catalogue: % ANC Registered to Estimated Pregnancies.","Antenatal care and high-risk pregnancy","Maternal, newborn and reproductive health","Historical published output","","Ministry of Health and Family Welfare, Government of India","https://www.data.gov.in/catalog/performance-key-hmis-indicators-upto-district-level-all-indicators","","Not specified","","Not supplied in registry metadata; consult the authoritative source","HMIS output published in the OGD district-level key-indicator catalogue: % ANC Registered to Estimated Pregnancies. Denominator population: Not supplied in registry metadata; consult the authoritative source."
"","Published output","Number of Pregnant women registered within first trimester","HMIS output published in the OGD district-level key-indicator catalogue: Number of Pregnant women registered within first trimester.","Antenatal care and high-risk pregnancy","Maternal, newborn and reproductive health","Historical published output","","Ministry of Health and Family Welfare, Government of India","https://www.data.gov.in/catalog/performance-key-hmis-indicators-upto-district-level-all-indicators","","Not specified","","Not supplied in registry metadata; consult the authoritative source","HMIS output published in the OGD district-level key-indicator catalogue: Number of Pregnant women registered within first trimester. Denominator population: Not supplied in registry metadata; consult the authoritative source."
"","Published output","% 1st Trimester registration to Total ANC Registrations","HMIS output published in the OGD district-level key-indicator catalogue: % 1st Trimester registration to Total ANC Registrations.","Antenatal care and high-risk pregnancy","Maternal, newborn and reproductive health","Historical published output","","Ministry of Health and Family Welfare, Government of India","https://www.data.gov.in/catalog/performance-key-hmis-indicators-upto-district-level-all-indicators","","Not specified","","Not supplied in registry metadata; consult the authoritative source","HMIS output published in the OGD district-level key-indicator catalogue: % 1st Trimester registration to Total ANC Registrations. Denominator population: Not supplied in registry metadata; consult the authoritative source."
"","Published output","Number of pregnant women received 4 or more ANC check ups","HMIS output published in the OGD district-level key-indicator catalogue: Number of pregnant women received 4 or more ANC check ups.","Antenatal care and high-risk pregnancy","Maternal, newborn and reproductive health","Historical published output","","Ministry of Health and Family Welfare, Government of India","https://www.data.gov.in/catalog/performance-key-hmis-indicators-upto-district-level-all-indicators","","Not specified","","Not supplied in registry metadata; consult the authoritative source","HMIS output published in the OGD district-level key-indicator catalogue: Number of pregnant women received 4 or more ANC check ups. Denominator population: Not supplied in registry metadata; consult the authoritative source."
"","Published output","TT2 given to Pregnant women (numbers)","HMIS output published in the OGD district-level key-indicator catalogue: TT2 given to Pregnant women (numbers).","Antenatal care and high-risk pregnancy","Maternal, newborn and reproductive health","Historical published output","","Ministry of Health and Family Welfare, Government of India","https://www.data.gov.in/catalog/performance-key-hmis-indicators-upto-district-level-all-indicators","","Not specified","","Not supplied in registry metadata; consult the authoritative source","HMIS output published in the OGD district-level key-indicator catalogue: TT2 given to Pregnant women (numbers). Denominator population: Not supplied in registry metadata; consult the authoritative source."
"","Published output","TT Booster given to Pregnant women (numbers)","HMIS output published in the OGD district-level key-indicator catalogue: TT Booster given to Pregnant women (numbers).","Antenatal care and high-risk pregnancy","Maternal, newborn and reproductive health","Historical published output","","Ministry of Health and Family Welfare, Government of India","https://www.data.gov.in/catalog/performance-key-hmis-indicators-upto-district-level-all-indicators","","Not specified","","Not supplied in registry metadata; consult the authoritative source","HMIS output published in the OGD district-level key-indicator catalogue: TT Booster given to Pregnant women (numbers). Denominator population: Not supplied in registry metadata; consult the authoritative source."
"","Published output","% Pregnant Woman received 4 ANC check ups to Total ANC Registrations","HMIS output published in the OGD district-level key-indicator catalogue: % Pregnant Woman received 4 ANC check ups to Total ANC Registrations.","Antenatal care and high-risk pregnancy","Maternal, newborn and reproductive health","Historical published output","","Ministry of Health and Family Welfare, Government of India","https://www.data.gov.in/catalog/performance-key-hmis-indicators-upto-district-level-all-indicators","","Not specified","","Not supplied in registry metadata; consult the authoritative source","HMIS output published in the OGD district-level key-indicator catalogue: % Pregnant Woman received 4 ANC check ups to Total ANC Registrations. Denominator population: Not supplied in registry metadata; consult the authoritative source."
"","Published output","% Pregnant women received TT2+ TT Booster to Total ANC Registration","HMIS output published in the OGD district-level key-indicator catalogue: % Pregnant women received TT2+ TT Booster to Total ANC Registration.","Antenatal care and high-risk pregnancy","Maternal, newborn and reproductive health","Historical published output","","Ministry of Health and Family Welfare, Government of India","https://www.data.gov.in/catalog/performance-key-hmis-indicators-upto-district-level-all-indicators","","Not specified","","Not supplied in registry metadata; consult the authoritative source","HMIS output published in the OGD district-level key-indicator catalogue: % Pregnant women received TT2+ TT Booster to Total ANC Registration. Denominator population: Not supplied in registry metadata; consult the authoritative source."
"","Published output","Number of Pregnant women given 180 IFA tablets","HMIS output published in the OGD district-level key-indicator catalogue: Number of Pregnant women given 180 IFA tablets.","Antenatal care and high-risk pregnancy","Maternal, newborn and reproductive health","Historical published output","","Ministry of Health and Family Welfare, Government of India","https://www.data.gov.in/catalog/performance-key-hmis-indicators-upto-district-level-all-indicators","","Not specified","","Not supplied in registry metadata; consult the authoritative source","HMIS output published in the OGD district-level key-indicator catalogue: Number of Pregnant women given 180 IFA tablets. Denominator population: Not supplied in registry metadata; consult the authoritative source."
"","Published output","% Pregnant women given 180 IFA to Total ANC Registration","HMIS output published in the OGD district-level key-indicator catalogue: % Pregnant women given 180 IFA to Total ANC Registration.","Antenatal care and high-risk pregnancy","Maternal, newborn and reproductive health","Historical published output","","Ministry of Health and Family Welfare, Government of India","https://www.data.gov.in/catalog/performance-key-hmis-indicators-upto-district-level-all-indicators","","Not specified","","Not supplied in registry metadata; consult the authoritative source","HMIS output published in the OGD district-level key-indicator catalogue: % Pregnant women given 180 IFA to Total ANC Registration. Denominator population: Not supplied in registry metadata; consult the authoritative source."
"","Published output","Number of Pregnant Women having Hb level<11 (tested cases)","HMIS output published in the OGD district-level key-indicator catalogue: Number of Pregnant Women having Hb level<11 (tested cases).","Antenatal care and high-risk pregnancy","Maternal, newborn and reproductive health","Historical published output","","Ministry of Health and Family Welfare, Government of India","https://www.data.gov.in/catalog/performance-key-hmis-indicators-upto-district-level-all-indicators","","Not specified","","Not supplied in registry metadata; consult the authoritative source","HMIS output published in the OGD district-level key-indicator catalogue: Number of Pregnant Women having Hb level<11 (tested cases). Denominator population: Not supplied in registry metadata; consult the authoritative source."
"","Published output","Number of Pregnant Women having severe anaemia (Hb<7) treated at institution","HMIS output published in the OGD district-level key-indicator catalogue: Number of Pregnant Women having severe anaemia (Hb<7) treated at institution.","Antenatal care and high-risk pregnancy","Maternal, newborn and reproductive health","Historical published output","","Ministry of Health and Family Welfare, Government of India","https://www.data.gov.in/catalog/performance-key-hmis-indicators-upto-district-level-all-indicators","","Not specified","","Not supplied in registry metadata; consult the authoritative source","HMIS output published in the OGD district-level key-indicator catalogue: Number of Pregnant Women having severe anaemia (Hb<7) treated at institution. Denominator population: Not supplied in registry metadata; consult the authoritative source."
"","Published output","% Pregnant women having severe anaemia (Hb<7) treated at institution to women having hb level<7","HMIS output published in the OGD district-level key-indicator catalogue: % Pregnant women having severe anaemia (Hb<7) treated at institution to women having hb level<7.","Antenatal care and high-risk pregnancy","Maternal, newborn and reproductive health","Historical published output","","Ministry of Health and Family Welfare, Government of India","https://www.data.gov.in/catalog/performance-key-hmis-indicators-upto-district-level-all-indicators","","Not specified","","Not supplied in registry metadata; consult the authoritative source","HMIS output published in the OGD district-level key-indicator catalogue: % Pregnant women having severe anaemia (Hb<7) treated at institution to women having hb level<7. Denominator population: Not supplied in registry metadata; consult the authoritative source."
"","Published output","% New cases of Pregnant Women detected at institution for hypertension to Total ANC Registrations","HMIS output published in the OGD district-level key-indicator catalogue: % New cases of Pregnant Women detected at institution for hypertension to Total ANC Registrations.","Antenatal care and high-risk pregnancy","Maternal, newborn and reproductive health","Historical published output","","Ministry of Health and Family Welfare, Government of India","https://www.data.gov.in/catalog/performance-key-hmis-indicators-upto-district-level-all-indicators","","Not specified","","Not supplied in registry metadata; consult the authoritative source","HMIS output published in the OGD district-level key-indicator catalogue: % New cases of Pregnant Women detected at institution for hypertension to Total ANC Registrations. Denominator population: Not supplied in registry metadata; consult the authoritative source."
"","Published output","Number of Home deliveries","HMIS output published in the OGD district-level key-indicator catalogue: Number of Home deliveries.","Delivery and intrapartum care","Maternal, newborn and reproductive health","Historical published output","","Ministry of Health and Family Welfare, Government of India","https://www.data.gov.in/catalog/performance-key-hmis-indicators-upto-district-level-all-indicators","","Not specified","","Not supplied in registry metadata; consult the authoritative source","HMIS output published in the OGD district-level key-indicator catalogue: Number of Home deliveries. Denominator population: Not supplied in registry metadata; consult the authoritative source."
"","Published output","Number of home deliveries attended by SBA trained (Doctor/Nurse/ANM)","HMIS output published in the OGD district-level key-indicator catalogue: Number of home deliveries attended by SBA trained (Doctor/Nurse/ANM).","Delivery and intrapartum care","Maternal, newborn and reproductive health","Historical published output","","Ministry of Health and Family Welfare, Government of India","https://www.data.gov.in/catalog/performance-key-hmis-indicators-upto-district-level-all-indicators","","Not specified","","Not supplied in registry metadata; consult the authoritative source","HMIS output published in the OGD district-level key-indicator catalogue: Number of home deliveries attended by SBA trained (Doctor/Nurse/ANM). Denominator population: Not supplied in registry metadata; consult the authoritative source."
"","Published output","Number of home deliveries attended by Non SBA trained (trained TB/Dai)","HMIS output published in the OGD district-level key-indicator catalogue: Number of home deliveries attended by Non SBA trained (trained TB/Dai).","Delivery and intrapartum care","Maternal, newborn and reproductive health","Historical published output","","Ministry of Health and Family Welfare, Government of India","https://www.data.gov.in/catalog/performance-key-hmis-indicators-upto-district-level-all-indicators","","Not specified","","Not supplied in registry metadata; consult the authoritative source","HMIS output published in the OGD district-level key-indicator catalogue: Number of home deliveries attended by Non SBA trained (trained TB/Dai). Denominator population: Not supplied in registry metadata; consult the authoritative source."
"","Published output","% SBA attended home deliveries to Total Reported Home Deliveries","HMIS output published in the OGD district-level key-indicator catalogue: % SBA attended home deliveries to Total Reported Home Deliveries.","Delivery and intrapartum care","Maternal, newborn and reproductive health","Historical published output","","Ministry of Health and Family Welfare, Government of India","https://www.data.gov.in/catalog/performance-key-hmis-indicators-upto-district-level-all-indicators","","Not specified","","Not supplied in registry metadata; consult the authoritative source","HMIS output published in the OGD district-level key-indicator catalogue: % SBA attended home deliveries to Total Reported Home Deliveries. Denominator population: Not supplied in registry metadata; consult the authoritative source."
"","Published output","Deliveries Conducted at Public Institutions","HMIS output published in the OGD district-level key-indicator catalogue: Deliveries Conducted at Public Institutions.","Delivery and intrapartum care","Maternal, newborn and reproductive health","Historical published output","","Ministry of Health and Family Welfare, Government of India","https://www.data.gov.in/catalog/performance-key-hmis-indicators-upto-district-level-all-indicators","","Not specified","","Not supplied in registry metadata; consult the authoritative source","HMIS output published in the OGD district-level key-indicator catalogue: Deliveries Conducted at Public Institutions. Denominator population: Not supplied in registry metadata; consult the authoritative source."
"","Published output","Number of Women Discharged under 48 hours of delivery in public facilities","HMIS output published in the OGD district-level key-indicator catalogue: Number of Women Discharged under 48 hours of delivery in public facilities.","Delivery and intrapartum care","Maternal, newborn and reproductive health","Historical published output","","Ministry of Health and Family Welfare, Government of India","https://www.data.gov.in/catalog/performance-key-hmis-indicators-upto-district-level-all-indicators","","Not specified","","Not supplied in registry metadata; consult the authoritative source","HMIS output published in the OGD district-level key-indicator catalogue: Number of Women Discharged under 48 hours of delivery in public facilities. Denominator population: Not supplied in registry metadata; consult the authoritative source."
"","Published output","% Women discharged in less than 48 hours of delivery to Total Reported Deliveries at public institutions","HMIS output published in the OGD district-level key-indicator catalogue: % Women discharged in less than 48 hours of delivery to Total Reported Deliveries at public institutions.","Delivery and intrapartum care","Maternal, newborn and reproductive health","Historical published output","","Ministry of Health and Family Welfare, Government of India","https://www.data.gov.in/catalog/performance-key-hmis-indicators-upto-district-level-all-indicators","","Not specified","","Not supplied in registry metadata; consult the authoritative source","HMIS output published in the OGD district-level key-indicator catalogue: % Women discharged in less than 48 hours of delivery to Total Reported Deliveries at public institutions. Denominator population: Not supplied in registry metadata; consult the authoritative source."
"","Published output","Deliveries Conducted at Private Institutions","HMIS output published in the OGD district-level key-indicator catalogue: Deliveries Conducted at Private Institutions.","Delivery and intrapartum care","Maternal, newborn and reproductive health","Historical published output","","Ministry of Health and Family Welfare, Government of India","https://www.data.gov.in/catalog/performance-key-hmis-indicators-upto-district-level-all-indicators","","Not specified","","Not supplied in registry metadata; consult the authoritative source","HMIS output published in the OGD district-level key-indicator catalogue: Deliveries Conducted at Private Institutions. Denominator population: Not supplied in registry metadata; consult the authoritative source."
"","Published output","Number of Women Discharged under 48 hours of delivery in private institutions","HMIS output published in the OGD district-level key-indicator catalogue: Number of Women Discharged under 48 hours of delivery in private institutions.","Delivery and intrapartum care","Maternal, newborn and reproductive health","Historical published output","","Ministry of Health and Family Welfare, Government of India","https://www.data.gov.in/catalog/performance-key-hmis-indicators-upto-district-level-all-indicators","","Not specified","","Not supplied in registry metadata; consult the authoritative source","HMIS output published in the OGD district-level key-indicator catalogue: Number of Women Discharged under 48 hours of delivery in private institutions. Denominator population: Not supplied in registry metadata; consult the authoritative source."
"","Published output","% Women discharged in less than 48 hours of delivery to Total Reported Deliveries at private institutions","HMIS output published in the OGD district-level key-indicator catalogue: % Women discharged in less than 48 hours of delivery to Total Reported Deliveries at private institutions.","Delivery and intrapartum care","Maternal, newborn and reproductive health","Historical published output","","Ministry of Health and Family Welfare, Government of India","https://www.data.gov.in/catalog/performance-key-hmis-indicators-upto-district-level-all-indicators","","Not specified","","Not supplied in registry metadata; consult the authoritative source","HMIS output published in the OGD district-level key-indicator catalogue: % Women discharged in less than 48 hours of delivery to Total Reported Deliveries at private institutions. Denominator population: Not supplied in registry metadata; consult the authoritative source."
"","Published output","Institutional deliveries (Public Insts.+Pvt. Insts.)","HMIS output published in the OGD district-level key-indicator catalogue: Institutional deliveries (Public Insts.+Pvt. Insts.).","Delivery and intrapartum care","Maternal, newborn and reproductive health","Historical published output","","Ministry of Health and Family Welfare, Government of India","https://www.data.gov.in/catalog/performance-key-hmis-indicators-upto-district-level-all-indicators","","Not specified","","Not supplied in registry metadata; consult the authoritative source","HMIS output published in the OGD district-level key-indicator catalogue: Institutional deliveries (Public Insts.+Pvt. Insts.). Denominator population: Not supplied in registry metadata; consult the authoritative source."
"","Published output","% Institutional Deliveries to total ANC registration","HMIS output published in the OGD district-level key-indicator catalogue: % Institutional Deliveries to total ANC registration.","Antenatal care and high-risk pregnancy","Maternal, newborn and reproductive health","Historical published output","","Ministry of Health and Family Welfare, Government of India","https://www.data.gov.in/catalog/performance-key-hmis-indicators-upto-district-level-all-indicators","","Not specified","","Not supplied in registry metadata; consult the authoritative source","HMIS output published in the OGD district-level key-indicator catalogue: % Institutional Deliveries to total ANC registration. Denominator population: Not supplied in registry metadata; consult the authoritative source."
"","Published output","Total reported deliveries","HMIS output published in the OGD district-level key-indicator catalogue: Total reported deliveries.","Delivery and intrapartum care","Maternal, newborn and reproductive health","Historical published output","","Ministry of Health and Family Welfare, Government of India","https://www.data.gov.in/catalog/performance-key-hmis-indicators-upto-district-level-all-indicators","","Not specified","","Not supplied in registry metadata; consult the authoritative source","HMIS output published in the OGD district-level key-indicator catalogue: Total reported deliveries. Denominator population: Not supplied in registry metadata; consult the authoritative source."
"","Published output","% Institutional deliveries to Total Reported Deliveries","HMIS output published in the OGD district-level key-indicator catalogue: % Institutional deliveries to Total Reported Deliveries.","Delivery and intrapartum care","Maternal, newborn and reproductive health","Historical published output","","Ministry of Health and Family Welfare, Government of India","https://www.data.gov.in/catalog/performance-key-hmis-indicators-upto-district-level-all-indicators","","Not specified","","Not supplied in registry metadata; consult the authoritative source","HMIS output published in the OGD district-level key-indicator catalogue: % Institutional deliveries to Total Reported Deliveries. Denominator population: Not supplied in registry metadata; consult the authoritative source."
"","Published output","% Safe deliveries to Total Reported Deliveries","HMIS output published in the OGD district-level key-indicator catalogue: % Safe deliveries to Total Reported Deliveries.","Delivery and intrapartum care","Maternal, newborn and reproductive health","Historical published output","","Ministry of Health and Family Welfare, Government of India","https://www.data.gov.in/catalog/performance-key-hmis-indicators-upto-district-level-all-indicators","","Not specified","","Not supplied in registry metadata; consult the authoritative source","HMIS output published in the OGD district-level key-indicator catalogue: % Safe deliveries to Total Reported Deliveries. Denominator population: Not supplied in registry metadata; consult the authoritative source."
"","Published output","% Home deliveries to Total Reported Deliveries","HMIS output published in the OGD district-level key-indicator catalogue: % Home deliveries to Total Reported Deliveries.","Delivery and intrapartum care","Maternal, newborn and reproductive health","Historical published output","","Ministry of Health and Family Welfare, Government of India","https://www.data.gov.in/catalog/performance-key-hmis-indicators-upto-district-level-all-indicators","","Not specified","","Not supplied in registry metadata; consult the authoritative source","HMIS output published in the OGD district-level key-indicator catalogue: % Home deliveries to Total Reported Deliveries. Denominator population: Not supplied in registry metadata; consult the authoritative source."
"","Published output","Number of C-section deliveries conducted at public facilities","HMIS output published in the OGD district-level key-indicator catalogue: Number of C-section deliveries conducted at public facilities.","Delivery and intrapartum care","Maternal, newborn and reproductive health","Historical published output","","Ministry of Health and Family Welfare, Government of India","https://www.data.gov.in/catalog/performance-key-hmis-indicators-upto-district-level-all-indicators","","Not specified","","Not supplied in registry metadata; consult the authoritative source","HMIS output published in the OGD district-level key-indicator catalogue: Number of C-section deliveries conducted at public facilities. Denominator population: Not supplied in registry metadata; consult the authoritative source."
"","Published output","Number of C-section deliveries conducted at private facilities","HMIS output published in the OGD district-level key-indicator catalogue: Number of C-section deliveries conducted at private facilities.","Delivery and intrapartum care","Maternal, newborn and reproductive health","Historical published output","","Ministry of Health and Family Welfare, Government of India","https://www.data.gov.in/catalog/performance-key-hmis-indicators-upto-district-level-all-indicators","","Not specified","","Not supplied in registry metadata; consult the authoritative source","HMIS output published in the OGD district-level key-indicator catalogue: Number of C-section deliveries conducted at private facilities. Denominator population: Not supplied in registry metadata; consult the authoritative source."
"","Published output","% C-section deliveries (Public + Pvt.) to reported institutional (Public + Pvt.) deliveries","HMIS output published in the OGD district-level key-indicator catalogue: % C-section deliveries (Public + Pvt.) to reported institutional (Public + Pvt.) deliveries.","Delivery and intrapartum care","Maternal, newborn and reproductive health","Historical published output","","Ministry of Health and Family Welfare, Government of India","https://www.data.gov.in/catalog/performance-key-hmis-indicators-upto-district-level-all-indicators","","Not specified","","Not supplied in registry metadata; consult the authoritative source","HMIS output published in the OGD district-level key-indicator catalogue: % C-section deliveries (Public + Pvt.) to reported institutional (Public + Pvt.) deliveries. Denominator population: Not supplied in registry metadata; consult the authoritative source."
"","Published output","% C-sections conducted at public facilities to Deliveries conducted at public facilities","HMIS output published in the OGD district-level key-indicator catalogue: % C-sections conducted at public facilities to Deliveries conducted at public facilities.","Delivery and intrapartum care","Maternal, newborn and reproductive health","Historical published output","","Ministry of Health and Family Welfare, Government of India","https://www.data.gov.in/catalog/performance-key-hmis-indicators-upto-district-level-all-indicators","","Not specified","","Not supplied in registry metadata; consult the authoritative source","HMIS output published in the OGD district-level key-indicator catalogue: % C-sections conducted at public facilities to Deliveries conducted at public facilities. Denominator population: Not supplied in registry metadata; consult the authoritative source."
"","Published output","% C-sections conducted at Private facilities to Deliveries conducted at private facilities","HMIS output published in the OGD district-level key-indicator catalogue: % C-sections conducted at Private facilities to Deliveries conducted at private facilities.","Delivery and intrapartum care","Maternal, newborn and reproductive health","Historical published output","","Ministry of Health and Family Welfare, Government of India","https://www.data.gov.in/catalog/performance-key-hmis-indicators-upto-district-level-all-indicators","","Not specified","","Not supplied in registry metadata; consult the authoritative source","HMIS output published in the OGD district-level key-indicator catalogue: % C-sections conducted at Private facilities to Deliveries conducted at private facilities. Denominator population: Not supplied in registry metadata; consult the authoritative source."
"","Published output","% Deliveries conducted at Public Institutions to Total Institutional Deliveries","HMIS output published in the OGD district-level key-indicator catalogue: % Deliveries conducted at Public Institutions to Total Institutional Deliveries.","Delivery and intrapartum care","Maternal, newborn and reproductive health","Historical published output","","Ministry of Health and Family Welfare, Government of India","https://www.data.gov.in/catalog/performance-key-hmis-indicators-upto-district-level-all-indicators","","Not specified","","Not supplied in registry metadata; consult the authoritative source","HMIS output published in the OGD district-level key-indicator catalogue: % Deliveries conducted at Public Institutions to Total Institutional Deliveries. Denominator population: Not supplied in registry metadata; consult the authoritative source."
"","Published output","% Deliveries conducted at Private Institutions to Total Institutional Deliveries","HMIS output published in the OGD district-level key-indicator catalogue: % Deliveries conducted at Private Institutions to Total Institutional Deliveries.","Delivery and intrapartum care","Maternal, newborn and reproductive health","Historical published output","","Ministry of Health and Family Welfare, Government of India","https://www.data.gov.in/catalog/performance-key-hmis-indicators-upto-district-level-all-indicators","","Not specified","","Not supplied in registry metadata; consult the authoritative source","HMIS output published in the OGD district-level key-indicator catalogue: % Deliveries conducted at Private Institutions to Total Institutional Deliveries. Denominator population: Not supplied in registry metadata; consult the authoritative source."
"","Published output","Women received 1st post partum check-up within 48 hours of home delivery","HMIS output published in the OGD district-level key-indicator catalogue: Women received 1st post partum check-up within 48 hours of home delivery.","Delivery and intrapartum care","Maternal, newborn and reproductive health","Historical published output","","Ministry of Health and Family Welfare, Government of India","https://www.data.gov.in/catalog/performance-key-hmis-indicators-upto-district-level-all-indicators","","Not specified","","Not supplied in registry metadata; consult the authoritative source","HMIS output published in the OGD district-level key-indicator catalogue: Women received 1st post partum check-up within 48 hours of home delivery. Denominator population: Not supplied in registry metadata; consult the authoritative source."
"","Published output","Women received 1st post partum check up between 48 hours and 14 days","HMIS output published in the OGD district-level key-indicator catalogue: Women received 1st post partum check up between 48 hours and 14 days.","Other HMIS reporting","Health services and systems","Historical published output","","Ministry of Health and Family Welfare, Government of India","https://www.data.gov.in/catalog/performance-key-hmis-indicators-upto-district-level-all-indicators","","Not specified","","Not supplied in registry metadata; consult the authoritative source","HMIS output published in the OGD district-level key-indicator catalogue: Women received 1st post partum check up between 48 hours and 14 days. Denominator population: Not supplied in registry metadata; consult the authoritative source."
"","Published output","% Women getting 1st post partum check-up within 48 hours of home delivery to Total Reported Home Deliveries","HMIS output published in the OGD district-level key-indicator catalogue: % Women getting 1st post partum check-up within 48 hours of home delivery to Total Reported Home Deliveries.","Delivery and intrapartum care","Maternal, newborn and reproductive health","Historical published output","","Ministry of Health and Family Welfare, Government of India","https://www.data.gov.in/catalog/performance-key-hmis-indicators-upto-district-level-all-indicators","","Not specified","","Not supplied in registry metadata; consult the authoritative source","HMIS output published in the OGD district-level key-indicator catalogue: % Women getting 1st post partum check-up within 48 hours of home delivery to Total Reported Home Deliveries. Denominator population: Not supplied in registry metadata; consult the authoritative source."
"","Published output","% Women getting 1st Post Partum Checkup between 48 hours and 14 days to Total Reported Deliveries","HMIS output published in the OGD district-level key-indicator catalogue: % Women getting 1st Post Partum Checkup between 48 hours and 14 days to Total Reported Deliveries.","Delivery and intrapartum care","Maternal, newborn and reproductive health","Historical published output","","Ministry of Health and Family Welfare, Government of India","https://www.data.gov.in/catalog/performance-key-hmis-indicators-upto-district-level-all-indicators","","Not specified","","Not supplied in registry metadata; consult the authoritative source","HMIS output published in the OGD district-level key-indicator catalogue: % Women getting 1st Post Partum Checkup between 48 hours and 14 days to Total Reported Deliveries. Denominator population: Not supplied in registry metadata; consult the authoritative source."
"","Published output","Estimated Number of Annual Live Births ##","HMIS output published in the OGD district-level key-indicator catalogue: Estimated Number of Annual Live Births ##.","STI/HIV services","Maternal, newborn and reproductive health","Historical published output","","Ministry of Health and Family Welfare, Government of India","https://www.data.gov.in/catalog/performance-key-hmis-indicators-upto-district-level-all-indicators","","Not specified","","Not supplied in registry metadata; consult the authoritative source","HMIS output published in the OGD district-level key-indicator catalogue: Estimated Number of Annual Live Births ##. Denominator population: Not supplied in registry metadata; consult the authoritative source."
"","Published output","Total Number of reported live births","HMIS output published in the OGD district-level key-indicator catalogue: Total Number of reported live births.","Other HMIS reporting","Health services and systems","Historical published output","","Ministry of Health and Family Welfare, Government of India","https://www.data.gov.in/catalog/performance-key-hmis-indicators-upto-district-level-all-indicators","","Not specified","","Not supplied in registry metadata; consult the authoritative source","HMIS output published in the OGD district-level key-indicator catalogue: Total Number of reported live births. Denominator population: Not supplied in registry metadata; consult the authoritative source."
"","Published output","% Live Births to Estimated Annual Live Births","HMIS output published in the OGD district-level key-indicator catalogue: % Live Births to Estimated Annual Live Births.","STI/HIV services","Maternal, newborn and reproductive health","Historical published output","","Ministry of Health and Family Welfare, Government of India","https://www.data.gov.in/catalog/performance-key-hmis-indicators-upto-district-level-all-indicators","","Not specified","","Not supplied in registry metadata; consult the authoritative source","HMIS output published in the OGD district-level key-indicator catalogue: % Live Births to Estimated Annual Live Births. Denominator population: Not supplied in registry metadata; consult the authoritative source."
"","Published output","% Live Births to Total Deliveries","HMIS output published in the OGD district-level key-indicator catalogue: % Live Births to Total Deliveries.","Delivery and intrapartum care","Maternal, newborn and reproductive health","Historical published output","","Ministry of Health and Family Welfare, Government of India","https://www.data.gov.in/catalog/performance-key-hmis-indicators-upto-district-level-all-indicators","","Not specified","","Not supplied in registry metadata; consult the authoritative source","HMIS output published in the OGD district-level key-indicator catalogue: % Live Births to Total Deliveries. Denominator population: Not supplied in registry metadata; consult the authoritative source."
"","Published output","Total Number of reported Still Births","HMIS output published in the OGD district-level key-indicator catalogue: Total Number of reported Still Births.","Newborn and pregnancy outcomes","Maternal, newborn and reproductive health","Historical published output","","Ministry of Health and Family Welfare, Government of India","https://www.data.gov.in/catalog/performance-key-hmis-indicators-upto-district-level-all-indicators","","Not specified","","Not supplied in registry metadata; consult the authoritative source","HMIS output published in the OGD district-level key-indicator catalogue: Total Number of reported Still Births. Denominator population: Not supplied in registry metadata; consult the authoritative source."
"","Published output","% live birth to Reported Birth","HMIS output published in the OGD district-level key-indicator catalogue: % live birth to Reported Birth.","Other HMIS reporting","Health services and systems","Historical published output","","Ministry of Health and Family Welfare, Government of India","https://www.data.gov.in/catalog/performance-key-hmis-indicators-upto-district-level-all-indicators","","Not specified","","Not supplied in registry metadata; consult the authoritative source","HMIS output published in the OGD district-level key-indicator catalogue: % live birth to Reported Birth. Denominator population: Not supplied in registry metadata; consult the authoritative source."
"","Published output","Number of Newborns weighed at birth","HMIS output published in the OGD district-level key-indicator catalogue: Number of Newborns weighed at birth.","Newborn and pregnancy outcomes","Maternal, newborn and reproductive health","Historical published output","","Ministry of Health and Family Welfare, Government of India","https://www.data.gov.in/catalog/performance-key-hmis-indicators-upto-district-level-all-indicators","","Not specified","","Not supplied in registry metadata; consult the authoritative source","HMIS output published in the OGD district-level key-indicator catalogue: Number of Newborns weighed at birth. Denominator population: Not supplied in registry metadata; consult the authoritative source."
"","Published output","% Newborns weighed at birth to live birth","HMIS output published in the OGD district-level key-indicator catalogue: % Newborns weighed at birth to live birth.","Newborn and pregnancy outcomes","Maternal, newborn and reproductive health","Historical published output","","Ministry of Health and Family Welfare, Government of India","https://www.data.gov.in/catalog/performance-key-hmis-indicators-upto-district-level-all-indicators","","Not specified","","Not supplied in registry metadata; consult the authoritative source","HMIS output published in the OGD district-level key-indicator catalogue: % Newborns weighed at birth to live birth. Denominator population: Not supplied in registry metadata; consult the authoritative source."
"","Published output","Number of Newborns having weight less than 2.5 kg","HMIS output published in the OGD district-level key-indicator catalogue: Number of Newborns having weight less than 2.5 kg.","Newborn and pregnancy outcomes","Maternal, newborn and reproductive health","Historical published output","","Ministry of Health and Family Welfare, Government of India","https://www.data.gov.in/catalog/performance-key-hmis-indicators-upto-district-level-all-indicators","","Not specified","","Not supplied in registry metadata; consult the authoritative source","HMIS output published in the OGD district-level key-indicator catalogue: Number of Newborns having weight less than 2.5 kg. Denominator population: Not supplied in registry metadata; consult the authoritative source."
"","Published output","% Newborns having weight less than 2.5 kg to Newborns weighed at birth","HMIS output published in the OGD district-level key-indicator catalogue: % Newborns having weight less than 2.5 kg to Newborns weighed at birth.","Newborn and pregnancy outcomes","Maternal, newborn and reproductive health","Historical published output","","Ministry of Health and Family Welfare, Government of India","https://www.data.gov.in/catalog/performance-key-hmis-indicators-upto-district-level-all-indicators","","Not specified","","Not supplied in registry metadata; consult the authoritative source","HMIS output published in the OGD district-level key-indicator catalogue: % Newborns having weight less than 2.5 kg to Newborns weighed at birth. Denominator population: Not supplied in registry metadata; consult the authoritative source."
"","Published output","Number of New Borns Breast Fed within 1 hour","HMIS output published in the OGD district-level key-indicator catalogue: Number of New Borns Breast Fed within 1 hour.","Newborn and pregnancy outcomes","Maternal, newborn and reproductive health","Historical published output","","Ministry of Health and Family Welfare, Government of India","https://www.data.gov.in/catalog/performance-key-hmis-indicators-upto-district-level-all-indicators","","Not specified","","Not supplied in registry metadata; consult the authoritative source","HMIS output published in the OGD district-level key-indicator catalogue: Number of New Borns Breast Fed within 1 hour. Denominator population: Not supplied in registry metadata; consult the authoritative source."
"","Published output","% Newborns breast fed within 1 hour of birth to Total live birth","HMIS output published in the OGD district-level key-indicator catalogue: % Newborns breast fed within 1 hour of birth to Total live birth.","Newborn and pregnancy outcomes","Maternal, newborn and reproductive health","Historical published output","","Ministry of Health and Family Welfare, Government of India","https://www.data.gov.in/catalog/performance-key-hmis-indicators-upto-district-level-all-indicators","","Not specified","","Not supplied in registry metadata; consult the authoritative source","HMIS output published in the OGD district-level key-indicator catalogue: % Newborns breast fed within 1 hour of birth to Total live birth. Denominator population: Not supplied in registry metadata; consult the authoritative source."
"","Published output","Sex Ratio at birth ( Female Live Births/ Male Live Births *1000)","HMIS output published in the OGD district-level key-indicator catalogue: Sex Ratio at birth ( Female Live Births/ Male Live Births *1000).","Other HMIS reporting","Health services and systems","Historical published output","","Ministry of Health and Family Welfare, Government of India","https://www.data.gov.in/catalog/performance-key-hmis-indicators-upto-district-level-all-indicators","Ratio","ratio","","Not supplied in registry metadata; consult the authoritative source","HMIS output published in the OGD district-level key-indicator catalogue: Sex Ratio at birth ( Female Live Births/ Male Live Births *1000). Denominator population: Not supplied in registry metadata; consult the authoritative source."
"","Published output","% cases of Pregnant women with Obstetric Complications and attended to reported deliveries","HMIS output published in the OGD district-level key-indicator catalogue: % cases of Pregnant women with Obstetric Complications and attended to reported deliveries.","Antenatal care and high-risk pregnancy","Maternal, newborn and reproductive health","Historical published output","","Ministry of Health and Family Welfare, Government of India","https://www.data.gov.in/catalog/performance-key-hmis-indicators-upto-district-level-all-indicators","","Not specified","","Not supplied in registry metadata; consult the authoritative source","HMIS output published in the OGD district-level key-indicator catalogue: % cases of Pregnant women with Obstetric Complications and attended to reported deliveries. Denominator population: Not supplied in registry metadata; consult the authoritative source."
"","Published output","% Complicated Pregnancies treated with Blood Transfusion to Total Women with Obstetric Complications attended","HMIS output published in the OGD district-level key-indicator catalogue: % Complicated Pregnancies treated with Blood Transfusion to Total Women with Obstetric Complications attended.","Other HMIS reporting","Health services and systems","Historical published output","","Ministry of Health and Family Welfare, Government of India","https://www.data.gov.in/catalog/performance-key-hmis-indicators-upto-district-level-all-indicators","","Not specified","","Not supplied in registry metadata; consult the authoritative source","HMIS output published in the OGD district-level key-indicator catalogue: % Complicated Pregnancies treated with Blood Transfusion to Total Women with Obstetric Complications attended. Denominator population: Not supplied in registry metadata; consult the authoritative source."
"","Published output","Number of PW given 360 Calcium tablets","HMIS output published in the OGD district-level key-indicator catalogue: Number of PW given 360 Calcium tablets.","Antenatal care and high-risk pregnancy","Maternal, newborn and reproductive health","Historical published output","","Ministry of Health and Family Welfare, Government of India","https://www.data.gov.in/catalog/performance-key-hmis-indicators-upto-district-level-all-indicators","","Not specified","","Not supplied in registry metadata; consult the authoritative source","HMIS output published in the OGD district-level key-indicator catalogue: Number of PW given 360 Calcium tablets. Denominator population: Not supplied in registry metadata; consult the authoritative source."
"","Published output","% Pregnant women given 360 Calcium to Total ANC Registration","HMIS output published in the OGD district-level key-indicator catalogue: % Pregnant women given 360 Calcium to Total ANC Registration.","Antenatal care and high-risk pregnancy","Maternal, newborn and reproductive health","Historical published output","","Ministry of Health and Family Welfare, Government of India","https://www.data.gov.in/catalog/performance-key-hmis-indicators-upto-district-level-all-indicators","","Not specified","","Not supplied in registry metadata; consult the authoritative source","HMIS output published in the OGD district-level key-indicator catalogue: % Pregnant women given 360 Calcium to Total ANC Registration. Denominator population: Not supplied in registry metadata; consult the authoritative source."
"","Published output","Number of PW given one Albendazole tablet after 1st trimester","HMIS output published in the OGD district-level key-indicator catalogue: Number of PW given one Albendazole tablet after 1st trimester.","Antenatal care and high-risk pregnancy","Maternal, newborn and reproductive health","Historical published output","","Ministry of Health and Family Welfare, Government of India","https://www.data.gov.in/catalog/performance-key-hmis-indicators-upto-district-level-all-indicators","","Not specified","","Not supplied in registry metadata; consult the authoritative source","HMIS output published in the OGD district-level key-indicator catalogue: Number of PW given one Albendazole tablet after 1st trimester. Denominator population: Not supplied in registry metadata; consult the authoritative source."
"","Published output","% Pregnant women given one Albendazole tablet after 1st trimester to Total ANC Registration","HMIS output published in the OGD district-level key-indicator catalogue: % Pregnant women given one Albendazole tablet after 1st trimester to Total ANC Registration.","Antenatal care and high-risk pregnancy","Maternal, newborn and reproductive health","Historical published output","","Ministry of Health and Family Welfare, Government of India","https://www.data.gov.in/catalog/performance-key-hmis-indicators-upto-district-level-all-indicators","","Not specified","","Not supplied in registry metadata; consult the authoritative source","HMIS output published in the OGD district-level key-indicator catalogue: % Pregnant women given one Albendazole tablet after 1st trimester to Total ANC Registration. Denominator population: Not supplied in registry metadata; consult the authoritative source."
"","Published output","Number of PW tested for blood sugar using OGTT (Oral Glucose Tolerance Test)","HMIS output published in the OGD district-level key-indicator catalogue: Number of PW tested for blood sugar using OGTT (Oral Glucose Tolerance Test).","Antenatal care and high-risk pregnancy","Maternal, newborn and reproductive health","Historical published output","","Ministry of Health and Family Welfare, Government of India","https://www.data.gov.in/catalog/performance-key-hmis-indicators-upto-district-level-all-indicators","","Not specified","","Not supplied in registry metadata; consult the authoritative source","HMIS output published in the OGD district-level key-indicator catalogue: Number of PW tested for blood sugar using OGTT (Oral Glucose Tolerance Test). Denominator population: Not supplied in registry metadata; consult the authoritative source."
"","Published output","% Pregnant women tested for blood sugar using OGTT to Total ANC Registration","HMIS output published in the OGD district-level key-indicator catalogue: % Pregnant women tested for blood sugar using OGTT to Total ANC Registration.","Antenatal care and high-risk pregnancy","Maternal, newborn and reproductive health","Historical published output","","Ministry of Health and Family Welfare, Government of India","https://www.data.gov.in/catalog/performance-key-hmis-indicators-upto-district-level-all-indicators","","Not specified","","Not supplied in registry metadata; consult the authoritative source","HMIS output published in the OGD district-level key-indicator catalogue: % Pregnant women tested for blood sugar using OGTT to Total ANC Registration. Denominator population: Not supplied in registry metadata; consult the authoritative source."
"","Published output","Number of PW tested positive for GDM","HMIS output published in the OGD district-level key-indicator catalogue: Number of PW tested positive for GDM.","Antenatal care and high-risk pregnancy","Maternal, newborn and reproductive health","Historical published output","","Ministry of Health and Family Welfare, Government of India","https://www.data.gov.in/catalog/performance-key-hmis-indicators-upto-district-level-all-indicators","","Not specified","","Not supplied in registry metadata; consult the authoritative source","HMIS output published in the OGD district-level key-indicator catalogue: Number of PW tested positive for GDM. Denominator population: Not supplied in registry metadata; consult the authoritative source."
"","Published output","% Pregnant women tested positive for GDM to Total ANC Registration","HMIS output published in the OGD district-level key-indicator catalogue: % Pregnant women tested positive for GDM to Total ANC Registration.","Antenatal care and high-risk pregnancy","Maternal, newborn and reproductive health","Historical published output","","Ministry of Health and Family Welfare, Government of India","https://www.data.gov.in/catalog/performance-key-hmis-indicators-upto-district-level-all-indicators","","Not specified","","Not supplied in registry metadata; consult the authoritative source","HMIS output published in the OGD district-level key-indicator catalogue: % Pregnant women tested positive for GDM to Total ANC Registration. Denominator population: Not supplied in registry metadata; consult the authoritative source."
"","Published output","Number of pregnant women tested for Syphilis","HMIS output published in the OGD district-level key-indicator catalogue: Number of pregnant women tested for Syphilis.","Antenatal care and high-risk pregnancy","Maternal, newborn and reproductive health","Historical published output","","Ministry of Health and Family Welfare, Government of India","https://www.data.gov.in/catalog/performance-key-hmis-indicators-upto-district-level-all-indicators","","Not specified","","Not supplied in registry metadata; consult the authoritative source","HMIS output published in the OGD district-level key-indicator catalogue: Number of pregnant women tested for Syphilis. Denominator population: Not supplied in registry metadata; consult the authoritative source."
"","Published output","Number of pregnant women tested found sero positive for Syphilis","HMIS output published in the OGD district-level key-indicator catalogue: Number of pregnant women tested found sero positive for Syphilis.","Antenatal care and high-risk pregnancy","Maternal, newborn and reproductive health","Historical published output","","Ministry of Health and Family Welfare, Government of India","https://www.data.gov.in/catalog/performance-key-hmis-indicators-upto-district-level-all-indicators","","Not specified","","Not supplied in registry metadata; consult the authoritative source","HMIS output published in the OGD district-level key-indicator catalogue: Number of pregnant women tested found sero positive for Syphilis. Denominator population: Not supplied in registry metadata; consult the authoritative source."
"","Published output","% Pregnant women tested for Syphilis to Total ANC Registration","HMIS output published in the OGD district-level key-indicator catalogue: % Pregnant women tested for Syphilis to Total ANC Registration.","Antenatal care and high-risk pregnancy","Maternal, newborn and reproductive health","Historical published output","","Ministry of Health and Family Welfare, Government of India","https://www.data.gov.in/catalog/performance-key-hmis-indicators-upto-district-level-all-indicators","","Not specified","","Not supplied in registry metadata; consult the authoritative source","HMIS output published in the OGD district-level key-indicator catalogue: % Pregnant women tested for Syphilis to Total ANC Registration. Denominator population: Not supplied in registry metadata; consult the authoritative source."
"","Published output","% Pregnant women treatd for Syphilis to Total sero positive for Syphilis","HMIS output published in the OGD district-level key-indicator catalogue: % Pregnant women treatd for Syphilis to Total sero positive for Syphilis.","Antenatal care and high-risk pregnancy","Maternal, newborn and reproductive health","Historical published output","","Ministry of Health and Family Welfare, Government of India","https://www.data.gov.in/catalog/performance-key-hmis-indicators-upto-district-level-all-indicators","","Not specified","","Not supplied in registry metadata; consult the authoritative source","HMIS output published in the OGD district-level key-indicator catalogue: % Pregnant women treatd for Syphilis to Total sero positive for Syphilis. Denominator population: Not supplied in registry metadata; consult the authoritative source."
"","Published output","% of babies treated for congenital Syphilis to babies total diagnosed with Congenital Syphilis","HMIS output published in the OGD district-level key-indicator catalogue: % of babies treated for congenital Syphilis to babies total diagnosed with Congenital Syphilis.","STI/HIV services","Maternal, newborn and reproductive health","Historical published output","","Ministry of Health and Family Welfare, Government of India","https://www.data.gov.in/catalog/performance-key-hmis-indicators-upto-district-level-all-indicators","","Not specified","","Not supplied in registry metadata; consult the authoritative source","HMIS output published in the OGD district-level key-indicator catalogue: % of babies treated for congenital Syphilis to babies total diagnosed with Congenital Syphilis. Denominator population: Not supplied in registry metadata; consult the authoritative source."
"","Published output","Total no. maternal deaths","HMIS output published in the OGD district-level key-indicator catalogue: Total no. maternal deaths.","Mortality and death review","Mortality and vital events","Historical published output","","Ministry of Health and Family Welfare, Government of India","https://www.data.gov.in/catalog/performance-key-hmis-indicators-upto-district-level-all-indicators","","Not specified","","Not supplied in registry metadata; consult the authoritative source","HMIS output published in the OGD district-level key-indicator catalogue: Total no. maternal deaths. Denominator population: Not supplied in registry metadata; consult the authoritative source."
"","Published output","Total Facility Based Maternal Death Reviews (FBMDR) done","HMIS output published in the OGD district-level key-indicator catalogue: Total Facility Based Maternal Death Reviews (FBMDR) done.","Mortality and death review","Mortality and vital events","Historical published output","","Ministry of Health and Family Welfare, Government of India","https://www.data.gov.in/catalog/performance-key-hmis-indicators-upto-district-level-all-indicators","","Not specified","","Not supplied in registry metadata; consult the authoritative source","HMIS output published in the OGD district-level key-indicator catalogue: Total Facility Based Maternal Death Reviews (FBMDR) done. Denominator population: Not supplied in registry metadata; consult the authoritative source."
"","Published output","Total Number of Abortions ( Spontaneous) Reported","HMIS output published in the OGD district-level key-indicator catalogue: Total Number of Abortions ( Spontaneous) Reported.","STI/HIV services","Maternal, newborn and reproductive health","Historical published output","","Ministry of Health and Family Welfare, Government of India","https://www.data.gov.in/catalog/performance-key-hmis-indicators-upto-district-level-all-indicators","","Not specified","","Not supplied in registry metadata; consult the authoritative source","HMIS output published in the OGD district-level key-indicator catalogue: Total Number of Abortions ( Spontaneous) Reported. Denominator population: Not supplied in registry metadata; consult the authoritative source."
"","Published output","Total Number of MTPs ( Public) conducted","HMIS output published in the OGD district-level key-indicator catalogue: Total Number of MTPs ( Public) conducted.","Other HMIS reporting","Health services and systems","Historical published output","","Ministry of Health and Family Welfare, Government of India","https://www.data.gov.in/catalog/performance-key-hmis-indicators-upto-district-level-all-indicators","","Not specified","","Not supplied in registry metadata; consult the authoritative source","HMIS output published in the OGD district-level key-indicator catalogue: Total Number of MTPs ( Public) conducted. Denominator population: Not supplied in registry metadata; consult the authoritative source."
"","Published output","% MTPs to total Abortions","HMIS output published in the OGD district-level key-indicator catalogue: % MTPs to total Abortions.","STI/HIV services","Maternal, newborn and reproductive health","Historical published output","","Ministry of Health and Family Welfare, Government of India","https://www.data.gov.in/catalog/performance-key-hmis-indicators-upto-district-level-all-indicators","","Not specified","","Not supplied in registry metadata; consult the authoritative source","HMIS output published in the OGD district-level key-indicator catalogue: % MTPs to total Abortions. Denominator population: Not supplied in registry metadata; consult the authoritative source."
"","Published output","% MTPs up to 12 weeks of Pregnancy to Total MTPs at Public Institutions","HMIS output published in the OGD district-level key-indicator catalogue: % MTPs up to 12 weeks of Pregnancy to Total MTPs at Public Institutions.","STI/HIV services","Maternal, newborn and reproductive health","Historical published output","","Ministry of Health and Family Welfare, Government of India","https://www.data.gov.in/catalog/performance-key-hmis-indicators-upto-district-level-all-indicators","","Not specified","","Not supplied in registry metadata; consult the authoritative source","HMIS output published in the OGD district-level key-indicator catalogue: % MTPs up to 12 weeks of Pregnancy to Total MTPs at Public Institutions. Denominator population: Not supplied in registry metadata; consult the authoritative source."
"","Published output","% MTPs more than 12 weeks of Pregnancy to Total MTPs at Public Institutions","HMIS output published in the OGD district-level key-indicator catalogue: % MTPs more than 12 weeks of Pregnancy to Total MTPs at Public Institutions.","STI/HIV services","Maternal, newborn and reproductive health","Historical published output","","Ministry of Health and Family Welfare, Government of India","https://www.data.gov.in/catalog/performance-key-hmis-indicators-upto-district-level-all-indicators","","Not specified","","Not supplied in registry metadata; consult the authoritative source","HMIS output published in the OGD district-level key-indicator catalogue: % MTPs more than 12 weeks of Pregnancy to Total MTPs at Public Institutions. Denominator population: Not supplied in registry metadata; consult the authoritative source."
"","Published output","% MTPs Conducted at Public Institutions to Total MTPs","HMIS output published in the OGD district-level key-indicator catalogue: % MTPs Conducted at Public Institutions to Total MTPs.","STI/HIV services","Maternal, newborn and reproductive health","Historical published output","","Ministry of Health and Family Welfare, Government of India","https://www.data.gov.in/catalog/performance-key-hmis-indicators-upto-district-level-all-indicators","","Not specified","","Not supplied in registry metadata; consult the authoritative source","HMIS output published in the OGD district-level key-indicator catalogue: % MTPs Conducted at Public Institutions to Total MTPs. Denominator population: Not supplied in registry metadata; consult the authoritative source."
"","Published output","% MTPs Conducted at Private Institutions to Total MTPs","HMIS output published in the OGD district-level key-indicator catalogue: % MTPs Conducted at Private Institutions to Total MTPs.","STI/HIV services","Maternal, newborn and reproductive health","Historical published output","","Ministry of Health and Family Welfare, Government of India","https://www.data.gov.in/catalog/performance-key-hmis-indicators-upto-district-level-all-indicators","","Not specified","","Not supplied in registry metadata; consult the authoritative source","HMIS output published in the OGD district-level key-indicator catalogue: % MTPs Conducted at Private Institutions to Total MTPs. Denominator population: Not supplied in registry metadata; consult the authoritative source."
"","Published output","% Total MTPs (Public) Conducted to Total ANC Registration","HMIS output published in the OGD district-level key-indicator catalogue: % Total MTPs (Public) Conducted to Total ANC Registration.","Antenatal care and high-risk pregnancy","Maternal, newborn and reproductive health","Historical published output","","Ministry of Health and Family Welfare, Government of India","https://www.data.gov.in/catalog/performance-key-hmis-indicators-upto-district-level-all-indicators","","Not specified","","Not supplied in registry metadata; consult the authoritative source","HMIS output published in the OGD district-level key-indicator catalogue: % Total MTPs (Public) Conducted to Total ANC Registration. Denominator population: Not supplied in registry metadata; consult the authoritative source."
"","Published output","Number of Vasectomies Conducted","HMIS output published in the OGD district-level key-indicator catalogue: Number of Vasectomies Conducted.","Family planning","Maternal, newborn and reproductive health","Historical published output","","Ministry of Health and Family Welfare, Government of India","https://www.data.gov.in/catalog/performance-key-hmis-indicators-upto-district-level-all-indicators","","Not specified","","Not supplied in registry metadata; consult the authoritative source","HMIS output published in the OGD district-level key-indicator catalogue: Number of Vasectomies Conducted. Denominator population: Not supplied in registry metadata; consult the authoritative source."
"","Published output","Number of Tubectomies Conducted","HMIS output published in the OGD district-level key-indicator catalogue: Number of Tubectomies Conducted.","Family planning","Maternal, newborn and reproductive health","Historical published output","","Ministry of Health and Family Welfare, Government of India","https://www.data.gov.in/catalog/performance-key-hmis-indicators-upto-district-level-all-indicators","","Not specified","","Not supplied in registry metadata; consult the authoritative source","HMIS output published in the OGD district-level key-indicator catalogue: Number of Tubectomies Conducted. Denominator population: Not supplied in registry metadata; consult the authoritative source."
"","Published output","Total Sterilisation Conducted","HMIS output published in the OGD district-level key-indicator catalogue: Total Sterilisation Conducted.","Other HMIS reporting","Health services and systems","Historical published output","","Ministry of Health and Family Welfare, Government of India","https://www.data.gov.in/catalog/performance-key-hmis-indicators-upto-district-level-all-indicators","","Not specified","","Not supplied in registry metadata; consult the authoritative source","HMIS output published in the OGD district-level key-indicator catalogue: Total Sterilisation Conducted. Denominator population: Not supplied in registry metadata; consult the authoritative source."
"","Published output","% Male Sterlisation (Vasectomies) to Total sterilisation","HMIS output published in the OGD district-level key-indicator catalogue: % Male Sterlisation (Vasectomies) to Total sterilisation.","Family planning","Maternal, newborn and reproductive health","Historical published output","","Ministry of Health and Family Welfare, Government of India","https://www.data.gov.in/catalog/performance-key-hmis-indicators-upto-district-level-all-indicators","","Not specified","","Not supplied in registry metadata; consult the authoritative source","HMIS output published in the OGD district-level key-indicator catalogue: % Male Sterlisation (Vasectomies) to Total sterilisation. Denominator population: Not supplied in registry metadata; consult the authoritative source."
"","Published output","% Female Serlisation (Tubectomies) to Total sterilisation","HMIS output published in the OGD district-level key-indicator catalogue: % Female Serlisation (Tubectomies) to Total sterilisation.","Family planning","Maternal, newborn and reproductive health","Historical published output","","Ministry of Health and Family Welfare, Government of India","https://www.data.gov.in/catalog/performance-key-hmis-indicators-upto-district-level-all-indicators","","Not specified","","Not supplied in registry metadata; consult the authoritative source","HMIS output published in the OGD district-level key-indicator catalogue: % Female Serlisation (Tubectomies) to Total sterilisation. Denominator population: Not supplied in registry metadata; consult the authoritative source."
"","Published output","Total Sterlisation (Tubectomies and Vasectomies) conducted at PHC","HMIS output published in the OGD district-level key-indicator catalogue: Total Sterlisation (Tubectomies and Vasectomies) conducted at PHC.","Family planning","Maternal, newborn and reproductive health","Historical published output","","Ministry of Health and Family Welfare, Government of India","https://www.data.gov.in/catalog/performance-key-hmis-indicators-upto-district-level-all-indicators","","Not specified","","Not supplied in registry metadata; consult the authoritative source","HMIS output published in the OGD district-level key-indicator catalogue: Total Sterlisation (Tubectomies and Vasectomies) conducted at PHC. Denominator population: Not supplied in registry metadata; consult the authoritative source."
"","Published output","Total Sterlisation (Tubectomies and Vasectomies) conducted at CHC","HMIS output published in the OGD district-level key-indicator catalogue: Total Sterlisation (Tubectomies and Vasectomies) conducted at CHC.","Family planning","Maternal, newborn and reproductive health","Historical published output","","Ministry of Health and Family Welfare, Government of India","https://www.data.gov.in/catalog/performance-key-hmis-indicators-upto-district-level-all-indicators","","Not specified","","Not supplied in registry metadata; consult the authoritative source","HMIS output published in the OGD district-level key-indicator catalogue: Total Sterlisation (Tubectomies and Vasectomies) conducted at CHC. Denominator population: Not supplied in registry metadata; consult the authoritative source."
"","Published output","Total Sterlisation (Tubectomies and Vasectomies) conducted at SDH","HMIS output published in the OGD district-level key-indicator catalogue: Total Sterlisation (Tubectomies and Vasectomies) conducted at SDH.","Family planning","Maternal, newborn and reproductive health","Historical published output","","Ministry of Health and Family Welfare, Government of India","https://www.data.gov.in/catalog/performance-key-hmis-indicators-upto-district-level-all-indicators","","Not specified","","Not supplied in registry metadata; consult the authoritative source","HMIS output published in the OGD district-level key-indicator catalogue: Total Sterlisation (Tubectomies and Vasectomies) conducted at SDH. Denominator population: Not supplied in registry metadata; consult the authoritative source."
"","Published output","Total Sterlisation (Tubectomies and Vasectomies) conducted at DH","HMIS output published in the OGD district-level key-indicator catalogue: Total Sterlisation (Tubectomies and Vasectomies) conducted at DH.","Family planning","Maternal, newborn and reproductive health","Historical published output","","Ministry of Health and Family Welfare, Government of India","https://www.data.gov.in/catalog/performance-key-hmis-indicators-upto-district-level-all-indicators","","Not specified","","Not supplied in registry metadata; consult the authoritative source","HMIS output published in the OGD district-level key-indicator catalogue: Total Sterlisation (Tubectomies and Vasectomies) conducted at DH. Denominator population: Not supplied in registry metadata; consult the authoritative source."
"","Published output","Total Sterlisation (Tubectomies and Vasectomies) conducted at Private institutions","HMIS output published in the OGD district-level key-indicator catalogue: Total Sterlisation (Tubectomies and Vasectomies) conducted at Private institutions.","Family planning","Maternal, newborn and reproductive health","Historical published output","","Ministry of Health and Family Welfare, Government of India","https://www.data.gov.in/catalog/performance-key-hmis-indicators-upto-district-level-all-indicators","","Not specified","","Not supplied in registry metadata; consult the authoritative source","HMIS output published in the OGD district-level key-indicator catalogue: Total Sterlisation (Tubectomies and Vasectomies) conducted at Private institutions. Denominator population: Not supplied in registry metadata; consult the authoritative source."
"","Published output","Total Sterlisation (Tubectomies and Vasectomies) conducted at Public institutions","HMIS output published in the OGD district-level key-indicator catalogue: Total Sterlisation (Tubectomies and Vasectomies) conducted at Public institutions.","Family planning","Maternal, newborn and reproductive health","Historical published output","","Ministry of Health and Family Welfare, Government of India","https://www.data.gov.in/catalog/performance-key-hmis-indicators-upto-district-level-all-indicators","","Not specified","","Not supplied in registry metadata; consult the authoritative source","HMIS output published in the OGD district-level key-indicator catalogue: Total Sterlisation (Tubectomies and Vasectomies) conducted at Public institutions. Denominator population: Not supplied in registry metadata; consult the authoritative source."
"","Published output","% Total Sterilisation (Tubectomies and Vasectomies) conducted at Private institutions to Total Sterlisation","HMIS output published in the OGD district-level key-indicator catalogue: % Total Sterilisation (Tubectomies and Vasectomies) conducted at Private institutions to Total Sterlisation.","Family planning","Maternal, newborn and reproductive health","Historical published output","","Ministry of Health and Family Welfare, Government of India","https://www.data.gov.in/catalog/performance-key-hmis-indicators-upto-district-level-all-indicators","","Not specified","","Not supplied in registry metadata; consult the authoritative source","HMIS output published in the OGD district-level key-indicator catalogue: % Total Sterilisation (Tubectomies and Vasectomies) conducted at Private institutions to Total Sterlisation. Denominator population: Not supplied in registry metadata; consult the authoritative source."
"","Published output","% Total Sterilisation (Tubectomies and Vasectomies) conducted at Public institutions to Total Sterlisation","HMIS output published in the OGD district-level key-indicator catalogue: % Total Sterilisation (Tubectomies and Vasectomies) conducted at Public institutions to Total Sterlisation.","Family planning","Maternal, newborn and reproductive health","Historical published output","","Ministry of Health and Family Welfare, Government of India","https://www.data.gov.in/catalog/performance-key-hmis-indicators-upto-district-level-all-indicators","","Not specified","","Not supplied in registry metadata; consult the authoritative source","HMIS output published in the OGD district-level key-indicator catalogue: % Total Sterilisation (Tubectomies and Vasectomies) conducted at Public institutions to Total Sterlisation. Denominator population: Not supplied in registry metadata; consult the authoritative source."
"","Published output","% Laparoscopic sterlisations to Total Female Sterilisations","HMIS output published in the OGD district-level key-indicator catalogue: % Laparoscopic sterlisations to Total Female Sterilisations.","Other HMIS reporting","Health services and systems","Historical published output","","Ministry of Health and Family Welfare, Government of India","https://www.data.gov.in/catalog/performance-key-hmis-indicators-upto-district-level-all-indicators","","Not specified","","Not supplied in registry metadata; consult the authoritative source","HMIS output published in the OGD district-level key-indicator catalogue: % Laparoscopic sterlisations to Total Female Sterilisations. Denominator population: Not supplied in registry metadata; consult the authoritative source."
"","Published output","% Mini Lap Sterlisations to Total Female Sterilisations","HMIS output published in the OGD district-level key-indicator catalogue: % Mini Lap Sterlisations to Total Female Sterilisations.","Other HMIS reporting","Health services and systems","Historical published output","","Ministry of Health and Family Welfare, Government of India","https://www.data.gov.in/catalog/performance-key-hmis-indicators-upto-district-level-all-indicators","","Not specified","","Not supplied in registry metadata; consult the authoritative source","HMIS output published in the OGD district-level key-indicator catalogue: % Mini Lap Sterlisations to Total Female Sterilisations. Denominator population: Not supplied in registry metadata; consult the authoritative source."
"","Published output","% Post Partum Sterlisations to Total Female Sterilisations","HMIS output published in the OGD district-level key-indicator catalogue: % Post Partum Sterlisations to Total Female Sterilisations.","Other HMIS reporting","Health services and systems","Historical published output","","Ministry of Health and Family Welfare, Government of India","https://www.data.gov.in/catalog/performance-key-hmis-indicators-upto-district-level-all-indicators","","Not specified","","Not supplied in registry metadata; consult the authoritative source","HMIS output published in the OGD district-level key-indicator catalogue: % Post Partum Sterlisations to Total Female Sterilisations. Denominator population: Not supplied in registry metadata; consult the authoritative source."
"","Published output","% Post Abortion Sterlisations to Total Female Sterilisations","HMIS output published in the OGD district-level key-indicator catalogue: % Post Abortion Sterlisations to Total Female Sterilisations.","STI/HIV services","Maternal, newborn and reproductive health","Historical published output","","Ministry of Health and Family Welfare, Government of India","https://www.data.gov.in/catalog/performance-key-hmis-indicators-upto-district-level-all-indicators","","Not specified","","Not supplied in registry metadata; consult the authoritative source","HMIS output published in the OGD district-level key-indicator catalogue: % Post Abortion Sterlisations to Total Female Sterilisations. Denominator population: Not supplied in registry metadata; consult the authoritative source."
"","Published output","% Laparoscopic sterlisations at Public Institutions to Total Laparoscopic Sterilisations","HMIS output published in the OGD district-level key-indicator catalogue: % Laparoscopic sterlisations at Public Institutions to Total Laparoscopic Sterilisations.","STI/HIV services","Maternal, newborn and reproductive health","Historical published output","","Ministry of Health and Family Welfare, Government of India","https://www.data.gov.in/catalog/performance-key-hmis-indicators-upto-district-level-all-indicators","","Not specified","","Not supplied in registry metadata; consult the authoritative source","HMIS output published in the OGD district-level key-indicator catalogue: % Laparoscopic sterlisations at Public Institutions to Total Laparoscopic Sterilisations. Denominator population: Not supplied in registry metadata; consult the authoritative source."
"","Published output","% Mini Lap sterlisations at Public Institutions to Total Mini Lap Sterilisations","HMIS output published in the OGD district-level key-indicator catalogue: % Mini Lap sterlisations at Public Institutions to Total Mini Lap Sterilisations.","STI/HIV services","Maternal, newborn and reproductive health","Historical published output","","Ministry of Health and Family Welfare, Government of India","https://www.data.gov.in/catalog/performance-key-hmis-indicators-upto-district-level-all-indicators","","Not specified","","Not supplied in registry metadata; consult the authoritative source","HMIS output published in the OGD district-level key-indicator catalogue: % Mini Lap sterlisations at Public Institutions to Total Mini Lap Sterilisations. Denominator population: Not supplied in registry metadata; consult the authoritative source."
"","Published output","% Post Partum sterlisations at Public Institutions to Total Post Partum Sterilisation","HMIS output published in the OGD district-level key-indicator catalogue: % Post Partum sterlisations at Public Institutions to Total Post Partum Sterilisation.","STI/HIV services","Maternal, newborn and reproductive health","Historical published output","","Ministry of Health and Family Welfare, Government of India","https://www.data.gov.in/catalog/performance-key-hmis-indicators-upto-district-level-all-indicators","","Not specified","","Not supplied in registry metadata; consult the authoritative source","HMIS output published in the OGD district-level key-indicator catalogue: % Post Partum sterlisations at Public Institutions to Total Post Partum Sterilisation. Denominator population: Not supplied in registry metadata; consult the authoritative source."
"","Published output","% Post Abortion sterlisations at Public Institutions to Total Post Partum Sterilisation","HMIS output published in the OGD district-level key-indicator catalogue: % Post Abortion sterlisations at Public Institutions to Total Post Partum Sterilisation.","STI/HIV services","Maternal, newborn and reproductive health","Historical published output","","Ministry of Health and Family Welfare, Government of India","https://www.data.gov.in/catalog/performance-key-hmis-indicators-upto-district-level-all-indicators","","Not specified","","Not supplied in registry metadata; consult the authoritative source","HMIS output published in the OGD district-level key-indicator catalogue: % Post Abortion sterlisations at Public Institutions to Total Post Partum Sterilisation. Denominator population: Not supplied in registry metadata; consult the authoritative source."
"","Published output","Total cases of deaths following Sterlisation ( Male + Female)","HMIS output published in the OGD district-level key-indicator catalogue: Total cases of deaths following Sterlisation ( Male + Female).","Mortality and death review","Mortality and vital events","Historical published output","","Ministry of Health and Family Welfare, Government of India","https://www.data.gov.in/catalog/performance-key-hmis-indicators-upto-district-level-all-indicators","","Not specified","","Not supplied in registry metadata; consult the authoritative source","HMIS output published in the OGD district-level key-indicator catalogue: Total cases of deaths following Sterlisation ( Male + Female). Denominator population: Not supplied in registry metadata; consult the authoritative source."
"","Published output","Total cases of deaths following Male Sterlisation","HMIS output published in the OGD district-level key-indicator catalogue: Total cases of deaths following Male Sterlisation.","Mortality and death review","Mortality and vital events","Historical published output","","Ministry of Health and Family Welfare, Government of India","https://www.data.gov.in/catalog/performance-key-hmis-indicators-upto-district-level-all-indicators","","Not specified","","Not supplied in registry metadata; consult the authoritative source","HMIS output published in the OGD district-level key-indicator catalogue: Total cases of deaths following Male Sterlisation. Denominator population: Not supplied in registry metadata; consult the authoritative source."
"","Published output","Total cases of deaths following Female Sterlisation","HMIS output published in the OGD district-level key-indicator catalogue: Total cases of deaths following Female Sterlisation.","Mortality and death review","Mortality and vital events","Historical published output","","Ministry of Health and Family Welfare, Government of India","https://www.data.gov.in/catalog/performance-key-hmis-indicators-upto-district-level-all-indicators","","Not specified","","Not supplied in registry metadata; consult the authoritative source","HMIS output published in the OGD district-level key-indicator catalogue: Total cases of deaths following Female Sterlisation. Denominator population: Not supplied in registry metadata; consult the authoritative source."
"","Published output","Total cases of failure following Male Sterlisation","HMIS output published in the OGD district-level key-indicator catalogue: Total cases of failure following Male Sterlisation.","Other HMIS reporting","Health services and systems","Historical published output","","Ministry of Health and Family Welfare, Government of India","https://www.data.gov.in/catalog/performance-key-hmis-indicators-upto-district-level-all-indicators","","Not specified","","Not supplied in registry metadata; consult the authoritative source","HMIS output published in the OGD district-level key-indicator catalogue: Total cases of failure following Male Sterlisation. Denominator population: Not supplied in registry metadata; consult the authoritative source."
"","Published output","Total cases of failure following Female Sterlisation","HMIS output published in the OGD district-level key-indicator catalogue: Total cases of failure following Female Sterlisation.","Other HMIS reporting","Health services and systems","Historical published output","","Ministry of Health and Family Welfare, Government of India","https://www.data.gov.in/catalog/performance-key-hmis-indicators-upto-district-level-all-indicators","","Not specified","","Not supplied in registry metadata; consult the authoritative source","HMIS output published in the OGD district-level key-indicator catalogue: Total cases of failure following Female Sterlisation. Denominator population: Not supplied in registry metadata; consult the authoritative source."
"","Published output","Total cases of complication following Male Sterlisation","HMIS output published in the OGD district-level key-indicator catalogue: Total cases of complication following Male Sterlisation.","Other HMIS reporting","Health services and systems","Historical published output","","Ministry of Health and Family Welfare, Government of India","https://www.data.gov.in/catalog/performance-key-hmis-indicators-upto-district-level-all-indicators","","Not specified","","Not supplied in registry metadata; consult the authoritative source","HMIS output published in the OGD district-level key-indicator catalogue: Total cases of complication following Male Sterlisation. Denominator population: Not supplied in registry metadata; consult the authoritative source."
"","Published output","Total cases of complication following Female Sterlisation","HMIS output published in the OGD district-level key-indicator catalogue: Total cases of complication following Female Sterlisation.","Other HMIS reporting","Health services and systems","Historical published output","","Ministry of Health and Family Welfare, Government of India","https://www.data.gov.in/catalog/performance-key-hmis-indicators-upto-district-level-all-indicators","","Not specified","","Not supplied in registry metadata; consult the authoritative source","HMIS output published in the OGD district-level key-indicator catalogue: Total cases of complication following Female Sterlisation. Denominator population: Not supplied in registry metadata; consult the authoritative source."
"","Published output","IUCD Insertions done (public facilities)","HMIS output published in the OGD district-level key-indicator catalogue: IUCD Insertions done (public facilities).","Family planning","Maternal, newborn and reproductive health","Historical published output","","Ministry of Health and Family Welfare, Government of India","https://www.data.gov.in/catalog/performance-key-hmis-indicators-upto-district-level-all-indicators","","Not specified","","Not supplied in registry metadata; consult the authoritative source","HMIS output published in the OGD district-level key-indicator catalogue: IUCD Insertions done (public facilities). Denominator population: Not supplied in registry metadata; consult the authoritative source."
"","Published output","IUCD insertions done (pvt. facilities)","HMIS output published in the OGD district-level key-indicator catalogue: IUCD insertions done (pvt. facilities).","Family planning","Maternal, newborn and reproductive health","Historical published output","","Ministry of Health and Family Welfare, Government of India","https://www.data.gov.in/catalog/performance-key-hmis-indicators-upto-district-level-all-indicators","","Not specified","","Not supplied in registry metadata; consult the authoritative source","HMIS output published in the OGD district-level key-indicator catalogue: IUCD insertions done (pvt. facilities). Denominator population: Not supplied in registry metadata; consult the authoritative source."
"","Published output","% PP IUCD Insertions (public) to Total IUCD Insertions (public)","HMIS output published in the OGD district-level key-indicator catalogue: % PP IUCD Insertions (public) to Total IUCD Insertions (public).","Family planning","Maternal, newborn and reproductive health","Historical published output","","Ministry of Health and Family Welfare, Government of India","https://www.data.gov.in/catalog/performance-key-hmis-indicators-upto-district-level-all-indicators","","Not specified","","Not supplied in registry metadata; consult the authoritative source","HMIS output published in the OGD district-level key-indicator catalogue: % PP IUCD Insertions (public) to Total IUCD Insertions (public). Denominator population: Not supplied in registry metadata; consult the authoritative source."
"","Published output","% PP IUCD Insertions (public) to Total Institutional Deliveries (public)","HMIS output published in the OGD district-level key-indicator catalogue: % PP IUCD Insertions (public) to Total Institutional Deliveries (public).","Delivery and intrapartum care","Maternal, newborn and reproductive health","Historical published output","","Ministry of Health and Family Welfare, Government of India","https://www.data.gov.in/catalog/performance-key-hmis-indicators-upto-district-level-all-indicators","","Not specified","","Not supplied in registry metadata; consult the authoritative source","HMIS output published in the OGD district-level key-indicator catalogue: % PP IUCD Insertions (public) to Total Institutional Deliveries (public). Denominator population: Not supplied in registry metadata; consult the authoritative source."
"","Published output","% IUCD insertions to all family planningmethods ( IUCD plus permanent)","HMIS output published in the OGD district-level key-indicator catalogue: % IUCD insertions to all family planningmethods ( IUCD plus permanent).","Family planning","Maternal, newborn and reproductive health","Historical published output","","Ministry of Health and Family Welfare, Government of India","https://www.data.gov.in/catalog/performance-key-hmis-indicators-upto-district-level-all-indicators","","Not specified","","Not supplied in registry metadata; consult the authoritative source","HMIS output published in the OGD district-level key-indicator catalogue: % IUCD insertions to all family planningmethods ( IUCD plus permanent). Denominator population: Not supplied in registry metadata; consult the authoritative source."
"","Published output","Total Interval IUCD Insertions done","HMIS output published in the OGD district-level key-indicator catalogue: Total Interval IUCD Insertions done.","Family planning","Maternal, newborn and reproductive health","Historical published output","","Ministry of Health and Family Welfare, Government of India","https://www.data.gov.in/catalog/performance-key-hmis-indicators-upto-district-level-all-indicators","","Not specified","","Not supplied in registry metadata; consult the authoritative source","HMIS output published in the OGD district-level key-indicator catalogue: Total Interval IUCD Insertions done. Denominator population: Not supplied in registry metadata; consult the authoritative source."
"","Published output","Total PP IUCD Insertions done","HMIS output published in the OGD district-level key-indicator catalogue: Total PP IUCD Insertions done.","Family planning","Maternal, newborn and reproductive health","Historical published output","","Ministry of Health and Family Welfare, Government of India","https://www.data.gov.in/catalog/performance-key-hmis-indicators-upto-district-level-all-indicators","","Not specified","","Not supplied in registry metadata; consult the authoritative source","HMIS output published in the OGD district-level key-indicator catalogue: Total PP IUCD Insertions done. Denominator population: Not supplied in registry metadata; consult the authoritative source."
"","Published output","Total PAIUCD insertions done","HMIS output published in the OGD district-level key-indicator catalogue: Total PAIUCD insertions done.","Family planning","Maternal, newborn and reproductive health","Historical published output","","Ministry of Health and Family Welfare, Government of India","https://www.data.gov.in/catalog/performance-key-hmis-indicators-upto-district-level-all-indicators","","Not specified","","Not supplied in registry metadata; consult the authoritative source","HMIS output published in the OGD district-level key-indicator catalogue: Total PAIUCD insertions done. Denominator population: Not supplied in registry metadata; consult the authoritative source."
"","Published output","Combined Oral Pills distributed","HMIS output published in the OGD district-level key-indicator catalogue: Combined Oral Pills distributed.","Other HMIS reporting","Health services and systems","Historical published output","","Ministry of Health and Family Welfare, Government of India","https://www.data.gov.in/catalog/performance-key-hmis-indicators-upto-district-level-all-indicators","","Not specified","","Not supplied in registry metadata; consult the authoritative source","HMIS output published in the OGD district-level key-indicator catalogue: Combined Oral Pills distributed. Denominator population: Not supplied in registry metadata; consult the authoritative source."
"","Published output","Emergency pills distributed","HMIS output published in the OGD district-level key-indicator catalogue: Emergency pills distributed.","Other HMIS reporting","Health services and systems","Historical published output","","Ministry of Health and Family Welfare, Government of India","https://www.data.gov.in/catalog/performance-key-hmis-indicators-upto-district-level-all-indicators","","Not specified","","Not supplied in registry metadata; consult the authoritative source","HMIS output published in the OGD district-level key-indicator catalogue: Emergency pills distributed. Denominator population: Not supplied in registry metadata; consult the authoritative source."
"","Published output","Condom pieces distributed","HMIS output published in the OGD district-level key-indicator catalogue: Condom pieces distributed.","Family planning","Maternal, newborn and reproductive health","Historical published output","","Ministry of Health and Family Welfare, Government of India","https://www.data.gov.in/catalog/performance-key-hmis-indicators-upto-district-level-all-indicators","","Not specified","","Not supplied in registry metadata; consult the authoritative source","HMIS output published in the OGD district-level key-indicator catalogue: Condom pieces distributed. Denominator population: Not supplied in registry metadata; consult the authoritative source."
"","Published output","Centchroman ( weekly pills) distributed","HMIS output published in the OGD district-level key-indicator catalogue: Centchroman ( weekly pills) distributed.","Other HMIS reporting","Health services and systems","Historical published output","","Ministry of Health and Family Welfare, Government of India","https://www.data.gov.in/catalog/performance-key-hmis-indicators-upto-district-level-all-indicators","","Not specified","","Not supplied in registry metadata; consult the authoritative source","HMIS output published in the OGD district-level key-indicator catalogue: Centchroman ( weekly pills) distributed. Denominator population: Not supplied in registry metadata; consult the authoritative source."
"","Published output","Number of beneficiaries given 1st dose of Injectable (Antara Program)","HMIS output published in the OGD district-level key-indicator catalogue: Number of beneficiaries given 1st dose of Injectable (Antara Program).","Other HMIS reporting","Health services and systems","Historical published output","","Ministry of Health and Family Welfare, Government of India","https://www.data.gov.in/catalog/performance-key-hmis-indicators-upto-district-level-all-indicators","","Not specified","","Not supplied in registry metadata; consult the authoritative source","HMIS output published in the OGD district-level key-indicator catalogue: Number of beneficiaries given 1st dose of Injectable (Antara Program). Denominator population: Not supplied in registry metadata; consult the authoritative source."
"","Published output","Number of beneficiaries given 2nd dose of Injectable (Antara Program)","HMIS output published in the OGD district-level key-indicator catalogue: Number of beneficiaries given 2nd dose of Injectable (Antara Program).","Other HMIS reporting","Health services and systems","Historical published output","","Ministry of Health and Family Welfare, Government of India","https://www.data.gov.in/catalog/performance-key-hmis-indicators-upto-district-level-all-indicators","","Not specified","","Not supplied in registry metadata; consult the authoritative source","HMIS output published in the OGD district-level key-indicator catalogue: Number of beneficiaries given 2nd dose of Injectable (Antara Program). Denominator population: Not supplied in registry metadata; consult the authoritative source."
"","Published output","Number of beneficiaries given 3rd dose of Injectable (Antara Program)","HMIS output published in the OGD district-level key-indicator catalogue: Number of beneficiaries given 3rd dose of Injectable (Antara Program).","Other HMIS reporting","Health services and systems","Historical published output","","Ministry of Health and Family Welfare, Government of India","https://www.data.gov.in/catalog/performance-key-hmis-indicators-upto-district-level-all-indicators","","Not specified","","Not supplied in registry metadata; consult the authoritative source","HMIS output published in the OGD district-level key-indicator catalogue: Number of beneficiaries given 3rd dose of Injectable (Antara Program). Denominator population: Not supplied in registry metadata; consult the authoritative source."
"","Published output","Number of beneficiaries given 4th or more than 4 doses of Injectable (Antara Program)","HMIS output published in the OGD district-level key-indicator catalogue: Number of beneficiaries given 4th or more than 4 doses of Injectable (Antara Program).","Other HMIS reporting","Health services and systems","Historical published output","","Ministry of Health and Family Welfare, Government of India","https://www.data.gov.in/catalog/performance-key-hmis-indicators-upto-district-level-all-indicators","","Not specified","","Not supplied in registry metadata; consult the authoritative source","HMIS output published in the OGD district-level key-indicator catalogue: Number of beneficiaries given 4th or more than 4 doses of Injectable (Antara Program). Denominator population: Not supplied in registry metadata; consult the authoritative source."
"","Published output","Pregnancy testing kits used","HMIS output published in the OGD district-level key-indicator catalogue: Pregnancy testing kits used.","STI/HIV services","Maternal, newborn and reproductive health","Historical published output","","Ministry of Health and Family Welfare, Government of India","https://www.data.gov.in/catalog/performance-key-hmis-indicators-upto-district-level-all-indicators","","Not specified","","Not supplied in registry metadata; consult the authoritative source","HMIS output published in the OGD district-level key-indicator catalogue: Pregnancy testing kits used. Denominator population: Not supplied in registry metadata; consult the authoritative source."
"","Published output","Number of Infants given OPV 0 (Birth Dose)","HMIS output published in the OGD district-level key-indicator catalogue: Number of Infants given OPV 0 (Birth Dose).","Immunization","Child, adolescent and nutrition services","Historical published output","","Ministry of Health and Family Welfare, Government of India","https://www.data.gov.in/catalog/performance-key-hmis-indicators-upto-district-level-all-indicators","","Not specified","","Not supplied in registry metadata; consult the authoritative source","HMIS output published in the OGD district-level key-indicator catalogue: Number of Infants given OPV 0 (Birth Dose). Denominator population: Not supplied in registry metadata; consult the authoritative source."
"","Published output","Number of Infants given BCG","HMIS output published in the OGD district-level key-indicator catalogue: Number of Infants given BCG.","Immunization","Child, adolescent and nutrition services","Historical published output","","Ministry of Health and Family Welfare, Government of India","https://www.data.gov.in/catalog/performance-key-hmis-indicators-upto-district-level-all-indicators","","Not specified","","Not supplied in registry metadata; consult the authoritative source","HMIS output published in the OGD district-level key-indicator catalogue: Number of Infants given BCG. Denominator population: Not supplied in registry metadata; consult the authoritative source."
"","Published output","Number of Infants given Hep- B0 (birth dose)","HMIS output published in the OGD district-level key-indicator catalogue: Number of Infants given Hep- B0 (birth dose).","Other HMIS reporting","Health services and systems","Historical published output","","Ministry of Health and Family Welfare, Government of India","https://www.data.gov.in/catalog/performance-key-hmis-indicators-upto-district-level-all-indicators","","Not specified","","Not supplied in registry metadata; consult the authoritative source","HMIS output published in the OGD district-level key-indicator catalogue: Number of Infants given Hep- B0 (birth dose). Denominator population: Not supplied in registry metadata; consult the authoritative source."
"","Published output","% Newborns given OPV0 at birth to Reported live birth","HMIS output published in the OGD district-level key-indicator catalogue: % Newborns given OPV0 at birth to Reported live birth.","Newborn and pregnancy outcomes","Maternal, newborn and reproductive health","Historical published output","","Ministry of Health and Family Welfare, Government of India","https://www.data.gov.in/catalog/performance-key-hmis-indicators-upto-district-level-all-indicators","","Not specified","","Not supplied in registry metadata; consult the authoritative source","HMIS output published in the OGD district-level key-indicator catalogue: % Newborns given OPV0 at birth to Reported live birth. Denominator population: Not supplied in registry metadata; consult the authoritative source."
"","Published output","% Newborns given BCG to Reported live birth","HMIS output published in the OGD district-level key-indicator catalogue: % Newborns given BCG to Reported live birth.","Newborn and pregnancy outcomes","Maternal, newborn and reproductive health","Historical published output","","Ministry of Health and Family Welfare, Government of India","https://www.data.gov.in/catalog/performance-key-hmis-indicators-upto-district-level-all-indicators","","Not specified","","Not supplied in registry metadata; consult the authoritative source","HMIS output published in the OGD district-level key-indicator catalogue: % Newborns given BCG to Reported live birth. Denominator population: Not supplied in registry metadata; consult the authoritative source."
"","Published output","% Newborns given Hep-B0(Birth Dose)at birth to Reported live birth","HMIS output published in the OGD district-level key-indicator catalogue: % Newborns given Hep-B0(Birth Dose)at birth to Reported live birth.","Newborn and pregnancy outcomes","Maternal, newborn and reproductive health","Historical published output","","Ministry of Health and Family Welfare, Government of India","https://www.data.gov.in/catalog/performance-key-hmis-indicators-upto-district-level-all-indicators","","Not specified","","Not supplied in registry metadata; consult the authoritative source","HMIS output published in the OGD district-level key-indicator catalogue: % Newborns given Hep-B0(Birth Dose)at birth to Reported live birth. Denominator population: Not supplied in registry metadata; consult the authoritative source."
"","Published output","Number of Infants given DPT1","HMIS output published in the OGD district-level key-indicator catalogue: Number of Infants given DPT1.","Immunization","Child, adolescent and nutrition services","Historical published output","","Ministry of Health and Family Welfare, Government of India","https://www.data.gov.in/catalog/performance-key-hmis-indicators-upto-district-level-all-indicators","","Not specified","","Not supplied in registry metadata; consult the authoritative source","HMIS output published in the OGD district-level key-indicator catalogue: Number of Infants given DPT1. Denominator population: Not supplied in registry metadata; consult the authoritative source."
"","Published output","Number of Infants given DPT2","HMIS output published in the OGD district-level key-indicator catalogue: Number of Infants given DPT2.","Immunization","Child, adolescent and nutrition services","Historical published output","","Ministry of Health and Family Welfare, Government of India","https://www.data.gov.in/catalog/performance-key-hmis-indicators-upto-district-level-all-indicators","","Not specified","","Not supplied in registry metadata; consult the authoritative source","HMIS output published in the OGD district-level key-indicator catalogue: Number of Infants given DPT2. Denominator population: Not supplied in registry metadata; consult the authoritative source."
"","Published output","Number of Infants given DPT3","HMIS output published in the OGD district-level key-indicator catalogue: Number of Infants given DPT3.","Immunization","Child, adolescent and nutrition services","Historical published output","","Ministry of Health and Family Welfare, Government of India","https://www.data.gov.in/catalog/performance-key-hmis-indicators-upto-district-level-all-indicators","","Not specified","","Not supplied in registry metadata; consult the authoritative source","HMIS output published in the OGD district-level key-indicator catalogue: Number of Infants given DPT3. Denominator population: Not supplied in registry metadata; consult the authoritative source."
"","Published output","Number of Infants given Pentavalent 1","HMIS output published in the OGD district-level key-indicator catalogue: Number of Infants given Pentavalent 1.","Other HMIS reporting","Health services and systems","Historical published output","","Ministry of Health and Family Welfare, Government of India","https://www.data.gov.in/catalog/performance-key-hmis-indicators-upto-district-level-all-indicators","","Not specified","","Not supplied in registry metadata; consult the authoritative source","HMIS output published in the OGD district-level key-indicator catalogue: Number of Infants given Pentavalent 1. Denominator population: Not supplied in registry metadata; consult the authoritative source."
"","Published output","Number of Infants given Pentavalent 2","HMIS output published in the OGD district-level key-indicator catalogue: Number of Infants given Pentavalent 2.","Other HMIS reporting","Health services and systems","Historical published output","","Ministry of Health and Family Welfare, Government of India","https://www.data.gov.in/catalog/performance-key-hmis-indicators-upto-district-level-all-indicators","","Not specified","","Not supplied in registry metadata; consult the authoritative source","HMIS output published in the OGD district-level key-indicator catalogue: Number of Infants given Pentavalent 2. Denominator population: Not supplied in registry metadata; consult the authoritative source."
"","Published output","Number of Infants given Pentavalent 3","HMIS output published in the OGD district-level key-indicator catalogue: Number of Infants given Pentavalent 3.","Other HMIS reporting","Health services and systems","Historical published output","","Ministry of Health and Family Welfare, Government of India","https://www.data.gov.in/catalog/performance-key-hmis-indicators-upto-district-level-all-indicators","","Not specified","","Not supplied in registry metadata; consult the authoritative source","HMIS output published in the OGD district-level key-indicator catalogue: Number of Infants given Pentavalent 3. Denominator population: Not supplied in registry metadata; consult the authoritative source."
"","Published output","Number of Infants given Measles","HMIS output published in the OGD district-level key-indicator catalogue: Number of Infants given Measles.","Immunization","Child, adolescent and nutrition services","Historical published output","","Ministry of Health and Family Welfare, Government of India","https://www.data.gov.in/catalog/performance-key-hmis-indicators-upto-district-level-all-indicators","","Not specified","","Not supplied in registry metadata; consult the authoritative source","HMIS output published in the OGD district-level key-indicator catalogue: Number of Infants given Measles. Denominator population: Not supplied in registry metadata; consult the authoritative source."
"","Published output","Number of Infants given MR","HMIS output published in the OGD district-level key-indicator catalogue: Number of Infants given MR.","Other HMIS reporting","Health services and systems","Historical published output","","Ministry of Health and Family Welfare, Government of India","https://www.data.gov.in/catalog/performance-key-hmis-indicators-upto-district-level-all-indicators","","Not specified","","Not supplied in registry metadata; consult the authoritative source","HMIS output published in the OGD district-level key-indicator catalogue: Number of Infants given MR. Denominator population: Not supplied in registry metadata; consult the authoritative source."
"","Published output","% Infants 0 to 11 months old who received Measles+ MR vaccine to reported live births","HMIS output published in the OGD district-level key-indicator catalogue: % Infants 0 to 11 months old who received Measles+ MR vaccine to reported live births.","Immunization","Child, adolescent and nutrition services","Historical published output","","Ministry of Health and Family Welfare, Government of India","https://www.data.gov.in/catalog/performance-key-hmis-indicators-upto-district-level-all-indicators","","Not specified","","Not supplied in registry metadata; consult the authoritative source","HMIS output published in the OGD district-level key-indicator catalogue: % Infants 0 to 11 months old who received Measles+ MR vaccine to reported live births. Denominator population: Not supplied in registry metadata; consult the authoritative source."
"","Published output","Number of fully immunized children (9-11 months)","HMIS output published in the OGD district-level key-indicator catalogue: Number of fully immunized children (9-11 months).","Immunization","Child, adolescent and nutrition services","Historical published output","","Ministry of Health and Family Welfare, Government of India","https://www.data.gov.in/catalog/performance-key-hmis-indicators-upto-district-level-all-indicators","","Not specified","","Not supplied in registry metadata; consult the authoritative source","HMIS output published in the OGD district-level key-indicator catalogue: Number of fully immunized children (9-11 months). Denominator population: Not supplied in registry metadata; consult the authoritative source."
"","Published output","% Drop Out between BCG & Measles/ MR","HMIS output published in the OGD district-level key-indicator catalogue: % Drop Out between BCG & Measles/ MR.","Immunization","Child, adolescent and nutrition services","Historical published output","","Ministry of Health and Family Welfare, Government of India","https://www.data.gov.in/catalog/performance-key-hmis-indicators-upto-district-level-all-indicators","","Not specified","","Not supplied in registry metadata; consult the authoritative source","HMIS output published in the OGD district-level key-indicator catalogue: % Drop Out between BCG & Measles/ MR. Denominator population: Not supplied in registry metadata; consult the authoritative source."
"","Published output","% Children given Vit A dose1 to Reported live birth","HMIS output published in the OGD district-level key-indicator catalogue: % Children given Vit A dose1 to Reported live birth.","Other HMIS reporting","Health services and systems","Historical published output","","Ministry of Health and Family Welfare, Government of India","https://www.data.gov.in/catalog/performance-key-hmis-indicators-upto-district-level-all-indicators","","Not specified","","Not supplied in registry metadata; consult the authoritative source","HMIS output published in the OGD district-level key-indicator catalogue: % Children given Vit A dose1 to Reported live birth. Denominator population: Not supplied in registry metadata; consult the authoritative source."
"","Published output","% Children given Vitamin A Dose 9 to Children given Vit A dose1","HMIS output published in the OGD district-level key-indicator catalogue: % Children given Vitamin A Dose 9 to Children given Vit A dose1.","Immunization","Child, adolescent and nutrition services","Historical published output","","Ministry of Health and Family Welfare, Government of India","https://www.data.gov.in/catalog/performance-key-hmis-indicators-upto-district-level-all-indicators","","Not specified","","Not supplied in registry metadata; consult the authoritative source","HMIS output published in the OGD district-level key-indicator catalogue: % Children given Vitamin A Dose 9 to Children given Vit A dose1. Denominator population: Not supplied in registry metadata; consult the authoritative source."
"","Published output","Adverse Events Following Imunisation (Abcess )","HMIS output published in the OGD district-level key-indicator catalogue: Adverse Events Following Imunisation (Abcess ).","Other HMIS reporting","Health services and systems","Historical published output","","Ministry of Health and Family Welfare, Government of India","https://www.data.gov.in/catalog/performance-key-hmis-indicators-upto-district-level-all-indicators","","Not specified","","Not supplied in registry metadata; consult the authoritative source","HMIS output published in the OGD district-level key-indicator catalogue: Adverse Events Following Imunisation (Abcess ). Denominator population: Not supplied in registry metadata; consult the authoritative source."
"","Published output","Adverse Events Following Imunisation (Deaths)","HMIS output published in the OGD district-level key-indicator catalogue: Adverse Events Following Imunisation (Deaths).","Mortality and death review","Mortality and vital events","Historical published output","","Ministry of Health and Family Welfare, Government of India","https://www.data.gov.in/catalog/performance-key-hmis-indicators-upto-district-level-all-indicators","","Not specified","","Not supplied in registry metadata; consult the authoritative source","HMIS output published in the OGD district-level key-indicator catalogue: Adverse Events Following Imunisation (Deaths). Denominator population: Not supplied in registry metadata; consult the authoritative source."
"","Published output","Adverse Events Following Imunisation (Others)","HMIS output published in the OGD district-level key-indicator catalogue: Adverse Events Following Imunisation (Others).","Other HMIS reporting","Health services and systems","Historical published output","","Ministry of Health and Family Welfare, Government of India","https://www.data.gov.in/catalog/performance-key-hmis-indicators-upto-district-level-all-indicators","","Not specified","","Not supplied in registry metadata; consult the authoritative source","HMIS output published in the OGD district-level key-indicator catalogue: Adverse Events Following Imunisation (Others). Denominator population: Not supplied in registry metadata; consult the authoritative source."
"","Published output","% immunisation Sessions Held to Immunisation Sessions Planned","HMIS output published in the OGD district-level key-indicator catalogue: % immunisation Sessions Held to Immunisation Sessions Planned.","Immunization","Child, adolescent and nutrition services","Historical published output","","Ministry of Health and Family Welfare, Government of India","https://www.data.gov.in/catalog/performance-key-hmis-indicators-upto-district-level-all-indicators","","Not specified","","Not supplied in registry metadata; consult the authoritative source","HMIS output published in the OGD district-level key-indicator catalogue: % immunisation Sessions Held to Immunisation Sessions Planned. Denominator population: Not supplied in registry metadata; consult the authoritative source."
"","Published output","% Immunisation Sessions where ASHAs were present to Immunisation Sessions Planned","HMIS output published in the OGD district-level key-indicator catalogue: % Immunisation Sessions where ASHAs were present to Immunisation Sessions Planned.","Immunization","Child, adolescent and nutrition services","Historical published output","","Ministry of Health and Family Welfare, Government of India","https://www.data.gov.in/catalog/performance-key-hmis-indicators-upto-district-level-all-indicators","","Not specified","","Not supplied in registry metadata; consult the authoritative source","HMIS output published in the OGD district-level key-indicator catalogue: % Immunisation Sessions where ASHAs were present to Immunisation Sessions Planned. Denominator population: Not supplied in registry metadata; consult the authoritative source."
"","Published output","Pneumonia in Children 0-5 Years of Age","HMIS output published in the OGD district-level key-indicator catalogue: Pneumonia in Children 0-5 Years of Age.","Childhood illness","Child, adolescent and nutrition services","Historical published output","","Ministry of Health and Family Welfare, Government of India","https://www.data.gov.in/catalog/performance-key-hmis-indicators-upto-district-level-all-indicators","","Not specified","","Not supplied in registry metadata; consult the authoritative source","HMIS output published in the OGD district-level key-indicator catalogue: Pneumonia in Children 0-5 Years of Age. Denominator population: Not supplied in registry metadata; consult the authoritative source."
"","Published output","Asthma in Children 0-5 Years of Age","HMIS output published in the OGD district-level key-indicator catalogue: Asthma in Children 0-5 Years of Age.","Other HMIS reporting","Health services and systems","Historical published output","","Ministry of Health and Family Welfare, Government of India","https://www.data.gov.in/catalog/performance-key-hmis-indicators-upto-district-level-all-indicators","","Not specified","","Not supplied in registry metadata; consult the authoritative source","HMIS output published in the OGD district-level key-indicator catalogue: Asthma in Children 0-5 Years of Age. Denominator population: Not supplied in registry metadata; consult the authoritative source."
"","Published output","Sepsis in Children 0-5 Years of Age","HMIS output published in the OGD district-level key-indicator catalogue: Sepsis in Children 0-5 Years of Age.","Other HMIS reporting","Health services and systems","Historical published output","","Ministry of Health and Family Welfare, Government of India","https://www.data.gov.in/catalog/performance-key-hmis-indicators-upto-district-level-all-indicators","","Not specified","","Not supplied in registry metadata; consult the authoritative source","HMIS output published in the OGD district-level key-indicator catalogue: Sepsis in Children 0-5 Years of Age. Denominator population: Not supplied in registry metadata; consult the authoritative source."
"","Published output","Diphtheria in Children 0-5 Years of Age","HMIS output published in the OGD district-level key-indicator catalogue: Diphtheria in Children 0-5 Years of Age.","Other HMIS reporting","Health services and systems","Historical published output","","Ministry of Health and Family Welfare, Government of India","https://www.data.gov.in/catalog/performance-key-hmis-indicators-upto-district-level-all-indicators","","Not specified","","Not supplied in registry metadata; consult the authoritative source","HMIS output published in the OGD district-level key-indicator catalogue: Diphtheria in Children 0-5 Years of Age. Denominator population: Not supplied in registry metadata; consult the authoritative source."
"","Published output","Pertussis in Children 0-5 Years of Age","HMIS output published in the OGD district-level key-indicator catalogue: Pertussis in Children 0-5 Years of Age.","Other HMIS reporting","Health services and systems","Historical published output","","Ministry of Health and Family Welfare, Government of India","https://www.data.gov.in/catalog/performance-key-hmis-indicators-upto-district-level-all-indicators","","Not specified","","Not supplied in registry metadata; consult the authoritative source","HMIS output published in the OGD district-level key-indicator catalogue: Pertussis in Children 0-5 Years of Age. Denominator population: Not supplied in registry metadata; consult the authoritative source."
"","Published output","Tetanus Neonatorum in Children 0-5 Years of Age","HMIS output published in the OGD district-level key-indicator catalogue: Tetanus Neonatorum in Children 0-5 Years of Age.","Other HMIS reporting","Health services and systems","Historical published output","","Ministry of Health and Family Welfare, Government of India","https://www.data.gov.in/catalog/performance-key-hmis-indicators-upto-district-level-all-indicators","","Not specified","","Not supplied in registry metadata; consult the authoritative source","HMIS output published in the OGD district-level key-indicator catalogue: Tetanus Neonatorum in Children 0-5 Years of Age. Denominator population: Not supplied in registry metadata; consult the authoritative source."
"","Published output","Tuberculosis (TB) in Children 0-5 Years of Age","HMIS output published in the OGD district-level key-indicator catalogue: Tuberculosis (TB) in Children 0-5 Years of Age.","Tuberculosis services","Communicable diseases","Historical published output","","Ministry of Health and Family Welfare, Government of India","https://www.data.gov.in/catalog/performance-key-hmis-indicators-upto-district-level-all-indicators","","Not specified","","Not supplied in registry metadata; consult the authoritative source","HMIS output published in the OGD district-level key-indicator catalogue: Tuberculosis (TB) in Children 0-5 Years of Age. Denominator population: Not supplied in registry metadata; consult the authoritative source."
"","Published output","Acute Flaccid Paralysis(AFP)in Children 0-5 Years of Age","HMIS output published in the OGD district-level key-indicator catalogue: Acute Flaccid Paralysis(AFP)in Children 0-5 Years of Age.","Other HMIS reporting","Health services and systems","Historical published output","","Ministry of Health and Family Welfare, Government of India","https://www.data.gov.in/catalog/performance-key-hmis-indicators-upto-district-level-all-indicators","","Not specified","","Not supplied in registry metadata; consult the authoritative source","HMIS output published in the OGD district-level key-indicator catalogue: Acute Flaccid Paralysis(AFP)in Children 0-5 Years of Age. Denominator population: Not supplied in registry metadata; consult the authoritative source."
"","Published output","Measles in Children 0-5 Years of Age","HMIS output published in the OGD district-level key-indicator catalogue: Measles in Children 0-5 Years of Age.","Immunization","Child, adolescent and nutrition services","Historical published output","","Ministry of Health and Family Welfare, Government of India","https://www.data.gov.in/catalog/performance-key-hmis-indicators-upto-district-level-all-indicators","","Not specified","","Not supplied in registry metadata; consult the authoritative source","HMIS output published in the OGD district-level key-indicator catalogue: Measles in Children 0-5 Years of Age. Denominator population: Not supplied in registry metadata; consult the authoritative source."
"","Published output","Malaria in Children 0-5 Years of Age","HMIS output published in the OGD district-level key-indicator catalogue: Malaria in Children 0-5 Years of Age.","Vector-borne diseases","Communicable diseases","Historical published output","","Ministry of Health and Family Welfare, Government of India","https://www.data.gov.in/catalog/performance-key-hmis-indicators-upto-district-level-all-indicators","","Not specified","","Not supplied in registry metadata; consult the authoritative source","HMIS output published in the OGD district-level key-indicator catalogue: Malaria in Children 0-5 Years of Age. Denominator population: Not supplied in registry metadata; consult the authoritative source."
"","Published output","Diarrhoea in Children 0-5 Years of Age","HMIS output published in the OGD district-level key-indicator catalogue: Diarrhoea in Children 0-5 Years of Age.","Childhood illness","Child, adolescent and nutrition services","Historical published output","","Ministry of Health and Family Welfare, Government of India","https://www.data.gov.in/catalog/performance-key-hmis-indicators-upto-district-level-all-indicators","","Not specified","","Not supplied in registry metadata; consult the authoritative source","HMIS output published in the OGD district-level key-indicator catalogue: Diarrhoea in Children 0-5 Years of Age. Denominator population: Not supplied in registry metadata; consult the authoritative source."
"","Published output","Diarrhoea treated in Inpatients in Children 0-5 Years of Age","HMIS output published in the OGD district-level key-indicator catalogue: Diarrhoea treated in Inpatients in Children 0-5 Years of Age.","Childhood illness","Child, adolescent and nutrition services","Historical published output","","Ministry of Health and Family Welfare, Government of India","https://www.data.gov.in/catalog/performance-key-hmis-indicators-upto-district-level-all-indicators","","Not specified","","Not supplied in registry metadata; consult the authoritative source","HMIS output published in the OGD district-level key-indicator catalogue: Diarrhoea treated in Inpatients in Children 0-5 Years of Age. Denominator population: Not supplied in registry metadata; consult the authoritative source."
"","Published output","No. of infants given Measles Rubella vaccine 1st dose","HMIS output published in the OGD district-level key-indicator catalogue: No. of infants given Measles Rubella vaccine 1st dose.","Immunization","Child, adolescent and nutrition services","Historical published output","","Ministry of Health and Family Welfare, Government of India","https://www.data.gov.in/catalog/performance-key-hmis-indicators-upto-district-level-all-indicators","","Not specified","","Not supplied in registry metadata; consult the authoritative source","HMIS output published in the OGD district-level key-indicator catalogue: No. of infants given Measles Rubella vaccine 1st dose. Denominator population: Not supplied in registry metadata; consult the authoritative source."
"","Published output","No. of infants received Rotavirus Vaccine 1st dose","HMIS output published in the OGD district-level key-indicator catalogue: No. of infants received Rotavirus Vaccine 1st dose.","Immunization","Child, adolescent and nutrition services","Historical published output","","Ministry of Health and Family Welfare, Government of India","https://www.data.gov.in/catalog/performance-key-hmis-indicators-upto-district-level-all-indicators","","Not specified","","Not supplied in registry metadata; consult the authoritative source","HMIS output published in the OGD district-level key-indicator catalogue: No. of infants received Rotavirus Vaccine 1st dose. Denominator population: Not supplied in registry metadata; consult the authoritative source."
"","Published output","No. of infants received Rotavirus Vaccine 2nd dose","HMIS output published in the OGD district-level key-indicator catalogue: No. of infants received Rotavirus Vaccine 2nd dose.","Immunization","Child, adolescent and nutrition services","Historical published output","","Ministry of Health and Family Welfare, Government of India","https://www.data.gov.in/catalog/performance-key-hmis-indicators-upto-district-level-all-indicators","","Not specified","","Not supplied in registry metadata; consult the authoritative source","HMIS output published in the OGD district-level key-indicator catalogue: No. of infants received Rotavirus Vaccine 2nd dose. Denominator population: Not supplied in registry metadata; consult the authoritative source."
"","Published output","No. of infants received Rotavirus Vaccine 3nd dose","HMIS output published in the OGD district-level key-indicator catalogue: No. of infants received Rotavirus Vaccine 3nd dose.","Immunization","Child, adolescent and nutrition services","Historical published output","","Ministry of Health and Family Welfare, Government of India","https://www.data.gov.in/catalog/performance-key-hmis-indicators-upto-district-level-all-indicators","","Not specified","","Not supplied in registry metadata; consult the authoritative source","HMIS output published in the OGD district-level key-indicator catalogue: No. of infants received Rotavirus Vaccine 3nd dose. Denominator population: Not supplied in registry metadata; consult the authoritative source."
"","Published output","No of children 16-24 months age given Measles 2nd dose","HMIS output published in the OGD district-level key-indicator catalogue: No of children 16-24 months age given Measles 2nd dose.","Immunization","Child, adolescent and nutrition services","Historical published output","","Ministry of Health and Family Welfare, Government of India","https://www.data.gov.in/catalog/performance-key-hmis-indicators-upto-district-level-all-indicators","","Not specified","","Not supplied in registry metadata; consult the authoritative source","HMIS output published in the OGD district-level key-indicator catalogue: No of children 16-24 months age given Measles 2nd dose. Denominator population: Not supplied in registry metadata; consult the authoritative source."
"","Published output","No of children 16-24 months age given Measles Rubella Vaccine 2nd dose","HMIS output published in the OGD district-level key-indicator catalogue: No of children 16-24 months age given Measles Rubella Vaccine 2nd dose.","Immunization","Child, adolescent and nutrition services","Historical published output","","Ministry of Health and Family Welfare, Government of India","https://www.data.gov.in/catalog/performance-key-hmis-indicators-upto-district-level-all-indicators","","Not specified","","Not supplied in registry metadata; consult the authoritative source","HMIS output published in the OGD district-level key-indicator catalogue: No of children 16-24 months age given Measles Rubella Vaccine 2nd dose. Denominator population: Not supplied in registry metadata; consult the authoritative source."
"","Published output","% Adult Female Inpatients to Total Adult Inpatient","HMIS output published in the OGD district-level key-indicator catalogue: % Adult Female Inpatients to Total Adult Inpatient.","Patient services and utilization","Health services and systems","Historical published output","","Ministry of Health and Family Welfare, Government of India","https://www.data.gov.in/catalog/performance-key-hmis-indicators-upto-district-level-all-indicators","","Not specified","","Not supplied in registry metadata; consult the authoritative source","HMIS output published in the OGD district-level key-indicator catalogue: % Adult Female Inpatients to Total Adult Inpatient. Denominator population: Not supplied in registry metadata; consult the authoritative source."
"","Published output","% Children Inpatient to Total Inpatient","HMIS output published in the OGD district-level key-indicator catalogue: % Children Inpatient to Total Inpatient.","Patient services and utilization","Health services and systems","Historical published output","","Ministry of Health and Family Welfare, Government of India","https://www.data.gov.in/catalog/performance-key-hmis-indicators-upto-district-level-all-indicators","","Not specified","","Not supplied in registry metadata; consult the authoritative source","HMIS output published in the OGD district-level key-indicator catalogue: % Children Inpatient to Total Inpatient. Denominator population: Not supplied in registry metadata; consult the authoritative source."
"","Published output","% Female Inpatient Deaths to Total Inpatient Deaths","HMIS output published in the OGD district-level key-indicator catalogue: % Female Inpatient Deaths to Total Inpatient Deaths.","Mortality and death review","Mortality and vital events","Historical published output","","Ministry of Health and Family Welfare, Government of India","https://www.data.gov.in/catalog/performance-key-hmis-indicators-upto-district-level-all-indicators","","Not specified","","Not supplied in registry metadata; consult the authoritative source","HMIS output published in the OGD district-level key-indicator catalogue: % Female Inpatient Deaths to Total Inpatient Deaths. Denominator population: Not supplied in registry metadata; consult the authoritative source."
"","Published output","% Inpatient Deaths to Total IPD","HMIS output published in the OGD district-level key-indicator catalogue: % Inpatient Deaths to Total IPD.","Mortality and death review","Mortality and vital events","Historical published output","","Ministry of Health and Family Welfare, Government of India","https://www.data.gov.in/catalog/performance-key-hmis-indicators-upto-district-level-all-indicators","","Not specified","","Not supplied in registry metadata; consult the authoritative source","HMIS output published in the OGD district-level key-indicator catalogue: % Inpatient Deaths to Total IPD. Denominator population: Not supplied in registry metadata; consult the authoritative source."
"","Published output","IPD (Number)","HMIS output published in the OGD district-level key-indicator catalogue: IPD (Number).","Patient services and utilization","Health services and systems","Historical published output","","Ministry of Health and Family Welfare, Government of India","https://www.data.gov.in/catalog/performance-key-hmis-indicators-upto-district-level-all-indicators","","Not specified","","Not supplied in registry metadata; consult the authoritative source","HMIS output published in the OGD district-level key-indicator catalogue: IPD (Number). Denominator population: Not supplied in registry metadata; consult the authoritative source."
"","Published output","OPD (Allopathic)","HMIS output published in the OGD district-level key-indicator catalogue: OPD (Allopathic).","Patient services and utilization","Health services and systems","Historical published output","","Ministry of Health and Family Welfare, Government of India","https://www.data.gov.in/catalog/performance-key-hmis-indicators-upto-district-level-all-indicators","","Not specified","","Not supplied in registry metadata; consult the authoritative source","HMIS output published in the OGD district-level key-indicator catalogue: OPD (Allopathic). Denominator population: Not supplied in registry metadata; consult the authoritative source."
"","Published output","Ayush OPD (Number)","HMIS output published in the OGD district-level key-indicator catalogue: Ayush OPD (Number).","Patient services and utilization","Health services and systems","Historical published output","","Ministry of Health and Family Welfare, Government of India","https://www.data.gov.in/catalog/performance-key-hmis-indicators-upto-district-level-all-indicators","","Not specified","","Not supplied in registry metadata; consult the authoritative source","HMIS output published in the OGD district-level key-indicator catalogue: Ayush OPD (Number). Denominator population: Not supplied in registry metadata; consult the authoritative source."
"","Published output","OPD(Ayush+Allopathic)","HMIS output published in the OGD district-level key-indicator catalogue: OPD(Ayush+Allopathic).","Patient services and utilization","Health services and systems","Historical published output","","Ministry of Health and Family Welfare, Government of India","https://www.data.gov.in/catalog/performance-key-hmis-indicators-upto-district-level-all-indicators","","Not specified","","Not supplied in registry metadata; consult the authoritative source","HMIS output published in the OGD district-level key-indicator catalogue: OPD(Ayush+Allopathic). Denominator population: Not supplied in registry metadata; consult the authoritative source."
"","Published output","% IPD to OPD","HMIS output published in the OGD district-level key-indicator catalogue: % IPD to OPD.","Patient services and utilization","Health services and systems","Historical published output","","Ministry of Health and Family Welfare, Government of India","https://www.data.gov.in/catalog/performance-key-hmis-indicators-upto-district-level-all-indicators","","Not specified","","Not supplied in registry metadata; consult the authoritative source","HMIS output published in the OGD district-level key-indicator catalogue: % IPD to OPD. Denominator population: Not supplied in registry metadata; consult the authoritative source."
"","Published output","Number of Major Operations","HMIS output published in the OGD district-level key-indicator catalogue: Number of Major Operations.","Patient services and utilization","Health services and systems","Historical published output","","Ministry of Health and Family Welfare, Government of India","https://www.data.gov.in/catalog/performance-key-hmis-indicators-upto-district-level-all-indicators","","Not specified","","Not supplied in registry metadata; consult the authoritative source","HMIS output published in the OGD district-level key-indicator catalogue: Number of Major Operations. Denominator population: Not supplied in registry metadata; consult the authoritative source."
"","Published output","Number of Minor Operations","HMIS output published in the OGD district-level key-indicator catalogue: Number of Minor Operations.","Patient services and utilization","Health services and systems","Historical published output","","Ministry of Health and Family Welfare, Government of India","https://www.data.gov.in/catalog/performance-key-hmis-indicators-upto-district-level-all-indicators","","Not specified","","Not supplied in registry metadata; consult the authoritative source","HMIS output published in the OGD district-level key-indicator catalogue: Number of Minor Operations. Denominator population: Not supplied in registry metadata; consult the authoritative source."
"","Published output","% Major Operations to Total Operation","HMIS output published in the OGD district-level key-indicator catalogue: % Major Operations to Total Operation.","Patient services and utilization","Health services and systems","Historical published output","","Ministry of Health and Family Welfare, Government of India","https://www.data.gov.in/catalog/performance-key-hmis-indicators-upto-district-level-all-indicators","","Not specified","","Not supplied in registry metadata; consult the authoritative source","HMIS output published in the OGD district-level key-indicator catalogue: % Major Operations to Total Operation. Denominator population: Not supplied in registry metadata; consult the authoritative source."
"","Published output","Number of Hysterectomy Surgeries","HMIS output published in the OGD district-level key-indicator catalogue: Number of Hysterectomy Surgeries.","Other HMIS reporting","Health services and systems","Historical published output","","Ministry of Health and Family Welfare, Government of India","https://www.data.gov.in/catalog/performance-key-hmis-indicators-upto-district-level-all-indicators","","Not specified","","Not supplied in registry metadata; consult the authoritative source","HMIS output published in the OGD district-level key-indicator catalogue: Number of Hysterectomy Surgeries. Denominator population: Not supplied in registry metadata; consult the authoritative source."
"","Published output","% Hysterectomy Surgeries to Total Major Operations","HMIS output published in the OGD district-level key-indicator catalogue: % Hysterectomy Surgeries to Total Major Operations.","Patient services and utilization","Health services and systems","Historical published output","","Ministry of Health and Family Welfare, Government of India","https://www.data.gov.in/catalog/performance-key-hmis-indicators-upto-district-level-all-indicators","","Not specified","","Not supplied in registry metadata; consult the authoritative source","HMIS output published in the OGD district-level key-indicator catalogue: % Hysterectomy Surgeries to Total Major Operations. Denominator population: Not supplied in registry metadata; consult the authoritative source."
"","Published output","% AYUSH OPD to Total OPD","HMIS output published in the OGD district-level key-indicator catalogue: % AYUSH OPD to Total OPD.","Patient services and utilization","Health services and systems","Historical published output","","Ministry of Health and Family Welfare, Government of India","https://www.data.gov.in/catalog/performance-key-hmis-indicators-upto-district-level-all-indicators","","Not specified","","Not supplied in registry metadata; consult the authoritative source","HMIS output published in the OGD district-level key-indicator catalogue: % AYUSH OPD to Total OPD. Denominator population: Not supplied in registry metadata; consult the authoritative source."
"","Published output","Dental OPD (Number)","HMIS output published in the OGD district-level key-indicator catalogue: Dental OPD (Number).","Patient services and utilization","Health services and systems","Historical published output","","Ministry of Health and Family Welfare, Government of India","https://www.data.gov.in/catalog/performance-key-hmis-indicators-upto-district-level-all-indicators","","Not specified","","Not supplied in registry metadata; consult the authoritative source","HMIS output published in the OGD district-level key-indicator catalogue: Dental OPD (Number). Denominator population: Not supplied in registry metadata; consult the authoritative source."
"","Published output","% Dental OPD to Total OPD","HMIS output published in the OGD district-level key-indicator catalogue: % Dental OPD to Total OPD.","Patient services and utilization","Health services and systems","Historical published output","","Ministry of Health and Family Welfare, Government of India","https://www.data.gov.in/catalog/performance-key-hmis-indicators-upto-district-level-all-indicators","","Not specified","","Not supplied in registry metadata; consult the authoritative source","HMIS output published in the OGD district-level key-indicator catalogue: % Dental OPD to Total OPD. Denominator population: Not supplied in registry metadata; consult the authoritative source."
"","Published output","% Hb < 7 mg to Total Hb Tests Conducted","HMIS output published in the OGD district-level key-indicator catalogue: % Hb < 7 mg to Total Hb Tests Conducted.","Diagnostics and laboratory services","Health services and systems","Historical published output","","Ministry of Health and Family Welfare, Government of India","https://www.data.gov.in/catalog/performance-key-hmis-indicators-upto-district-level-all-indicators","","Not specified","","Not supplied in registry metadata; consult the authoritative source","HMIS output published in the OGD district-level key-indicator catalogue: % Hb < 7 mg to Total Hb Tests Conducted. Denominator population: Not supplied in registry metadata; consult the authoritative source."
"","Published output","% Male HIV Positive to Total Males Tested","HMIS output published in the OGD district-level key-indicator catalogue: % Male HIV Positive to Total Males Tested.","STI/HIV services","Maternal, newborn and reproductive health","Historical published output","","Ministry of Health and Family Welfare, Government of India","https://www.data.gov.in/catalog/performance-key-hmis-indicators-upto-district-level-all-indicators","","Not specified","","Not supplied in registry metadata; consult the authoritative source","HMIS output published in the OGD district-level key-indicator catalogue: % Male HIV Positive to Total Males Tested. Denominator population: Not supplied in registry metadata; consult the authoritative source."
"","Published output","% Female screened for HIV to Total ANC Registration","HMIS output published in the OGD district-level key-indicator catalogue: % Female screened for HIV to Total ANC Registration.","Antenatal care and high-risk pregnancy","Maternal, newborn and reproductive health","Historical published output","","Ministry of Health and Family Welfare, Government of India","https://www.data.gov.in/catalog/performance-key-hmis-indicators-upto-district-level-all-indicators","","Not specified","","Not supplied in registry metadata; consult the authoritative source","HMIS output published in the OGD district-level key-indicator catalogue: % Female screened for HIV to Total ANC Registration. Denominator population: Not supplied in registry metadata; consult the authoritative source."
"","Published output","% Female HIV Positive to Total Females Tested","HMIS output published in the OGD district-level key-indicator catalogue: % Female HIV Positive to Total Females Tested.","STI/HIV services","Maternal, newborn and reproductive health","Historical published output","","Ministry of Health and Family Welfare, Government of India","https://www.data.gov.in/catalog/performance-key-hmis-indicators-upto-district-level-all-indicators","","Not specified","","Not supplied in registry metadata; consult the authoritative source","HMIS output published in the OGD district-level key-indicator catalogue: % Female HIV Positive to Total Females Tested. Denominator population: Not supplied in registry metadata; consult the authoritative source."
"","Published output","% Total HIV Positive to Total Tested ( Male + Female)","HMIS output published in the OGD district-level key-indicator catalogue: % Total HIV Positive to Total Tested ( Male + Female).","STI/HIV services","Maternal, newborn and reproductive health","Historical published output","","Ministry of Health and Family Welfare, Government of India","https://www.data.gov.in/catalog/performance-key-hmis-indicators-upto-district-level-all-indicators","","Not specified","","Not supplied in registry metadata; consult the authoritative source","HMIS output published in the OGD district-level key-indicator catalogue: % Total HIV Positive to Total Tested ( Male + Female). Denominator population: Not supplied in registry metadata; consult the authoritative source."
"","Published output","% Plasmodium Vivax test positive to Total Blood Smears Examined","HMIS output published in the OGD district-level key-indicator catalogue: % Plasmodium Vivax test positive to Total Blood Smears Examined.","Diagnostics and laboratory services","Health services and systems","Historical published output","","Ministry of Health and Family Welfare, Government of India","https://www.data.gov.in/catalog/performance-key-hmis-indicators-upto-district-level-all-indicators","","Not specified","","Not supplied in registry metadata; consult the authoritative source","HMIS output published in the OGD district-level key-indicator catalogue: % Plasmodium Vivax test positive to Total Blood Smears Examined. Denominator population: Not supplied in registry metadata; consult the authoritative source."
"","Published output","% Plasmodium Falciparum test positive to Total Blood Smears Examined","HMIS output published in the OGD district-level key-indicator catalogue: % Plasmodium Falciparum test positive to Total Blood Smears Examined.","Diagnostics and laboratory services","Health services and systems","Historical published output","","Ministry of Health and Family Welfare, Government of India","https://www.data.gov.in/catalog/performance-key-hmis-indicators-upto-district-level-all-indicators","","Not specified","","Not supplied in registry metadata; consult the authoritative source","HMIS output published in the OGD district-level key-indicator catalogue: % Plasmodium Falciparum test positive to Total Blood Smears Examined. Denominator population: Not supplied in registry metadata; consult the authoritative source."
"","Published output","Total Number of Infant Deaths reported","HMIS output published in the OGD district-level key-indicator catalogue: Total Number of Infant Deaths reported.","Mortality and death review","Mortality and vital events","Historical published output","","Ministry of Health and Family Welfare, Government of India","https://www.data.gov.in/catalog/performance-key-hmis-indicators-upto-district-level-all-indicators","","Not specified","","Not supplied in registry metadata; consult the authoritative source","HMIS output published in the OGD district-level key-indicator catalogue: Total Number of Infant Deaths reported. Denominator population: Not supplied in registry metadata; consult the authoritative source."
"","Published output","% Deaths due to Sepsis to Total Reported Infant Deaths","HMIS output published in the OGD district-level key-indicator catalogue: % Deaths due to Sepsis to Total Reported Infant Deaths.","Mortality and death review","Mortality and vital events","Historical published output","","Ministry of Health and Family Welfare, Government of India","https://www.data.gov.in/catalog/performance-key-hmis-indicators-upto-district-level-all-indicators","","Not specified","","Not supplied in registry metadata; consult the authoritative source","HMIS output published in the OGD district-level key-indicator catalogue: % Deaths due to Sepsis to Total Reported Infant Deaths. Denominator population: Not supplied in registry metadata; consult the authoritative source."
"","Published output","% Deaths due to Asphyxia to Total Reported Infant Deaths","HMIS output published in the OGD district-level key-indicator catalogue: % Deaths due to Asphyxia to Total Reported Infant Deaths.","Mortality and death review","Mortality and vital events","Historical published output","","Ministry of Health and Family Welfare, Government of India","https://www.data.gov.in/catalog/performance-key-hmis-indicators-upto-district-level-all-indicators","","Not specified","","Not supplied in registry metadata; consult the authoritative source","HMIS output published in the OGD district-level key-indicator catalogue: % Deaths due to Asphyxia to Total Reported Infant Deaths. Denominator population: Not supplied in registry metadata; consult the authoritative source."
"","Published output","% Deaths due to Pneumonia to Total Reported Infant Deaths","HMIS output published in the OGD district-level key-indicator catalogue: % Deaths due to Pneumonia to Total Reported Infant Deaths.","Childhood illness","Child, adolescent and nutrition services","Historical published output","","Ministry of Health and Family Welfare, Government of India","https://www.data.gov.in/catalog/performance-key-hmis-indicators-upto-district-level-all-indicators","","Not specified","","Not supplied in registry metadata; consult the authoritative source","HMIS output published in the OGD district-level key-indicator catalogue: % Deaths due to Pneumonia to Total Reported Infant Deaths. Denominator population: Not supplied in registry metadata; consult the authoritative source."
"","Published output","% Deaths due to Diarrhoea to Total Reported Infant Deaths","HMIS output published in the OGD district-level key-indicator catalogue: % Deaths due to Diarrhoea to Total Reported Infant Deaths.","Childhood illness","Child, adolescent and nutrition services","Historical published output","","Ministry of Health and Family Welfare, Government of India","https://www.data.gov.in/catalog/performance-key-hmis-indicators-upto-district-level-all-indicators","","Not specified","","Not supplied in registry metadata; consult the authoritative source","HMIS output published in the OGD district-level key-indicator catalogue: % Deaths due to Diarrhoea to Total Reported Infant Deaths. Denominator population: Not supplied in registry metadata; consult the authoritative source."
"","Published output","% Deaths due to Fever to Total Reported Infant Deaths","HMIS output published in the OGD district-level key-indicator catalogue: % Deaths due to Fever to Total Reported Infant Deaths.","Mortality and death review","Mortality and vital events","Historical published output","","Ministry of Health and Family Welfare, Government of India","https://www.data.gov.in/catalog/performance-key-hmis-indicators-upto-district-level-all-indicators","","Not specified","","Not supplied in registry metadata; consult the authoritative source","HMIS output published in the OGD district-level key-indicator catalogue: % Deaths due to Fever to Total Reported Infant Deaths. Denominator population: Not supplied in registry metadata; consult the authoritative source."
"","Published output","% Deaths due to Measles to Total Reported Infant Deaths","HMIS output published in the OGD district-level key-indicator catalogue: % Deaths due to Measles to Total Reported Infant Deaths.","Immunization","Child, adolescent and nutrition services","Historical published output","","Ministry of Health and Family Welfare, Government of India","https://www.data.gov.in/catalog/performance-key-hmis-indicators-upto-district-level-all-indicators","","Not specified","","Not supplied in registry metadata; consult the authoritative source","HMIS output published in the OGD district-level key-indicator catalogue: % Deaths due to Measles to Total Reported Infant Deaths. Denominator population: Not supplied in registry metadata; consult the authoritative source."
"","Published output","Institutional Deliveries at Urban Heatlh Facilities i.e SC+PHC+CHC+SDH","HMIS output published in the OGD district-level key-indicator catalogue: Institutional Deliveries at Urban Heatlh Facilities i.e SC+PHC+CHC+SDH.","Delivery and intrapartum care","Maternal, newborn and reproductive health","Historical published output","","Ministry of Health and Family Welfare, Government of India","https://www.data.gov.in/catalog/performance-key-hmis-indicators-upto-district-level-all-indicators","","Not specified","","Not supplied in registry metadata; consult the authoritative source","HMIS output published in the OGD district-level key-indicator catalogue: Institutional Deliveries at Urban Heatlh Facilities i.e SC+PHC+CHC+SDH. Denominator population: Not supplied in registry metadata; consult the authoritative source."
"","Published output","Institutional Deliveries at District Hospitals","HMIS output published in the OGD district-level key-indicator catalogue: Institutional Deliveries at District Hospitals.","Delivery and intrapartum care","Maternal, newborn and reproductive health","Historical published output","","Ministry of Health and Family Welfare, Government of India","https://www.data.gov.in/catalog/performance-key-hmis-indicators-upto-district-level-all-indicators","","Not specified","","Not supplied in registry metadata; consult the authoritative source","HMIS output published in the OGD district-level key-indicator catalogue: Institutional Deliveries at District Hospitals. Denominator population: Not supplied in registry metadata; consult the authoritative source."
"","Published output","Measles immunization at urban Health facilities i.e SC+PHC+CHC+SDH+DH","HMIS output published in the OGD district-level key-indicator catalogue: Measles immunization at urban Health facilities i.e SC+PHC+CHC+SDH+DH.","Immunization","Child, adolescent and nutrition services","Historical published output","","Ministry of Health and Family Welfare, Government of India","https://www.data.gov.in/catalog/performance-key-hmis-indicators-upto-district-level-all-indicators","","Not specified","","Not supplied in registry metadata; consult the authoritative source","HMIS output published in the OGD district-level key-indicator catalogue: Measles immunization at urban Health facilities i.e SC+PHC+CHC+SDH+DH. Denominator population: Not supplied in registry metadata; consult the authoritative source."
"","Validation rule","ANC registration >= TT1","Legacy NHSRC training rule","Antenatal care and high-risk pregnancy","Maternal, newborn and reproductive health","Historical validation guidance","NHSRC HMIS programme-manager data-quality training manual, public PDF hosted 2021","National Health Systems Resource Centre","https://nhsrcindia.org/training-and-tools","","Not specified","","Not supplied in registry metadata; consult the authoritative source","Legacy NHSRC training rule. Denominator population: Not supplied in registry metadata; consult the authoritative source."
"","Validation rule","Early ANC registration <= ANC registration","Logical subset","Antenatal care and high-risk pregnancy","Maternal, newborn and reproductive health","Historical validation guidance","NHSRC HMIS programme-manager data-quality training manual, public PDF hosted 2021","National Health Systems Resource Centre","https://nhsrcindia.org/training-and-tools","","Not specified","","Not supplied in registry metadata; consult the authoritative source","Logical subset. Denominator population: Not supplied in registry metadata; consult the authoritative source."
"","Validation rule","Eyes collected >= Eyes utilized","Logical stock/use relationship","Other HMIS reporting","Health services and systems","Historical validation guidance","NHSRC HMIS programme-manager data-quality training manual, public PDF hosted 2021","National Health Systems Resource Centre","https://nhsrcindia.org/training-and-tools","","Not specified","","Not supplied in registry metadata; consult the authoritative source","Logical stock/use relationship. Denominator population: Not supplied in registry metadata; consult the authoritative source."
"","Validation rule","Patients operated for cataract >= IOL implanted","Logical subset","Other HMIS reporting","Health services and systems","Historical validation guidance","NHSRC HMIS programme-manager data-quality training manual, public PDF hosted 2021","National Health Systems Resource Centre","https://nhsrcindia.org/training-and-tools","","Not specified","","Not supplied in registry metadata; consult the authoritative source","Logical subset. Denominator population: Not supplied in registry metadata; consult the authoritative source."
"","Validation rule","Caesarean deliveries <= Institutional deliveries","Logical subset","Delivery and intrapartum care","Maternal, newborn and reproductive health","Historical validation guidance","NHSRC HMIS programme-manager data-quality training manual, public PDF hosted 2021","National Health Systems Resource Centre","https://nhsrcindia.org/training-and-tools","","Not specified","","Not supplied in registry metadata; consult the authoritative source","Logical subset. Denominator population: Not supplied in registry metadata; consult the authoritative source."
"","Validation rule","Women discharged under 48 hours <= Deliveries at facility","Logical subset","Delivery and intrapartum care","Maternal, newborn and reproductive health","Historical validation guidance","NHSRC HMIS programme-manager data-quality training manual, public PDF hosted 2021","National Health Systems Resource Centre","https://nhsrcindia.org/training-and-tools","","Not specified","","Not supplied in registry metadata; consult the authoritative source","Logical subset. Denominator population: Not supplied in registry metadata; consult the authoritative source."
"","Validation rule","Institutional deliveries <= BCG given","Plausibility query, not universal hard error","Delivery and intrapartum care","Maternal, newborn and reproductive health","Historical validation guidance","NHSRC HMIS programme-manager data-quality training manual, public PDF hosted 2021","National Health Systems Resource Centre","https://nhsrcindia.org/training-and-tools","","Not specified","","Not supplied in registry metadata; consult the authoritative source","Plausibility query, not universal hard error. Denominator population: Not supplied in registry metadata; consult the authoritative source."
"","Validation rule","Institutional deliveries <= OPV0 given","Plausibility query, not universal hard error","Delivery and intrapartum care","Maternal, newborn and reproductive health","Historical validation guidance","NHSRC HMIS programme-manager data-quality training manual, public PDF hosted 2021","National Health Systems Resource Centre","https://nhsrcindia.org/training-and-tools","","Not specified","","Not supplied in registry metadata; consult the authoritative source","Plausibility query, not universal hard error. Denominator population: Not supplied in registry metadata; consult the authoritative source."
"","Validation rule","Total deliveries = Live births + still births","Accounting identity","Delivery and intrapartum care","Maternal, newborn and reproductive health","Historical validation guidance","NHSRC HMIS programme-manager data-quality training manual, public PDF hosted 2021","National Health Systems Resource Centre","https://nhsrcindia.org/training-and-tools","","Not specified","","Not supplied in registry metadata; consult the authoritative source","Accounting identity. Denominator population: Not supplied in registry metadata; consult the authoritative source."
"","Validation rule","BCG given <= Live births","Plausibility query; catchment/referral effects possible","Immunization","Child, adolescent and nutrition services","Historical validation guidance","NHSRC HMIS programme-manager data-quality training manual, public PDF hosted 2021","National Health Systems Resource Centre","https://nhsrcindia.org/training-and-tools","","Not specified","","Not supplied in registry metadata; consult the authoritative source","Plausibility query; catchment/referral effects possible. Denominator population: Not supplied in registry metadata; consult the authoritative source."
"","Validation rule","Sessions planned >= Sessions held","Logical plan/achievement relationship","Immunization","Child, adolescent and nutrition services","Historical validation guidance","NHSRC HMIS programme-manager data-quality training manual, public PDF hosted 2021","National Health Systems Resource Centre","https://nhsrcindia.org/training-and-tools","","Not specified","","Not supplied in registry metadata; consult the authoritative source","Logical plan/achievement relationship. Denominator population: Not supplied in registry metadata; consult the authoritative source."
"","Validation rule","Measles doses >= Fully immunized children","Legacy schedule relationship","Immunization","Child, adolescent and nutrition services","Historical validation guidance","NHSRC HMIS programme-manager data-quality training manual, public PDF hosted 2021","National Health Systems Resource Centre","https://nhsrcindia.org/training-and-tools","","Not specified","","Not supplied in registry metadata; consult the authoritative source","Legacy schedule relationship. Denominator population: Not supplied in registry metadata; consult the authoritative source."
"","Validation rule","OPV booster = DPT booster","Legacy schedule relationship","Immunization","Child, adolescent and nutrition services","Historical validation guidance","NHSRC HMIS programme-manager data-quality training manual, public PDF hosted 2021","National Health Systems Resource Centre","https://nhsrcindia.org/training-and-tools","","Not specified","","Not supplied in registry metadata; consult the authoritative source","Legacy schedule relationship. Denominator population: Not supplied in registry metadata; consult the authoritative source."
"","Validation rule","OPV1 = DPT1","Legacy schedule relationship","Immunization","Child, adolescent and nutrition services","Historical validation guidance","NHSRC HMIS programme-manager data-quality training manual, public PDF hosted 2021","National Health Systems Resource Centre","https://nhsrcindia.org/training-and-tools","","Not specified","","Not supplied in registry metadata; consult the authoritative source","Legacy schedule relationship. Denominator population: Not supplied in registry metadata; consult the authoritative source."
"","Validation rule","OPV2 = DPT2","Legacy schedule relationship","Immunization","Child, adolescent and nutrition services","Historical validation guidance","NHSRC HMIS programme-manager data-quality training manual, public PDF hosted 2021","National Health Systems Resource Centre","https://nhsrcindia.org/training-and-tools","","Not specified","","Not supplied in registry metadata; consult the authoritative source","Legacy schedule relationship. Denominator population: Not supplied in registry metadata; consult the authoritative source."
"","Validation rule","OPV3 = DPT3","Legacy schedule relationship","Immunization","Child, adolescent and nutrition services","Historical validation guidance","NHSRC HMIS programme-manager data-quality training manual, public PDF hosted 2021","National Health Systems Resource Centre","https://nhsrcindia.org/training-and-tools","","Not specified","","Not supplied in registry metadata; consult the authoritative source","Legacy schedule relationship. Denominator population: Not supplied in registry metadata; consult the authoritative source."
"","Validation rule","Vitamin A dose = Measles dose","Legacy schedule relationship","Immunization","Child, adolescent and nutrition services","Historical validation guidance","NHSRC HMIS programme-manager data-quality training manual, public PDF hosted 2021","National Health Systems Resource Centre","https://nhsrcindia.org/training-and-tools","","Not specified","","Not supplied in registry metadata; consult the authoritative source","Legacy schedule relationship. Denominator population: Not supplied in registry metadata; consult the authoritative source."
"","Validation rule","ASHAs and ANMs/AWWs paid institutional-delivery incentive <= Mothers paid JSY institutional-delivery incentive","Logical subset","Delivery and intrapartum care","Maternal, newborn and reproductive health","Historical validation guidance","NHSRC HMIS programme-manager data-quality training manual, public PDF hosted 2021","National Health Systems Resource Centre","https://nhsrcindia.org/training-and-tools","","Not specified","","Not supplied in registry metadata; consult the authoritative source","Logical subset. Denominator population: Not supplied in registry metadata; consult the authoritative source."
"","Validation rule","JSY home-delivery incentives <= Home deliveries at Sub Centre","Logical subset","Delivery and intrapartum care","Maternal, newborn and reproductive health","Historical validation guidance","NHSRC HMIS programme-manager data-quality training manual, public PDF hosted 2021","National Health Systems Resource Centre","https://nhsrcindia.org/training-and-tools","","Not specified","","Not supplied in registry metadata; consult the authoritative source","Logical subset. Denominator population: Not supplied in registry metadata; consult the authoritative source."
"","Validation rule","Mothers receiving JSY incentive <= Deliveries","Logical subset","Delivery and intrapartum care","Maternal, newborn and reproductive health","Historical validation guidance","NHSRC HMIS programme-manager data-quality training manual, public PDF hosted 2021","National Health Systems Resource Centre","https://nhsrcindia.org/training-and-tools","","Not specified","","Not supplied in registry metadata; consult the authoritative source","Logical subset. Denominator population: Not supplied in registry metadata; consult the authoritative source."
"","Validation rule","JSY registrations <= New ANC registrations","Logical subset","Antenatal care and high-risk pregnancy","Maternal, newborn and reproductive health","Historical validation guidance","NHSRC HMIS programme-manager data-quality training manual, public PDF hosted 2021","National Health Systems Resource Centre","https://nhsrcindia.org/training-and-tools","","Not specified","","Not supplied in registry metadata; consult the authoritative source","Logical subset. Denominator population: Not supplied in registry metadata; consult the authoritative source."
"","Validation rule","Newborns breastfed within one hour <= Live births","Logical subset","Newborn and pregnancy outcomes","Maternal, newborn and reproductive health","Historical validation guidance","NHSRC HMIS programme-manager data-quality training manual, public PDF hosted 2021","National Health Systems Resource Centre","https://nhsrcindia.org/training-and-tools","","Not specified","","Not supplied in registry metadata; consult the authoritative source","Logical subset. Denominator population: Not supplied in registry metadata; consult the authoritative source."
"","Validation rule","Newborns weighed at birth <= Live births","Logical subset","Newborn and pregnancy outcomes","Maternal, newborn and reproductive health","Historical validation guidance","NHSRC HMIS programme-manager data-quality training manual, public PDF hosted 2021","National Health Systems Resource Centre","https://nhsrcindia.org/training-and-tools","","Not specified","","Not supplied in registry metadata; consult the authoritative source","Logical subset. Denominator population: Not supplied in registry metadata; consult the authoritative source."
"","Validation rule","Newborns below 2.5 kg <= Newborns weighed","Logical subset","Newborn and pregnancy outcomes","Maternal, newborn and reproductive health","Historical validation guidance","NHSRC HMIS programme-manager data-quality training manual, public PDF hosted 2021","National Health Systems Resource Centre","https://nhsrcindia.org/training-and-tools","","Not specified","","Not supplied in registry metadata; consult the authoritative source","Logical subset. Denominator population: Not supplied in registry metadata; consult the authoritative source."
"","Validation rule","Women receiving first postpartum check within 48 hours <= Live births + still births","Logical subset, subject to definition alignment","Postnatal care","Maternal, newborn and reproductive health","Historical validation guidance","NHSRC HMIS programme-manager data-quality training manual, public PDF hosted 2021","National Health Systems Resource Centre","https://nhsrcindia.org/training-and-tools","","Not specified","","Not supplied in registry metadata; consult the authoritative source","Logical subset, subject to definition alignment. Denominator population: Not supplied in registry metadata; consult the authoritative source."
