occurrenceId,canonicalElementId,sourceCode,sourceLabel,aggregationRule,zeroBlankSemantics,reportingUnitGuard,totalComponentGuard,temporalGuard,identifierGuard,status
HMIS-RPTCOL-STATE-0036,HMIS-DE-0681,1.1,Total number of NEW Pregnant Women registered for ANC,"Source-defined; generally additive counts unless the field represents a status, stock or subgroup heading","Do not collapse zero, blank, not applicable and non-reporting. Current HMIS 2.0 behavior requires custodian confirmation.","Aggregate only mutually exclusive reporting rows after facility, format and service-context deduplication",Never sum Total with its in-facility/outreach components,Use report period after it is confirmed; do not combine incompatible schema versions,Use HMIS Facility Code as source key and retain NIN/HFR as separate crosswalk identifiers,Operational use pending row-value and custodian validation
HMIS-RPTCOL-STATE-0037,HMIS-DE-0593,1.1.a,Out of total number of NEW Pregnant Women registered with age less than <15 years,"Source-defined; generally additive counts unless the field represents a status, stock or subgroup heading","Do not collapse zero, blank, not applicable and non-reporting. Current HMIS 2.0 behavior requires custodian confirmation.","Aggregate only mutually exclusive reporting rows after facility, format and service-context deduplication",Never sum Total with its in-facility/outreach components,Use report period after it is confirmed; do not combine incompatible schema versions,Use HMIS Facility Code as source key and retain NIN/HFR as separate crosswalk identifiers,Operational use pending row-value and custodian validation
HMIS-RPTCOL-STATE-0038,HMIS-DE-0592,1.1.b,Out of total number of NEW Pregnant Women registered with age 15-19 years,"Source-defined; generally additive counts unless the field represents a status, stock or subgroup heading","Do not collapse zero, blank, not applicable and non-reporting. Current HMIS 2.0 behavior requires custodian confirmation.","Aggregate only mutually exclusive reporting rows after facility, format and service-context deduplication",Never sum Total with its in-facility/outreach components,Use report period after it is confirmed; do not combine incompatible schema versions,Use HMIS Facility Code as source key and retain NIN/HFR as separate crosswalk identifiers,Operational use pending row-value and custodian validation
HMIS-RPTCOL-STATE-0039,HMIS-DE-0594,1.1.c,Out of total number of NEW Pregnant Women registered with age more than >19 to 49 years,"Source-defined; generally additive counts unless the field represents a status, stock or subgroup heading","Do not collapse zero, blank, not applicable and non-reporting. Current HMIS 2.0 behavior requires custodian confirmation.","Aggregate only mutually exclusive reporting rows after facility, format and service-context deduplication",Never sum Total with its in-facility/outreach components,Use report period after it is confirmed; do not combine incompatible schema versions,Use HMIS Facility Code as source key and retain NIN/HFR as separate crosswalk identifiers,Operational use pending row-value and custodian validation
HMIS-RPTCOL-STATE-0040,HMIS-DE-0595,1.1.d,Out of total number of NEW Pregnant Women registered with age more than >49 years,"Source-defined; generally additive counts unless the field represents a status, stock or subgroup heading","Do not collapse zero, blank, not applicable and non-reporting. Current HMIS 2.0 behavior requires custodian confirmation.","Aggregate only mutually exclusive reporting rows after facility, format and service-context deduplication",Never sum Total with its in-facility/outreach components,Use report period after it is confirmed; do not combine incompatible schema versions,Use HMIS Facility Code as source key and retain NIN/HFR as separate crosswalk identifiers,Operational use pending row-value and custodian validation
HMIS-RPTCOL-STATE-0041,HMIS-DE-0573,1.1.1,"Out of the total NEW ANC registered, number registered within 1st trimester (within 12 weeks)","Source-defined; generally additive counts unless the field represents a status, stock or subgroup heading","Do not collapse zero, blank, not applicable and non-reporting. Current HMIS 2.0 behavior requires custodian confirmation.","Aggregate only mutually exclusive reporting rows after facility, format and service-context deduplication",Never sum Total with its in-facility/outreach components,Use report period after it is confirmed; do not combine incompatible schema versions,Use HMIS Facility Code as source key and retain NIN/HFR as separate crosswalk identifiers,Operational use pending row-value and custodian validation
HMIS-RPTCOL-STATE-0042,HMIS-DE-0624,1.1.2,Total ANC footfall/cases (Old cases + New Registration) attended,"Source-defined; generally additive counts unless the field represents a status, stock or subgroup heading","Do not collapse zero, blank, not applicable and non-reporting. Current HMIS 2.0 behavior requires custodian confirmation.","Aggregate only mutually exclusive reporting rows after facility, format and service-context deduplication",Never sum Total with its in-facility/outreach components,Use report period after it is confirmed; do not combine incompatible schema versions,Use HMIS Facility Code as source key and retain NIN/HFR as separate crosswalk identifiers,Operational use pending row-value and custodian validation
HMIS-RPTCOL-STATE-0043,HMIS-DE-0493,1.2.1,Number of PW given Td1 (Tetanus Diptheria dose 1),"Source-defined; generally additive counts unless the field represents a status, stock or subgroup heading","Do not collapse zero, blank, not applicable and non-reporting. Current HMIS 2.0 behavior requires custodian confirmation.","Aggregate only mutually exclusive reporting rows after facility, format and service-context deduplication",Never sum Total with its in-facility/outreach components,Use report period after it is confirmed; do not combine incompatible schema versions,Use HMIS Facility Code as source key and retain NIN/HFR as separate crosswalk identifiers,Operational use pending row-value and custodian validation
HMIS-RPTCOL-STATE-0044,HMIS-DE-0494,1.2.2,Number of PW given Td2 (Tetanus Diptheria dose 2),"Source-defined; generally additive counts unless the field represents a status, stock or subgroup heading","Do not collapse zero, blank, not applicable and non-reporting. Current HMIS 2.0 behavior requires custodian confirmation.","Aggregate only mutually exclusive reporting rows after facility, format and service-context deduplication",Never sum Total with its in-facility/outreach components,Use report period after it is confirmed; do not combine incompatible schema versions,Use HMIS Facility Code as source key and retain NIN/HFR as separate crosswalk identifiers,Operational use pending row-value and custodian validation
HMIS-RPTCOL-STATE-0045,HMIS-DE-0492,1.2.3,Number of PW given Td Booster (Tetanus Diptheria dose booster),"Source-defined; generally additive counts unless the field represents a status, stock or subgroup heading","Do not collapse zero, blank, not applicable and non-reporting. Current HMIS 2.0 behavior requires custodian confirmation.","Aggregate only mutually exclusive reporting rows after facility, format and service-context deduplication",Never sum Total with its in-facility/outreach components,Use report period after it is confirmed; do not combine incompatible schema versions,Use HMIS Facility Code as source key and retain NIN/HFR as separate crosswalk identifiers,Operational use pending row-value and custodian validation
HMIS-RPTCOL-STATE-0046,HMIS-DE-0497,1.2.4,Number of PW provided full course 180 Iron Folic Acid (IFA) tablets,"Source-defined; generally additive counts unless the field represents a status, stock or subgroup heading","Do not collapse zero, blank, not applicable and non-reporting. Current HMIS 2.0 behavior requires custodian confirmation.","Aggregate only mutually exclusive reporting rows after facility, format and service-context deduplication",Never sum Total with its in-facility/outreach components,Use report period after it is confirmed; do not combine incompatible schema versions,Use HMIS Facility Code as source key and retain NIN/HFR as separate crosswalk identifiers,Operational use pending row-value and custodian validation
HMIS-RPTCOL-STATE-0047,HMIS-DE-0498,1.2.5,Number of PW provided full course 360 Calcium tablets,"Source-defined; generally additive counts unless the field represents a status, stock or subgroup heading","Do not collapse zero, blank, not applicable and non-reporting. Current HMIS 2.0 behavior requires custodian confirmation.","Aggregate only mutually exclusive reporting rows after facility, format and service-context deduplication",Never sum Total with its in-facility/outreach components,Use report period after it is confirmed; do not combine incompatible schema versions,Use HMIS Facility Code as source key and retain NIN/HFR as separate crosswalk identifiers,Operational use pending row-value and custodian validation
HMIS-RPTCOL-STATE-0048,HMIS-DE-0490,1.2.6,Number of PW given one Albendazole tablet after 1st trimester,"Source-defined; generally additive counts unless the field represents a status, stock or subgroup heading","Do not collapse zero, blank, not applicable and non-reporting. Current HMIS 2.0 behavior requires custodian confirmation.","Aggregate only mutually exclusive reporting rows after facility, format and service-context deduplication",Never sum Total with its in-facility/outreach components,Use report period after it is confirmed; do not combine incompatible schema versions,Use HMIS Facility Code as source key and retain NIN/HFR as separate crosswalk identifiers,Operational use pending row-value and custodian validation
HMIS-RPTCOL-STATE-0049,HMIS-DE-0499,1.2.7,Number of PW received 4 or more ANC check ups,"Source-defined; generally additive counts unless the field represents a status, stock or subgroup heading","Do not collapse zero, blank, not applicable and non-reporting. Current HMIS 2.0 behavior requires custodian confirmation.","Aggregate only mutually exclusive reporting rows after facility, format and service-context deduplication",Never sum Total with its in-facility/outreach components,Use report period after it is confirmed; do not combine incompatible schema versions,Use HMIS Facility Code as source key and retain NIN/HFR as separate crosswalk identifiers,Operational use pending row-value and custodian validation
HMIS-RPTCOL-STATE-0050,HMIS-DE-0489,1.2.8,Number of PW given ANC Corticosteroids in Pre-Term Labour,"Source-defined; generally additive counts unless the field represents a status, stock or subgroup heading","Do not collapse zero, blank, not applicable and non-reporting. Current HMIS 2.0 behavior requires custodian confirmation.","Aggregate only mutually exclusive reporting rows after facility, format and service-context deduplication",Never sum Total with its in-facility/outreach components,Use report period after it is confirmed; do not combine incompatible schema versions,Use HMIS Facility Code as source key and retain NIN/HFR as separate crosswalk identifiers,Operational use pending row-value and custodian validation
HMIS-RPTCOL-STATE-0051,HMIS-DE-0251,1.3.1,New cases of PW with hypertension detected,"Source-defined; generally additive counts unless the field represents a status, stock or subgroup heading","Do not collapse zero, blank, not applicable and non-reporting. Current HMIS 2.0 behavior requires custodian confirmation.","Aggregate only mutually exclusive reporting rows after facility, format and service-context deduplication",Never sum Total with its in-facility/outreach components,Use report period after it is confirmed; do not combine incompatible schema versions,Use HMIS Facility Code as source key and retain NIN/HFR as separate crosswalk identifiers,Operational use pending row-value and custodian validation
HMIS-RPTCOL-STATE-0052,HMIS-DE-0505,1.3.2,Number of PW with hypertension managed at institution,"Source-defined; generally additive counts unless the field represents a status, stock or subgroup heading","Do not collapse zero, blank, not applicable and non-reporting. Current HMIS 2.0 behavior requires custodian confirmation.","Aggregate only mutually exclusive reporting rows after facility, format and service-context deduplication",Never sum Total with its in-facility/outreach components,Use report period after it is confirmed; do not combine incompatible schema versions,Use HMIS Facility Code as source key and retain NIN/HFR as separate crosswalk identifiers,Operational use pending row-value and custodian validation
HMIS-RPTCOL-STATE-0053,HMIS-DE-0424,1.3.3,Number of New Pre-Eclampsia/Eclampsia cases identified,"Source-defined; generally additive counts unless the field represents a status, stock or subgroup heading","Do not collapse zero, blank, not applicable and non-reporting. Current HMIS 2.0 behavior requires custodian confirmation.","Aggregate only mutually exclusive reporting rows after facility, format and service-context deduplication",Never sum Total with its in-facility/outreach components,Use report period after it is confirmed; do not combine incompatible schema versions,Use HMIS Facility Code as source key and retain NIN/HFR as separate crosswalk identifiers,Operational use pending row-value and custodian validation
HMIS-RPTCOL-STATE-0054,HMIS-DE-0457,1.3.4,Number of Pre-Eclampsia/Eclampsia cases managed during ANC,"Source-defined; generally additive counts unless the field represents a status, stock or subgroup heading","Do not collapse zero, blank, not applicable and non-reporting. Current HMIS 2.0 behavior requires custodian confirmation.","Aggregate only mutually exclusive reporting rows after facility, format and service-context deduplication",Never sum Total with its in-facility/outreach components,Use report period after it is confirmed; do not combine incompatible schema versions,Use HMIS Facility Code as source key and retain NIN/HFR as separate crosswalk identifiers,Operational use pending row-value and custodian validation
HMIS-RPTCOL-STATE-0055,HMIS-DE-0352,1.3.5,Number of Eclampsia cases managed during delivery,"Source-defined; generally additive counts unless the field represents a status, stock or subgroup heading","Do not collapse zero, blank, not applicable and non-reporting. Current HMIS 2.0 behavior requires custodian confirmation.","Aggregate only mutually exclusive reporting rows after facility, format and service-context deduplication",Never sum Total with its in-facility/outreach components,Use report period after it is confirmed; do not combine incompatible schema versions,Use HMIS Facility Code as source key and retain NIN/HFR as separate crosswalk identifiers,Operational use pending row-value and custodian validation
HMIS-RPTCOL-STATE-0056,HMIS-DE-0501,1.4.1,Number of PW tested for Haemoglobin (Hb) 4 or more than 4 times for respective ANCs,"Source-defined; generally additive counts unless the field represents a status, stock or subgroup heading","Do not collapse zero, blank, not applicable and non-reporting. Current HMIS 2.0 behavior requires custodian confirmation.","Aggregate only mutually exclusive reporting rows after facility, format and service-context deduplication",Never sum Total with its in-facility/outreach components,Use report period after it is confirmed; do not combine incompatible schema versions,Use HMIS Facility Code as source key and retain NIN/HFR as separate crosswalk identifiers,Operational use pending row-value and custodian validation
HMIS-RPTCOL-STATE-0057,HMIS-DE-0502,1.4.2,Number of PW tested for Haemoglobin (Hb),"Source-defined; generally additive counts unless the field represents a status, stock or subgroup heading","Do not collapse zero, blank, not applicable and non-reporting. Current HMIS 2.0 behavior requires custodian confirmation.","Aggregate only mutually exclusive reporting rows after facility, format and service-context deduplication",Never sum Total with its in-facility/outreach components,Use report period after it is confirmed; do not combine incompatible schema versions,Use HMIS Facility Code as source key and retain NIN/HFR as separate crosswalk identifiers,Operational use pending row-value and custodian validation
HMIS-RPTCOL-STATE-0058,HMIS-DE-0495,1.4.3,Number of PW having Hb level<11(7.1 to 10.9 g/dl) (Out of total tested cases),"Source-defined; generally additive counts unless the field represents a status, stock or subgroup heading","Do not collapse zero, blank, not applicable and non-reporting. Current HMIS 2.0 behavior requires custodian confirmation.","Aggregate only mutually exclusive reporting rows after facility, format and service-context deduplication",Never sum Total with its in-facility/outreach components,Use report period after it is confirmed; do not combine incompatible schema versions,Use HMIS Facility Code as source key and retain NIN/HFR as separate crosswalk identifiers,Operational use pending row-value and custodian validation
HMIS-RPTCOL-STATE-0059,HMIS-DE-0496,1.4.4,Number of PW having Hb level<=7 g/dl (Out of total tested cases),"Source-defined; generally additive counts unless the field represents a status, stock or subgroup heading","Do not collapse zero, blank, not applicable and non-reporting. Current HMIS 2.0 behavior requires custodian confirmation.","Aggregate only mutually exclusive reporting rows after facility, format and service-context deduplication",Never sum Total with its in-facility/outreach components,Use report period after it is confirmed; do not combine incompatible schema versions,Use HMIS Facility Code as source key and retain NIN/HFR as separate crosswalk identifiers,Operational use pending row-value and custodian validation
HMIS-RPTCOL-STATE-0060,HMIS-DE-0504,1.4.5,Number of PW treated for severe anaemia (Hb<=7g/dl) (including referred-in cases),"Source-defined; generally additive counts unless the field represents a status, stock or subgroup heading","Do not collapse zero, blank, not applicable and non-reporting. Current HMIS 2.0 behavior requires custodian confirmation.","Aggregate only mutually exclusive reporting rows after facility, format and service-context deduplication",Never sum Total with its in-facility/outreach components,Use report period after it is confirmed; do not combine incompatible schema versions,Use HMIS Facility Code as source key and retain NIN/HFR as separate crosswalk identifiers,Operational use pending row-value and custodian validation
HMIS-RPTCOL-STATE-0061,HMIS-DE-0500,1.5.1,Number of PW tested for Blood Sugar using OGTT(Oral Glucose Tolerance Test),"Source-defined; generally additive counts unless the field represents a status, stock or subgroup heading","Do not collapse zero, blank, not applicable and non-reporting. Current HMIS 2.0 behavior requires custodian confirmation.","Aggregate only mutually exclusive reporting rows after facility, format and service-context deduplication",Never sum Total with its in-facility/outreach components,Use report period after it is confirmed; do not combine incompatible schema versions,Use HMIS Facility Code as source key and retain NIN/HFR as separate crosswalk identifiers,Operational use pending row-value and custodian validation
HMIS-RPTCOL-STATE-0062,HMIS-DE-0503,1.5.2,Number of PW tested positive for GDM out of total OGTT(Oral Glucose Tolerance Test) conducted,"Source-defined; generally additive counts unless the field represents a status, stock or subgroup heading","Do not collapse zero, blank, not applicable and non-reporting. Current HMIS 2.0 behavior requires custodian confirmation.","Aggregate only mutually exclusive reporting rows after facility, format and service-context deduplication",Never sum Total with its in-facility/outreach components,Use report period after it is confirmed; do not combine incompatible schema versions,Use HMIS Facility Code as source key and retain NIN/HFR as separate crosswalk identifiers,Operational use pending row-value and custodian validation
HMIS-RPTCOL-STATE-0063,HMIS-DE-0358,1.5.3,Number of GDM positive PW managed with Insulin/Metformin out of total tested positive for GDM,"Source-defined; generally additive counts unless the field represents a status, stock or subgroup heading","Do not collapse zero, blank, not applicable and non-reporting. Current HMIS 2.0 behavior requires custodian confirmation.","Aggregate only mutually exclusive reporting rows after facility, format and service-context deduplication",Never sum Total with its in-facility/outreach components,Use report period after it is confirmed; do not combine incompatible schema versions,Use HMIS Facility Code as source key and retain NIN/HFR as separate crosswalk identifiers,Operational use pending row-value and custodian validation
HMIS-RPTCOL-STATE-0064,HMIS-DE-0485,1.6.1.a,Number of pregnant/Direct-In-Labor (DIL) women screened/tested (with VDRL/RPR/TPHA/RDT/PoC) for Syphilis,"Source-defined; generally additive counts unless the field represents a status, stock or subgroup heading","Do not collapse zero, blank, not applicable and non-reporting. Current HMIS 2.0 behavior requires custodian confirmation.","Aggregate only mutually exclusive reporting rows after facility, format and service-context deduplication",Never sum Total with its in-facility/outreach components,Use report period after it is confirmed; do not combine incompatible schema versions,Use HMIS Facility Code as source key and retain NIN/HFR as separate crosswalk identifiers,Operational use pending row-value and custodian validation
HMIS-RPTCOL-STATE-0065,HMIS-DE-0483,1.6.1.b,Number of pregnant/DIL women found Seropositive for Syphilis by VDRL/RPR/TPHA/RDT/PoC test,"Source-defined; generally additive counts unless the field represents a status, stock or subgroup heading","Do not collapse zero, blank, not applicable and non-reporting. Current HMIS 2.0 behavior requires custodian confirmation.","Aggregate only mutually exclusive reporting rows after facility, format and service-context deduplication",Never sum Total with its in-facility/outreach components,Use report period after it is confirmed; do not combine incompatible schema versions,Use HMIS Facility Code as source key and retain NIN/HFR as separate crosswalk identifiers,Operational use pending row-value and custodian validation
HMIS-RPTCOL-STATE-0066,HMIS-DE-0484,1.6.1.c,Number of pregnant/DIL women found Syphilis-Seropositive and given treatment with injection Benzathine Penicillin (IM),"Source-defined; generally additive counts unless the field represents a status, stock or subgroup heading","Do not collapse zero, blank, not applicable and non-reporting. Current HMIS 2.0 behavior requires custodian confirmation.","Aggregate only mutually exclusive reporting rows after facility, format and service-context deduplication",Never sum Total with its in-facility/outreach components,Use report period after it is confirmed; do not combine incompatible schema versions,Use HMIS Facility Code as source key and retain NIN/HFR as separate crosswalk identifiers,Operational use pending row-value and custodian validation
HMIS-RPTCOL-STATE-0067,HMIS-DE-0399,1.6.1.d,Number of live births among Syphilis Seropositive Pregnant Women,"Source-defined; generally additive counts unless the field represents a status, stock or subgroup heading","Do not collapse zero, blank, not applicable and non-reporting. Current HMIS 2.0 behavior requires custodian confirmation.","Aggregate only mutually exclusive reporting rows after facility, format and service-context deduplication",Never sum Total with its in-facility/outreach components,Use report period after it is confirmed; do not combine incompatible schema versions,Use HMIS Facility Code as source key and retain NIN/HFR as separate crosswalk identifiers,Operational use pending row-value and custodian validation
HMIS-RPTCOL-STATE-0068,HMIS-DE-0290,1.6.1.e,Number of babies born to Syphilis-Seropositive Pregnant Women tested positive/ clinically diagnosed for congenital Syphilis,"Source-defined; generally additive counts unless the field represents a status, stock or subgroup heading","Do not collapse zero, blank, not applicable and non-reporting. Current HMIS 2.0 behavior requires custodian confirmation.","Aggregate only mutually exclusive reporting rows after facility, format and service-context deduplication",Never sum Total with its in-facility/outreach components,Use report period after it is confirmed; do not combine incompatible schema versions,Use HMIS Facility Code as source key and retain NIN/HFR as separate crosswalk identifiers,Operational use pending row-value and custodian validation
HMIS-RPTCOL-STATE-0069,HMIS-DE-0538,1.6.1.f,"Out of above, babies with congenital Syphilis received curative treatment","Source-defined; generally additive counts unless the field represents a status, stock or subgroup heading","Do not collapse zero, blank, not applicable and non-reporting. Current HMIS 2.0 behavior requires custodian confirmation.","Aggregate only mutually exclusive reporting rows after facility, format and service-context deduplication",Never sum Total with its in-facility/outreach components,Use report period after it is confirmed; do not combine incompatible schema versions,Use HMIS Facility Code as source key and retain NIN/HFR as separate crosswalk identifiers,Operational use pending row-value and custodian validation
HMIS-RPTCOL-STATE-0070,HMIS-DE-0478,1.7.1,Number of Pregnant Women tested positive for Thyroid disorder,"Source-defined; generally additive counts unless the field represents a status, stock or subgroup heading","Do not collapse zero, blank, not applicable and non-reporting. Current HMIS 2.0 behavior requires custodian confirmation.","Aggregate only mutually exclusive reporting rows after facility, format and service-context deduplication",Never sum Total with its in-facility/outreach components,Use report period after it is confirmed; do not combine incompatible schema versions,Use HMIS Facility Code as source key and retain NIN/HFR as separate crosswalk identifiers,Operational use pending row-value and custodian validation
HMIS-RPTCOL-STATE-0071,HMIS-DE-0479,1.7.2,Number of Pregnant Women treated for thyroid disorder,"Source-defined; generally additive counts unless the field represents a status, stock or subgroup heading","Do not collapse zero, blank, not applicable and non-reporting. Current HMIS 2.0 behavior requires custodian confirmation.","Aggregate only mutually exclusive reporting rows after facility, format and service-context deduplication",Never sum Total with its in-facility/outreach components,Use report period after it is confirmed; do not combine incompatible schema versions,Use HMIS Facility Code as source key and retain NIN/HFR as separate crosswalk identifiers,Operational use pending row-value and custodian validation
HMIS-RPTCOL-STATE-0072,HMIS-DE-0476,1.8.1,Number of Pregnant Women screened for TB,"Source-defined; generally additive counts unless the field represents a status, stock or subgroup heading","Do not collapse zero, blank, not applicable and non-reporting. Current HMIS 2.0 behavior requires custodian confirmation.","Aggregate only mutually exclusive reporting rows after facility, format and service-context deduplication",Never sum Total with its in-facility/outreach components,Use report period after it is confirmed; do not combine incompatible schema versions,Use HMIS Facility Code as source key and retain NIN/HFR as separate crosswalk identifiers,Operational use pending row-value and custodian validation
HMIS-RPTCOL-STATE-0073,HMIS-DE-0468,1.8.2,Number of Pregnant Women identified with Presumptive TB symptoms,"Source-defined; generally additive counts unless the field represents a status, stock or subgroup heading","Do not collapse zero, blank, not applicable and non-reporting. Current HMIS 2.0 behavior requires custodian confirmation.","Aggregate only mutually exclusive reporting rows after facility, format and service-context deduplication",Never sum Total with its in-facility/outreach components,Use report period after it is confirmed; do not combine incompatible schema versions,Use HMIS Facility Code as source key and retain NIN/HFR as separate crosswalk identifiers,Operational use pending row-value and custodian validation
HMIS-RPTCOL-STATE-0074,HMIS-DE-0475,1.8.3,Number of Pregnant Women referred out of those identified with Presumptive TB symptoms,"Source-defined; generally additive counts unless the field represents a status, stock or subgroup heading","Do not collapse zero, blank, not applicable and non-reporting. Current HMIS 2.0 behavior requires custodian confirmation.","Aggregate only mutually exclusive reporting rows after facility, format and service-context deduplication",Never sum Total with its in-facility/outreach components,Use report period after it is confirmed; do not combine incompatible schema versions,Use HMIS Facility Code as source key and retain NIN/HFR as separate crosswalk identifiers,Operational use pending row-value and custodian validation
HMIS-RPTCOL-STATE-0075,HMIS-DE-0632,1.9.1,Total High Risk Pregnancy (HRP) Intrapartum including following:,"Source-defined; generally additive counts unless the field represents a status, stock or subgroup heading","Do not collapse zero, blank, not applicable and non-reporting. Current HMIS 2.0 behavior requires custodian confirmation.","Aggregate only mutually exclusive reporting rows after facility, format and service-context deduplication",Never sum Total with its in-facility/outreach components,Use report period after it is confirmed; do not combine incompatible schema versions,Use HMIS Facility Code as source key and retain NIN/HFR as separate crosswalk identifiers,Operational use pending row-value and custodian validation
HMIS-RPTCOL-STATE-0076,HMIS-DE-0469,1.9.1.a,Number of Pregnant Women only with Post-Partum Haemorrhage(Immediately after delivery) in the facility,"Source-defined; generally additive counts unless the field represents a status, stock or subgroup heading","Do not collapse zero, blank, not applicable and non-reporting. Current HMIS 2.0 behavior requires custodian confirmation.","Aggregate only mutually exclusive reporting rows after facility, format and service-context deduplication",Never sum Total with its in-facility/outreach components,Use report period after it is confirmed; do not combine incompatible schema versions,Use HMIS Facility Code as source key and retain NIN/HFR as separate crosswalk identifiers,Operational use pending row-value and custodian validation
HMIS-RPTCOL-STATE-0077,HMIS-DE-0470,1.9.1.b,Number of Pregnant Women only with Sepsis in the facility,"Source-defined; generally additive counts unless the field represents a status, stock or subgroup heading","Do not collapse zero, blank, not applicable and non-reporting. Current HMIS 2.0 behavior requires custodian confirmation.","Aggregate only mutually exclusive reporting rows after facility, format and service-context deduplication",Never sum Total with its in-facility/outreach components,Use report period after it is confirmed; do not combine incompatible schema versions,Use HMIS Facility Code as source key and retain NIN/HFR as separate crosswalk identifiers,Operational use pending row-value and custodian validation
HMIS-RPTCOL-STATE-0078,HMIS-DE-0465,1.9.1.c,Number of Pregnant Women identified only with Eclampsia in the facility,"Source-defined; generally additive counts unless the field represents a status, stock or subgroup heading","Do not collapse zero, blank, not applicable and non-reporting. Current HMIS 2.0 behavior requires custodian confirmation.","Aggregate only mutually exclusive reporting rows after facility, format and service-context deduplication",Never sum Total with its in-facility/outreach components,Use report period after it is confirmed; do not combine incompatible schema versions,Use HMIS Facility Code as source key and retain NIN/HFR as separate crosswalk identifiers,Operational use pending row-value and custodian validation
HMIS-RPTCOL-STATE-0079,HMIS-DE-0466,1.9.1.d,Number of Pregnant Women identified only with obstructed labour in the facility,"Source-defined; generally additive counts unless the field represents a status, stock or subgroup heading","Do not collapse zero, blank, not applicable and non-reporting. Current HMIS 2.0 behavior requires custodian confirmation.","Aggregate only mutually exclusive reporting rows after facility, format and service-context deduplication",Never sum Total with its in-facility/outreach components,Use report period after it is confirmed; do not combine incompatible schema versions,Use HMIS Facility Code as source key and retain NIN/HFR as separate crosswalk identifiers,Operational use pending row-value and custodian validation
HMIS-RPTCOL-STATE-0080,HMIS-DE-0467,1.9.1.e,Number of Pregnant Women identified with more than 1 complication listed above,"Source-defined; generally additive counts unless the field represents a status, stock or subgroup heading","Do not collapse zero, blank, not applicable and non-reporting. Current HMIS 2.0 behavior requires custodian confirmation.","Aggregate only mutually exclusive reporting rows after facility, format and service-context deduplication",Never sum Total with its in-facility/outreach components,Use report period after it is confirmed; do not combine incompatible schema versions,Use HMIS Facility Code as source key and retain NIN/HFR as separate crosswalk identifiers,Operational use pending row-value and custodian validation
HMIS-RPTCOL-STATE-0081,HMIS-DE-0631,1.9.2,Total High Risk Pregnancy (HRP) Antepartum (Only New Cases are to be reported),"Source-defined; generally additive counts unless the field represents a status, stock or subgroup heading","Do not collapse zero, blank, not applicable and non-reporting. Current HMIS 2.0 behavior requires custodian confirmation.","Aggregate only mutually exclusive reporting rows after facility, format and service-context deduplication",Never sum Total with its in-facility/outreach components,Use report period after it is confirmed; do not combine incompatible schema versions,Use HMIS Facility Code as source key and retain NIN/HFR as separate crosswalk identifiers,Operational use pending row-value and custodian validation
HMIS-RPTCOL-STATE-0082,HMIS-DE-0639,1.9.3,Total no. of highrisk ANC cases referred to Higher/ any other facility (Referred out),"Source-defined; generally additive counts unless the field represents a status, stock or subgroup heading","Do not collapse zero, blank, not applicable and non-reporting. Current HMIS 2.0 behavior requires custodian confirmation.","Aggregate only mutually exclusive reporting rows after facility, format and service-context deduplication",Never sum Total with its in-facility/outreach components,Use report period after it is confirmed; do not combine incompatible schema versions,Use HMIS Facility Code as source key and retain NIN/HFR as separate crosswalk identifiers,Operational use pending row-value and custodian validation
HMIS-RPTCOL-STATE-0083,HMIS-DE-0641,1.9.3.a,Total no. of Intrapartum/PNC High Risk Pregnancy cases referred to Higher/ any other facility (Referred out),"Source-defined; generally additive counts unless the field represents a status, stock or subgroup heading","Do not collapse zero, blank, not applicable and non-reporting. Current HMIS 2.0 behavior requires custodian confirmation.","Aggregate only mutually exclusive reporting rows after facility, format and service-context deduplication",Never sum Total with its in-facility/outreach components,Use report period after it is confirmed; do not combine incompatible schema versions,Use HMIS Facility Code as source key and retain NIN/HFR as separate crosswalk identifiers,Operational use pending row-value and custodian validation
HMIS-RPTCOL-STATE-0084,HMIS-DE-0638,1.9.4,Total no. of highrisk ANC cases referred in to the facility (Referred in),"Source-defined; generally additive counts unless the field represents a status, stock or subgroup heading","Do not collapse zero, blank, not applicable and non-reporting. Current HMIS 2.0 behavior requires custodian confirmation.","Aggregate only mutually exclusive reporting rows after facility, format and service-context deduplication",Never sum Total with its in-facility/outreach components,Use report period after it is confirmed; do not combine incompatible schema versions,Use HMIS Facility Code as source key and retain NIN/HFR as separate crosswalk identifiers,Operational use pending row-value and custodian validation
HMIS-RPTCOL-STATE-0085,HMIS-DE-0640,1.9.4.a,Total no. of Intrapartum/PNC High Risk Pregnancy cases attended or referred into the facility (Referred in),"Source-defined; generally additive counts unless the field represents a status, stock or subgroup heading","Do not collapse zero, blank, not applicable and non-reporting. Current HMIS 2.0 behavior requires custodian confirmation.","Aggregate only mutually exclusive reporting rows after facility, format and service-context deduplication",Never sum Total with its in-facility/outreach components,Use report period after it is confirmed; do not combine incompatible schema versions,Use HMIS Facility Code as source key and retain NIN/HFR as separate crosswalk identifiers,Operational use pending row-value and custodian validation
HMIS-RPTCOL-STATE-0086,HMIS-DE-0371,2.1.1.a,Number of Home Deliveries attended by Skill Birth Attendant(SBA) (Doctor/Nurse/ANM),"Source-defined; generally additive counts unless the field represents a status, stock or subgroup heading","Do not collapse zero, blank, not applicable and non-reporting. Current HMIS 2.0 behavior requires custodian confirmation.","Aggregate only mutually exclusive reporting rows after facility, format and service-context deduplication",Never sum Total with its in-facility/outreach components,Use report period after it is confirmed; do not combine incompatible schema versions,Use HMIS Facility Code as source key and retain NIN/HFR as separate crosswalk identifiers,Operational use pending row-value and custodian validation
HMIS-RPTCOL-STATE-0087,HMIS-DE-0370,2.1.1.b,Number of Home Deliveries attended by Non SBA,"Source-defined; generally additive counts unless the field represents a status, stock or subgroup heading","Do not collapse zero, blank, not applicable and non-reporting. Current HMIS 2.0 behavior requires custodian confirmation.","Aggregate only mutually exclusive reporting rows after facility, format and service-context deduplication",Never sum Total with its in-facility/outreach components,Use report period after it is confirmed; do not combine incompatible schema versions,Use HMIS Facility Code as source key and retain NIN/HFR as separate crosswalk identifiers,Operational use pending row-value and custodian validation
HMIS-RPTCOL-STATE-0088,HMIS-DE-0491,2.1.2,Number of PW given Tablet Misoprostol during home delivery,"Source-defined; generally additive counts unless the field represents a status, stock or subgroup heading","Do not collapse zero, blank, not applicable and non-reporting. Current HMIS 2.0 behavior requires custodian confirmation.","Aggregate only mutually exclusive reporting rows after facility, format and service-context deduplication",Never sum Total with its in-facility/outreach components,Use report period after it is confirmed; do not combine incompatible schema versions,Use HMIS Facility Code as source key and retain NIN/HFR as separate crosswalk identifiers,Operational use pending row-value and custodian validation
HMIS-RPTCOL-STATE-0089,HMIS-DE-0389,2.2,Number of Institutional Deliveries conducted (Including C-Sections),"Source-defined; generally additive counts unless the field represents a status, stock or subgroup heading","Do not collapse zero, blank, not applicable and non-reporting. Current HMIS 2.0 behavior requires custodian confirmation.","Aggregate only mutually exclusive reporting rows after facility, format and service-context deduplication",Never sum Total with its in-facility/outreach components,Use report period after it is confirmed; do not combine incompatible schema versions,Use HMIS Facility Code as source key and retain NIN/HFR as separate crosswalk identifiers,Operational use pending row-value and custodian validation
HMIS-RPTCOL-STATE-0090,HMIS-DE-0577,2.2.1,"Out of total institutional deliveries(excluding C-section), number of women stayed for 48 hours or more after delivery","Source-defined; generally additive counts unless the field represents a status, stock or subgroup heading","Do not collapse zero, blank, not applicable and non-reporting. Current HMIS 2.0 behavior requires custodian confirmation.","Aggregate only mutually exclusive reporting rows after facility, format and service-context deduplication",Never sum Total with its in-facility/outreach components,Use report period after it is confirmed; do not combine incompatible schema versions,Use HMIS Facility Code as source key and retain NIN/HFR as separate crosswalk identifiers,Operational use pending row-value and custodian validation
HMIS-RPTCOL-STATE-0091,HMIS-DE-0578,2.2.2,"Out of total Institutional deliveries, number of Institutional Deliveries (Excluding C-Sections) conducted at night (8 PM- 8 AM)","Source-defined; generally additive counts unless the field represents a status, stock or subgroup heading","Do not collapse zero, blank, not applicable and non-reporting. Current HMIS 2.0 behavior requires custodian confirmation.","Aggregate only mutually exclusive reporting rows after facility, format and service-context deduplication",Never sum Total with its in-facility/outreach components,Use report period after it is confirmed; do not combine incompatible schema versions,Use HMIS Facility Code as source key and retain NIN/HFR as separate crosswalk identifiers,Operational use pending row-value and custodian validation
HMIS-RPTCOL-STATE-0092,HMIS-DE-0579,2.2.3,"Out of total Institutional deliveries, number of institutional deliveries conducted at Midwifery Led Care Unit (MLCU)","Source-defined; generally additive counts unless the field represents a status, stock or subgroup heading","Do not collapse zero, blank, not applicable and non-reporting. Current HMIS 2.0 behavior requires custodian confirmation.","Aggregate only mutually exclusive reporting rows after facility, format and service-context deduplication",Never sum Total with its in-facility/outreach components,Use report period after it is confirmed; do not combine incompatible schema versions,Use HMIS Facility Code as source key and retain NIN/HFR as separate crosswalk identifiers,Operational use pending row-value and custodian validation
HMIS-RPTCOL-STATE-0093,HMIS-DE-0585,2.3.1,"Out of total number of delivery, PW with age less than <15 years","Source-defined; generally additive counts unless the field represents a status, stock or subgroup heading","Do not collapse zero, blank, not applicable and non-reporting. Current HMIS 2.0 behavior requires custodian confirmation.","Aggregate only mutually exclusive reporting rows after facility, format and service-context deduplication",Never sum Total with its in-facility/outreach components,Use report period after it is confirmed; do not combine incompatible schema versions,Use HMIS Facility Code as source key and retain NIN/HFR as separate crosswalk identifiers,Operational use pending row-value and custodian validation
HMIS-RPTCOL-STATE-0094,HMIS-DE-0584,2.3.2,"Out of total number of delivery, PW with age 15-19 years","Source-defined; generally additive counts unless the field represents a status, stock or subgroup heading","Do not collapse zero, blank, not applicable and non-reporting. Current HMIS 2.0 behavior requires custodian confirmation.","Aggregate only mutually exclusive reporting rows after facility, format and service-context deduplication",Never sum Total with its in-facility/outreach components,Use report period after it is confirmed; do not combine incompatible schema versions,Use HMIS Facility Code as source key and retain NIN/HFR as separate crosswalk identifiers,Operational use pending row-value and custodian validation
HMIS-RPTCOL-STATE-0095,HMIS-DE-0587,2.3.3,"Out of total number of delivery, PW with age more than >19-49 years","Source-defined; generally additive counts unless the field represents a status, stock or subgroup heading","Do not collapse zero, blank, not applicable and non-reporting. Current HMIS 2.0 behavior requires custodian confirmation.","Aggregate only mutually exclusive reporting rows after facility, format and service-context deduplication",Never sum Total with its in-facility/outreach components,Use report period after it is confirmed; do not combine incompatible schema versions,Use HMIS Facility Code as source key and retain NIN/HFR as separate crosswalk identifiers,Operational use pending row-value and custodian validation
HMIS-RPTCOL-STATE-0096,HMIS-DE-0586,2.3.4,"Out of total number of delivery, PW with age more than > 49 years","Source-defined; generally additive counts unless the field represents a status, stock or subgroup heading","Do not collapse zero, blank, not applicable and non-reporting. Current HMIS 2.0 behavior requires custodian confirmation.","Aggregate only mutually exclusive reporting rows after facility, format and service-context deduplication",Never sum Total with its in-facility/outreach components,Use report period after it is confirmed; do not combine incompatible schema versions,Use HMIS Facility Code as source key and retain NIN/HFR as separate crosswalk identifiers,Operational use pending row-value and custodian validation
HMIS-RPTCOL-STATE-0097,HMIS-DE-0430,2.4,Number of newborns received 6/7 HBNC visits after Delivery (Home+ Institutional),"Source-defined; generally additive counts unless the field represents a status, stock or subgroup heading","Do not collapse zero, blank, not applicable and non-reporting. Current HMIS 2.0 behavior requires custodian confirmation.","Aggregate only mutually exclusive reporting rows after facility, format and service-context deduplication",Never sum Total with its in-facility/outreach components,Use report period after it is confirmed; do not combine incompatible schema versions,Use HMIS Facility Code as source key and retain NIN/HFR as separate crosswalk identifiers,Operational use pending row-value and custodian validation
HMIS-RPTCOL-STATE-0098,HMIS-DE-0259,2.5,No. of identified Sick new-borns referred by ASHA to facility under HBNC Programme,"Source-defined; generally additive counts unless the field represents a status, stock or subgroup heading","Do not collapse zero, blank, not applicable and non-reporting. Current HMIS 2.0 behavior requires custodian confirmation.","Aggregate only mutually exclusive reporting rows after facility, format and service-context deduplication",Never sum Total with its in-facility/outreach components,Use report period after it is confirmed; do not combine incompatible schema versions,Use HMIS Facility Code as source key and retain NIN/HFR as separate crosswalk identifiers,Operational use pending row-value and custodian validation
HMIS-RPTCOL-STATE-0099,HMIS-DE-0663,2.6,Total number of Children received all scheduled 5 Home visits under HBYC,"Source-defined; generally additive counts unless the field represents a status, stock or subgroup heading","Do not collapse zero, blank, not applicable and non-reporting. Current HMIS 2.0 behavior requires custodian confirmation.","Aggregate only mutually exclusive reporting rows after facility, format and service-context deduplication",Never sum Total with its in-facility/outreach components,Use report period after it is confirmed; do not combine incompatible schema versions,Use HMIS Facility Code as source key and retain NIN/HFR as separate crosswalk identifiers,Operational use pending row-value and custodian validation
HMIS-RPTCOL-STATE-0100,HMIS-DE-0658,3.1,Total number of C -Section deliveries performed,"Source-defined; generally additive counts unless the field represents a status, stock or subgroup heading","Do not collapse zero, blank, not applicable and non-reporting. Current HMIS 2.0 behavior requires custodian confirmation.","Aggregate only mutually exclusive reporting rows after facility, format and service-context deduplication",Never sum Total with its in-facility/outreach components,Use report period after it is confirmed; do not combine incompatible schema versions,Use HMIS Facility Code as source key and retain NIN/HFR as separate crosswalk identifiers,Operational use pending row-value and custodian validation
HMIS-RPTCOL-STATE-0101,HMIS-DE-0576,3.1.1,"Out of total C-sections, number performed at night (8 PM- 8 AM)","Source-defined; generally additive counts unless the field represents a status, stock or subgroup heading","Do not collapse zero, blank, not applicable and non-reporting. Current HMIS 2.0 behavior requires custodian confirmation.","Aggregate only mutually exclusive reporting rows after facility, format and service-context deduplication",Never sum Total with its in-facility/outreach components,Use report period after it is confirmed; do not combine incompatible schema versions,Use HMIS Facility Code as source key and retain NIN/HFR as separate crosswalk identifiers,Operational use pending row-value and custodian validation
HMIS-RPTCOL-STATE-0102,HMIS-DE-0575,3.1.2,"Out of total C-section, number of women stayed for 72 hours or more after delivery","Source-defined; generally additive counts unless the field represents a status, stock or subgroup heading","Do not collapse zero, blank, not applicable and non-reporting. Current HMIS 2.0 behavior requires custodian confirmation.","Aggregate only mutually exclusive reporting rows after facility, format and service-context deduplication",Never sum Total with its in-facility/outreach components,Use report period after it is confirmed; do not combine incompatible schema versions,Use HMIS Facility Code as source key and retain NIN/HFR as separate crosswalk identifiers,Operational use pending row-value and custodian validation
HMIS-RPTCOL-STATE-0103,HMIS-DE-0217,4.1.1.a,Live Birth - Male,"Source-defined; generally additive counts unless the field represents a status, stock or subgroup heading","Do not collapse zero, blank, not applicable and non-reporting. Current HMIS 2.0 behavior requires custodian confirmation.","Aggregate only mutually exclusive reporting rows after facility, format and service-context deduplication",Never sum Total with its in-facility/outreach components,Use report period after it is confirmed; do not combine incompatible schema versions,Use HMIS Facility Code as source key and retain NIN/HFR as separate crosswalk identifiers,Operational use pending row-value and custodian validation
HMIS-RPTCOL-STATE-0104,HMIS-DE-0216,4.1.1.b,Live Birth - Female,"Source-defined; generally additive counts unless the field represents a status, stock or subgroup heading","Do not collapse zero, blank, not applicable and non-reporting. Current HMIS 2.0 behavior requires custodian confirmation.","Aggregate only mutually exclusive reporting rows after facility, format and service-context deduplication",Never sum Total with its in-facility/outreach components,Use report period after it is confirmed; do not combine incompatible schema versions,Use HMIS Facility Code as source key and retain NIN/HFR as separate crosswalk identifiers,Operational use pending row-value and custodian validation
HMIS-RPTCOL-STATE-0105,HMIS-DE-0458,4.1.2,Number of Pre-term newborns ( < 37 weeks of pregnancy),"Source-defined; generally additive counts unless the field represents a status, stock or subgroup heading","Do not collapse zero, blank, not applicable and non-reporting. Current HMIS 2.0 behavior requires custodian confirmation.","Aggregate only mutually exclusive reporting rows after facility, format and service-context deduplication",Never sum Total with its in-facility/outreach components,Use report period after it is confirmed; do not combine incompatible schema versions,Use HMIS Facility Code as source key and retain NIN/HFR as separate crosswalk identifiers,Operational use pending row-value and custodian validation
HMIS-RPTCOL-STATE-0106,HMIS-DE-0186,4.1.3.a,Fresh Stillbirth - Intrapartum Stillbirth (28 weeks & above),"Source-defined; generally additive counts unless the field represents a status, stock or subgroup heading","Do not collapse zero, blank, not applicable and non-reporting. Current HMIS 2.0 behavior requires custodian confirmation.","Aggregate only mutually exclusive reporting rows after facility, format and service-context deduplication",Never sum Total with its in-facility/outreach components,Use report period after it is confirmed; do not combine incompatible schema versions,Use HMIS Facility Code as source key and retain NIN/HFR as separate crosswalk identifiers,Operational use pending row-value and custodian validation
HMIS-RPTCOL-STATE-0107,HMIS-DE-0015,4.1.3.b,Mascerated Stillbirth – Antepartum Stillbirth (28 weeks &above),"Source-defined; generally additive counts unless the field represents a status, stock or subgroup heading","Do not collapse zero, blank, not applicable and non-reporting. Current HMIS 2.0 behavior requires custodian confirmation.","Aggregate only mutually exclusive reporting rows after facility, format and service-context deduplication",Never sum Total with its in-facility/outreach components,Use report period after it is confirmed; do not combine incompatible schema versions,Use HMIS Facility Code as source key and retain NIN/HFR as separate crosswalk identifiers,Operational use pending row-value and custodian validation
HMIS-RPTCOL-STATE-0108,,4.1.3.c,Foetal Death (24–27 completed weeks),Not established; candidate element must not be aggregated operationally,Unconfirmed; preserve null/blank separately from explicit zero,"Aggregate only mutually exclusive reporting rows after facility, format and service-context deduplication",Never sum Total with its in-facility/outreach components,Use report period after it is confirmed; do not combine incompatible schema versions,Use HMIS Facility Code as source key and retain NIN/HFR as separate crosswalk identifiers,Operational use pending row-value and custodian validation
HMIS-RPTCOL-STATE-0109,HMIS-DE-0003,4.2,Abortion (spontaneous),"Source-defined; generally additive counts unless the field represents a status, stock or subgroup heading","Do not collapse zero, blank, not applicable and non-reporting. Current HMIS 2.0 behavior requires custodian confirmation.","Aggregate only mutually exclusive reporting rows after facility, format and service-context deduplication",Never sum Total with its in-facility/outreach components,Use report period after it is confirmed; do not combine incompatible schema versions,Use HMIS Facility Code as source key and retain NIN/HFR as separate crosswalk identifiers,Operational use pending row-value and custodian validation
HMIS-RPTCOL-STATE-0110,HMIS-DE-0620,4.3.1.a,Surgical MTPs upto 12 weeks of pregnancy,"Source-defined; generally additive counts unless the field represents a status, stock or subgroup heading","Do not collapse zero, blank, not applicable and non-reporting. Current HMIS 2.0 behavior requires custodian confirmation.","Aggregate only mutually exclusive reporting rows after facility, format and service-context deduplication",Never sum Total with its in-facility/outreach components,Use report period after it is confirmed; do not combine incompatible schema versions,Use HMIS Facility Code as source key and retain NIN/HFR as separate crosswalk identifiers,Operational use pending row-value and custodian validation
HMIS-RPTCOL-STATE-0111,HMIS-DE-0235,4.3.1.b,MTP more than 12 weeks of pregnancy,"Source-defined; generally additive counts unless the field represents a status, stock or subgroup heading","Do not collapse zero, blank, not applicable and non-reporting. Current HMIS 2.0 behavior requires custodian confirmation.","Aggregate only mutually exclusive reporting rows after facility, format and service-context deduplication",Never sum Total with its in-facility/outreach components,Use report period after it is confirmed; do not combine incompatible schema versions,Use HMIS Facility Code as source key and retain NIN/HFR as separate crosswalk identifiers,Operational use pending row-value and custodian validation
HMIS-RPTCOL-STATE-0112,HMIS-DE-0236,4.3.1.c,MTPs completed through Medical methods of abortion (MMA),"Source-defined; generally additive counts unless the field represents a status, stock or subgroup heading","Do not collapse zero, blank, not applicable and non-reporting. Current HMIS 2.0 behavior requires custodian confirmation.","Aggregate only mutually exclusive reporting rows after facility, format and service-context deduplication",Never sum Total with its in-facility/outreach components,Use report period after it is confirmed; do not combine incompatible schema versions,Use HMIS Facility Code as source key and retain NIN/HFR as separate crosswalk identifiers,Operational use pending row-value and custodian validation
HMIS-RPTCOL-STATE-0113,HMIS-DE-0692,4.3.2.a,Total Post-abortion/MTP Complications Identified,"Source-defined; generally additive counts unless the field represents a status, stock or subgroup heading","Do not collapse zero, blank, not applicable and non-reporting. Current HMIS 2.0 behavior requires custodian confirmation.","Aggregate only mutually exclusive reporting rows after facility, format and service-context deduplication",Never sum Total with its in-facility/outreach components,Use report period after it is confirmed; do not combine incompatible schema versions,Use HMIS Facility Code as source key and retain NIN/HFR as separate crosswalk identifiers,Operational use pending row-value and custodian validation
HMIS-RPTCOL-STATE-0114,HMIS-DE-0601,4.3.2.b,Post-abortion/MTP complications identified (where abortions were carried out in facilities other than public and accredited private health facilities),"Source-defined; generally additive counts unless the field represents a status, stock or subgroup heading","Do not collapse zero, blank, not applicable and non-reporting. Current HMIS 2.0 behavior requires custodian confirmation.","Aggregate only mutually exclusive reporting rows after facility, format and service-context deduplication",Never sum Total with its in-facility/outreach components,Use report period after it is confirmed; do not combine incompatible schema versions,Use HMIS Facility Code as source key and retain NIN/HFR as separate crosswalk identifiers,Operational use pending row-value and custodian validation
HMIS-RPTCOL-STATE-0115,HMIS-DE-0602,4.3.2.c,Post-abortion/MTP Complications treated,"Source-defined; generally additive counts unless the field represents a status, stock or subgroup heading","Do not collapse zero, blank, not applicable and non-reporting. Current HMIS 2.0 behavior requires custodian confirmation.","Aggregate only mutually exclusive reporting rows after facility, format and service-context deduplication",Never sum Total with its in-facility/outreach components,Use report period after it is confirmed; do not combine incompatible schema versions,Use HMIS Facility Code as source key and retain NIN/HFR as separate crosswalk identifiers,Operational use pending row-value and custodian validation
HMIS-RPTCOL-STATE-0116,HMIS-DE-0530,4.3.3,Number of women provided with Post-abortion/ MTP contraception,"Source-defined; generally additive counts unless the field represents a status, stock or subgroup heading","Do not collapse zero, blank, not applicable and non-reporting. Current HMIS 2.0 behavior requires custodian confirmation.","Aggregate only mutually exclusive reporting rows after facility, format and service-context deduplication",Never sum Total with its in-facility/outreach components,Use report period after it is confirmed; do not combine incompatible schema versions,Use HMIS Facility Code as source key and retain NIN/HFR as separate crosswalk identifiers,Operational use pending row-value and custodian validation
HMIS-RPTCOL-STATE-0117,HMIS-DE-0434,4.4.1,Number of Newborns weighed at birth,"Source-defined; generally additive counts unless the field represents a status, stock or subgroup heading","Do not collapse zero, blank, not applicable and non-reporting. Current HMIS 2.0 behavior requires custodian confirmation.","Aggregate only mutually exclusive reporting rows after facility, format and service-context deduplication",Never sum Total with its in-facility/outreach components,Use report period after it is confirmed; do not combine incompatible schema versions,Use HMIS Facility Code as source key and retain NIN/HFR as separate crosswalk identifiers,Operational use pending row-value and custodian validation
HMIS-RPTCOL-STATE-0118,HMIS-DE-0428,4.4.2,Number of Newborns having weight less than 2500 gms,"Source-defined; generally additive counts unless the field represents a status, stock or subgroup heading","Do not collapse zero, blank, not applicable and non-reporting. Current HMIS 2.0 behavior requires custodian confirmation.","Aggregate only mutually exclusive reporting rows after facility, format and service-context deduplication",Never sum Total with its in-facility/outreach components,Use report period after it is confirmed; do not combine incompatible schema versions,Use HMIS Facility Code as source key and retain NIN/HFR as separate crosswalk identifiers,Operational use pending row-value and custodian validation
HMIS-RPTCOL-STATE-0119,HMIS-DE-0571,4.4.2.a,"Out of the above, number of Newborns having weight less than 1800 gms","Source-defined; generally additive counts unless the field represents a status, stock or subgroup heading","Do not collapse zero, blank, not applicable and non-reporting. Current HMIS 2.0 behavior requires custodian confirmation.","Aggregate only mutually exclusive reporting rows after facility, format and service-context deduplication",Never sum Total with its in-facility/outreach components,Use report period after it is confirmed; do not combine incompatible schema versions,Use HMIS Facility Code as source key and retain NIN/HFR as separate crosswalk identifiers,Operational use pending row-value and custodian validation
HMIS-RPTCOL-STATE-0120,HMIS-DE-0427,4.4.3,Number of Newborns breast fed within 1 hour of birth,"Source-defined; generally additive counts unless the field represents a status, stock or subgroup heading","Do not collapse zero, blank, not applicable and non-reporting. Current HMIS 2.0 behavior requires custodian confirmation.","Aggregate only mutually exclusive reporting rows after facility, format and service-context deduplication",Never sum Total with its in-facility/outreach components,Use report period after it is confirmed; do not combine incompatible schema versions,Use HMIS Facility Code as source key and retain NIN/HFR as separate crosswalk identifiers,Operational use pending row-value and custodian validation
HMIS-RPTCOL-STATE-0121,HMIS-DE-0266,4.4.4,No. of Newborns discharged from the facility were exclusively breastfed till discharge,"Source-defined; generally additive counts unless the field represents a status, stock or subgroup heading","Do not collapse zero, blank, not applicable and non-reporting. Current HMIS 2.0 behavior requires custodian confirmation.","Aggregate only mutually exclusive reporting rows after facility, format and service-context deduplication",Never sum Total with its in-facility/outreach components,Use report period after it is confirmed; do not combine incompatible schema versions,Use HMIS Facility Code as source key and retain NIN/HFR as separate crosswalk identifiers,Operational use pending row-value and custodian validation
HMIS-RPTCOL-STATE-0122,HMIS-DE-0431,4.4.5,Number of Newborns received Donor Human Milk (DHM) in the facility,"Source-defined; generally additive counts unless the field represents a status, stock or subgroup heading","Do not collapse zero, blank, not applicable and non-reporting. Current HMIS 2.0 behavior requires custodian confirmation.","Aggregate only mutually exclusive reporting rows after facility, format and service-context deduplication",Never sum Total with its in-facility/outreach components,Use report period after it is confirmed; do not combine incompatible schema versions,Use HMIS Facility Code as source key and retain NIN/HFR as separate crosswalk identifiers,Operational use pending row-value and custodian validation
HMIS-RPTCOL-STATE-0123,HMIS-DE-0432,4.5.1,"Number of Newborns screened for defects at birth (as per Comprehensive Newborn Screening, RBSK)","Source-defined; generally additive counts unless the field represents a status, stock or subgroup heading","Do not collapse zero, blank, not applicable and non-reporting. Current HMIS 2.0 behavior requires custodian confirmation.","Aggregate only mutually exclusive reporting rows after facility, format and service-context deduplication",Never sum Total with its in-facility/outreach components,Use report period after it is confirmed; do not combine incompatible schema versions,Use HMIS Facility Code as source key and retain NIN/HFR as separate crosswalk identifiers,Operational use pending row-value and custodian validation
HMIS-RPTCOL-STATE-0124,HMIS-DE-0429,4.5.1.a,"Number of Newborns identified with visible birth defects (including Neural tube defect, Down’s Syndrome, Cleft Lip & Palate, Club foot and Developmental dysplasia of the hip)","Source-defined; generally additive counts unless the field represents a status, stock or subgroup heading","Do not collapse zero, blank, not applicable and non-reporting. Current HMIS 2.0 behavior requires custodian confirmation.","Aggregate only mutually exclusive reporting rows after facility, format and service-context deduplication",Never sum Total with its in-facility/outreach components,Use report period after it is confirmed; do not combine incompatible schema versions,Use HMIS Facility Code as source key and retain NIN/HFR as separate crosswalk identifiers,Operational use pending row-value and custodian validation
HMIS-RPTCOL-STATE-0125,HMIS-DE-0517,4.5.3,Number of SNCU discharged babies screened in DEIC,"Source-defined; generally additive counts unless the field represents a status, stock or subgroup heading","Do not collapse zero, blank, not applicable and non-reporting. Current HMIS 2.0 behavior requires custodian confirmation.","Aggregate only mutually exclusive reporting rows after facility, format and service-context deduplication",Never sum Total with its in-facility/outreach components,Use report period after it is confirmed; do not combine incompatible schema versions,Use HMIS Facility Code as source key and retain NIN/HFR as separate crosswalk identifiers,Operational use pending row-value and custodian validation
HMIS-RPTCOL-STATE-0126,HMIS-DE-0325,4.5.5,"Number of children till age 18 years (affected with selected health conditions) managed for 4 Ds (Disease, Deficiency, Developmental Delay & Defect)","Source-defined; generally additive counts unless the field represents a status, stock or subgroup heading","Do not collapse zero, blank, not applicable and non-reporting. Current HMIS 2.0 behavior requires custodian confirmation.","Aggregate only mutually exclusive reporting rows after facility, format and service-context deduplication",Never sum Total with its in-facility/outreach components,Use report period after it is confirmed; do not combine incompatible schema versions,Use HMIS Facility Code as source key and retain NIN/HFR as separate crosswalk identifiers,Operational use pending row-value and custodian validation
HMIS-RPTCOL-STATE-0127,HMIS-DE-0324,4.5.6,Number of children till age 18 years (affected with selected health conditions) managed by Intervention - Surgical,"Source-defined; generally additive counts unless the field represents a status, stock or subgroup heading","Do not collapse zero, blank, not applicable and non-reporting. Current HMIS 2.0 behavior requires custodian confirmation.","Aggregate only mutually exclusive reporting rows after facility, format and service-context deduplication",Never sum Total with its in-facility/outreach components,Use report period after it is confirmed; do not combine incompatible schema versions,Use HMIS Facility Code as source key and retain NIN/HFR as separate crosswalk identifiers,Operational use pending row-value and custodian validation
HMIS-RPTCOL-STATE-0128,HMIS-DE-0326,4.5.7,Number of children till age 18 years managed at DEIC (District Early Intervention Centre),"Source-defined; generally additive counts unless the field represents a status, stock or subgroup heading","Do not collapse zero, blank, not applicable and non-reporting. Current HMIS 2.0 behavior requires custodian confirmation.","Aggregate only mutually exclusive reporting rows after facility, format and service-context deduplication",Never sum Total with its in-facility/outreach components,Use report period after it is confirmed; do not combine incompatible schema versions,Use HMIS Facility Code as source key and retain NIN/HFR as separate crosswalk identifiers,Operational use pending row-value and custodian validation
HMIS-RPTCOL-STATE-0129,HMIS-DE-0528,5.1.1,"Number of women of reproductive age (WRA) 20-49 years (non-pregnant, non-lactating), provided 4 Red Iron and folic acid (IFA) tablets in a month","Source-defined; generally additive counts unless the field represents a status, stock or subgroup heading","Do not collapse zero, blank, not applicable and non-reporting. Current HMIS 2.0 behavior requires custodian confirmation.","Aggregate only mutually exclusive reporting rows after facility, format and service-context deduplication",Never sum Total with its in-facility/outreach components,Use report period after it is confirmed; do not combine incompatible schema versions,Use HMIS Facility Code as source key and retain NIN/HFR as separate crosswalk identifiers,Operational use pending row-value and custodian validation
HMIS-RPTCOL-STATE-0130,HMIS-DE-0311,5.1.2,Number of children (6-59 months old) provided 8-10 doses (1ml) of IFA syrup (Bi weekly),"Source-defined; generally additive counts unless the field represents a status, stock or subgroup heading","Do not collapse zero, blank, not applicable and non-reporting. Current HMIS 2.0 behavior requires custodian confirmation.","Aggregate only mutually exclusive reporting rows after facility, format and service-context deduplication",Never sum Total with its in-facility/outreach components,Use report period after it is confirmed; do not combine incompatible schema versions,Use HMIS Facility Code as source key and retain NIN/HFR as separate crosswalk identifiers,Operational use pending row-value and custodian validation
HMIS-RPTCOL-STATE-0131,HMIS-DE-0444,5.1.3.a,Number of out of school children (5 -9 years) given 4-5 IFA Pink tablets at Anganwadi Centres,"Source-defined; generally additive counts unless the field represents a status, stock or subgroup heading","Do not collapse zero, blank, not applicable and non-reporting. Current HMIS 2.0 behavior requires custodian confirmation.","Aggregate only mutually exclusive reporting rows after facility, format and service-context deduplication",Never sum Total with its in-facility/outreach components,Use report period after it is confirmed; do not combine incompatible schema versions,Use HMIS Facility Code as source key and retain NIN/HFR as separate crosswalk identifiers,Operational use pending row-value and custodian validation
HMIS-RPTCOL-STATE-0132,HMIS-DE-0440,5.2.1.c,Number of out of school adolescent girls (10-19 years) having anaemia (Hb 8.1-11.9 g/dl),"Source-defined; generally additive counts unless the field represents a status, stock or subgroup heading","Do not collapse zero, blank, not applicable and non-reporting. Current HMIS 2.0 behavior requires custodian confirmation.","Aggregate only mutually exclusive reporting rows after facility, format and service-context deduplication",Never sum Total with its in-facility/outreach components,Use report period after it is confirmed; do not combine incompatible schema versions,Use HMIS Facility Code as source key and retain NIN/HFR as separate crosswalk identifiers,Operational use pending row-value and custodian validation
HMIS-RPTCOL-STATE-0133,HMIS-DE-0395,5.2.1.e,Number of lactating mothers (of 0-6 months old child) having anaemia (Hb 8.1-11.9 g/dl),"Source-defined; generally additive counts unless the field represents a status, stock or subgroup heading","Do not collapse zero, blank, not applicable and non-reporting. Current HMIS 2.0 behavior requires custodian confirmation.","Aggregate only mutually exclusive reporting rows after facility, format and service-context deduplication",Never sum Total with its in-facility/outreach components,Use report period after it is confirmed; do not combine incompatible schema versions,Use HMIS Facility Code as source key and retain NIN/HFR as separate crosswalk identifiers,Operational use pending row-value and custodian validation
HMIS-RPTCOL-STATE-0134,HMIS-DE-0526,5.2.1.f,"Number of women of reproductive age (non-pregnant, non-lactating) (20-49 years) having anaemia (Hb 8.1-11.9 g/dl)","Source-defined; generally additive counts unless the field represents a status, stock or subgroup heading","Do not collapse zero, blank, not applicable and non-reporting. Current HMIS 2.0 behavior requires custodian confirmation.","Aggregate only mutually exclusive reporting rows after facility, format and service-context deduplication",Never sum Total with its in-facility/outreach components,Use report period after it is confirmed; do not combine incompatible schema versions,Use HMIS Facility Code as source key and retain NIN/HFR as separate crosswalk identifiers,Operational use pending row-value and custodian validation
HMIS-RPTCOL-STATE-0135,HMIS-DE-0441,5.2.2.c,Number of out of school adolescent girls (10-19 years) having severe anaemia (Hb <8 g/dl),"Source-defined; generally additive counts unless the field represents a status, stock or subgroup heading","Do not collapse zero, blank, not applicable and non-reporting. Current HMIS 2.0 behavior requires custodian confirmation.","Aggregate only mutually exclusive reporting rows after facility, format and service-context deduplication",Never sum Total with its in-facility/outreach components,Use report period after it is confirmed; do not combine incompatible schema versions,Use HMIS Facility Code as source key and retain NIN/HFR as separate crosswalk identifiers,Operational use pending row-value and custodian validation
HMIS-RPTCOL-STATE-0136,HMIS-DE-0396,5.2.2.e,Number of lactating mothers (of 0-6 months old child) having severe anaemia (Hb <8 g/dl),"Source-defined; generally additive counts unless the field represents a status, stock or subgroup heading","Do not collapse zero, blank, not applicable and non-reporting. Current HMIS 2.0 behavior requires custodian confirmation.","Aggregate only mutually exclusive reporting rows after facility, format and service-context deduplication",Never sum Total with its in-facility/outreach components,Use report period after it is confirmed; do not combine incompatible schema versions,Use HMIS Facility Code as source key and retain NIN/HFR as separate crosswalk identifiers,Operational use pending row-value and custodian validation
HMIS-RPTCOL-STATE-0137,HMIS-DE-0527,5.2.2.f,"Number of women of reproductive age (non-pregnant, non-lactating) (20-49 years) having severe anaemia (Hb <8 g/dl)","Source-defined; generally additive counts unless the field represents a status, stock or subgroup heading","Do not collapse zero, blank, not applicable and non-reporting. Current HMIS 2.0 behavior requires custodian confirmation.","Aggregate only mutually exclusive reporting rows after facility, format and service-context deduplication",Never sum Total with its in-facility/outreach components,Use report period after it is confirmed; do not combine incompatible schema versions,Use HMIS Facility Code as source key and retain NIN/HFR as separate crosswalk identifiers,Operational use pending row-value and custodian validation
HMIS-RPTCOL-STATE-0138,HMIS-DE-0284,5.2.3.a,Number of anaemic in-school Children (5-9 years) put on treatment,"Source-defined; generally additive counts unless the field represents a status, stock or subgroup heading","Do not collapse zero, blank, not applicable and non-reporting. Current HMIS 2.0 behavior requires custodian confirmation.","Aggregate only mutually exclusive reporting rows after facility, format and service-context deduplication",Never sum Total with its in-facility/outreach components,Use report period after it is confirmed; do not combine incompatible schema versions,Use HMIS Facility Code as source key and retain NIN/HFR as separate crosswalk identifiers,Operational use pending row-value and custodian validation
HMIS-RPTCOL-STATE-0139,HMIS-DE-0283,5.2.3.b,Number of anaemic in-school adolescent girls (10-19 years) put on treatment,"Source-defined; generally additive counts unless the field represents a status, stock or subgroup heading","Do not collapse zero, blank, not applicable and non-reporting. Current HMIS 2.0 behavior requires custodian confirmation.","Aggregate only mutually exclusive reporting rows after facility, format and service-context deduplication",Never sum Total with its in-facility/outreach components,Use report period after it is confirmed; do not combine incompatible schema versions,Use HMIS Facility Code as source key and retain NIN/HFR as separate crosswalk identifiers,Operational use pending row-value and custodian validation
HMIS-RPTCOL-STATE-0140,HMIS-DE-0286,5.2.3.c,Number of anaemic out of school adolescent girls (10-19 years) put on treatment,"Source-defined; generally additive counts unless the field represents a status, stock or subgroup heading","Do not collapse zero, blank, not applicable and non-reporting. Current HMIS 2.0 behavior requires custodian confirmation.","Aggregate only mutually exclusive reporting rows after facility, format and service-context deduplication",Never sum Total with its in-facility/outreach components,Use report period after it is confirmed; do not combine incompatible schema versions,Use HMIS Facility Code as source key and retain NIN/HFR as separate crosswalk identifiers,Operational use pending row-value and custodian validation
HMIS-RPTCOL-STATE-0141,HMIS-DE-0282,5.2.3.d,Number of anaemic in-school adolescent boys (10-19 years) put on treatment,"Source-defined; generally additive counts unless the field represents a status, stock or subgroup heading","Do not collapse zero, blank, not applicable and non-reporting. Current HMIS 2.0 behavior requires custodian confirmation.","Aggregate only mutually exclusive reporting rows after facility, format and service-context deduplication",Never sum Total with its in-facility/outreach components,Use report period after it is confirmed; do not combine incompatible schema versions,Use HMIS Facility Code as source key and retain NIN/HFR as separate crosswalk identifiers,Operational use pending row-value and custodian validation
HMIS-RPTCOL-STATE-0142,HMIS-DE-0285,5.2.3.e,Number of anaemic lactating mothers (of 0-6 months old child) put on treatment,"Source-defined; generally additive counts unless the field represents a status, stock or subgroup heading","Do not collapse zero, blank, not applicable and non-reporting. Current HMIS 2.0 behavior requires custodian confirmation.","Aggregate only mutually exclusive reporting rows after facility, format and service-context deduplication",Never sum Total with its in-facility/outreach components,Use report period after it is confirmed; do not combine incompatible schema versions,Use HMIS Facility Code as source key and retain NIN/HFR as separate crosswalk identifiers,Operational use pending row-value and custodian validation
HMIS-RPTCOL-STATE-0143,HMIS-DE-0288,5.2.3.f,"Number of anaemic women of reproductive age (non-pregnant, non-lactating) (20-49 years) put on treatment","Source-defined; generally additive counts unless the field represents a status, stock or subgroup heading","Do not collapse zero, blank, not applicable and non-reporting. Current HMIS 2.0 behavior requires custodian confirmation.","Aggregate only mutually exclusive reporting rows after facility, format and service-context deduplication",Never sum Total with its in-facility/outreach components,Use report period after it is confirmed; do not combine incompatible schema versions,Use HMIS Facility Code as source key and retain NIN/HFR as separate crosswalk identifiers,Operational use pending row-value and custodian validation
HMIS-RPTCOL-STATE-0144,HMIS-DE-0394,5.2.4.a,Number of lactating mothers (of 0-6 months old child) diagnosed with severe anaemia and put on treatment,"Source-defined; generally additive counts unless the field represents a status, stock or subgroup heading","Do not collapse zero, blank, not applicable and non-reporting. Current HMIS 2.0 behavior requires custodian confirmation.","Aggregate only mutually exclusive reporting rows after facility, format and service-context deduplication",Never sum Total with its in-facility/outreach components,Use report period after it is confirmed; do not combine incompatible schema versions,Use HMIS Facility Code as source key and retain NIN/HFR as separate crosswalk identifiers,Operational use pending row-value and custodian validation
HMIS-RPTCOL-STATE-0145,HMIS-DE-0151,6.1,"In case of home delivery, number of women receiving 1st Postpartum checkups within 48 hours","Source-defined; generally additive counts unless the field represents a status, stock or subgroup heading","Do not collapse zero, blank, not applicable and non-reporting. Current HMIS 2.0 behavior requires custodian confirmation.","Aggregate only mutually exclusive reporting rows after facility, format and service-context deduplication",Never sum Total with its in-facility/outreach components,Use report period after it is confirmed; do not combine incompatible schema versions,Use HMIS Facility Code as source key and retain NIN/HFR as separate crosswalk identifiers,Operational use pending row-value and custodian validation
HMIS-RPTCOL-STATE-0146,HMIS-DE-0531,6.2,Number of women receiving Postpartum checkup between 48 hours and 14 days after Institutional delivery,"Source-defined; generally additive counts unless the field represents a status, stock or subgroup heading","Do not collapse zero, blank, not applicable and non-reporting. Current HMIS 2.0 behavior requires custodian confirmation.","Aggregate only mutually exclusive reporting rows after facility, format and service-context deduplication",Never sum Total with its in-facility/outreach components,Use report period after it is confirmed; do not combine incompatible schema versions,Use HMIS Facility Code as source key and retain NIN/HFR as separate crosswalk identifiers,Operational use pending row-value and custodian validation
HMIS-RPTCOL-STATE-0147,HMIS-DE-0421,6.3,Number of mothers provided full course of 180 IFA tablets after delivery,"Source-defined; generally additive counts unless the field represents a status, stock or subgroup heading","Do not collapse zero, blank, not applicable and non-reporting. Current HMIS 2.0 behavior requires custodian confirmation.","Aggregate only mutually exclusive reporting rows after facility, format and service-context deduplication",Never sum Total with its in-facility/outreach components,Use report period after it is confirmed; do not combine incompatible schema versions,Use HMIS Facility Code as source key and retain NIN/HFR as separate crosswalk identifiers,Operational use pending row-value and custodian validation
HMIS-RPTCOL-STATE-0148,HMIS-DE-0420,6.4,Number of mothers provided full course 360 Calcium tablets after delivery,"Source-defined; generally additive counts unless the field represents a status, stock or subgroup heading","Do not collapse zero, blank, not applicable and non-reporting. Current HMIS 2.0 behavior requires custodian confirmation.","Aggregate only mutually exclusive reporting rows after facility, format and service-context deduplication",Never sum Total with its in-facility/outreach components,Use report period after it is confirmed; do not combine incompatible schema versions,Use HMIS Facility Code as source key and retain NIN/HFR as separate crosswalk identifiers,Operational use pending row-value and custodian validation
HMIS-RPTCOL-STATE-0149,HMIS-DE-0637,6.5,Total No of High Risk Mothers identified during Post Natal Period,"Source-defined; generally additive counts unless the field represents a status, stock or subgroup heading","Do not collapse zero, blank, not applicable and non-reporting. Current HMIS 2.0 behavior requires custodian confirmation.","Aggregate only mutually exclusive reporting rows after facility, format and service-context deduplication",Never sum Total with its in-facility/outreach components,Use report period after it is confirmed; do not combine incompatible schema versions,Use HMIS Facility Code as source key and retain NIN/HFR as separate crosswalk identifiers,Operational use pending row-value and custodian validation
HMIS-RPTCOL-STATE-0150,HMIS-DE-0537,6.6,Out of above identified number of High Risk Mothers managed (including referred in cases),"Source-defined; generally additive counts unless the field represents a status, stock or subgroup heading","Do not collapse zero, blank, not applicable and non-reporting. Current HMIS 2.0 behavior requires custodian confirmation.","Aggregate only mutually exclusive reporting rows after facility, format and service-context deduplication",Never sum Total with its in-facility/outreach components,Use report period after it is confirmed; do not combine incompatible schema versions,Use HMIS Facility Code as source key and retain NIN/HFR as separate crosswalk identifiers,Operational use pending row-value and custodian validation
HMIS-RPTCOL-STATE-0151,HMIS-DE-0402,7.1.1,Number of males assessed for STI/RTI,"Source-defined; generally additive counts unless the field represents a status, stock or subgroup heading","Do not collapse zero, blank, not applicable and non-reporting. Current HMIS 2.0 behavior requires custodian confirmation.","Aggregate only mutually exclusive reporting rows after facility, format and service-context deduplication",Never sum Total with its in-facility/outreach components,Use report period after it is confirmed; do not combine incompatible schema versions,Use HMIS Facility Code as source key and retain NIN/HFR as separate crosswalk identifiers,Operational use pending row-value and custodian validation
HMIS-RPTCOL-STATE-0152,HMIS-DE-0567,7.1.1.a,"Out of the above, number of males diagnosed with STI/RTI","Source-defined; generally additive counts unless the field represents a status, stock or subgroup heading","Do not collapse zero, blank, not applicable and non-reporting. Current HMIS 2.0 behavior requires custodian confirmation.","Aggregate only mutually exclusive reporting rows after facility, format and service-context deduplication",Never sum Total with its in-facility/outreach components,Use report period after it is confirmed; do not combine incompatible schema versions,Use HMIS Facility Code as source key and retain NIN/HFR as separate crosswalk identifiers,Operational use pending row-value and custodian validation
HMIS-RPTCOL-STATE-0153,HMIS-DE-0569,7.1.1.b,"Out of the above, number of males treated for STI/RTI","Source-defined; generally additive counts unless the field represents a status, stock or subgroup heading","Do not collapse zero, blank, not applicable and non-reporting. Current HMIS 2.0 behavior requires custodian confirmation.","Aggregate only mutually exclusive reporting rows after facility, format and service-context deduplication",Never sum Total with its in-facility/outreach components,Use report period after it is confirmed; do not combine incompatible schema versions,Use HMIS Facility Code as source key and retain NIN/HFR as separate crosswalk identifiers,Operational use pending row-value and custodian validation
HMIS-RPTCOL-STATE-0154,HMIS-DE-0355,7.1.2,Number of females (all females) assessed for STI/RTI,"Source-defined; generally additive counts unless the field represents a status, stock or subgroup heading","Do not collapse zero, blank, not applicable and non-reporting. Current HMIS 2.0 behavior requires custodian confirmation.","Aggregate only mutually exclusive reporting rows after facility, format and service-context deduplication",Never sum Total with its in-facility/outreach components,Use report period after it is confirmed; do not combine incompatible schema versions,Use HMIS Facility Code as source key and retain NIN/HFR as separate crosswalk identifiers,Operational use pending row-value and custodian validation
HMIS-RPTCOL-STATE-0155,HMIS-DE-0559,7.1.2.a,"Out of the above, number of females (all females) diagnosed with STI/RTI","Source-defined; generally additive counts unless the field represents a status, stock or subgroup heading","Do not collapse zero, blank, not applicable and non-reporting. Current HMIS 2.0 behavior requires custodian confirmation.","Aggregate only mutually exclusive reporting rows after facility, format and service-context deduplication",Never sum Total with its in-facility/outreach components,Use report period after it is confirmed; do not combine incompatible schema versions,Use HMIS Facility Code as source key and retain NIN/HFR as separate crosswalk identifiers,Operational use pending row-value and custodian validation
HMIS-RPTCOL-STATE-0156,HMIS-DE-0560,7.1.2.b,"Out of the above, number of females (all females) treated for STI/RTI","Source-defined; generally additive counts unless the field represents a status, stock or subgroup heading","Do not collapse zero, blank, not applicable and non-reporting. Current HMIS 2.0 behavior requires custodian confirmation.","Aggregate only mutually exclusive reporting rows after facility, format and service-context deduplication",Never sum Total with its in-facility/outreach components,Use report period after it is confirmed; do not combine incompatible schema versions,Use HMIS Facility Code as source key and retain NIN/HFR as separate crosswalk identifiers,Operational use pending row-value and custodian validation
HMIS-RPTCOL-STATE-0157,HMIS-DE-0365,7.1.3,Number of H/TG assessed for STI/RTI,"Source-defined; generally additive counts unless the field represents a status, stock or subgroup heading","Do not collapse zero, blank, not applicable and non-reporting. Current HMIS 2.0 behavior requires custodian confirmation.","Aggregate only mutually exclusive reporting rows after facility, format and service-context deduplication",Never sum Total with its in-facility/outreach components,Use report period after it is confirmed; do not combine incompatible schema versions,Use HMIS Facility Code as source key and retain NIN/HFR as separate crosswalk identifiers,Operational use pending row-value and custodian validation
HMIS-RPTCOL-STATE-0158,HMIS-DE-0563,7.1.3.a,"Out of the above, number of H/TG people diagnosed with STI/RTI","Source-defined; generally additive counts unless the field represents a status, stock or subgroup heading","Do not collapse zero, blank, not applicable and non-reporting. Current HMIS 2.0 behavior requires custodian confirmation.","Aggregate only mutually exclusive reporting rows after facility, format and service-context deduplication",Never sum Total with its in-facility/outreach components,Use report period after it is confirmed; do not combine incompatible schema versions,Use HMIS Facility Code as source key and retain NIN/HFR as separate crosswalk identifiers,Operational use pending row-value and custodian validation
HMIS-RPTCOL-STATE-0159,HMIS-DE-0565,7.1.3.b,"Out of the above, number of H/TG people treated for STI/RTI","Source-defined; generally additive counts unless the field represents a status, stock or subgroup heading","Do not collapse zero, blank, not applicable and non-reporting. Current HMIS 2.0 behavior requires custodian confirmation.","Aggregate only mutually exclusive reporting rows after facility, format and service-context deduplication",Never sum Total with its in-facility/outreach components,Use report period after it is confirmed; do not combine incompatible schema versions,Use HMIS Facility Code as source key and retain NIN/HFR as separate crosswalk identifiers,Operational use pending row-value and custodian validation
HMIS-RPTCOL-STATE-0160,HMIS-DE-0435,8.1.1,Number of Non Scalpel Vasectomy (NSV) / Conventional Vasectomy conducted,"Source-defined; generally additive counts unless the field represents a status, stock or subgroup heading","Do not collapse zero, blank, not applicable and non-reporting. Current HMIS 2.0 behavior requires custodian confirmation.","Aggregate only mutually exclusive reporting rows after facility, format and service-context deduplication",Never sum Total with its in-facility/outreach components,Use report period after it is confirmed; do not combine incompatible schema versions,Use HMIS Facility Code as source key and retain NIN/HFR as separate crosswalk identifiers,Operational use pending row-value and custodian validation
HMIS-RPTCOL-STATE-0161,HMIS-DE-0397,8.2.1,Number of Laparoscopic sterilizations (excluding post-abortion) conducted,"Source-defined; generally additive counts unless the field represents a status, stock or subgroup heading","Do not collapse zero, blank, not applicable and non-reporting. Current HMIS 2.0 behavior requires custodian confirmation.","Aggregate only mutually exclusive reporting rows after facility, format and service-context deduplication",Never sum Total with its in-facility/outreach components,Use report period after it is confirmed; do not combine incompatible schema versions,Use HMIS Facility Code as source key and retain NIN/HFR as separate crosswalk identifiers,Operational use pending row-value and custodian validation
HMIS-RPTCOL-STATE-0162,HMIS-DE-0391,8.2.2,Number of Interval sterilizations (Mini-lap/Conventional) (other than post-partum and post abortion) conducted,"Source-defined; generally additive counts unless the field represents a status, stock or subgroup heading","Do not collapse zero, blank, not applicable and non-reporting. Current HMIS 2.0 behavior requires custodian confirmation.","Aggregate only mutually exclusive reporting rows after facility, format and service-context deduplication",Never sum Total with its in-facility/outreach components,Use report period after it is confirmed; do not combine incompatible schema versions,Use HMIS Facility Code as source key and retain NIN/HFR as separate crosswalk identifiers,Operational use pending row-value and custodian validation
HMIS-RPTCOL-STATE-0163,HMIS-DE-0456,8.2.3,Number of Postpartum sterilizations (within 7 days of delivery by minilap or concurrent with caesarean section) conducted,"Source-defined; generally additive counts unless the field represents a status, stock or subgroup heading","Do not collapse zero, blank, not applicable and non-reporting. Current HMIS 2.0 behavior requires custodian confirmation.","Aggregate only mutually exclusive reporting rows after facility, format and service-context deduplication",Never sum Total with its in-facility/outreach components,Use report period after it is confirmed; do not combine incompatible schema versions,Use HMIS Facility Code as source key and retain NIN/HFR as separate crosswalk identifiers,Operational use pending row-value and custodian validation
HMIS-RPTCOL-STATE-0164,HMIS-DE-0453,8.2.4,Number of Post-abortion sterilizations (within 7 days of spontaneous or surgical abortion) conducted,"Source-defined; generally additive counts unless the field represents a status, stock or subgroup heading","Do not collapse zero, blank, not applicable and non-reporting. Current HMIS 2.0 behavior requires custodian confirmation.","Aggregate only mutually exclusive reporting rows after facility, format and service-context deduplication",Never sum Total with its in-facility/outreach components,Use report period after it is confirmed; do not combine incompatible schema versions,Use HMIS Facility Code as source key and retain NIN/HFR as separate crosswalk identifiers,Operational use pending row-value and custodian validation
HMIS-RPTCOL-STATE-0165,HMIS-DE-0390,8.3,Number of Interval IUCD Insertions (excluding PPIUCD and PAIUCD),"Source-defined; generally additive counts unless the field represents a status, stock or subgroup heading","Do not collapse zero, blank, not applicable and non-reporting. Current HMIS 2.0 behavior requires custodian confirmation.","Aggregate only mutually exclusive reporting rows after facility, format and service-context deduplication",Never sum Total with its in-facility/outreach components,Use report period after it is confirmed; do not combine incompatible schema versions,Use HMIS Facility Code as source key and retain NIN/HFR as separate crosswalk identifiers,Operational use pending row-value and custodian validation
HMIS-RPTCOL-STATE-0166,HMIS-DE-0455,8.4,Number of Postpartum (within 48 hours of delivery) IUCD insertions,"Source-defined; generally additive counts unless the field represents a status, stock or subgroup heading","Do not collapse zero, blank, not applicable and non-reporting. Current HMIS 2.0 behavior requires custodian confirmation.","Aggregate only mutually exclusive reporting rows after facility, format and service-context deduplication",Never sum Total with its in-facility/outreach components,Use report period after it is confirmed; do not combine incompatible schema versions,Use HMIS Facility Code as source key and retain NIN/HFR as separate crosswalk identifiers,Operational use pending row-value and custodian validation
HMIS-RPTCOL-STATE-0167,HMIS-DE-0452,8.5,Number of Post-abortion (within 12 days of spontaneous or surgical abortion) IUCD insertions,"Source-defined; generally additive counts unless the field represents a status, stock or subgroup heading","Do not collapse zero, blank, not applicable and non-reporting. Current HMIS 2.0 behavior requires custodian confirmation.","Aggregate only mutually exclusive reporting rows after facility, format and service-context deduplication",Never sum Total with its in-facility/outreach components,Use report period after it is confirmed; do not combine incompatible schema versions,Use HMIS Facility Code as source key and retain NIN/HFR as separate crosswalk identifiers,Operational use pending row-value and custodian validation
HMIS-RPTCOL-STATE-0168,HMIS-DE-0392,8.6,Number of IUCD Removals,"Source-defined; generally additive counts unless the field represents a status, stock or subgroup heading","Do not collapse zero, blank, not applicable and non-reporting. Current HMIS 2.0 behavior requires custodian confirmation.","Aggregate only mutually exclusive reporting rows after facility, format and service-context deduplication",Never sum Total with its in-facility/outreach components,Use report period after it is confirmed; do not combine incompatible schema versions,Use HMIS Facility Code as source key and retain NIN/HFR as separate crosswalk identifiers,Operational use pending row-value and custodian validation
HMIS-RPTCOL-STATE-0169,HMIS-DE-0329,8.7,Number of complications following IUCD Insertion,"Source-defined; generally additive counts unless the field represents a status, stock or subgroup heading","Do not collapse zero, blank, not applicable and non-reporting. Current HMIS 2.0 behavior requires custodian confirmation.","Aggregate only mutually exclusive reporting rows after facility, format and service-context deduplication",Never sum Total with its in-facility/outreach components,Use report period after it is confirmed; do not combine incompatible schema versions,Use HMIS Facility Code as source key and retain NIN/HFR as separate crosswalk identifiers,Operational use pending row-value and custodian validation
HMIS-RPTCOL-STATE-0170,HMIS-DE-0161,8.8.1,Injectable Contraceptive MPA (Intra Muscular) - First Dose,"Source-defined; generally additive counts unless the field represents a status, stock or subgroup heading","Do not collapse zero, blank, not applicable and non-reporting. Current HMIS 2.0 behavior requires custodian confirmation.","Aggregate only mutually exclusive reporting rows after facility, format and service-context deduplication",Never sum Total with its in-facility/outreach components,Use report period after it is confirmed; do not combine incompatible schema versions,Use HMIS Facility Code as source key and retain NIN/HFR as separate crosswalk identifiers,Operational use pending row-value and custodian validation
HMIS-RPTCOL-STATE-0171,HMIS-DE-0165,8.8.2,Injectable Contraceptive MPA (Sub Cutaneous) - First Dose,"Source-defined; generally additive counts unless the field represents a status, stock or subgroup heading","Do not collapse zero, blank, not applicable and non-reporting. Current HMIS 2.0 behavior requires custodian confirmation.","Aggregate only mutually exclusive reporting rows after facility, format and service-context deduplication",Never sum Total with its in-facility/outreach components,Use report period after it is confirmed; do not combine incompatible schema versions,Use HMIS Facility Code as source key and retain NIN/HFR as separate crosswalk identifiers,Operational use pending row-value and custodian validation
HMIS-RPTCOL-STATE-0172,HMIS-DE-0163,8.9.1,Injectable Contraceptive MPA (Intra Muscular) - Second Dose,"Source-defined; generally additive counts unless the field represents a status, stock or subgroup heading","Do not collapse zero, blank, not applicable and non-reporting. Current HMIS 2.0 behavior requires custodian confirmation.","Aggregate only mutually exclusive reporting rows after facility, format and service-context deduplication",Never sum Total with its in-facility/outreach components,Use report period after it is confirmed; do not combine incompatible schema versions,Use HMIS Facility Code as source key and retain NIN/HFR as separate crosswalk identifiers,Operational use pending row-value and custodian validation
HMIS-RPTCOL-STATE-0173,HMIS-DE-0167,8.9.2,Injectable Contraceptive MPA (Sub Cutaneous)- Second Dose,"Source-defined; generally additive counts unless the field represents a status, stock or subgroup heading","Do not collapse zero, blank, not applicable and non-reporting. Current HMIS 2.0 behavior requires custodian confirmation.","Aggregate only mutually exclusive reporting rows after facility, format and service-context deduplication",Never sum Total with its in-facility/outreach components,Use report period after it is confirmed; do not combine incompatible schema versions,Use HMIS Facility Code as source key and retain NIN/HFR as separate crosswalk identifiers,Operational use pending row-value and custodian validation
HMIS-RPTCOL-STATE-0174,HMIS-DE-0164,8.10.1,Injectable Contraceptive MPA (Intra Muscular) - Third Dose,"Source-defined; generally additive counts unless the field represents a status, stock or subgroup heading","Do not collapse zero, blank, not applicable and non-reporting. Current HMIS 2.0 behavior requires custodian confirmation.","Aggregate only mutually exclusive reporting rows after facility, format and service-context deduplication",Never sum Total with its in-facility/outreach components,Use report period after it is confirmed; do not combine incompatible schema versions,Use HMIS Facility Code as source key and retain NIN/HFR as separate crosswalk identifiers,Operational use pending row-value and custodian validation
HMIS-RPTCOL-STATE-0175,HMIS-DE-0168,8.10.2,Injectable Contraceptive MPA (Sub Cutaneous)- Third Dose,"Source-defined; generally additive counts unless the field represents a status, stock or subgroup heading","Do not collapse zero, blank, not applicable and non-reporting. Current HMIS 2.0 behavior requires custodian confirmation.","Aggregate only mutually exclusive reporting rows after facility, format and service-context deduplication",Never sum Total with its in-facility/outreach components,Use report period after it is confirmed; do not combine incompatible schema versions,Use HMIS Facility Code as source key and retain NIN/HFR as separate crosswalk identifiers,Operational use pending row-value and custodian validation
HMIS-RPTCOL-STATE-0176,HMIS-DE-0162,8.11.1,Injectable Contraceptive MPA (Intra Muscular) - Fourth and above Dose,"Source-defined; generally additive counts unless the field represents a status, stock or subgroup heading","Do not collapse zero, blank, not applicable and non-reporting. Current HMIS 2.0 behavior requires custodian confirmation.","Aggregate only mutually exclusive reporting rows after facility, format and service-context deduplication",Never sum Total with its in-facility/outreach components,Use report period after it is confirmed; do not combine incompatible schema versions,Use HMIS Facility Code as source key and retain NIN/HFR as separate crosswalk identifiers,Operational use pending row-value and custodian validation
HMIS-RPTCOL-STATE-0177,HMIS-DE-0166,8.11.2,Injectable Contraceptive MPA (Sub Cutaneous)- Fourth and above Dose,"Source-defined; generally additive counts unless the field represents a status, stock or subgroup heading","Do not collapse zero, blank, not applicable and non-reporting. Current HMIS 2.0 behavior requires custodian confirmation.","Aggregate only mutually exclusive reporting rows after facility, format and service-context deduplication",Never sum Total with its in-facility/outreach components,Use report period after it is confirmed; do not combine incompatible schema versions,Use HMIS Facility Code as source key and retain NIN/HFR as separate crosswalk identifiers,Operational use pending row-value and custodian validation
HMIS-RPTCOL-STATE-0178,HMIS-DE-0328,8.12,Number of Combined Oral Pill cycles distributed to the beneficiary,"Source-defined; generally additive counts unless the field represents a status, stock or subgroup heading","Do not collapse zero, blank, not applicable and non-reporting. Current HMIS 2.0 behavior requires custodian confirmation.","Aggregate only mutually exclusive reporting rows after facility, format and service-context deduplication",Never sum Total with its in-facility/outreach components,Use report period after it is confirmed; do not combine incompatible schema versions,Use HMIS Facility Code as source key and retain NIN/HFR as separate crosswalk identifiers,Operational use pending row-value and custodian validation
HMIS-RPTCOL-STATE-0179,HMIS-DE-0330,8.13,Number of Condom pieces distributed to the beneficiary,"Source-defined; generally additive counts unless the field represents a status, stock or subgroup heading","Do not collapse zero, blank, not applicable and non-reporting. Current HMIS 2.0 behavior requires custodian confirmation.","Aggregate only mutually exclusive reporting rows after facility, format and service-context deduplication",Never sum Total with its in-facility/outreach components,Use report period after it is confirmed; do not combine incompatible schema versions,Use HMIS Facility Code as source key and retain NIN/HFR as separate crosswalk identifiers,Operational use pending row-value and custodian validation
HMIS-RPTCOL-STATE-0180,HMIS-DE-0302,8.14,Number of Centchroman (weekly) pill strips distributed to the beneficiary,"Source-defined; generally additive counts unless the field represents a status, stock or subgroup heading","Do not collapse zero, blank, not applicable and non-reporting. Current HMIS 2.0 behavior requires custodian confirmation.","Aggregate only mutually exclusive reporting rows after facility, format and service-context deduplication",Never sum Total with its in-facility/outreach components,Use report period after it is confirmed; do not combine incompatible schema versions,Use HMIS Facility Code as source key and retain NIN/HFR as separate crosswalk identifiers,Operational use pending row-value and custodian validation
HMIS-RPTCOL-STATE-0181,HMIS-DE-0354,8.15,Number of Emergency Contraceptive Pills (ECP) given to the beneficiary,"Source-defined; generally additive counts unless the field represents a status, stock or subgroup heading","Do not collapse zero, blank, not applicable and non-reporting. Current HMIS 2.0 behavior requires custodian confirmation.","Aggregate only mutually exclusive reporting rows after facility, format and service-context deduplication",Never sum Total with its in-facility/outreach components,Use report period after it is confirmed; do not combine incompatible schema versions,Use HMIS Facility Code as source key and retain NIN/HFR as separate crosswalk identifiers,Operational use pending row-value and custodian validation
HMIS-RPTCOL-STATE-0182,HMIS-DE-0460,8.16,Number of Pregnancy Test Kits (PTK) utilized,"Source-defined; generally additive counts unless the field represents a status, stock or subgroup heading","Do not collapse zero, blank, not applicable and non-reporting. Current HMIS 2.0 behavior requires custodian confirmation.","Aggregate only mutually exclusive reporting rows after facility, format and service-context deduplication",Never sum Total with its in-facility/outreach components,Use report period after it is confirmed; do not combine incompatible schema versions,Use HMIS Facility Code as source key and retain NIN/HFR as separate crosswalk identifiers,Operational use pending row-value and custodian validation
HMIS-RPTCOL-STATE-0183,HMIS-DE-0272,8.17.1,No. of Subdermal Contraceptive Implant inserted,"Source-defined; generally additive counts unless the field represents a status, stock or subgroup heading","Do not collapse zero, blank, not applicable and non-reporting. Current HMIS 2.0 behavior requires custodian confirmation.","Aggregate only mutually exclusive reporting rows after facility, format and service-context deduplication",Never sum Total with its in-facility/outreach components,Use report period after it is confirmed; do not combine incompatible schema versions,Use HMIS Facility Code as source key and retain NIN/HFR as separate crosswalk identifiers,Operational use pending row-value and custodian validation
HMIS-RPTCOL-STATE-0184,HMIS-DE-0273,8.17.2,No. of Subdermal Contraceptive Implant removed,"Source-defined; generally additive counts unless the field represents a status, stock or subgroup heading","Do not collapse zero, blank, not applicable and non-reporting. Current HMIS 2.0 behavior requires custodian confirmation.","Aggregate only mutually exclusive reporting rows after facility, format and service-context deduplication",Never sum Total with its in-facility/outreach components,Use report period after it is confirmed; do not combine incompatible schema versions,Use HMIS Facility Code as source key and retain NIN/HFR as separate crosswalk identifiers,Operational use pending row-value and custodian validation
HMIS-RPTCOL-STATE-0185,HMIS-DE-0094,8.18.1,Complications following male sterilization,"Source-defined; generally additive counts unless the field represents a status, stock or subgroup heading","Do not collapse zero, blank, not applicable and non-reporting. Current HMIS 2.0 behavior requires custodian confirmation.","Aggregate only mutually exclusive reporting rows after facility, format and service-context deduplication",Never sum Total with its in-facility/outreach components,Use report period after it is confirmed; do not combine incompatible schema versions,Use HMIS Facility Code as source key and retain NIN/HFR as separate crosswalk identifiers,Operational use pending row-value and custodian validation
HMIS-RPTCOL-STATE-0186,HMIS-DE-0093,8.18.2,Complications following female sterilization,"Source-defined; generally additive counts unless the field represents a status, stock or subgroup heading","Do not collapse zero, blank, not applicable and non-reporting. Current HMIS 2.0 behavior requires custodian confirmation.","Aggregate only mutually exclusive reporting rows after facility, format and service-context deduplication",Never sum Total with its in-facility/outreach components,Use report period after it is confirmed; do not combine incompatible schema versions,Use HMIS Facility Code as source key and retain NIN/HFR as separate crosswalk identifiers,Operational use pending row-value and custodian validation
HMIS-RPTCOL-STATE-0187,HMIS-DE-0132,8.18.3,Failures following male sterilization,"Source-defined; generally additive counts unless the field represents a status, stock or subgroup heading","Do not collapse zero, blank, not applicable and non-reporting. Current HMIS 2.0 behavior requires custodian confirmation.","Aggregate only mutually exclusive reporting rows after facility, format and service-context deduplication",Never sum Total with its in-facility/outreach components,Use report period after it is confirmed; do not combine incompatible schema versions,Use HMIS Facility Code as source key and retain NIN/HFR as separate crosswalk identifiers,Operational use pending row-value and custodian validation
HMIS-RPTCOL-STATE-0188,HMIS-DE-0131,8.18.4,Failures following female sterilization,"Source-defined; generally additive counts unless the field represents a status, stock or subgroup heading","Do not collapse zero, blank, not applicable and non-reporting. Current HMIS 2.0 behavior requires custodian confirmation.","Aggregate only mutually exclusive reporting rows after facility, format and service-context deduplication",Never sum Total with its in-facility/outreach components,Use report period after it is confirmed; do not combine incompatible schema versions,Use HMIS Facility Code as source key and retain NIN/HFR as separate crosswalk identifiers,Operational use pending row-value and custodian validation
HMIS-RPTCOL-STATE-0189,HMIS-DE-0101,8.18.5,Deaths following male sterilization,"Source-defined; generally additive counts unless the field represents a status, stock or subgroup heading","Do not collapse zero, blank, not applicable and non-reporting. Current HMIS 2.0 behavior requires custodian confirmation.","Aggregate only mutually exclusive reporting rows after facility, format and service-context deduplication",Never sum Total with its in-facility/outreach components,Use report period after it is confirmed; do not combine incompatible schema versions,Use HMIS Facility Code as source key and retain NIN/HFR as separate crosswalk identifiers,Operational use pending row-value and custodian validation
HMIS-RPTCOL-STATE-0190,HMIS-DE-0100,8.18.6,Deaths following female sterilization,"Source-defined; generally additive counts unless the field represents a status, stock or subgroup heading","Do not collapse zero, blank, not applicable and non-reporting. Current HMIS 2.0 behavior requires custodian confirmation.","Aggregate only mutually exclusive reporting rows after facility, format and service-context deduplication",Never sum Total with its in-facility/outreach components,Use report period after it is confirmed; do not combine incompatible schema versions,Use HMIS Facility Code as source key and retain NIN/HFR as separate crosswalk identifiers,Operational use pending row-value and custodian validation
HMIS-RPTCOL-STATE-0191,HMIS-DE-0299,8.19.1,Number of cases of Female Sterilization followed up (after 1 month or on the resumption of her menstrual cycle whichever is earlier),"Source-defined; generally additive counts unless the field represents a status, stock or subgroup heading","Do not collapse zero, blank, not applicable and non-reporting. Current HMIS 2.0 behavior requires custodian confirmation.","Aggregate only mutually exclusive reporting rows after facility, format and service-context deduplication",Never sum Total with its in-facility/outreach components,Use report period after it is confirmed; do not combine incompatible schema versions,Use HMIS Facility Code as source key and retain NIN/HFR as separate crosswalk identifiers,Operational use pending row-value and custodian validation
HMIS-RPTCOL-STATE-0192,HMIS-DE-0300,8.19.2,Number of cases of Male Sterilization followed up (after 3 months),"Source-defined; generally additive counts unless the field represents a status, stock or subgroup heading","Do not collapse zero, blank, not applicable and non-reporting. Current HMIS 2.0 behavior requires custodian confirmation.","Aggregate only mutually exclusive reporting rows after facility, format and service-context deduplication",Never sum Total with its in-facility/outreach components,Use report period after it is confirmed; do not combine incompatible schema versions,Use HMIS Facility Code as source key and retain NIN/HFR as separate crosswalk identifiers,Operational use pending row-value and custodian validation
HMIS-RPTCOL-STATE-0193,HMIS-DE-0065,9.1.1,Child immunisation - Vitamin K (Birth Dose),"Source-defined; generally additive counts unless the field represents a status, stock or subgroup heading","Do not collapse zero, blank, not applicable and non-reporting. Current HMIS 2.0 behavior requires custodian confirmation.","Aggregate only mutually exclusive reporting rows after facility, format and service-context deduplication",Never sum Total with its in-facility/outreach components,Use report period after it is confirmed; do not combine incompatible schema versions,Use HMIS Facility Code as source key and retain NIN/HFR as separate crosswalk identifiers,Operational use pending row-value and custodian validation
HMIS-RPTCOL-STATE-0194,HMIS-DE-0036,9.1.2,Child immunisation - BCG,"Source-defined; generally additive counts unless the field represents a status, stock or subgroup heading","Do not collapse zero, blank, not applicable and non-reporting. Current HMIS 2.0 behavior requires custodian confirmation.","Aggregate only mutually exclusive reporting rows after facility, format and service-context deduplication",Never sum Total with its in-facility/outreach components,Use report period after it is confirmed; do not combine incompatible schema versions,Use HMIS Facility Code as source key and retain NIN/HFR as separate crosswalk identifiers,Operational use pending row-value and custodian validation
HMIS-RPTCOL-STATE-0195,HMIS-DE-0056,9.1.3,Child immunisation - Pentavalent 1,"Source-defined; generally additive counts unless the field represents a status, stock or subgroup heading","Do not collapse zero, blank, not applicable and non-reporting. Current HMIS 2.0 behavior requires custodian confirmation.","Aggregate only mutually exclusive reporting rows after facility, format and service-context deduplication",Never sum Total with its in-facility/outreach components,Use report period after it is confirmed; do not combine incompatible schema versions,Use HMIS Facility Code as source key and retain NIN/HFR as separate crosswalk identifiers,Operational use pending row-value and custodian validation
HMIS-RPTCOL-STATE-0196,HMIS-DE-0057,9.1.4,Child immunisation - Pentavalent 2,"Source-defined; generally additive counts unless the field represents a status, stock or subgroup heading","Do not collapse zero, blank, not applicable and non-reporting. Current HMIS 2.0 behavior requires custodian confirmation.","Aggregate only mutually exclusive reporting rows after facility, format and service-context deduplication",Never sum Total with its in-facility/outreach components,Use report period after it is confirmed; do not combine incompatible schema versions,Use HMIS Facility Code as source key and retain NIN/HFR as separate crosswalk identifiers,Operational use pending row-value and custodian validation
HMIS-RPTCOL-STATE-0197,HMIS-DE-0058,9.1.5,Child immunisation - Pentavalent 3,"Source-defined; generally additive counts unless the field represents a status, stock or subgroup heading","Do not collapse zero, blank, not applicable and non-reporting. Current HMIS 2.0 behavior requires custodian confirmation.","Aggregate only mutually exclusive reporting rows after facility, format and service-context deduplication",Never sum Total with its in-facility/outreach components,Use report period after it is confirmed; do not combine incompatible schema versions,Use HMIS Facility Code as source key and retain NIN/HFR as separate crosswalk identifiers,Operational use pending row-value and custodian validation
HMIS-RPTCOL-STATE-0198,HMIS-DE-0047,9.1.6,Child immunisation - OPV 0 (Birth Dose),"Source-defined; generally additive counts unless the field represents a status, stock or subgroup heading","Do not collapse zero, blank, not applicable and non-reporting. Current HMIS 2.0 behavior requires custodian confirmation.","Aggregate only mutually exclusive reporting rows after facility, format and service-context deduplication",Never sum Total with its in-facility/outreach components,Use report period after it is confirmed; do not combine incompatible schema versions,Use HMIS Facility Code as source key and retain NIN/HFR as separate crosswalk identifiers,Operational use pending row-value and custodian validation
HMIS-RPTCOL-STATE-0199,HMIS-DE-0050,9.1.7,Child immunisation - OPV1,"Source-defined; generally additive counts unless the field represents a status, stock or subgroup heading","Do not collapse zero, blank, not applicable and non-reporting. Current HMIS 2.0 behavior requires custodian confirmation.","Aggregate only mutually exclusive reporting rows after facility, format and service-context deduplication",Never sum Total with its in-facility/outreach components,Use report period after it is confirmed; do not combine incompatible schema versions,Use HMIS Facility Code as source key and retain NIN/HFR as separate crosswalk identifiers,Operational use pending row-value and custodian validation
HMIS-RPTCOL-STATE-0200,HMIS-DE-0051,9.1.8,Child immunisation - OPV2,"Source-defined; generally additive counts unless the field represents a status, stock or subgroup heading","Do not collapse zero, blank, not applicable and non-reporting. Current HMIS 2.0 behavior requires custodian confirmation.","Aggregate only mutually exclusive reporting rows after facility, format and service-context deduplication",Never sum Total with its in-facility/outreach components,Use report period after it is confirmed; do not combine incompatible schema versions,Use HMIS Facility Code as source key and retain NIN/HFR as separate crosswalk identifiers,Operational use pending row-value and custodian validation
HMIS-RPTCOL-STATE-0201,HMIS-DE-0052,9.1.9,Child immunisation - OPV3,"Source-defined; generally additive counts unless the field represents a status, stock or subgroup heading","Do not collapse zero, blank, not applicable and non-reporting. Current HMIS 2.0 behavior requires custodian confirmation.","Aggregate only mutually exclusive reporting rows after facility, format and service-context deduplication",Never sum Total with its in-facility/outreach components,Use report period after it is confirmed; do not combine incompatible schema versions,Use HMIS Facility Code as source key and retain NIN/HFR as separate crosswalk identifiers,Operational use pending row-value and custodian validation
HMIS-RPTCOL-STATE-0202,HMIS-DE-0042,9.1.10,Child immunisation - Hepatitis-B0 (Birth Dose),"Source-defined; generally additive counts unless the field represents a status, stock or subgroup heading","Do not collapse zero, blank, not applicable and non-reporting. Current HMIS 2.0 behavior requires custodian confirmation.","Aggregate only mutually exclusive reporting rows after facility, format and service-context deduplication",Never sum Total with its in-facility/outreach components,Use report period after it is confirmed; do not combine incompatible schema versions,Use HMIS Facility Code as source key and retain NIN/HFR as separate crosswalk identifiers,Operational use pending row-value and custodian validation
HMIS-RPTCOL-STATE-0203,HMIS-DE-0043,9.1.11,Child immunisation - Inactivated Injectable Polio Vaccine 1 (IPV 1),"Source-defined; generally additive counts unless the field represents a status, stock or subgroup heading","Do not collapse zero, blank, not applicable and non-reporting. Current HMIS 2.0 behavior requires custodian confirmation.","Aggregate only mutually exclusive reporting rows after facility, format and service-context deduplication",Never sum Total with its in-facility/outreach components,Use report period after it is confirmed; do not combine incompatible schema versions,Use HMIS Facility Code as source key and retain NIN/HFR as separate crosswalk identifiers,Operational use pending row-value and custodian validation
HMIS-RPTCOL-STATE-0204,HMIS-DE-0044,9.1.12,Child immunisation - Inactivated Injectable Polio Vaccine 2 (IPV 2),"Source-defined; generally additive counts unless the field represents a status, stock or subgroup heading","Do not collapse zero, blank, not applicable and non-reporting. Current HMIS 2.0 behavior requires custodian confirmation.","Aggregate only mutually exclusive reporting rows after facility, format and service-context deduplication",Never sum Total with its in-facility/outreach components,Use report period after it is confirmed; do not combine incompatible schema versions,Use HMIS Facility Code as source key and retain NIN/HFR as separate crosswalk identifiers,Operational use pending row-value and custodian validation
HMIS-RPTCOL-STATE-0205,HMIS-DE-0059,9.1.13,Child immunisation - Rotavirus 1,"Source-defined; generally additive counts unless the field represents a status, stock or subgroup heading","Do not collapse zero, blank, not applicable and non-reporting. Current HMIS 2.0 behavior requires custodian confirmation.","Aggregate only mutually exclusive reporting rows after facility, format and service-context deduplication",Never sum Total with its in-facility/outreach components,Use report period after it is confirmed; do not combine incompatible schema versions,Use HMIS Facility Code as source key and retain NIN/HFR as separate crosswalk identifiers,Operational use pending row-value and custodian validation
HMIS-RPTCOL-STATE-0206,HMIS-DE-0060,9.1.14,Child immunisation - Rotavirus 2,"Source-defined; generally additive counts unless the field represents a status, stock or subgroup heading","Do not collapse zero, blank, not applicable and non-reporting. Current HMIS 2.0 behavior requires custodian confirmation.","Aggregate only mutually exclusive reporting rows after facility, format and service-context deduplication",Never sum Total with its in-facility/outreach components,Use report period after it is confirmed; do not combine incompatible schema versions,Use HMIS Facility Code as source key and retain NIN/HFR as separate crosswalk identifiers,Operational use pending row-value and custodian validation
HMIS-RPTCOL-STATE-0207,HMIS-DE-0061,9.1.15,Child immunisation - Rotavirus 3,"Source-defined; generally additive counts unless the field represents a status, stock or subgroup heading","Do not collapse zero, blank, not applicable and non-reporting. Current HMIS 2.0 behavior requires custodian confirmation.","Aggregate only mutually exclusive reporting rows after facility, format and service-context deduplication",Never sum Total with its in-facility/outreach components,Use report period after it is confirmed; do not combine incompatible schema versions,Use HMIS Facility Code as source key and retain NIN/HFR as separate crosswalk identifiers,Operational use pending row-value and custodian validation
HMIS-RPTCOL-STATE-0208,HMIS-DE-0054,9.1.16,Child immunisation - PCV1,"Source-defined; generally additive counts unless the field represents a status, stock or subgroup heading","Do not collapse zero, blank, not applicable and non-reporting. Current HMIS 2.0 behavior requires custodian confirmation.","Aggregate only mutually exclusive reporting rows after facility, format and service-context deduplication",Never sum Total with its in-facility/outreach components,Use report period after it is confirmed; do not combine incompatible schema versions,Use HMIS Facility Code as source key and retain NIN/HFR as separate crosswalk identifiers,Operational use pending row-value and custodian validation
HMIS-RPTCOL-STATE-0209,HMIS-DE-0055,9.1.17,Child immunisation - PCV2,"Source-defined; generally additive counts unless the field represents a status, stock or subgroup heading","Do not collapse zero, blank, not applicable and non-reporting. Current HMIS 2.0 behavior requires custodian confirmation.","Aggregate only mutually exclusive reporting rows after facility, format and service-context deduplication",Never sum Total with its in-facility/outreach components,Use report period after it is confirmed; do not combine incompatible schema versions,Use HMIS Facility Code as source key and retain NIN/HFR as separate crosswalk identifiers,Operational use pending row-value and custodian validation
HMIS-RPTCOL-STATE-0210,HMIS-DE-0066,9.2.1,Child immunisation(9 - 11 months) - Inactivated Injectable Polio Vaccine 3 (IPV 3),"Source-defined; generally additive counts unless the field represents a status, stock or subgroup heading","Do not collapse zero, blank, not applicable and non-reporting. Current HMIS 2.0 behavior requires custodian confirmation.","Aggregate only mutually exclusive reporting rows after facility, format and service-context deduplication",Never sum Total with its in-facility/outreach components,Use report period after it is confirmed; do not combine incompatible schema versions,Use HMIS Facility Code as source key and retain NIN/HFR as separate crosswalk identifiers,Operational use pending row-value and custodian validation
HMIS-RPTCOL-STATE-0211,HMIS-DE-0034,9.2.2,Child immunisation (9-11months) - Measles & Rubella (MR)/Measles containing vaccine(MCV) - 1st Dose,"Source-defined; generally additive counts unless the field represents a status, stock or subgroup heading","Do not collapse zero, blank, not applicable and non-reporting. Current HMIS 2.0 behavior requires custodian confirmation.","Aggregate only mutually exclusive reporting rows after facility, format and service-context deduplication",Never sum Total with its in-facility/outreach components,Use report period after it is confirmed; do not combine incompatible schema versions,Use HMIS Facility Code as source key and retain NIN/HFR as separate crosswalk identifiers,Operational use pending row-value and custodian validation
HMIS-RPTCOL-STATE-0212,HMIS-DE-0033,9.2.3,Child immunisation (9-11months) - JE 1st dose,"Source-defined; generally additive counts unless the field represents a status, stock or subgroup heading","Do not collapse zero, blank, not applicable and non-reporting. Current HMIS 2.0 behavior requires custodian confirmation.","Aggregate only mutually exclusive reporting rows after facility, format and service-context deduplication",Never sum Total with its in-facility/outreach components,Use report period after it is confirmed; do not combine incompatible schema versions,Use HMIS Facility Code as source key and retain NIN/HFR as separate crosswalk identifiers,Operational use pending row-value and custodian validation
HMIS-RPTCOL-STATE-0213,HMIS-DE-0053,9.2.4,Child immunisation - PCV Booster,"Source-defined; generally additive counts unless the field represents a status, stock or subgroup heading","Do not collapse zero, blank, not applicable and non-reporting. Current HMIS 2.0 behavior requires custodian confirmation.","Aggregate only mutually exclusive reporting rows after facility, format and service-context deduplication",Never sum Total with its in-facility/outreach components,Use report period after it is confirmed; do not combine incompatible schema versions,Use HMIS Facility Code as source key and retain NIN/HFR as separate crosswalk identifiers,Operational use pending row-value and custodian validation
HMIS-RPTCOL-STATE-0214,HMIS-DE-0136,9.2.5.a,FULLY IMMUNIZED children aged between 9 and <12 months- Male,"Source-defined; generally additive counts unless the field represents a status, stock or subgroup heading","Do not collapse zero, blank, not applicable and non-reporting. Current HMIS 2.0 behavior requires custodian confirmation.","Aggregate only mutually exclusive reporting rows after facility, format and service-context deduplication",Never sum Total with its in-facility/outreach components,Use report period after it is confirmed; do not combine incompatible schema versions,Use HMIS Facility Code as source key and retain NIN/HFR as separate crosswalk identifiers,Operational use pending row-value and custodian validation
HMIS-RPTCOL-STATE-0215,HMIS-DE-0135,9.2.5.b,FULLY IMMUNIZED children aged between 9 and <12 months- Female,"Source-defined; generally additive counts unless the field represents a status, stock or subgroup heading","Do not collapse zero, blank, not applicable and non-reporting. Current HMIS 2.0 behavior requires custodian confirmation.","Aggregate only mutually exclusive reporting rows after facility, format and service-context deduplication",Never sum Total with its in-facility/outreach components,Use report period after it is confirmed; do not combine incompatible schema versions,Use HMIS Facility Code as source key and retain NIN/HFR as separate crosswalk identifiers,Operational use pending row-value and custodian validation
HMIS-RPTCOL-STATE-0216,HMIS-DE-0067,9.3.1,Child immunisation(after 12 months-delayed vaccination) - Measles & Rubella (MR)/Measles containing vaccine(MCV)- 1st Dose,"Source-defined; generally additive counts unless the field represents a status, stock or subgroup heading","Do not collapse zero, blank, not applicable and non-reporting. Current HMIS 2.0 behavior requires custodian confirmation.","Aggregate only mutually exclusive reporting rows after facility, format and service-context deduplication",Never sum Total with its in-facility/outreach components,Use report period after it is confirmed; do not combine incompatible schema versions,Use HMIS Facility Code as source key and retain NIN/HFR as separate crosswalk identifiers,Operational use pending row-value and custodian validation
HMIS-RPTCOL-STATE-0217,HMIS-DE-0035,9.3.2,Child immunisation (after 12 months-delayed vaccination) - JE 1st dose,"Source-defined; generally additive counts unless the field represents a status, stock or subgroup heading","Do not collapse zero, blank, not applicable and non-reporting. Current HMIS 2.0 behavior requires custodian confirmation.","Aggregate only mutually exclusive reporting rows after facility, format and service-context deduplication",Never sum Total with its in-facility/outreach components,Use report period after it is confirmed; do not combine incompatible schema versions,Use HMIS Facility Code as source key and retain NIN/HFR as separate crosswalk identifiers,Operational use pending row-value and custodian validation
HMIS-RPTCOL-STATE-0218,HMIS-DE-0037,9.3.3,Child immunisation - DPT 1 after 12 months of age (delayed vaccination),"Source-defined; generally additive counts unless the field represents a status, stock or subgroup heading","Do not collapse zero, blank, not applicable and non-reporting. Current HMIS 2.0 behavior requires custodian confirmation.","Aggregate only mutually exclusive reporting rows after facility, format and service-context deduplication",Never sum Total with its in-facility/outreach components,Use report period after it is confirmed; do not combine incompatible schema versions,Use HMIS Facility Code as source key and retain NIN/HFR as separate crosswalk identifiers,Operational use pending row-value and custodian validation
HMIS-RPTCOL-STATE-0219,HMIS-DE-0039,9.3.4,Child immunisation - DPT 2 after 12 months of age (delayed vaccination),"Source-defined; generally additive counts unless the field represents a status, stock or subgroup heading","Do not collapse zero, blank, not applicable and non-reporting. Current HMIS 2.0 behavior requires custodian confirmation.","Aggregate only mutually exclusive reporting rows after facility, format and service-context deduplication",Never sum Total with its in-facility/outreach components,Use report period after it is confirmed; do not combine incompatible schema versions,Use HMIS Facility Code as source key and retain NIN/HFR as separate crosswalk identifiers,Operational use pending row-value and custodian validation
HMIS-RPTCOL-STATE-0220,HMIS-DE-0040,9.3.5,Child immunisation - DPT 3 after 12 months of age (delayed vaccination),"Source-defined; generally additive counts unless the field represents a status, stock or subgroup heading","Do not collapse zero, blank, not applicable and non-reporting. Current HMIS 2.0 behavior requires custodian confirmation.","Aggregate only mutually exclusive reporting rows after facility, format and service-context deduplication",Never sum Total with its in-facility/outreach components,Use report period after it is confirmed; do not combine incompatible schema versions,Use HMIS Facility Code as source key and retain NIN/HFR as separate crosswalk identifiers,Operational use pending row-value and custodian validation
HMIS-RPTCOL-STATE-0221,HMIS-DE-0041,9.3.6,Child immunisation - DPT Booster after 24 months of age (delayed vaccination),"Source-defined; generally additive counts unless the field represents a status, stock or subgroup heading","Do not collapse zero, blank, not applicable and non-reporting. Current HMIS 2.0 behavior requires custodian confirmation.","Aggregate only mutually exclusive reporting rows after facility, format and service-context deduplication",Never sum Total with its in-facility/outreach components,Use report period after it is confirmed; do not combine incompatible schema versions,Use HMIS Facility Code as source key and retain NIN/HFR as separate crosswalk identifiers,Operational use pending row-value and custodian validation
HMIS-RPTCOL-STATE-0222,HMIS-DE-0049,9.3.7,Child immunisation - OPV Booster after 24 months of age (delayed vaccination),"Source-defined; generally additive counts unless the field represents a status, stock or subgroup heading","Do not collapse zero, blank, not applicable and non-reporting. Current HMIS 2.0 behavior requires custodian confirmation.","Aggregate only mutually exclusive reporting rows after facility, format and service-context deduplication",Never sum Total with its in-facility/outreach components,Use report period after it is confirmed; do not combine incompatible schema versions,Use HMIS Facility Code as source key and retain NIN/HFR as separate crosswalk identifiers,Operational use pending row-value and custodian validation
HMIS-RPTCOL-STATE-0223,HMIS-DE-0045,9.3.8,Child immunisation - JE Booster after 24 months of age (delayed vaccination),"Source-defined; generally additive counts unless the field represents a status, stock or subgroup heading","Do not collapse zero, blank, not applicable and non-reporting. Current HMIS 2.0 behavior requires custodian confirmation.","Aggregate only mutually exclusive reporting rows after facility, format and service-context deduplication",Never sum Total with its in-facility/outreach components,Use report period after it is confirmed; do not combine incompatible schema versions,Use HMIS Facility Code as source key and retain NIN/HFR as separate crosswalk identifiers,Operational use pending row-value and custodian validation
HMIS-RPTCOL-STATE-0224,HMIS-DE-0046,9.4.1,Child immunisation - Measles & Rubella (MR)/ Measles containing vaccine(MCV)- 2nd Dose (16-24 months),"Source-defined; generally additive counts unless the field represents a status, stock or subgroup heading","Do not collapse zero, blank, not applicable and non-reporting. Current HMIS 2.0 behavior requires custodian confirmation.","Aggregate only mutually exclusive reporting rows after facility, format and service-context deduplication",Never sum Total with its in-facility/outreach components,Use report period after it is confirmed; do not combine incompatible schema versions,Use HMIS Facility Code as source key and retain NIN/HFR as separate crosswalk identifiers,Operational use pending row-value and custodian validation
HMIS-RPTCOL-STATE-0225,HMIS-DE-0038,9.4.2,Child immunisation - DPT 1st Booster,"Source-defined; generally additive counts unless the field represents a status, stock or subgroup heading","Do not collapse zero, blank, not applicable and non-reporting. Current HMIS 2.0 behavior requires custodian confirmation.","Aggregate only mutually exclusive reporting rows after facility, format and service-context deduplication",Never sum Total with its in-facility/outreach components,Use report period after it is confirmed; do not combine incompatible schema versions,Use HMIS Facility Code as source key and retain NIN/HFR as separate crosswalk identifiers,Operational use pending row-value and custodian validation
HMIS-RPTCOL-STATE-0226,HMIS-DE-0048,9.4.3,Child immunisation - OPV Booster,"Source-defined; generally additive counts unless the field represents a status, stock or subgroup heading","Do not collapse zero, blank, not applicable and non-reporting. Current HMIS 2.0 behavior requires custodian confirmation.","Aggregate only mutually exclusive reporting rows after facility, format and service-context deduplication",Never sum Total with its in-facility/outreach components,Use report period after it is confirmed; do not combine incompatible schema versions,Use HMIS Facility Code as source key and retain NIN/HFR as separate crosswalk identifiers,Operational use pending row-value and custodian validation
HMIS-RPTCOL-STATE-0227,HMIS-DE-0321,9.4.4,Number of children more than 16 months of age who received Japanese Encephalitis (JE) vaccine- 2nd dose (16-24 months),"Source-defined; generally additive counts unless the field represents a status, stock or subgroup heading","Do not collapse zero, blank, not applicable and non-reporting. Current HMIS 2.0 behavior requires custodian confirmation.","Aggregate only mutually exclusive reporting rows after facility, format and service-context deduplication",Never sum Total with its in-facility/outreach components,Use report period after it is confirmed; do not combine incompatible schema versions,Use HMIS Facility Code as source key and retain NIN/HFR as separate crosswalk identifiers,Operational use pending row-value and custodian validation
HMIS-RPTCOL-STATE-0228,HMIS-DE-0068,9.5.1,Child Immunization- Typhoid,"Source-defined; generally additive counts unless the field represents a status, stock or subgroup heading","Do not collapse zero, blank, not applicable and non-reporting. Current HMIS 2.0 behavior requires custodian confirmation.","Aggregate only mutually exclusive reporting rows after facility, format and service-context deduplication",Never sum Total with its in-facility/outreach components,Use report period after it is confirmed; do not combine incompatible schema versions,Use HMIS Facility Code as source key and retain NIN/HFR as separate crosswalk identifiers,Operational use pending row-value and custodian validation
HMIS-RPTCOL-STATE-0229,HMIS-DE-0091,9.5.2,Children more than 5 years received DPT5 (2nd Booster),"Source-defined; generally additive counts unless the field represents a status, stock or subgroup heading","Do not collapse zero, blank, not applicable and non-reporting. Current HMIS 2.0 behavior requires custodian confirmation.","Aggregate only mutually exclusive reporting rows after facility, format and service-context deduplication",Never sum Total with its in-facility/outreach components,Use report period after it is confirmed; do not combine incompatible schema versions,Use HMIS Facility Code as source key and retain NIN/HFR as separate crosswalk identifiers,Operational use pending row-value and custodian validation
HMIS-RPTCOL-STATE-0230,HMIS-DE-0089,9.5.3,Children more than 10 years received Td10 (Tetanus Diptheria10),"Source-defined; generally additive counts unless the field represents a status, stock or subgroup heading","Do not collapse zero, blank, not applicable and non-reporting. Current HMIS 2.0 behavior requires custodian confirmation.","Aggregate only mutually exclusive reporting rows after facility, format and service-context deduplication",Never sum Total with its in-facility/outreach components,Use report period after it is confirmed; do not combine incompatible schema versions,Use HMIS Facility Code as source key and retain NIN/HFR as separate crosswalk identifiers,Operational use pending row-value and custodian validation
HMIS-RPTCOL-STATE-0231,HMIS-DE-0090,9.5.4,Children more than 16 years received Td16 (Tetanus Diptheria16),"Source-defined; generally additive counts unless the field represents a status, stock or subgroup heading","Do not collapse zero, blank, not applicable and non-reporting. Current HMIS 2.0 behavior requires custodian confirmation.","Aggregate only mutually exclusive reporting rows after facility, format and service-context deduplication",Never sum Total with its in-facility/outreach components,Use report period after it is confirmed; do not combine incompatible schema versions,Use HMIS Facility Code as source key and retain NIN/HFR as separate crosswalk identifiers,Operational use pending row-value and custodian validation
HMIS-RPTCOL-STATE-0232,HMIS-DE-0298,9.6.1,"Number of cases of AEFI -Minor (eg.- fever, rash, pain etc)","Source-defined; generally additive counts unless the field represents a status, stock or subgroup heading","Do not collapse zero, blank, not applicable and non-reporting. Current HMIS 2.0 behavior requires custodian confirmation.","Aggregate only mutually exclusive reporting rows after facility, format and service-context deduplication",Never sum Total with its in-facility/outreach components,Use report period after it is confirmed; do not combine incompatible schema versions,Use HMIS Facility Code as source key and retain NIN/HFR as separate crosswalk identifiers,Operational use pending row-value and custodian validation
HMIS-RPTCOL-STATE-0233,HMIS-DE-0297,9.6.2,"Number of cases of AEFI - Severe (eg.- anaphylaxis, fever>102 degrees, not requiring hospitalization etc.)","Source-defined; generally additive counts unless the field represents a status, stock or subgroup heading","Do not collapse zero, blank, not applicable and non-reporting. Current HMIS 2.0 behavior requires custodian confirmation.","Aggregate only mutually exclusive reporting rows after facility, format and service-context deduplication",Never sum Total with its in-facility/outreach components,Use report period after it is confirmed; do not combine incompatible schema versions,Use HMIS Facility Code as source key and retain NIN/HFR as separate crosswalk identifiers,Operational use pending row-value and custodian validation
HMIS-RPTCOL-STATE-0234,HMIS-DE-0296,9.6.3,"Number of cases of AEFI - Serious (eg.- hospitalization, death, disability , cluster etc.)","Source-defined; generally additive counts unless the field represents a status, stock or subgroup heading","Do not collapse zero, blank, not applicable and non-reporting. Current HMIS 2.0 behavior requires custodian confirmation.","Aggregate only mutually exclusive reporting rows after facility, format and service-context deduplication",Never sum Total with its in-facility/outreach components,Use report period after it is confirmed; do not combine incompatible schema versions,Use HMIS Facility Code as source key and retain NIN/HFR as separate crosswalk identifiers,Operational use pending row-value and custodian validation
HMIS-RPTCOL-STATE-0235,HMIS-DE-0546,9.6.3.a,"Out of Number of cases of AEFI - Serious , total number of AEFI deaths","Source-defined; generally additive counts unless the field represents a status, stock or subgroup heading","Do not collapse zero, blank, not applicable and non-reporting. Current HMIS 2.0 behavior requires custodian confirmation.","Aggregate only mutually exclusive reporting rows after facility, format and service-context deduplication",Never sum Total with its in-facility/outreach components,Use report period after it is confirmed; do not combine incompatible schema versions,Use HMIS Facility Code as source key and retain NIN/HFR as separate crosswalk identifiers,Operational use pending row-value and custodian validation
HMIS-RPTCOL-STATE-0236,HMIS-DE-0150,9.7.1,Immunisation sessions planned,"Source-defined; generally additive counts unless the field represents a status, stock or subgroup heading","Do not collapse zero, blank, not applicable and non-reporting. Current HMIS 2.0 behavior requires custodian confirmation.","Aggregate only mutually exclusive reporting rows after facility, format and service-context deduplication",Never sum Total with its in-facility/outreach components,Use report period after it is confirmed; do not combine incompatible schema versions,Use HMIS Facility Code as source key and retain NIN/HFR as separate crosswalk identifiers,Operational use pending row-value and custodian validation
HMIS-RPTCOL-STATE-0237,HMIS-DE-0149,9.7.2,Immunisation sessions held,"Source-defined; generally additive counts unless the field represents a status, stock or subgroup heading","Do not collapse zero, blank, not applicable and non-reporting. Current HMIS 2.0 behavior requires custodian confirmation.","Aggregate only mutually exclusive reporting rows after facility, format and service-context deduplication",Never sum Total with its in-facility/outreach components,Use report period after it is confirmed; do not combine incompatible schema versions,Use HMIS Facility Code as source key and retain NIN/HFR as separate crosswalk identifiers,Operational use pending row-value and custodian validation
HMIS-RPTCOL-STATE-0238,HMIS-DE-0062,9.8.1,Child immunisation - Vitamin A Dose - 1,"Source-defined; generally additive counts unless the field represents a status, stock or subgroup heading","Do not collapse zero, blank, not applicable and non-reporting. Current HMIS 2.0 behavior requires custodian confirmation.","Aggregate only mutually exclusive reporting rows after facility, format and service-context deduplication",Never sum Total with its in-facility/outreach components,Use report period after it is confirmed; do not combine incompatible schema versions,Use HMIS Facility Code as source key and retain NIN/HFR as separate crosswalk identifiers,Operational use pending row-value and custodian validation
HMIS-RPTCOL-STATE-0239,HMIS-DE-0063,9.8.2,Child immunisation - Vitamin A Dose - 5,"Source-defined; generally additive counts unless the field represents a status, stock or subgroup heading","Do not collapse zero, blank, not applicable and non-reporting. Current HMIS 2.0 behavior requires custodian confirmation.","Aggregate only mutually exclusive reporting rows after facility, format and service-context deduplication",Never sum Total with its in-facility/outreach components,Use report period after it is confirmed; do not combine incompatible schema versions,Use HMIS Facility Code as source key and retain NIN/HFR as separate crosswalk identifiers,Operational use pending row-value and custodian validation
HMIS-RPTCOL-STATE-0240,HMIS-DE-0064,9.8.3,Child immunisation - Vitamin A Dose - 9,"Source-defined; generally additive counts unless the field represents a status, stock or subgroup heading","Do not collapse zero, blank, not applicable and non-reporting. Current HMIS 2.0 behavior requires custodian confirmation.","Aggregate only mutually exclusive reporting rows after facility, format and service-context deduplication",Never sum Total with its in-facility/outreach components,Use report period after it is confirmed; do not combine incompatible schema versions,Use HMIS Facility Code as source key and retain NIN/HFR as separate crosswalk identifiers,Operational use pending row-value and custodian validation
HMIS-RPTCOL-STATE-0241,HMIS-DE-0078,10.1.1,Childhood Diseases - Pneumonia,"Source-defined; generally additive counts unless the field represents a status, stock or subgroup heading","Do not collapse zero, blank, not applicable and non-reporting. Current HMIS 2.0 behavior requires custodian confirmation.","Aggregate only mutually exclusive reporting rows after facility, format and service-context deduplication",Never sum Total with its in-facility/outreach components,Use report period after it is confirmed; do not combine incompatible schema versions,Use HMIS Facility Code as source key and retain NIN/HFR as separate crosswalk identifiers,Operational use pending row-value and custodian validation
HMIS-RPTCOL-STATE-0242,HMIS-DE-0070,10.1.2,Childhood Diseases - Asthma,"Source-defined; generally additive counts unless the field represents a status, stock or subgroup heading","Do not collapse zero, blank, not applicable and non-reporting. Current HMIS 2.0 behavior requires custodian confirmation.","Aggregate only mutually exclusive reporting rows after facility, format and service-context deduplication",Never sum Total with its in-facility/outreach components,Use report period after it is confirmed; do not combine incompatible schema versions,Use HMIS Facility Code as source key and retain NIN/HFR as separate crosswalk identifiers,Operational use pending row-value and custodian validation
HMIS-RPTCOL-STATE-0243,HMIS-DE-0079,10.1.3,Childhood Diseases - Sepsis,"Source-defined; generally additive counts unless the field represents a status, stock or subgroup heading","Do not collapse zero, blank, not applicable and non-reporting. Current HMIS 2.0 behavior requires custodian confirmation.","Aggregate only mutually exclusive reporting rows after facility, format and service-context deduplication",Never sum Total with its in-facility/outreach components,Use report period after it is confirmed; do not combine incompatible schema versions,Use HMIS Facility Code as source key and retain NIN/HFR as separate crosswalk identifiers,Operational use pending row-value and custodian validation
HMIS-RPTCOL-STATE-0244,HMIS-DE-0074,10.1.4,Childhood Diseases - Diphtheria,"Source-defined; generally additive counts unless the field represents a status, stock or subgroup heading","Do not collapse zero, blank, not applicable and non-reporting. Current HMIS 2.0 behavior requires custodian confirmation.","Aggregate only mutually exclusive reporting rows after facility, format and service-context deduplication",Never sum Total with its in-facility/outreach components,Use report period after it is confirmed; do not combine incompatible schema versions,Use HMIS Facility Code as source key and retain NIN/HFR as separate crosswalk identifiers,Operational use pending row-value and custodian validation
HMIS-RPTCOL-STATE-0245,HMIS-DE-0077,10.1.5,Childhood Diseases - Pertussis,"Source-defined; generally additive counts unless the field represents a status, stock or subgroup heading","Do not collapse zero, blank, not applicable and non-reporting. Current HMIS 2.0 behavior requires custodian confirmation.","Aggregate only mutually exclusive reporting rows after facility, format and service-context deduplication",Never sum Total with its in-facility/outreach components,Use report period after it is confirmed; do not combine incompatible schema versions,Use HMIS Facility Code as source key and retain NIN/HFR as separate crosswalk identifiers,Operational use pending row-value and custodian validation
HMIS-RPTCOL-STATE-0246,HMIS-DE-0080,10.1.6,Childhood Diseases - Tetanus Neonatorum,"Source-defined; generally additive counts unless the field represents a status, stock or subgroup heading","Do not collapse zero, blank, not applicable and non-reporting. Current HMIS 2.0 behavior requires custodian confirmation.","Aggregate only mutually exclusive reporting rows after facility, format and service-context deduplication",Never sum Total with its in-facility/outreach components,Use report period after it is confirmed; do not combine incompatible schema versions,Use HMIS Facility Code as source key and retain NIN/HFR as separate crosswalk identifiers,Operational use pending row-value and custodian validation
HMIS-RPTCOL-STATE-0247,HMIS-DE-0081,10.1.7,Childhood Diseases - Tuberculosis (TB),"Source-defined; generally additive counts unless the field represents a status, stock or subgroup heading","Do not collapse zero, blank, not applicable and non-reporting. Current HMIS 2.0 behavior requires custodian confirmation.","Aggregate only mutually exclusive reporting rows after facility, format and service-context deduplication",Never sum Total with its in-facility/outreach components,Use report period after it is confirmed; do not combine incompatible schema versions,Use HMIS Facility Code as source key and retain NIN/HFR as separate crosswalk identifiers,Operational use pending row-value and custodian validation
HMIS-RPTCOL-STATE-0248,HMIS-DE-0069,10.1.8,Childhood Diseases - Acute Flaccid Paralysis(AFP),"Source-defined; generally additive counts unless the field represents a status, stock or subgroup heading","Do not collapse zero, blank, not applicable and non-reporting. Current HMIS 2.0 behavior requires custodian confirmation.","Aggregate only mutually exclusive reporting rows after facility, format and service-context deduplication",Never sum Total with its in-facility/outreach components,Use report period after it is confirmed; do not combine incompatible schema versions,Use HMIS Facility Code as source key and retain NIN/HFR as separate crosswalk identifiers,Operational use pending row-value and custodian validation
HMIS-RPTCOL-STATE-0249,HMIS-DE-0076,10.1.9,Childhood Diseases - Measles,"Source-defined; generally additive counts unless the field represents a status, stock or subgroup heading","Do not collapse zero, blank, not applicable and non-reporting. Current HMIS 2.0 behavior requires custodian confirmation.","Aggregate only mutually exclusive reporting rows after facility, format and service-context deduplication",Never sum Total with its in-facility/outreach components,Use report period after it is confirmed; do not combine incompatible schema versions,Use HMIS Facility Code as source key and retain NIN/HFR as separate crosswalk identifiers,Operational use pending row-value and custodian validation
HMIS-RPTCOL-STATE-0250,HMIS-DE-0075,10.1.10,Childhood Diseases - Malaria,"Source-defined; generally additive counts unless the field represents a status, stock or subgroup heading","Do not collapse zero, blank, not applicable and non-reporting. Current HMIS 2.0 behavior requires custodian confirmation.","Aggregate only mutually exclusive reporting rows after facility, format and service-context deduplication",Never sum Total with its in-facility/outreach components,Use report period after it is confirmed; do not combine incompatible schema versions,Use HMIS Facility Code as source key and retain NIN/HFR as separate crosswalk identifiers,Operational use pending row-value and custodian validation
HMIS-RPTCOL-STATE-0251,HMIS-DE-0071,10.1.11,Childhood Diseases - Diarrhoea,"Source-defined; generally additive counts unless the field represents a status, stock or subgroup heading","Do not collapse zero, blank, not applicable and non-reporting. Current HMIS 2.0 behavior requires custodian confirmation.","Aggregate only mutually exclusive reporting rows after facility, format and service-context deduplication",Never sum Total with its in-facility/outreach components,Use report period after it is confirmed; do not combine incompatible schema versions,Use HMIS Facility Code as source key and retain NIN/HFR as separate crosswalk identifiers,Operational use pending row-value and custodian validation
HMIS-RPTCOL-STATE-0252,HMIS-DE-0072,10.1.12,Childhood Diseases - Diarrhoea treated with ORS,"Source-defined; generally additive counts unless the field represents a status, stock or subgroup heading","Do not collapse zero, blank, not applicable and non-reporting. Current HMIS 2.0 behavior requires custodian confirmation.","Aggregate only mutually exclusive reporting rows after facility, format and service-context deduplication",Never sum Total with its in-facility/outreach components,Use report period after it is confirmed; do not combine incompatible schema versions,Use HMIS Facility Code as source key and retain NIN/HFR as separate crosswalk identifiers,Operational use pending row-value and custodian validation
HMIS-RPTCOL-STATE-0253,HMIS-DE-0073,10.1.13,Childhood Diseases - Diarrhoea treated with Zinc for 14 days,"Source-defined; generally additive counts unless the field represents a status, stock or subgroup heading","Do not collapse zero, blank, not applicable and non-reporting. Current HMIS 2.0 behavior requires custodian confirmation.","Aggregate only mutually exclusive reporting rows after facility, format and service-context deduplication",Never sum Total with its in-facility/outreach components,Use report period after it is confirmed; do not combine incompatible schema versions,Use HMIS Facility Code as source key and retain NIN/HFR as separate crosswalk identifiers,Operational use pending row-value and custodian validation
HMIS-RPTCOL-STATE-0254,HMIS-DE-0082,10.1.14,Childhood Diseases -Leprosy Cases,"Source-defined; generally additive counts unless the field represents a status, stock or subgroup heading","Do not collapse zero, blank, not applicable and non-reporting. Current HMIS 2.0 behavior requires custodian confirmation.","Aggregate only mutually exclusive reporting rows after facility, format and service-context deduplication",Never sum Total with its in-facility/outreach components,Use report period after it is confirmed; do not combine incompatible schema versions,Use HMIS Facility Code as source key and retain NIN/HFR as separate crosswalk identifiers,Operational use pending row-value and custodian validation
HMIS-RPTCOL-STATE-0255,HMIS-DE-0083,10.1.15,Childhood Diseases- Leprosy with Grade II disability,"Source-defined; generally additive counts unless the field represents a status, stock or subgroup heading","Do not collapse zero, blank, not applicable and non-reporting. Current HMIS 2.0 behavior requires custodian confirmation.","Aggregate only mutually exclusive reporting rows after facility, format and service-context deduplication",Never sum Total with its in-facility/outreach components,Use report period after it is confirmed; do not combine incompatible schema versions,Use HMIS Facility Code as source key and retain NIN/HFR as separate crosswalk identifiers,Operational use pending row-value and custodian validation
HMIS-RPTCOL-STATE-0256,HMIS-DE-0087,10.2.1,Children admitted with Respiratory Infections,"Source-defined; generally additive counts unless the field represents a status, stock or subgroup heading","Do not collapse zero, blank, not applicable and non-reporting. Current HMIS 2.0 behavior requires custodian confirmation.","Aggregate only mutually exclusive reporting rows after facility, format and service-context deduplication",Never sum Total with its in-facility/outreach components,Use report period after it is confirmed; do not combine incompatible schema versions,Use HMIS Facility Code as source key and retain NIN/HFR as separate crosswalk identifiers,Operational use pending row-value and custodian validation
HMIS-RPTCOL-STATE-0257,HMIS-DE-0086,10.2.2,Children admitted with Pneumonia,"Source-defined; generally additive counts unless the field represents a status, stock or subgroup heading","Do not collapse zero, blank, not applicable and non-reporting. Current HMIS 2.0 behavior requires custodian confirmation.","Aggregate only mutually exclusive reporting rows after facility, format and service-context deduplication",Never sum Total with its in-facility/outreach components,Use report period after it is confirmed; do not combine incompatible schema versions,Use HMIS Facility Code as source key and retain NIN/HFR as separate crosswalk identifiers,Operational use pending row-value and custodian validation
HMIS-RPTCOL-STATE-0258,HMIS-DE-0085,10.2.3,Children admitted with Diarrhoea,"Source-defined; generally additive counts unless the field represents a status, stock or subgroup heading","Do not collapse zero, blank, not applicable and non-reporting. Current HMIS 2.0 behavior requires custodian confirmation.","Aggregate only mutually exclusive reporting rows after facility, format and service-context deduplication",Never sum Total with its in-facility/outreach components,Use report period after it is confirmed; do not combine incompatible schema versions,Use HMIS Facility Code as source key and retain NIN/HFR as separate crosswalk identifiers,Operational use pending row-value and custodian validation
HMIS-RPTCOL-STATE-0259,HMIS-DE-0625,11.1.1.a,Total Blood Smears Examined for Malaria,"Source-defined; generally additive counts unless the field represents a status, stock or subgroup heading","Do not collapse zero, blank, not applicable and non-reporting. Current HMIS 2.0 behavior requires custodian confirmation.","Aggregate only mutually exclusive reporting rows after facility, format and service-context deduplication",Never sum Total with its in-facility/outreach components,Use report period after it is confirmed; do not combine incompatible schema versions,Use HMIS Facility Code as source key and retain NIN/HFR as separate crosswalk identifiers,Operational use pending row-value and custodian validation
HMIS-RPTCOL-STATE-0260,HMIS-DE-0224,11.1.1.b,Malaria (Microscopy Tests ) - Plasmodium Vivax test positive,"Source-defined; generally additive counts unless the field represents a status, stock or subgroup heading","Do not collapse zero, blank, not applicable and non-reporting. Current HMIS 2.0 behavior requires custodian confirmation.","Aggregate only mutually exclusive reporting rows after facility, format and service-context deduplication",Never sum Total with its in-facility/outreach components,Use report period after it is confirmed; do not combine incompatible schema versions,Use HMIS Facility Code as source key and retain NIN/HFR as separate crosswalk identifiers,Operational use pending row-value and custodian validation
HMIS-RPTCOL-STATE-0261,HMIS-DE-0223,11.1.1.c,Malaria (Microscopy Tests ) - Plasmodium Falciparum test positive,"Source-defined; generally additive counts unless the field represents a status, stock or subgroup heading","Do not collapse zero, blank, not applicable and non-reporting. Current HMIS 2.0 behavior requires custodian confirmation.","Aggregate only mutually exclusive reporting rows after facility, format and service-context deduplication",Never sum Total with its in-facility/outreach components,Use report period after it is confirmed; do not combine incompatible schema versions,Use HMIS Facility Code as source key and retain NIN/HFR as separate crosswalk identifiers,Operational use pending row-value and custodian validation
HMIS-RPTCOL-STATE-0262,HMIS-DE-0222,11.1.1.d,Malaria (Microscopy Tests ) - Mixed test positive,"Source-defined; generally additive counts unless the field represents a status, stock or subgroup heading","Do not collapse zero, blank, not applicable and non-reporting. Current HMIS 2.0 behavior requires custodian confirmation.","Aggregate only mutually exclusive reporting rows after facility, format and service-context deduplication",Never sum Total with its in-facility/outreach components,Use report period after it is confirmed; do not combine incompatible schema versions,Use HMIS Facility Code as source key and retain NIN/HFR as separate crosswalk identifiers,Operational use pending row-value and custodian validation
HMIS-RPTCOL-STATE-0263,HMIS-DE-0612,11.1.2.a,RDT conducted for Malaria,"Source-defined; generally additive counts unless the field represents a status, stock or subgroup heading","Do not collapse zero, blank, not applicable and non-reporting. Current HMIS 2.0 behavior requires custodian confirmation.","Aggregate only mutually exclusive reporting rows after facility, format and service-context deduplication",Never sum Total with its in-facility/outreach components,Use report period after it is confirmed; do not combine incompatible schema versions,Use HMIS Facility Code as source key and retain NIN/HFR as separate crosswalk identifiers,Operational use pending row-value and custodian validation
HMIS-RPTCOL-STATE-0264,HMIS-DE-0227,11.1.2.b,Malaria (RDT) - Plasmodium Vivax test positive,"Source-defined; generally additive counts unless the field represents a status, stock or subgroup heading","Do not collapse zero, blank, not applicable and non-reporting. Current HMIS 2.0 behavior requires custodian confirmation.","Aggregate only mutually exclusive reporting rows after facility, format and service-context deduplication",Never sum Total with its in-facility/outreach components,Use report period after it is confirmed; do not combine incompatible schema versions,Use HMIS Facility Code as source key and retain NIN/HFR as separate crosswalk identifiers,Operational use pending row-value and custodian validation
HMIS-RPTCOL-STATE-0265,HMIS-DE-0226,11.1.2.c,Malaria (RDT) - Plasmodium Falciparum test positive,"Source-defined; generally additive counts unless the field represents a status, stock or subgroup heading","Do not collapse zero, blank, not applicable and non-reporting. Current HMIS 2.0 behavior requires custodian confirmation.","Aggregate only mutually exclusive reporting rows after facility, format and service-context deduplication",Never sum Total with its in-facility/outreach components,Use report period after it is confirmed; do not combine incompatible schema versions,Use HMIS Facility Code as source key and retain NIN/HFR as separate crosswalk identifiers,Operational use pending row-value and custodian validation
HMIS-RPTCOL-STATE-0266,HMIS-DE-0225,11.1.2.d,Malaria (RDT) - Mixed test positive,"Source-defined; generally additive counts unless the field represents a status, stock or subgroup heading","Do not collapse zero, blank, not applicable and non-reporting. Current HMIS 2.0 behavior requires custodian confirmation.","Aggregate only mutually exclusive reporting rows after facility, format and service-context deduplication",Never sum Total with its in-facility/outreach components,Use report period after it is confirmed; do not combine incompatible schema versions,Use HMIS Facility Code as source key and retain NIN/HFR as separate crosswalk identifiers,Operational use pending row-value and custodian validation
HMIS-RPTCOL-STATE-0267,HMIS-DE-0212,11.2.1,Kala Azar (RDT) - Tests Conducted,"Source-defined; generally additive counts unless the field represents a status, stock or subgroup heading","Do not collapse zero, blank, not applicable and non-reporting. Current HMIS 2.0 behavior requires custodian confirmation.","Aggregate only mutually exclusive reporting rows after facility, format and service-context deduplication",Never sum Total with its in-facility/outreach components,Use report period after it is confirmed; do not combine incompatible schema versions,Use HMIS Facility Code as source key and retain NIN/HFR as separate crosswalk identifiers,Operational use pending row-value and custodian validation
HMIS-RPTCOL-STATE-0268,HMIS-DE-0213,11.2.2,Kala Azar Positive Cases,"Source-defined; generally additive counts unless the field represents a status, stock or subgroup heading","Do not collapse zero, blank, not applicable and non-reporting. Current HMIS 2.0 behavior requires custodian confirmation.","Aggregate only mutually exclusive reporting rows after facility, format and service-context deduplication",Never sum Total with its in-facility/outreach components,Use report period after it is confirmed; do not combine incompatible schema versions,Use HMIS Facility Code as source key and retain NIN/HFR as separate crosswalk identifiers,Operational use pending row-value and custodian validation
HMIS-RPTCOL-STATE-0269,HMIS-DE-0106,11.3.1,Dengue - Enzyme- Linked Immuno Sorbent Assay (ELISA) test conducted,"Source-defined; generally additive counts unless the field represents a status, stock or subgroup heading","Do not collapse zero, blank, not applicable and non-reporting. Current HMIS 2.0 behavior requires custodian confirmation.","Aggregate only mutually exclusive reporting rows after facility, format and service-context deduplication",Never sum Total with its in-facility/outreach components,Use report period after it is confirmed; do not combine incompatible schema versions,Use HMIS Facility Code as source key and retain NIN/HFR as separate crosswalk identifiers,Operational use pending row-value and custodian validation
HMIS-RPTCOL-STATE-0270,HMIS-DE-0107,11.3.2,Dengue - Enzyme- Linked Immuno Sorbent Assay (ELISA) test found positive,"Source-defined; generally additive counts unless the field represents a status, stock or subgroup heading","Do not collapse zero, blank, not applicable and non-reporting. Current HMIS 2.0 behavior requires custodian confirmation.","Aggregate only mutually exclusive reporting rows after facility, format and service-context deduplication",Never sum Total with its in-facility/outreach components,Use report period after it is confirmed; do not combine incompatible schema versions,Use HMIS Facility Code as source key and retain NIN/HFR as separate crosswalk identifiers,Operational use pending row-value and custodian validation
HMIS-RPTCOL-STATE-0271,HMIS-DE-0030,11.3.3,Chikungunya Enzyme- Linked Immuno Sorbent Assay (ELISA) test conducted,"Source-defined; generally additive counts unless the field represents a status, stock or subgroup heading","Do not collapse zero, blank, not applicable and non-reporting. Current HMIS 2.0 behavior requires custodian confirmation.","Aggregate only mutually exclusive reporting rows after facility, format and service-context deduplication",Never sum Total with its in-facility/outreach components,Use report period after it is confirmed; do not combine incompatible schema versions,Use HMIS Facility Code as source key and retain NIN/HFR as separate crosswalk identifiers,Operational use pending row-value and custodian validation
HMIS-RPTCOL-STATE-0272,HMIS-DE-0031,11.3.4,Chikungunya Enzyme- Linked Immuno Sorbent Assay (ELISA) test found positive,"Source-defined; generally additive counts unless the field represents a status, stock or subgroup heading","Do not collapse zero, blank, not applicable and non-reporting. Current HMIS 2.0 behavior requires custodian confirmation.","Aggregate only mutually exclusive reporting rows after facility, format and service-context deduplication",Never sum Total with its in-facility/outreach components,Use report period after it is confirmed; do not combine incompatible schema versions,Use HMIS Facility Code as source key and retain NIN/HFR as separate crosswalk identifiers,Operational use pending row-value and custodian validation
HMIS-RPTCOL-STATE-0273,HMIS-DE-0252,11.4.1,No. of AES cases tested for JE(IgM ELISA),"Source-defined; generally additive counts unless the field represents a status, stock or subgroup heading","Do not collapse zero, blank, not applicable and non-reporting. Current HMIS 2.0 behavior requires custodian confirmation.","Aggregate only mutually exclusive reporting rows after facility, format and service-context deduplication",Never sum Total with its in-facility/outreach components,Use report period after it is confirmed; do not combine incompatible schema versions,Use HMIS Facility Code as source key and retain NIN/HFR as separate crosswalk identifiers,Operational use pending row-value and custodian validation
HMIS-RPTCOL-STATE-0274,HMIS-DE-0260,11.4.2,No. of JE positive cases,"Source-defined; generally additive counts unless the field represents a status, stock or subgroup heading","Do not collapse zero, blank, not applicable and non-reporting. Current HMIS 2.0 behavior requires custodian confirmation.","Aggregate only mutually exclusive reporting rows after facility, format and service-context deduplication",Never sum Total with its in-facility/outreach components,Use report period after it is confirmed; do not combine incompatible schema versions,Use HMIS Facility Code as source key and retain NIN/HFR as separate crosswalk identifiers,Operational use pending row-value and custodian validation
HMIS-RPTCOL-STATE-0275,HMIS-DE-0449,11.5.1,Number of persons that consumed MDA(Mass Drug Administration) drugs during the MDA round,"Source-defined; generally additive counts unless the field represents a status, stock or subgroup heading","Do not collapse zero, blank, not applicable and non-reporting. Current HMIS 2.0 behavior requires custodian confirmation.","Aggregate only mutually exclusive reporting rows after facility, format and service-context deduplication",Never sum Total with its in-facility/outreach components,Use report period after it is confirmed; do not combine incompatible schema versions,Use HMIS Facility Code as source key and retain NIN/HFR as separate crosswalk identifiers,Operational use pending row-value and custodian validation
HMIS-RPTCOL-STATE-0276,HMIS-DE-0400,11.5.2,Number of Lymphatic Filarisis lymphoedema patients received MMDP (Morbidity Management And Disability Prevention) kits,"Source-defined; generally additive counts unless the field represents a status, stock or subgroup heading","Do not collapse zero, blank, not applicable and non-reporting. Current HMIS 2.0 behavior requires custodian confirmation.","Aggregate only mutually exclusive reporting rows after facility, format and service-context deduplication",Never sum Total with its in-facility/outreach components,Use report period after it is confirmed; do not combine incompatible schema versions,Use HMIS Facility Code as source key and retain NIN/HFR as separate crosswalk identifiers,Operational use pending row-value and custodian validation
HMIS-RPTCOL-STATE-0277,HMIS-DE-0372,11.5.3,Number of Hydrocele surgeries conducted in Lymphatic Filariasis (MMDP),"Source-defined; generally additive counts unless the field represents a status, stock or subgroup heading","Do not collapse zero, blank, not applicable and non-reporting. Current HMIS 2.0 behavior requires custodian confirmation.","Aggregate only mutually exclusive reporting rows after facility, format and service-context deduplication",Never sum Total with its in-facility/outreach components,Use report period after it is confirmed; do not combine incompatible schema versions,Use HMIS Facility Code as source key and retain NIN/HFR as separate crosswalk identifiers,Operational use pending row-value and custodian validation
HMIS-RPTCOL-STATE-0278,HMIS-DE-0139,12.1.1.a,Girls registered in AFHC,"Source-defined; generally additive counts unless the field represents a status, stock or subgroup heading","Do not collapse zero, blank, not applicable and non-reporting. Current HMIS 2.0 behavior requires custodian confirmation.","Aggregate only mutually exclusive reporting rows after facility, format and service-context deduplication",Never sum Total with its in-facility/outreach components,Use report period after it is confirmed; do not combine incompatible schema versions,Use HMIS Facility Code as source key and retain NIN/HFR as separate crosswalk identifiers,Operational use pending row-value and custodian validation
HMIS-RPTCOL-STATE-0279,HMIS-DE-0028,12.1.1.b,Boys registered in AFHC,"Source-defined; generally additive counts unless the field represents a status, stock or subgroup heading","Do not collapse zero, blank, not applicable and non-reporting. Current HMIS 2.0 behavior requires custodian confirmation.","Aggregate only mutually exclusive reporting rows after facility, format and service-context deduplication",Never sum Total with its in-facility/outreach components,Use report period after it is confirmed; do not combine incompatible schema versions,Use HMIS Facility Code as source key and retain NIN/HFR as separate crosswalk identifiers,Operational use pending row-value and custodian validation
HMIS-RPTCOL-STATE-0280,HMIS-DE-0543,12.1.2.a,"Out of Girls registered, Girls received clinical services","Source-defined; generally additive counts unless the field represents a status, stock or subgroup heading","Do not collapse zero, blank, not applicable and non-reporting. Current HMIS 2.0 behavior requires custodian confirmation.","Aggregate only mutually exclusive reporting rows after facility, format and service-context deduplication",Never sum Total with its in-facility/outreach components,Use report period after it is confirmed; do not combine incompatible schema versions,Use HMIS Facility Code as source key and retain NIN/HFR as separate crosswalk identifiers,Operational use pending row-value and custodian validation
HMIS-RPTCOL-STATE-0281,HMIS-DE-0541,12.1.2.b,"Out of Boys registered, Boys received clinical services","Source-defined; generally additive counts unless the field represents a status, stock or subgroup heading","Do not collapse zero, blank, not applicable and non-reporting. Current HMIS 2.0 behavior requires custodian confirmation.","Aggregate only mutually exclusive reporting rows after facility, format and service-context deduplication",Never sum Total with its in-facility/outreach components,Use report period after it is confirmed; do not combine incompatible schema versions,Use HMIS Facility Code as source key and retain NIN/HFR as separate crosswalk identifiers,Operational use pending row-value and custodian validation
HMIS-RPTCOL-STATE-0282,HMIS-DE-0544,12.1.3.a,"Out of Girls registered, Girls received counselling","Source-defined; generally additive counts unless the field represents a status, stock or subgroup heading","Do not collapse zero, blank, not applicable and non-reporting. Current HMIS 2.0 behavior requires custodian confirmation.","Aggregate only mutually exclusive reporting rows after facility, format and service-context deduplication",Never sum Total with its in-facility/outreach components,Use report period after it is confirmed; do not combine incompatible schema versions,Use HMIS Facility Code as source key and retain NIN/HFR as separate crosswalk identifiers,Operational use pending row-value and custodian validation
HMIS-RPTCOL-STATE-0283,HMIS-DE-0542,12.1.3.b,"Out of Boys registered, Boys received counselling","Source-defined; generally additive counts unless the field represents a status, stock or subgroup heading","Do not collapse zero, blank, not applicable and non-reporting. Current HMIS 2.0 behavior requires custodian confirmation.","Aggregate only mutually exclusive reporting rows after facility, format and service-context deduplication",Never sum Total with its in-facility/outreach components,Use report period after it is confirmed; do not combine incompatible schema versions,Use HMIS Facility Code as source key and retain NIN/HFR as separate crosswalk identifiers,Operational use pending row-value and custodian validation
HMIS-RPTCOL-STATE-0284,HMIS-DE-0278,12.3.1,Number of adolescent girls provided sanitary napkin packs by ASHA,"Source-defined; generally additive counts unless the field represents a status, stock or subgroup heading","Do not collapse zero, blank, not applicable and non-reporting. Current HMIS 2.0 behavior requires custodian confirmation.","Aggregate only mutually exclusive reporting rows after facility, format and service-context deduplication",Never sum Total with its in-facility/outreach components,Use report period after it is confirmed; do not combine incompatible schema versions,Use HMIS Facility Code as source key and retain NIN/HFR as separate crosswalk identifiers,Operational use pending row-value and custodian validation
HMIS-RPTCOL-STATE-0285,HMIS-DE-0508,12.3.2,Number of sanitary napkin packs distributed free to ASHA (for her personal use),"Source-defined; generally additive counts unless the field represents a status, stock or subgroup heading","Do not collapse zero, blank, not applicable and non-reporting. Current HMIS 2.0 behavior requires custodian confirmation.","Aggregate only mutually exclusive reporting rows after facility, format and service-context deduplication",Never sum Total with its in-facility/outreach components,Use report period after it is confirmed; do not combine incompatible schema versions,Use HMIS Facility Code as source key and retain NIN/HFR as separate crosswalk identifiers,Operational use pending row-value and custodian validation
HMIS-RPTCOL-STATE-0286,HMIS-DE-0277,12.3.3,Number of adolescent girls attended monthly meeting,"Source-defined; generally additive counts unless the field represents a status, stock or subgroup heading","Do not collapse zero, blank, not applicable and non-reporting. Current HMIS 2.0 behavior requires custodian confirmation.","Aggregate only mutually exclusive reporting rows after facility, format and service-context deduplication",Never sum Total with its in-facility/outreach components,Use report period after it is confirmed; do not combine incompatible schema versions,Use HMIS Facility Code as source key and retain NIN/HFR as separate crosswalk identifiers,Operational use pending row-value and custodian validation
HMIS-RPTCOL-STATE-0287,HMIS-DE-0279,12.3.4,Number of adolescent girls provided sanitary napkin packs by State/UT supported Menstrual Hygiene Scheme (MHS),"Source-defined; generally additive counts unless the field represents a status, stock or subgroup heading","Do not collapse zero, blank, not applicable and non-reporting. Current HMIS 2.0 behavior requires custodian confirmation.","Aggregate only mutually exclusive reporting rows after facility, format and service-context deduplication",Never sum Total with its in-facility/outreach components,Use report period after it is confirmed; do not combine incompatible schema versions,Use HMIS Facility Code as source key and retain NIN/HFR as separate crosswalk identifiers,Operational use pending row-value and custodian validation
HMIS-RPTCOL-STATE-0288,HMIS-DE-0447,12.4.1,Number of Peer Educators selected,"Source-defined; generally additive counts unless the field represents a status, stock or subgroup heading","Do not collapse zero, blank, not applicable and non-reporting. Current HMIS 2.0 behavior requires custodian confirmation.","Aggregate only mutually exclusive reporting rows after facility, format and service-context deduplication",Never sum Total with its in-facility/outreach components,Use report period after it is confirmed; do not combine incompatible schema versions,Use HMIS Facility Code as source key and retain NIN/HFR as separate crosswalk identifiers,Operational use pending row-value and custodian validation
HMIS-RPTCOL-STATE-0289,HMIS-DE-0572,12.4.2,"Out of the selected Peer Educators, numbers trained","Source-defined; generally additive counts unless the field represents a status, stock or subgroup heading","Do not collapse zero, blank, not applicable and non-reporting. Current HMIS 2.0 behavior requires custodian confirmation.","Aggregate only mutually exclusive reporting rows after facility, format and service-context deduplication",Never sum Total with its in-facility/outreach components,Use report period after it is confirmed; do not combine incompatible schema versions,Use HMIS Facility Code as source key and retain NIN/HFR as separate crosswalk identifiers,Operational use pending row-value and custodian validation
HMIS-RPTCOL-STATE-0290,HMIS-DE-0280,12.4.3,Number of Adolescent Health & Wellness Days organized,"Source-defined; generally additive counts unless the field represents a status, stock or subgroup heading","Do not collapse zero, blank, not applicable and non-reporting. Current HMIS 2.0 behavior requires custodian confirmation.","Aggregate only mutually exclusive reporting rows after facility, format and service-context deduplication",Never sum Total with its in-facility/outreach components,Use report period after it is confirmed; do not combine incompatible schema versions,Use HMIS Facility Code as source key and retain NIN/HFR as separate crosswalk identifiers,Operational use pending row-value and custodian validation
HMIS-RPTCOL-STATE-0291,HMIS-DE-0276,12.4.4,Number of Adolescent Friendly Club Meetings organized,"Source-defined; generally additive counts unless the field represents a status, stock or subgroup heading","Do not collapse zero, blank, not applicable and non-reporting. Current HMIS 2.0 behavior requires custodian confirmation.","Aggregate only mutually exclusive reporting rows after facility, format and service-context deduplication",Never sum Total with its in-facility/outreach components,Use report period after it is confirmed; do not combine incompatible schema versions,Use HMIS Facility Code as source key and retain NIN/HFR as separate crosswalk identifiers,Operational use pending row-value and custodian validation
HMIS-RPTCOL-STATE-0292,HMIS-DE-0291,13.1,Number of beneficiaries who are registered at the ICTC centre.,"Source-defined; generally additive counts unless the field represents a status, stock or subgroup heading","Do not collapse zero, blank, not applicable and non-reporting. Current HMIS 2.0 behavior requires custodian confirmation.","Aggregate only mutually exclusive reporting rows after facility, format and service-context deduplication",Never sum Total with its in-facility/outreach components,Use report period after it is confirmed; do not combine incompatible schema versions,Use HMIS Facility Code as source key and retain NIN/HFR as separate crosswalk identifiers,Operational use pending row-value and custodian validation
HMIS-RPTCOL-STATE-0293,HMIS-DE-0533,13.2,"Of the number registered at ICTC centre, the number of presumptive TB cases identified and referred for TB testing and diagnosis","Source-defined; generally additive counts unless the field represents a status, stock or subgroup heading","Do not collapse zero, blank, not applicable and non-reporting. Current HMIS 2.0 behavior requires custodian confirmation.","Aggregate only mutually exclusive reporting rows after facility, format and service-context deduplication",Never sum Total with its in-facility/outreach components,Use report period after it is confirmed; do not combine incompatible schema versions,Use HMIS Facility Code as source key and retain NIN/HFR as separate crosswalk identifiers,Operational use pending row-value and custodian validation
HMIS-RPTCOL-STATE-0294,HMIS-DE-0292,13.3,Number of beneficiaries who are registered at the NCD clinic.,"Source-defined; generally additive counts unless the field represents a status, stock or subgroup heading","Do not collapse zero, blank, not applicable and non-reporting. Current HMIS 2.0 behavior requires custodian confirmation.","Aggregate only mutually exclusive reporting rows after facility, format and service-context deduplication",Never sum Total with its in-facility/outreach components,Use report period after it is confirmed; do not combine incompatible schema versions,Use HMIS Facility Code as source key and retain NIN/HFR as separate crosswalk identifiers,Operational use pending row-value and custodian validation
HMIS-RPTCOL-STATE-0295,HMIS-DE-0622,13.4,The number registered at the NCD clinic includes the number of presumptive TB cases identified and referred for TB testing and diagnosis,"Source-defined; generally additive counts unless the field represents a status, stock or subgroup heading","Do not collapse zero, blank, not applicable and non-reporting. Current HMIS 2.0 behavior requires custodian confirmation.","Aggregate only mutually exclusive reporting rows after facility, format and service-context deduplication",Never sum Total with its in-facility/outreach components,Use report period after it is confirmed; do not combine incompatible schema versions,Use HMIS Facility Code as source key and retain NIN/HFR as separate crosswalk identifiers,Operational use pending row-value and custodian validation
HMIS-RPTCOL-STATE-0296,HMIS-DE-0670,14.1.1.a,Total number of geriatric/elderly patients (age>=60 yrs) Registered,"Source-defined; generally additive counts unless the field represents a status, stock or subgroup heading","Do not collapse zero, blank, not applicable and non-reporting. Current HMIS 2.0 behavior requires custodian confirmation.","Aggregate only mutually exclusive reporting rows after facility, format and service-context deduplication",Never sum Total with its in-facility/outreach components,Use report period after it is confirmed; do not combine incompatible schema versions,Use HMIS Facility Code as source key and retain NIN/HFR as separate crosswalk identifiers,Operational use pending row-value and custodian validation
HMIS-RPTCOL-STATE-0297,HMIS-DE-0137,14.1.1.b,Geriatric (age>=60 yrs) patients footfall,"Source-defined; generally additive counts unless the field represents a status, stock or subgroup heading","Do not collapse zero, blank, not applicable and non-reporting. Current HMIS 2.0 behavior requires custodian confirmation.","Aggregate only mutually exclusive reporting rows after facility, format and service-context deduplication",Never sum Total with its in-facility/outreach components,Use report period after it is confirmed; do not combine incompatible schema versions,Use HMIS Facility Code as source key and retain NIN/HFR as separate crosswalk identifiers,Operational use pending row-value and custodian validation
HMIS-RPTCOL-STATE-0298,HMIS-DE-0362,14.1.1.c,Number of geriatric/elderly persons who underwent Comprehensive Geriatric Assessment by CHO,"Source-defined; generally additive counts unless the field represents a status, stock or subgroup heading","Do not collapse zero, blank, not applicable and non-reporting. Current HMIS 2.0 behavior requires custodian confirmation.","Aggregate only mutually exclusive reporting rows after facility, format and service-context deduplication",Never sum Total with its in-facility/outreach components,Use report period after it is confirmed; do not combine incompatible schema versions,Use HMIS Facility Code as source key and retain NIN/HFR as separate crosswalk identifiers,Operational use pending row-value and custodian validation
HMIS-RPTCOL-STATE-0299,HMIS-DE-0361,14.1.1.d,Number of geriatric/elderly persons managed for any elderly conditions,"Source-defined; generally additive counts unless the field represents a status, stock or subgroup heading","Do not collapse zero, blank, not applicable and non-reporting. Current HMIS 2.0 behavior requires custodian confirmation.","Aggregate only mutually exclusive reporting rows after facility, format and service-context deduplication",Never sum Total with its in-facility/outreach components,Use report period after it is confirmed; do not combine incompatible schema versions,Use HMIS Facility Code as source key and retain NIN/HFR as separate crosswalk identifiers,Operational use pending row-value and custodian validation
HMIS-RPTCOL-STATE-0300,HMIS-DE-0360,14.1.1.e,Number of geriatric/elderly persons followed-up for any elderly conditions,"Source-defined; generally additive counts unless the field represents a status, stock or subgroup heading","Do not collapse zero, blank, not applicable and non-reporting. Current HMIS 2.0 behavior requires custodian confirmation.","Aggregate only mutually exclusive reporting rows after facility, format and service-context deduplication",Never sum Total with its in-facility/outreach components,Use report period after it is confirmed; do not combine incompatible schema versions,Use HMIS Facility Code as source key and retain NIN/HFR as separate crosswalk identifiers,Operational use pending row-value and custodian validation
HMIS-RPTCOL-STATE-0301,HMIS-DE-0359,14.1.1.f,Number of geriatric/elderly patients (age>=60 yrs) provided physiotherapy services,"Source-defined; generally additive counts unless the field represents a status, stock or subgroup heading","Do not collapse zero, blank, not applicable and non-reporting. Current HMIS 2.0 behavior requires custodian confirmation.","Aggregate only mutually exclusive reporting rows after facility, format and service-context deduplication",Never sum Total with its in-facility/outreach components,Use report period after it is confirmed; do not combine incompatible schema versions,Use HMIS Facility Code as source key and retain NIN/HFR as separate crosswalk identifiers,Operational use pending row-value and custodian validation
HMIS-RPTCOL-STATE-0302,HMIS-DE-0368,14.1.1.g,Number of home bound (bed bound & restricted mobility) elderly and single elderly visited by ASHA & ANM/MPW-M during the month,"Source-defined; generally additive counts unless the field represents a status, stock or subgroup heading","Do not collapse zero, blank, not applicable and non-reporting. Current HMIS 2.0 behavior requires custodian confirmation.","Aggregate only mutually exclusive reporting rows after facility, format and service-context deduplication",Never sum Total with its in-facility/outreach components,Use report period after it is confirmed; do not combine incompatible schema versions,Use HMIS Facility Code as source key and retain NIN/HFR as separate crosswalk identifiers,Operational use pending row-value and custodian validation
HMIS-RPTCOL-STATE-0303,HMIS-DE-0353,14.1.1.h,Number of elderly support groups-‘Sanjeevini’ created during the month,"Source-defined; generally additive counts unless the field represents a status, stock or subgroup heading","Do not collapse zero, blank, not applicable and non-reporting. Current HMIS 2.0 behavior requires custodian confirmation.","Aggregate only mutually exclusive reporting rows after facility, format and service-context deduplication",Never sum Total with its in-facility/outreach components,Use report period after it is confirmed; do not combine incompatible schema versions,Use HMIS Facility Code as source key and retain NIN/HFR as separate crosswalk identifiers,Operational use pending row-value and custodian validation
HMIS-RPTCOL-STATE-0304,HMIS-DE-0524,14.1.1.i,Number of weekly geriatric clinics organized during the month,"Source-defined; generally additive counts unless the field represents a status, stock or subgroup heading","Do not collapse zero, blank, not applicable and non-reporting. Current HMIS 2.0 behavior requires custodian confirmation.","Aggregate only mutually exclusive reporting rows after facility, format and service-context deduplication",Never sum Total with its in-facility/outreach components,Use report period after it is confirmed; do not combine incompatible schema versions,Use HMIS Facility Code as source key and retain NIN/HFR as separate crosswalk identifiers,Operational use pending row-value and custodian validation
HMIS-RPTCOL-STATE-0305,HMIS-DE-0357,14.1.1.j,Number of fixed day rehabilitation services provided during the month,"Source-defined; generally additive counts unless the field represents a status, stock or subgroup heading","Do not collapse zero, blank, not applicable and non-reporting. Current HMIS 2.0 behavior requires custodian confirmation.","Aggregate only mutually exclusive reporting rows after facility, format and service-context deduplication",Never sum Total with its in-facility/outreach components,Use report period after it is confirmed; do not combine incompatible schema versions,Use HMIS Facility Code as source key and retain NIN/HFR as separate crosswalk identifiers,Operational use pending row-value and custodian validation
HMIS-RPTCOL-STATE-0306,HMIS-DE-0446,14.1.2.a,Number of patients provided physiotherapy services,"Source-defined; generally additive counts unless the field represents a status, stock or subgroup heading","Do not collapse zero, blank, not applicable and non-reporting. Current HMIS 2.0 behavior requires custodian confirmation.","Aggregate only mutually exclusive reporting rows after facility, format and service-context deduplication",Never sum Total with its in-facility/outreach components,Use report period after it is confirmed; do not combine incompatible schema versions,Use HMIS Facility Code as source key and retain NIN/HFR as separate crosswalk identifiers,Operational use pending row-value and custodian validation
HMIS-RPTCOL-STATE-0307,HMIS-DE-0445,14.1.2.b,Number of Palliative Patients visited at home,"Source-defined; generally additive counts unless the field represents a status, stock or subgroup heading","Do not collapse zero, blank, not applicable and non-reporting. Current HMIS 2.0 behavior requires custodian confirmation.","Aggregate only mutually exclusive reporting rows after facility, format and service-context deduplication",Never sum Total with its in-facility/outreach components,Use report period after it is confirmed; do not combine incompatible schema versions,Use HMIS Facility Code as source key and retain NIN/HFR as separate crosswalk identifiers,Operational use pending row-value and custodian validation
HMIS-RPTCOL-STATE-0308,HMIS-DE-0523,14.1.2.c,Number of visits for home care/ end of life care provided by AAM-PHC team,"Source-defined; generally additive counts unless the field represents a status, stock or subgroup heading","Do not collapse zero, blank, not applicable and non-reporting. Current HMIS 2.0 behavior requires custodian confirmation.","Aggregate only mutually exclusive reporting rows after facility, format and service-context deduplication",Never sum Total with its in-facility/outreach components,Use report period after it is confirmed; do not combine incompatible schema versions,Use HMIS Facility Code as source key and retain NIN/HFR as separate crosswalk identifiers,Operational use pending row-value and custodian validation
HMIS-RPTCOL-STATE-0309,HMIS-DE-0525,14.1.2.d,Number of weekly palliative care OPD conducted at AAM-PHC,"Source-defined; generally additive counts unless the field represents a status, stock or subgroup heading","Do not collapse zero, blank, not applicable and non-reporting. Current HMIS 2.0 behavior requires custodian confirmation.","Aggregate only mutually exclusive reporting rows after facility, format and service-context deduplication",Never sum Total with its in-facility/outreach components,Use report period after it is confirmed; do not combine incompatible schema versions,Use HMIS Facility Code as source key and retain NIN/HFR as separate crosswalk identifiers,Operational use pending row-value and custodian validation
HMIS-RPTCOL-STATE-0310,HMIS-DE-0301,14.1.2.e,Number of cases reported for Self Harm,"Source-defined; generally additive counts unless the field represents a status, stock or subgroup heading","Do not collapse zero, blank, not applicable and non-reporting. Current HMIS 2.0 behavior requires custodian confirmation.","Aggregate only mutually exclusive reporting rows after facility, format and service-context deduplication",Never sum Total with its in-facility/outreach components,Use report period after it is confirmed; do not combine incompatible schema versions,Use HMIS Facility Code as source key and retain NIN/HFR as separate crosswalk identifiers,Operational use pending row-value and custodian validation
HMIS-RPTCOL-STATE-0311,HMIS-DE-0669,14.1.3.a,Total number of footfall in outreach camps/sessions,"Source-defined; generally additive counts unless the field represents a status, stock or subgroup heading","Do not collapse zero, blank, not applicable and non-reporting. Current HMIS 2.0 behavior requires custodian confirmation.","Aggregate only mutually exclusive reporting rows after facility, format and service-context deduplication",Never sum Total with its in-facility/outreach components,Use report period after it is confirmed; do not combine incompatible schema versions,Use HMIS Facility Code as source key and retain NIN/HFR as separate crosswalk identifiers,Operational use pending row-value and custodian validation
HMIS-RPTCOL-STATE-0312,HMIS-DE-0642,14.1.3.b,Total number cases examined in outreach camps for Mental illness,"Source-defined; generally additive counts unless the field represents a status, stock or subgroup heading","Do not collapse zero, blank, not applicable and non-reporting. Current HMIS 2.0 behavior requires custodian confirmation.","Aggregate only mutually exclusive reporting rows after facility, format and service-context deduplication",Never sum Total with its in-facility/outreach components,Use report period after it is confirmed; do not combine incompatible schema versions,Use HMIS Facility Code as source key and retain NIN/HFR as separate crosswalk identifiers,Operational use pending row-value and custodian validation
HMIS-RPTCOL-STATE-0313,HMIS-DE-0486,14.1.4,Number of psychoeducation sessions conducted at the Ayushman Arogya Mandir during the month,"Source-defined; generally additive counts unless the field represents a status, stock or subgroup heading","Do not collapse zero, blank, not applicable and non-reporting. Current HMIS 2.0 behavior requires custodian confirmation.","Aggregate only mutually exclusive reporting rows after facility, format and service-context deduplication",Never sum Total with its in-facility/outreach components,Use report period after it is confirmed; do not combine incompatible schema versions,Use HMIS Facility Code as source key and retain NIN/HFR as separate crosswalk identifiers,Operational use pending row-value and custodian validation
HMIS-RPTCOL-STATE-0314,HMIS-DE-0012,14.2.1,Allopathic- Outpatient attendance,"Source-defined; generally additive counts unless the field represents a status, stock or subgroup heading","Do not collapse zero, blank, not applicable and non-reporting. Current HMIS 2.0 behavior requires custodian confirmation.","Aggregate only mutually exclusive reporting rows after facility, format and service-context deduplication",Never sum Total with its in-facility/outreach components,Use report period after it is confirmed; do not combine incompatible schema versions,Use HMIS Facility Code as source key and retain NIN/HFR as separate crosswalk identifiers,Operational use pending row-value and custodian validation
HMIS-RPTCOL-STATE-0315,HMIS-DE-0539,14.2.1.a,"Out of above, number of specialist Allopathic OPD services provided","Source-defined; generally additive counts unless the field represents a status, stock or subgroup heading","Do not collapse zero, blank, not applicable and non-reporting. Current HMIS 2.0 behavior requires custodian confirmation.","Aggregate only mutually exclusive reporting rows after facility, format and service-context deduplication",Never sum Total with its in-facility/outreach components,Use report period after it is confirmed; do not combine incompatible schema versions,Use HMIS Facility Code as source key and retain NIN/HFR as separate crosswalk identifiers,Operational use pending row-value and custodian validation
HMIS-RPTCOL-STATE-0316,HMIS-DE-0022,14.2.2,Ayush - Outpatient attendance,"Source-defined; generally additive counts unless the field represents a status, stock or subgroup heading","Do not collapse zero, blank, not applicable and non-reporting. Current HMIS 2.0 behavior requires custodian confirmation.","Aggregate only mutually exclusive reporting rows after facility, format and service-context deduplication",Never sum Total with its in-facility/outreach components,Use report period after it is confirmed; do not combine incompatible schema versions,Use HMIS Facility Code as source key and retain NIN/HFR as separate crosswalk identifiers,Operational use pending row-value and custodian validation
HMIS-RPTCOL-STATE-0317,HMIS-DE-0540,14.2.2.b,"Out of above, number of specialist AYUSH OPD services provided","Source-defined; generally additive counts unless the field represents a status, stock or subgroup heading","Do not collapse zero, blank, not applicable and non-reporting. Current HMIS 2.0 behavior requires custodian confirmation.","Aggregate only mutually exclusive reporting rows after facility, format and service-context deduplication",Never sum Total with its in-facility/outreach components,Use report period after it is confirmed; do not combine incompatible schema versions,Use HMIS Facility Code as source key and retain NIN/HFR as separate crosswalk identifiers,Operational use pending row-value and custodian validation
HMIS-RPTCOL-STATE-0318,HMIS-DE-0192,14.3.1.a,IPD Admission Male- Children<18yrs,"Source-defined; generally additive counts unless the field represents a status, stock or subgroup heading","Do not collapse zero, blank, not applicable and non-reporting. Current HMIS 2.0 behavior requires custodian confirmation.","Aggregate only mutually exclusive reporting rows after facility, format and service-context deduplication",Never sum Total with its in-facility/outreach components,Use report period after it is confirmed; do not combine incompatible schema versions,Use HMIS Facility Code as source key and retain NIN/HFR as separate crosswalk identifiers,Operational use pending row-value and custodian validation
HMIS-RPTCOL-STATE-0319,HMIS-DE-0191,14.3.1.b,IPD Admission Male- Adults <60yrs,"Source-defined; generally additive counts unless the field represents a status, stock or subgroup heading","Do not collapse zero, blank, not applicable and non-reporting. Current HMIS 2.0 behavior requires custodian confirmation.","Aggregate only mutually exclusive reporting rows after facility, format and service-context deduplication",Never sum Total with its in-facility/outreach components,Use report period after it is confirmed; do not combine incompatible schema versions,Use HMIS Facility Code as source key and retain NIN/HFR as separate crosswalk identifiers,Operational use pending row-value and custodian validation
HMIS-RPTCOL-STATE-0320,HMIS-DE-0189,14.3.1.c,IPD Admission Female- Children<18yrs,"Source-defined; generally additive counts unless the field represents a status, stock or subgroup heading","Do not collapse zero, blank, not applicable and non-reporting. Current HMIS 2.0 behavior requires custodian confirmation.","Aggregate only mutually exclusive reporting rows after facility, format and service-context deduplication",Never sum Total with its in-facility/outreach components,Use report period after it is confirmed; do not combine incompatible schema versions,Use HMIS Facility Code as source key and retain NIN/HFR as separate crosswalk identifiers,Operational use pending row-value and custodian validation
HMIS-RPTCOL-STATE-0321,HMIS-DE-0188,14.3.1.d,IPD Admission Female- Adults<60yrs,"Source-defined; generally additive counts unless the field represents a status, stock or subgroup heading","Do not collapse zero, blank, not applicable and non-reporting. Current HMIS 2.0 behavior requires custodian confirmation.","Aggregate only mutually exclusive reporting rows after facility, format and service-context deduplication",Never sum Total with its in-facility/outreach components,Use report period after it is confirmed; do not combine incompatible schema versions,Use HMIS Facility Code as source key and retain NIN/HFR as separate crosswalk identifiers,Operational use pending row-value and custodian validation
HMIS-RPTCOL-STATE-0322,HMIS-DE-0190,14.3.1.e,IPD Admission Geriatric->=60yrs,"Source-defined; generally additive counts unless the field represents a status, stock or subgroup heading","Do not collapse zero, blank, not applicable and non-reporting. Current HMIS 2.0 behavior requires custodian confirmation.","Aggregate only mutually exclusive reporting rows after facility, format and service-context deduplication",Never sum Total with its in-facility/outreach components,Use report period after it is confirmed; do not combine incompatible schema versions,Use HMIS Facility Code as source key and retain NIN/HFR as separate crosswalk identifiers,Operational use pending row-value and custodian validation
HMIS-RPTCOL-STATE-0323,HMIS-DE-0204,14.3.2.a,IPD Discharge Male- Children<18yrs,"Source-defined; generally additive counts unless the field represents a status, stock or subgroup heading","Do not collapse zero, blank, not applicable and non-reporting. Current HMIS 2.0 behavior requires custodian confirmation.","Aggregate only mutually exclusive reporting rows after facility, format and service-context deduplication",Never sum Total with its in-facility/outreach components,Use report period after it is confirmed; do not combine incompatible schema versions,Use HMIS Facility Code as source key and retain NIN/HFR as separate crosswalk identifiers,Operational use pending row-value and custodian validation
HMIS-RPTCOL-STATE-0324,HMIS-DE-0203,14.3.2.b,IPD Discharge Male- Adults<60yrs,"Source-defined; generally additive counts unless the field represents a status, stock or subgroup heading","Do not collapse zero, blank, not applicable and non-reporting. Current HMIS 2.0 behavior requires custodian confirmation.","Aggregate only mutually exclusive reporting rows after facility, format and service-context deduplication",Never sum Total with its in-facility/outreach components,Use report period after it is confirmed; do not combine incompatible schema versions,Use HMIS Facility Code as source key and retain NIN/HFR as separate crosswalk identifiers,Operational use pending row-value and custodian validation
HMIS-RPTCOL-STATE-0325,HMIS-DE-0201,14.3.2.c,IPD Discharge Female- Children<18yrs,"Source-defined; generally additive counts unless the field represents a status, stock or subgroup heading","Do not collapse zero, blank, not applicable and non-reporting. Current HMIS 2.0 behavior requires custodian confirmation.","Aggregate only mutually exclusive reporting rows after facility, format and service-context deduplication",Never sum Total with its in-facility/outreach components,Use report period after it is confirmed; do not combine incompatible schema versions,Use HMIS Facility Code as source key and retain NIN/HFR as separate crosswalk identifiers,Operational use pending row-value and custodian validation
HMIS-RPTCOL-STATE-0326,HMIS-DE-0200,14.3.2.d,IPD Discharge Female- Adults<60yrs,"Source-defined; generally additive counts unless the field represents a status, stock or subgroup heading","Do not collapse zero, blank, not applicable and non-reporting. Current HMIS 2.0 behavior requires custodian confirmation.","Aggregate only mutually exclusive reporting rows after facility, format and service-context deduplication",Never sum Total with its in-facility/outreach components,Use report period after it is confirmed; do not combine incompatible schema versions,Use HMIS Facility Code as source key and retain NIN/HFR as separate crosswalk identifiers,Operational use pending row-value and custodian validation
HMIS-RPTCOL-STATE-0327,HMIS-DE-0202,14.3.2.e,IPD Discharge Geriatric->=60yrs,"Source-defined; generally additive counts unless the field represents a status, stock or subgroup heading","Do not collapse zero, blank, not applicable and non-reporting. Current HMIS 2.0 behavior requires custodian confirmation.","Aggregate only mutually exclusive reporting rows after facility, format and service-context deduplication",Never sum Total with its in-facility/outreach components,Use report period after it is confirmed; do not combine incompatible schema versions,Use HMIS Facility Code as source key and retain NIN/HFR as separate crosswalk identifiers,Operational use pending row-value and custodian validation
HMIS-RPTCOL-STATE-0328,HMIS-DE-0209,14.3.3.a,IPD Referred Male- Children<18yrs,"Source-defined; generally additive counts unless the field represents a status, stock or subgroup heading","Do not collapse zero, blank, not applicable and non-reporting. Current HMIS 2.0 behavior requires custodian confirmation.","Aggregate only mutually exclusive reporting rows after facility, format and service-context deduplication",Never sum Total with its in-facility/outreach components,Use report period after it is confirmed; do not combine incompatible schema versions,Use HMIS Facility Code as source key and retain NIN/HFR as separate crosswalk identifiers,Operational use pending row-value and custodian validation
HMIS-RPTCOL-STATE-0329,HMIS-DE-0208,14.3.3.b,IPD Referred Male- Adults<60yrs,"Source-defined; generally additive counts unless the field represents a status, stock or subgroup heading","Do not collapse zero, blank, not applicable and non-reporting. Current HMIS 2.0 behavior requires custodian confirmation.","Aggregate only mutually exclusive reporting rows after facility, format and service-context deduplication",Never sum Total with its in-facility/outreach components,Use report period after it is confirmed; do not combine incompatible schema versions,Use HMIS Facility Code as source key and retain NIN/HFR as separate crosswalk identifiers,Operational use pending row-value and custodian validation
HMIS-RPTCOL-STATE-0330,HMIS-DE-0206,14.3.3.c,IPD Referred Female- Children<18yrs,"Source-defined; generally additive counts unless the field represents a status, stock or subgroup heading","Do not collapse zero, blank, not applicable and non-reporting. Current HMIS 2.0 behavior requires custodian confirmation.","Aggregate only mutually exclusive reporting rows after facility, format and service-context deduplication",Never sum Total with its in-facility/outreach components,Use report period after it is confirmed; do not combine incompatible schema versions,Use HMIS Facility Code as source key and retain NIN/HFR as separate crosswalk identifiers,Operational use pending row-value and custodian validation
HMIS-RPTCOL-STATE-0331,HMIS-DE-0205,14.3.3.d,IPD Referred Female- Adults<60yrs,"Source-defined; generally additive counts unless the field represents a status, stock or subgroup heading","Do not collapse zero, blank, not applicable and non-reporting. Current HMIS 2.0 behavior requires custodian confirmation.","Aggregate only mutually exclusive reporting rows after facility, format and service-context deduplication",Never sum Total with its in-facility/outreach components,Use report period after it is confirmed; do not combine incompatible schema versions,Use HMIS Facility Code as source key and retain NIN/HFR as separate crosswalk identifiers,Operational use pending row-value and custodian validation
HMIS-RPTCOL-STATE-0332,HMIS-DE-0207,14.3.3.e,IPD Referred Geriatric->=60yrs,"Source-defined; generally additive counts unless the field represents a status, stock or subgroup heading","Do not collapse zero, blank, not applicable and non-reporting. Current HMIS 2.0 behavior requires custodian confirmation.","Aggregate only mutually exclusive reporting rows after facility, format and service-context deduplication",Never sum Total with its in-facility/outreach components,Use report period after it is confirmed; do not combine incompatible schema versions,Use HMIS Facility Code as source key and retain NIN/HFR as separate crosswalk identifiers,Operational use pending row-value and custodian validation
HMIS-RPTCOL-STATE-0333,HMIS-DE-0198,14.3.4.a,IPD Deaths Male- Children<18yrs,"Source-defined; generally additive counts unless the field represents a status, stock or subgroup heading","Do not collapse zero, blank, not applicable and non-reporting. Current HMIS 2.0 behavior requires custodian confirmation.","Aggregate only mutually exclusive reporting rows after facility, format and service-context deduplication",Never sum Total with its in-facility/outreach components,Use report period after it is confirmed; do not combine incompatible schema versions,Use HMIS Facility Code as source key and retain NIN/HFR as separate crosswalk identifiers,Operational use pending row-value and custodian validation
HMIS-RPTCOL-STATE-0334,HMIS-DE-0197,14.3.4.b,IPD Deaths Male- Adults<60yrs,"Source-defined; generally additive counts unless the field represents a status, stock or subgroup heading","Do not collapse zero, blank, not applicable and non-reporting. Current HMIS 2.0 behavior requires custodian confirmation.","Aggregate only mutually exclusive reporting rows after facility, format and service-context deduplication",Never sum Total with its in-facility/outreach components,Use report period after it is confirmed; do not combine incompatible schema versions,Use HMIS Facility Code as source key and retain NIN/HFR as separate crosswalk identifiers,Operational use pending row-value and custodian validation
HMIS-RPTCOL-STATE-0335,HMIS-DE-0195,14.3.4.c,IPD Deaths Female- Children<18yrs,"Source-defined; generally additive counts unless the field represents a status, stock or subgroup heading","Do not collapse zero, blank, not applicable and non-reporting. Current HMIS 2.0 behavior requires custodian confirmation.","Aggregate only mutually exclusive reporting rows after facility, format and service-context deduplication",Never sum Total with its in-facility/outreach components,Use report period after it is confirmed; do not combine incompatible schema versions,Use HMIS Facility Code as source key and retain NIN/HFR as separate crosswalk identifiers,Operational use pending row-value and custodian validation
HMIS-RPTCOL-STATE-0336,HMIS-DE-0194,14.3.4.d,IPD Deaths Female- Adults<60yrs,"Source-defined; generally additive counts unless the field represents a status, stock or subgroup heading","Do not collapse zero, blank, not applicable and non-reporting. Current HMIS 2.0 behavior requires custodian confirmation.","Aggregate only mutually exclusive reporting rows after facility, format and service-context deduplication",Never sum Total with its in-facility/outreach components,Use report period after it is confirmed; do not combine incompatible schema versions,Use HMIS Facility Code as source key and retain NIN/HFR as separate crosswalk identifiers,Operational use pending row-value and custodian validation
HMIS-RPTCOL-STATE-0337,HMIS-DE-0196,14.3.4.e,IPD Deaths Geriatric->=60yrs,"Source-defined; generally additive counts unless the field represents a status, stock or subgroup heading","Do not collapse zero, blank, not applicable and non-reporting. Current HMIS 2.0 behavior requires custodian confirmation.","Aggregate only mutually exclusive reporting rows after facility, format and service-context deduplication",Never sum Total with its in-facility/outreach components,Use report period after it is confirmed; do not combine incompatible schema versions,Use HMIS Facility Code as source key and retain NIN/HFR as separate crosswalk identifiers,Operational use pending row-value and custodian validation
HMIS-RPTCOL-STATE-0338,HMIS-DE-0628,14.3.5.a,Total cases Referred out (OPD+IPD+Emergency)-During Day,"Source-defined; generally additive counts unless the field represents a status, stock or subgroup heading","Do not collapse zero, blank, not applicable and non-reporting. Current HMIS 2.0 behavior requires custodian confirmation.","Aggregate only mutually exclusive reporting rows after facility, format and service-context deduplication",Never sum Total with its in-facility/outreach components,Use report period after it is confirmed; do not combine incompatible schema versions,Use HMIS Facility Code as source key and retain NIN/HFR as separate crosswalk identifiers,Operational use pending row-value and custodian validation
HMIS-RPTCOL-STATE-0339,HMIS-DE-0627,14.3.5.b,Total cases Referred out (OPD+IPD+Emergency)-At Night (8 PM- 8 AM),"Source-defined; generally additive counts unless the field represents a status, stock or subgroup heading","Do not collapse zero, blank, not applicable and non-reporting. Current HMIS 2.0 behavior requires custodian confirmation.","Aggregate only mutually exclusive reporting rows after facility, format and service-context deduplication",Never sum Total with its in-facility/outreach components,Use report period after it is confirmed; do not combine incompatible schema versions,Use HMIS Facility Code as source key and retain NIN/HFR as separate crosswalk identifiers,Operational use pending row-value and custodian validation
HMIS-RPTCOL-STATE-0340,HMIS-DE-0098,14.3.6,Day Care Admissions,"Source-defined; generally additive counts unless the field represents a status, stock or subgroup heading","Do not collapse zero, blank, not applicable and non-reporting. Current HMIS 2.0 behavior requires custodian confirmation.","Aggregate only mutually exclusive reporting rows after facility, format and service-context deduplication",Never sum Total with its in-facility/outreach components,Use report period after it is confirmed; do not combine incompatible schema versions,Use HMIS Facility Code as source key and retain NIN/HFR as separate crosswalk identifiers,Operational use pending row-value and custodian validation
HMIS-RPTCOL-STATE-0341,HMIS-DE-0521,14.3.7.a,Number of Total Left Against Medical Advice (LAMA) cases reported at the facility,"Source-defined; generally additive counts unless the field represents a status, stock or subgroup heading","Do not collapse zero, blank, not applicable and non-reporting. Current HMIS 2.0 behavior requires custodian confirmation.","Aggregate only mutually exclusive reporting rows after facility, format and service-context deduplication",Never sum Total with its in-facility/outreach components,Use report period after it is confirmed; do not combine incompatible schema versions,Use HMIS Facility Code as source key and retain NIN/HFR as separate crosswalk identifiers,Operational use pending row-value and custodian validation
HMIS-RPTCOL-STATE-0342,HMIS-DE-0350,14.3.7.b,Number of delivery LAMA cases reported at the facility,"Source-defined; generally additive counts unless the field represents a status, stock or subgroup heading","Do not collapse zero, blank, not applicable and non-reporting. Current HMIS 2.0 behavior requires custodian confirmation.","Aggregate only mutually exclusive reporting rows after facility, format and service-context deduplication",Never sum Total with its in-facility/outreach components,Use report period after it is confirmed; do not combine incompatible schema versions,Use HMIS Facility Code as source key and retain NIN/HFR as separate crosswalk identifiers,Operational use pending row-value and custodian validation
HMIS-RPTCOL-STATE-0343,HMIS-DE-0680,14.3.8,Total number of Medico Legal Cases reported at the facility,"Source-defined; generally additive counts unless the field represents a status, stock or subgroup heading","Do not collapse zero, blank, not applicable and non-reporting. Current HMIS 2.0 behavior requires custodian confirmation.","Aggregate only mutually exclusive reporting rows after facility, format and service-context deduplication",Never sum Total with its in-facility/outreach components,Use report period after it is confirmed; do not combine incompatible schema versions,Use HMIS Facility Code as source key and retain NIN/HFR as separate crosswalk identifiers,Operational use pending row-value and custodian validation
HMIS-RPTCOL-STATE-0344,HMIS-DE-0689,14.3.9,Total number of postmortem conducted at the facility,"Source-defined; generally additive counts unless the field represents a status, stock or subgroup heading","Do not collapse zero, blank, not applicable and non-reporting. Current HMIS 2.0 behavior requires custodian confirmation.","Aggregate only mutually exclusive reporting rows after facility, format and service-context deduplication",Never sum Total with its in-facility/outreach components,Use report period after it is confirmed; do not combine incompatible schema versions,Use HMIS Facility Code as source key and retain NIN/HFR as separate crosswalk identifiers,Operational use pending row-value and custodian validation
HMIS-RPTCOL-STATE-0345,HMIS-DE-0690,14.3.10,Total number of telemedicine consultation provided,"Source-defined; generally additive counts unless the field represents a status, stock or subgroup heading","Do not collapse zero, blank, not applicable and non-reporting. Current HMIS 2.0 behavior requires custodian confirmation.","Aggregate only mutually exclusive reporting rows after facility, format and service-context deduplication",Never sum Total with its in-facility/outreach components,Use report period after it is confirmed; do not combine incompatible schema versions,Use HMIS Facility Code as source key and retain NIN/HFR as separate crosswalk identifiers,Operational use pending row-value and custodian validation
HMIS-RPTCOL-STATE-0346,HMIS-DE-0176,14.4.1,Inpatient - Malaria,"Source-defined; generally additive counts unless the field represents a status, stock or subgroup heading","Do not collapse zero, blank, not applicable and non-reporting. Current HMIS 2.0 behavior requires custodian confirmation.","Aggregate only mutually exclusive reporting rows after facility, format and service-context deduplication",Never sum Total with its in-facility/outreach components,Use report period after it is confirmed; do not combine incompatible schema versions,Use HMIS Facility Code as source key and retain NIN/HFR as separate crosswalk identifiers,Operational use pending row-value and custodian validation
HMIS-RPTCOL-STATE-0347,HMIS-DE-0174,14.4.2,Inpatient - Dengue,"Source-defined; generally additive counts unless the field represents a status, stock or subgroup heading","Do not collapse zero, blank, not applicable and non-reporting. Current HMIS 2.0 behavior requires custodian confirmation.","Aggregate only mutually exclusive reporting rows after facility, format and service-context deduplication",Never sum Total with its in-facility/outreach components,Use report period after it is confirmed; do not combine incompatible schema versions,Use HMIS Facility Code as source key and retain NIN/HFR as separate crosswalk identifiers,Operational use pending row-value and custodian validation
HMIS-RPTCOL-STATE-0348,HMIS-DE-0179,14.4.3,Inpatient - Typhoid,"Source-defined; generally additive counts unless the field represents a status, stock or subgroup heading","Do not collapse zero, blank, not applicable and non-reporting. Current HMIS 2.0 behavior requires custodian confirmation.","Aggregate only mutually exclusive reporting rows after facility, format and service-context deduplication",Never sum Total with its in-facility/outreach components,Use report period after it is confirmed; do not combine incompatible schema versions,Use HMIS Facility Code as source key and retain NIN/HFR as separate crosswalk identifiers,Operational use pending row-value and custodian validation
HMIS-RPTCOL-STATE-0349,HMIS-DE-0173,14.4.4,"Inpatient - Asthma, Chronic Obstructive Pulmonary Disease (COPD), Respiratory infections","Source-defined; generally additive counts unless the field represents a status, stock or subgroup heading","Do not collapse zero, blank, not applicable and non-reporting. Current HMIS 2.0 behavior requires custodian confirmation.","Aggregate only mutually exclusive reporting rows after facility, format and service-context deduplication",Never sum Total with its in-facility/outreach components,Use report period after it is confirmed; do not combine incompatible schema versions,Use HMIS Facility Code as source key and retain NIN/HFR as separate crosswalk identifiers,Operational use pending row-value and custodian validation
HMIS-RPTCOL-STATE-0350,HMIS-DE-0178,14.4.5,Inpatient - Tuberculosis,"Source-defined; generally additive counts unless the field represents a status, stock or subgroup heading","Do not collapse zero, blank, not applicable and non-reporting. Current HMIS 2.0 behavior requires custodian confirmation.","Aggregate only mutually exclusive reporting rows after facility, format and service-context deduplication",Never sum Total with its in-facility/outreach components,Use report period after it is confirmed; do not combine incompatible schema versions,Use HMIS Facility Code as source key and retain NIN/HFR as separate crosswalk identifiers,Operational use pending row-value and custodian validation
HMIS-RPTCOL-STATE-0351,HMIS-DE-0177,14.4.6,Inpatient - Pyrexia of unknown origin (PUO),"Source-defined; generally additive counts unless the field represents a status, stock or subgroup heading","Do not collapse zero, blank, not applicable and non-reporting. Current HMIS 2.0 behavior requires custodian confirmation.","Aggregate only mutually exclusive reporting rows after facility, format and service-context deduplication",Never sum Total with its in-facility/outreach components,Use report period after it is confirmed; do not combine incompatible schema versions,Use HMIS Facility Code as source key and retain NIN/HFR as separate crosswalk identifiers,Operational use pending row-value and custodian validation
HMIS-RPTCOL-STATE-0352,HMIS-DE-0175,14.4.7,Inpatient - Diarrhoea with dehydration,"Source-defined; generally additive counts unless the field represents a status, stock or subgroup heading","Do not collapse zero, blank, not applicable and non-reporting. Current HMIS 2.0 behavior requires custodian confirmation.","Aggregate only mutually exclusive reporting rows after facility, format and service-context deduplication",Never sum Total with its in-facility/outreach components,Use report period after it is confirmed; do not combine incompatible schema versions,Use HMIS Facility Code as source key and retain NIN/HFR as separate crosswalk identifiers,Operational use pending row-value and custodian validation
HMIS-RPTCOL-STATE-0353,HMIS-DE-0182,14.4.8,Inpatient – Leprosy (Reconstructive Surgery),"Source-defined; generally additive counts unless the field represents a status, stock or subgroup heading","Do not collapse zero, blank, not applicable and non-reporting. Current HMIS 2.0 behavior requires custodian confirmation.","Aggregate only mutually exclusive reporting rows after facility, format and service-context deduplication",Never sum Total with its in-facility/outreach components,Use report period after it is confirmed; do not combine incompatible schema versions,Use HMIS Facility Code as source key and retain NIN/HFR as separate crosswalk identifiers,Operational use pending row-value and custodian validation
HMIS-RPTCOL-STATE-0354,HMIS-DE-0184,14.4.9,Inpatient – Operated for Cataract,"Source-defined; generally additive counts unless the field represents a status, stock or subgroup heading","Do not collapse zero, blank, not applicable and non-reporting. Current HMIS 2.0 behavior requires custodian confirmation.","Aggregate only mutually exclusive reporting rows after facility, format and service-context deduplication",Never sum Total with its in-facility/outreach components,Use report period after it is confirmed; do not combine incompatible schema versions,Use HMIS Facility Code as source key and retain NIN/HFR as separate crosswalk identifiers,Operational use pending row-value and custodian validation
HMIS-RPTCOL-STATE-0355,HMIS-DE-0185,14.4.10,Inpatient – Palliative Care,"Source-defined; generally additive counts unless the field represents a status, stock or subgroup heading","Do not collapse zero, blank, not applicable and non-reporting. Current HMIS 2.0 behavior requires custodian confirmation.","Aggregate only mutually exclusive reporting rows after facility, format and service-context deduplication",Never sum Total with its in-facility/outreach components,Use report period after it is confirmed; do not combine incompatible schema versions,Use HMIS Facility Code as source key and retain NIN/HFR as separate crosswalk identifiers,Operational use pending row-value and custodian validation
HMIS-RPTCOL-STATE-0356,HMIS-DE-0183,14.4.11,Inpatient – Mental illness,"Source-defined; generally additive counts unless the field represents a status, stock or subgroup heading","Do not collapse zero, blank, not applicable and non-reporting. Current HMIS 2.0 behavior requires custodian confirmation.","Aggregate only mutually exclusive reporting rows after facility, format and service-context deduplication",Never sum Total with its in-facility/outreach components,Use report period after it is confirmed; do not combine incompatible schema versions,Use HMIS Facility Code as source key and retain NIN/HFR as separate crosswalk identifiers,Operational use pending row-value and custodian validation
HMIS-RPTCOL-STATE-0357,HMIS-DE-0598,14.5.1,Patients registered at Emergency Department,"Source-defined; generally additive counts unless the field represents a status, stock or subgroup heading","Do not collapse zero, blank, not applicable and non-reporting. Current HMIS 2.0 behavior requires custodian confirmation.","Aggregate only mutually exclusive reporting rows after facility, format and service-context deduplication",Never sum Total with its in-facility/outreach components,Use report period after it is confirmed; do not combine incompatible schema versions,Use HMIS Facility Code as source key and retain NIN/HFR as separate crosswalk identifiers,Operational use pending row-value and custodian validation
HMIS-RPTCOL-STATE-0358,HMIS-DE-0255,14.5.2,No. of Emergencies managed at night (8 PM- 8 AM),"Source-defined; generally additive counts unless the field represents a status, stock or subgroup heading","Do not collapse zero, blank, not applicable and non-reporting. Current HMIS 2.0 behavior requires custodian confirmation.","Aggregate only mutually exclusive reporting rows after facility, format and service-context deduplication",Never sum Total with its in-facility/outreach components,Use report period after it is confirmed; do not combine incompatible schema versions,Use HMIS Facility Code as source key and retain NIN/HFR as separate crosswalk identifiers,Operational use pending row-value and custodian validation
HMIS-RPTCOL-STATE-0359,HMIS-DE-0666,14.5.3,Total Number of Emergency cases managed,"Source-defined; generally additive counts unless the field represents a status, stock or subgroup heading","Do not collapse zero, blank, not applicable and non-reporting. Current HMIS 2.0 behavior requires custodian confirmation.","Aggregate only mutually exclusive reporting rows after facility, format and service-context deduplication",Never sum Total with its in-facility/outreach components,Use report period after it is confirmed; do not combine incompatible schema versions,Use HMIS Facility Code as source key and retain NIN/HFR as separate crosswalk identifiers,Operational use pending row-value and custodian validation
HMIS-RPTCOL-STATE-0360,HMIS-DE-0667,14.5.4,Total Number of Emergency cases referred out,"Source-defined; generally additive counts unless the field represents a status, stock or subgroup heading","Do not collapse zero, blank, not applicable and non-reporting. Current HMIS 2.0 behavior requires custodian confirmation.","Aggregate only mutually exclusive reporting rows after facility, format and service-context deduplication",Never sum Total with its in-facility/outreach components,Use report period after it is confirmed; do not combine incompatible schema versions,Use HMIS Facility Code as source key and retain NIN/HFR as separate crosswalk identifiers,Operational use pending row-value and custodian validation
HMIS-RPTCOL-STATE-0361,HMIS-DE-0664,14.5.5,Total Number of CPR performed in the emergency,"Source-defined; generally additive counts unless the field represents a status, stock or subgroup heading","Do not collapse zero, blank, not applicable and non-reporting. Current HMIS 2.0 behavior requires custodian confirmation.","Aggregate only mutually exclusive reporting rows after facility, format and service-context deduplication",Never sum Total with its in-facility/outreach components,Use report period after it is confirmed; do not combine incompatible schema versions,Use HMIS Facility Code as source key and retain NIN/HFR as separate crosswalk identifiers,Operational use pending row-value and custodian validation
HMIS-RPTCOL-STATE-0362,HMIS-DE-0127,14.6.1.a,"Emergency - Trauma ( accident, injury, poisoning etc) -Admission","Source-defined; generally additive counts unless the field represents a status, stock or subgroup heading","Do not collapse zero, blank, not applicable and non-reporting. Current HMIS 2.0 behavior requires custodian confirmation.","Aggregate only mutually exclusive reporting rows after facility, format and service-context deduplication",Never sum Total with its in-facility/outreach components,Use report period after it is confirmed; do not combine incompatible schema versions,Use HMIS Facility Code as source key and retain NIN/HFR as separate crosswalk identifiers,Operational use pending row-value and custodian validation
HMIS-RPTCOL-STATE-0363,HMIS-DE-0128,14.6.1.b,"Emergency - Trauma ( accident, injury, poisoning etc) -Deaths","Source-defined; generally additive counts unless the field represents a status, stock or subgroup heading","Do not collapse zero, blank, not applicable and non-reporting. Current HMIS 2.0 behavior requires custodian confirmation.","Aggregate only mutually exclusive reporting rows after facility, format and service-context deduplication",Never sum Total with its in-facility/outreach components,Use report period after it is confirmed; do not combine incompatible schema versions,Use HMIS Facility Code as source key and retain NIN/HFR as separate crosswalk identifiers,Operational use pending row-value and custodian validation
HMIS-RPTCOL-STATE-0364,HMIS-DE-0117,14.6.2.a,Emergency - Burn -Admission,"Source-defined; generally additive counts unless the field represents a status, stock or subgroup heading","Do not collapse zero, blank, not applicable and non-reporting. Current HMIS 2.0 behavior requires custodian confirmation.","Aggregate only mutually exclusive reporting rows after facility, format and service-context deduplication",Never sum Total with its in-facility/outreach components,Use report period after it is confirmed; do not combine incompatible schema versions,Use HMIS Facility Code as source key and retain NIN/HFR as separate crosswalk identifiers,Operational use pending row-value and custodian validation
HMIS-RPTCOL-STATE-0365,HMIS-DE-0118,14.6.2.b,Emergency - Burn -Deaths,"Source-defined; generally additive counts unless the field represents a status, stock or subgroup heading","Do not collapse zero, blank, not applicable and non-reporting. Current HMIS 2.0 behavior requires custodian confirmation.","Aggregate only mutually exclusive reporting rows after facility, format and service-context deduplication",Never sum Total with its in-facility/outreach components,Use report period after it is confirmed; do not combine incompatible schema versions,Use HMIS Facility Code as source key and retain NIN/HFR as separate crosswalk identifiers,Operational use pending row-value and custodian validation
HMIS-RPTCOL-STATE-0366,HMIS-DE-0123,14.6.3.a,Emergency - Obstetrics complications -Admission,"Source-defined; generally additive counts unless the field represents a status, stock or subgroup heading","Do not collapse zero, blank, not applicable and non-reporting. Current HMIS 2.0 behavior requires custodian confirmation.","Aggregate only mutually exclusive reporting rows after facility, format and service-context deduplication",Never sum Total with its in-facility/outreach components,Use report period after it is confirmed; do not combine incompatible schema versions,Use HMIS Facility Code as source key and retain NIN/HFR as separate crosswalk identifiers,Operational use pending row-value and custodian validation
HMIS-RPTCOL-STATE-0367,HMIS-DE-0124,14.6.3.b,Emergency - Obstetrics complications -Deaths,"Source-defined; generally additive counts unless the field represents a status, stock or subgroup heading","Do not collapse zero, blank, not applicable and non-reporting. Current HMIS 2.0 behavior requires custodian confirmation.","Aggregate only mutually exclusive reporting rows after facility, format and service-context deduplication",Never sum Total with its in-facility/outreach components,Use report period after it is confirmed; do not combine incompatible schema versions,Use HMIS Facility Code as source key and retain NIN/HFR as separate crosswalk identifiers,Operational use pending row-value and custodian validation
HMIS-RPTCOL-STATE-0368,HMIS-DE-0125,14.6.4.a,Emergency - Snake Bite -Admission,"Source-defined; generally additive counts unless the field represents a status, stock or subgroup heading","Do not collapse zero, blank, not applicable and non-reporting. Current HMIS 2.0 behavior requires custodian confirmation.","Aggregate only mutually exclusive reporting rows after facility, format and service-context deduplication",Never sum Total with its in-facility/outreach components,Use report period after it is confirmed; do not combine incompatible schema versions,Use HMIS Facility Code as source key and retain NIN/HFR as separate crosswalk identifiers,Operational use pending row-value and custodian validation
HMIS-RPTCOL-STATE-0369,HMIS-DE-0126,14.6.4.b,Emergency - Snake Bite -Deaths,"Source-defined; generally additive counts unless the field represents a status, stock or subgroup heading","Do not collapse zero, blank, not applicable and non-reporting. Current HMIS 2.0 behavior requires custodian confirmation.","Aggregate only mutually exclusive reporting rows after facility, format and service-context deduplication",Never sum Total with its in-facility/outreach components,Use report period after it is confirmed; do not combine incompatible schema versions,Use HMIS Facility Code as source key and retain NIN/HFR as separate crosswalk identifiers,Operational use pending row-value and custodian validation
HMIS-RPTCOL-STATE-0370,HMIS-DE-0115,14.6.5.a,Emergency - Acute Cardiac Emergencies -Admission,"Source-defined; generally additive counts unless the field represents a status, stock or subgroup heading","Do not collapse zero, blank, not applicable and non-reporting. Current HMIS 2.0 behavior requires custodian confirmation.","Aggregate only mutually exclusive reporting rows after facility, format and service-context deduplication",Never sum Total with its in-facility/outreach components,Use report period after it is confirmed; do not combine incompatible schema versions,Use HMIS Facility Code as source key and retain NIN/HFR as separate crosswalk identifiers,Operational use pending row-value and custodian validation
HMIS-RPTCOL-STATE-0371,HMIS-DE-0116,14.6.5.b,Emergency - Acute Cardiac Emergencies -Deaths,"Source-defined; generally additive counts unless the field represents a status, stock or subgroup heading","Do not collapse zero, blank, not applicable and non-reporting. Current HMIS 2.0 behavior requires custodian confirmation.","Aggregate only mutually exclusive reporting rows after facility, format and service-context deduplication",Never sum Total with its in-facility/outreach components,Use report period after it is confirmed; do not combine incompatible schema versions,Use HMIS Facility Code as source key and retain NIN/HFR as separate crosswalk identifiers,Operational use pending row-value and custodian validation
HMIS-RPTCOL-STATE-0372,HMIS-DE-0119,14.6.6.a,Emergency - CVA (Cerebrovascular Disease)/Stroke -Admission,"Source-defined; generally additive counts unless the field represents a status, stock or subgroup heading","Do not collapse zero, blank, not applicable and non-reporting. Current HMIS 2.0 behavior requires custodian confirmation.","Aggregate only mutually exclusive reporting rows after facility, format and service-context deduplication",Never sum Total with its in-facility/outreach components,Use report period after it is confirmed; do not combine incompatible schema versions,Use HMIS Facility Code as source key and retain NIN/HFR as separate crosswalk identifiers,Operational use pending row-value and custodian validation
HMIS-RPTCOL-STATE-0373,HMIS-DE-0120,14.6.6.b,Emergency - CVA (Cerebrovascular Disease)/Stroke -Deaths,"Source-defined; generally additive counts unless the field represents a status, stock or subgroup heading","Do not collapse zero, blank, not applicable and non-reporting. Current HMIS 2.0 behavior requires custodian confirmation.","Aggregate only mutually exclusive reporting rows after facility, format and service-context deduplication",Never sum Total with its in-facility/outreach components,Use report period after it is confirmed; do not combine incompatible schema versions,Use HMIS Facility Code as source key and retain NIN/HFR as separate crosswalk identifiers,Operational use pending row-value and custodian validation
HMIS-RPTCOL-STATE-0374,HMIS-DE-0121,14.6.7.a,Emergency - Dog Bite -Admission,"Source-defined; generally additive counts unless the field represents a status, stock or subgroup heading","Do not collapse zero, blank, not applicable and non-reporting. Current HMIS 2.0 behavior requires custodian confirmation.","Aggregate only mutually exclusive reporting rows after facility, format and service-context deduplication",Never sum Total with its in-facility/outreach components,Use report period after it is confirmed; do not combine incompatible schema versions,Use HMIS Facility Code as source key and retain NIN/HFR as separate crosswalk identifiers,Operational use pending row-value and custodian validation
HMIS-RPTCOL-STATE-0375,HMIS-DE-0122,14.6.7.b,Emergency - Dog Bite -Deaths,"Source-defined; generally additive counts unless the field represents a status, stock or subgroup heading","Do not collapse zero, blank, not applicable and non-reporting. Current HMIS 2.0 behavior requires custodian confirmation.","Aggregate only mutually exclusive reporting rows after facility, format and service-context deduplication",Never sum Total with its in-facility/outreach components,Use report period after it is confirmed; do not combine incompatible schema versions,Use HMIS Facility Code as source key and retain NIN/HFR as separate crosswalk identifiers,Operational use pending row-value and custodian validation
HMIS-RPTCOL-STATE-0376,HMIS-DE-0665,14.7,Total number of deaths occurring at Emergency Department,"Source-defined; generally additive counts unless the field represents a status, stock or subgroup heading","Do not collapse zero, blank, not applicable and non-reporting. Current HMIS 2.0 behavior requires custodian confirmation.","Aggregate only mutually exclusive reporting rows after facility, format and service-context deduplication",Never sum Total with its in-facility/outreach components,Use report period after it is confirmed; do not combine incompatible schema versions,Use HMIS Facility Code as source key and retain NIN/HFR as separate crosswalk identifiers,Operational use pending row-value and custodian validation
HMIS-RPTCOL-STATE-0377,HMIS-DE-0678,14.8.1.a,Total number of Major Operations conducted excluding C-Section (General and spinal anaesthesia),"Source-defined; generally additive counts unless the field represents a status, stock or subgroup heading","Do not collapse zero, blank, not applicable and non-reporting. Current HMIS 2.0 behavior requires custodian confirmation.","Aggregate only mutually exclusive reporting rows after facility, format and service-context deduplication",Never sum Total with its in-facility/outreach components,Use report period after it is confirmed; do not combine incompatible schema versions,Use HMIS Facility Code as source key and retain NIN/HFR as separate crosswalk identifiers,Operational use pending row-value and custodian validation
HMIS-RPTCOL-STATE-0378,HMIS-DE-0545,14.8.1.b,"Out of Major Operation, Gynecology- Hysterectomy surgeries","Source-defined; generally additive counts unless the field represents a status, stock or subgroup heading","Do not collapse zero, blank, not applicable and non-reporting. Current HMIS 2.0 behavior requires custodian confirmation.","Aggregate only mutually exclusive reporting rows after facility, format and service-context deduplication",Never sum Total with its in-facility/outreach components,Use report period after it is confirmed; do not combine incompatible schema versions,Use HMIS Facility Code as source key and retain NIN/HFR as separate crosswalk identifiers,Operational use pending row-value and custodian validation
HMIS-RPTCOL-STATE-0379,HMIS-DE-0220,14.8.1.c,"Major Surgeries excluding Obstetrics, Gynaecology and Opthalmology.","Source-defined; generally additive counts unless the field represents a status, stock or subgroup heading","Do not collapse zero, blank, not applicable and non-reporting. Current HMIS 2.0 behavior requires custodian confirmation.","Aggregate only mutually exclusive reporting rows after facility, format and service-context deduplication",Never sum Total with its in-facility/outreach components,Use report period after it is confirmed; do not combine incompatible schema versions,Use HMIS Facility Code as source key and retain NIN/HFR as separate crosswalk identifiers,Operational use pending row-value and custodian validation
HMIS-RPTCOL-STATE-0380,HMIS-DE-0262,14.8.1.d,No. of Major Surgeries done at night (8PM to 8 AM) (Excluding C section),"Source-defined; generally additive counts unless the field represents a status, stock or subgroup heading","Do not collapse zero, blank, not applicable and non-reporting. Current HMIS 2.0 behavior requires custodian confirmation.","Aggregate only mutually exclusive reporting rows after facility, format and service-context deduplication",Never sum Total with its in-facility/outreach components,Use report period after it is confirmed; do not combine incompatible schema versions,Use HMIS Facility Code as source key and retain NIN/HFR as separate crosswalk identifiers,Operational use pending row-value and custodian validation
HMIS-RPTCOL-STATE-0381,HMIS-DE-0233,14.8.2,Minor Operations (No or local anaesthesia),"Source-defined; generally additive counts unless the field represents a status, stock or subgroup heading","Do not collapse zero, blank, not applicable and non-reporting. Current HMIS 2.0 behavior requires custodian confirmation.","Aggregate only mutually exclusive reporting rows after facility, format and service-context deduplication",Never sum Total with its in-facility/outreach components,Use report period after it is confirmed; do not combine incompatible schema versions,Use HMIS Facility Code as source key and retain NIN/HFR as separate crosswalk identifiers,Operational use pending row-value and custodian validation
HMIS-RPTCOL-STATE-0382,HMIS-DE-0451,14.9,Number of post operative Surgical Site infection,"Source-defined; generally additive counts unless the field represents a status, stock or subgroup heading","Do not collapse zero, blank, not applicable and non-reporting. Current HMIS 2.0 behavior requires custodian confirmation.","Aggregate only mutually exclusive reporting rows after facility, format and service-context deduplication",Never sum Total with its in-facility/outreach components,Use report period after it is confirmed; do not combine incompatible schema versions,Use HMIS Facility Code as source key and retain NIN/HFR as separate crosswalk identifiers,Operational use pending row-value and custodian validation
HMIS-RPTCOL-STATE-0383,HMIS-DE-0152,14.10,In-Patient Head Count at midnight,"Source-defined; generally additive counts unless the field represents a status, stock or subgroup heading","Do not collapse zero, blank, not applicable and non-reporting. Current HMIS 2.0 behavior requires custodian confirmation.","Aggregate only mutually exclusive reporting rows after facility, format and service-context deduplication",Never sum Total with its in-facility/outreach components,Use report period after it is confirmed; do not combine incompatible schema versions,Use HMIS Facility Code as source key and retain NIN/HFR as separate crosswalk identifiers,Operational use pending row-value and custodian validation
HMIS-RPTCOL-STATE-0384,HMIS-DE-0274,14.11.1,Number of Admission in NBSU ( New Born Stabilisation Unit),"Source-defined; generally additive counts unless the field represents a status, stock or subgroup heading","Do not collapse zero, blank, not applicable and non-reporting. Current HMIS 2.0 behavior requires custodian confirmation.","Aggregate only mutually exclusive reporting rows after facility, format and service-context deduplication",Never sum Total with its in-facility/outreach components,Use report period after it is confirmed; do not combine incompatible schema versions,Use HMIS Facility Code as source key and retain NIN/HFR as separate crosswalk identifiers,Operational use pending row-value and custodian validation
HMIS-RPTCOL-STATE-0385,HMIS-DE-0520,14.11.2,Number of total admissions in Special Newborn Care Unit (SNCU Admissions),"Source-defined; generally additive counts unless the field represents a status, stock or subgroup heading","Do not collapse zero, blank, not applicable and non-reporting. Current HMIS 2.0 behavior requires custodian confirmation.","Aggregate only mutually exclusive reporting rows after facility, format and service-context deduplication",Never sum Total with its in-facility/outreach components,Use report period after it is confirmed; do not combine incompatible schema versions,Use HMIS Facility Code as source key and retain NIN/HFR as separate crosswalk identifiers,Operational use pending row-value and custodian validation
HMIS-RPTCOL-STATE-0386,HMIS-DE-0349,14.12.1,Number of deaths occurred at SNCU,"Source-defined; generally additive counts unless the field represents a status, stock or subgroup heading","Do not collapse zero, blank, not applicable and non-reporting. Current HMIS 2.0 behavior requires custodian confirmation.","Aggregate only mutually exclusive reporting rows after facility, format and service-context deduplication",Never sum Total with its in-facility/outreach components,Use report period after it is confirmed; do not combine incompatible schema versions,Use HMIS Facility Code as source key and retain NIN/HFR as separate crosswalk identifiers,Operational use pending row-value and custodian validation
HMIS-RPTCOL-STATE-0387,HMIS-DE-0433,14.12.2,Number of Newborns successfully discharged from SNCU,"Source-defined; generally additive counts unless the field represents a status, stock or subgroup heading","Do not collapse zero, blank, not applicable and non-reporting. Current HMIS 2.0 behavior requires custodian confirmation.","Aggregate only mutually exclusive reporting rows after facility, format and service-context deduplication",Never sum Total with its in-facility/outreach components,Use report period after it is confirmed; do not combine incompatible schema versions,Use HMIS Facility Code as source key and retain NIN/HFR as separate crosswalk identifiers,Operational use pending row-value and custodian validation
HMIS-RPTCOL-STATE-0388,HMIS-DE-0474,14.13.1.a.i,Number of pregnant women provided free medicines during ANC period under JSSK,"Source-defined; generally additive counts unless the field represents a status, stock or subgroup heading","Do not collapse zero, blank, not applicable and non-reporting. Current HMIS 2.0 behavior requires custodian confirmation.","Aggregate only mutually exclusive reporting rows after facility, format and service-context deduplication",Never sum Total with its in-facility/outreach components,Use report period after it is confirmed; do not combine incompatible schema versions,Use HMIS Facility Code as source key and retain NIN/HFR as separate crosswalk identifiers,Operational use pending row-value and custodian validation
HMIS-RPTCOL-STATE-0389,,14.13.1.a.ii,Number of Pregnant women provided free medicines during delivery under JSSK,Not established; candidate element must not be aggregated operationally,Unconfirmed; preserve null/blank separately from explicit zero,"Aggregate only mutually exclusive reporting rows after facility, format and service-context deduplication",Never sum Total with its in-facility/outreach components,Use report period after it is confirmed; do not combine incompatible schema versions,Use HMIS Facility Code as source key and retain NIN/HFR as separate crosswalk identifiers,Operational use pending row-value and custodian validation
HMIS-RPTCOL-STATE-0390,,14.13.1.a.iii,Number of PNC mothers provided free medicines under JSSK,Not established; candidate element must not be aggregated operationally,Unconfirmed; preserve null/blank separately from explicit zero,"Aggregate only mutually exclusive reporting rows after facility, format and service-context deduplication",Never sum Total with its in-facility/outreach components,Use report period after it is confirmed; do not combine incompatible schema versions,Use HMIS Facility Code as source key and retain NIN/HFR as separate crosswalk identifiers,Operational use pending row-value and custodian validation
HMIS-RPTCOL-STATE-0391,HMIS-DE-0529,14.13.1.b,Number of women provided - Free Diet under JSSK,"Source-defined; generally additive counts unless the field represents a status, stock or subgroup heading","Do not collapse zero, blank, not applicable and non-reporting. Current HMIS 2.0 behavior requires custodian confirmation.","Aggregate only mutually exclusive reporting rows after facility, format and service-context deduplication",Never sum Total with its in-facility/outreach components,Use report period after it is confirmed; do not combine incompatible schema versions,Use HMIS Facility Code as source key and retain NIN/HFR as separate crosswalk identifiers,Operational use pending row-value and custodian validation
HMIS-RPTCOL-STATE-0392,HMIS-DE-0473,14.13.1.c.i,Number of pregnant women provided free diagnostics during ANC period under JSSK,"Source-defined; generally additive counts unless the field represents a status, stock or subgroup heading","Do not collapse zero, blank, not applicable and non-reporting. Current HMIS 2.0 behavior requires custodian confirmation.","Aggregate only mutually exclusive reporting rows after facility, format and service-context deduplication",Never sum Total with its in-facility/outreach components,Use report period after it is confirmed; do not combine incompatible schema versions,Use HMIS Facility Code as source key and retain NIN/HFR as separate crosswalk identifiers,Operational use pending row-value and custodian validation
HMIS-RPTCOL-STATE-0393,,14.13.1.c.ii,Number of Pregnant women provided free diagnostics during delivery under JSSK,Not established; candidate element must not be aggregated operationally,Unconfirmed; preserve null/blank separately from explicit zero,"Aggregate only mutually exclusive reporting rows after facility, format and service-context deduplication",Never sum Total with its in-facility/outreach components,Use report period after it is confirmed; do not combine incompatible schema versions,Use HMIS Facility Code as source key and retain NIN/HFR as separate crosswalk identifiers,Operational use pending row-value and custodian validation
HMIS-RPTCOL-STATE-0394,,14.13.1.c.iii,Number of PNC mothers provided free diagnostics under JSSK,Not established; candidate element must not be aggregated operationally,Unconfirmed; preserve null/blank separately from explicit zero,"Aggregate only mutually exclusive reporting rows after facility, format and service-context deduplication",Never sum Total with its in-facility/outreach components,Use report period after it is confirmed; do not combine incompatible schema versions,Use HMIS Facility Code as source key and retain NIN/HFR as separate crosswalk identifiers,Operational use pending row-value and custodian validation
HMIS-RPTCOL-STATE-0395,HMIS-DE-0471,14.13.1.d,Number ofpregnant women provided - Free Home to facility transport for conducting delivery under JSSK,"Source-defined; generally additive counts unless the field represents a status, stock or subgroup heading","Do not collapse zero, blank, not applicable and non-reporting. Current HMIS 2.0 behavior requires custodian confirmation.","Aggregate only mutually exclusive reporting rows after facility, format and service-context deduplication",Never sum Total with its in-facility/outreach components,Use report period after it is confirmed; do not combine incompatible schema versions,Use HMIS Facility Code as source key and retain NIN/HFR as separate crosswalk identifiers,Operational use pending row-value and custodian validation
HMIS-RPTCOL-STATE-0396,HMIS-DE-0472,14.13.1.e,Number of pregnant women provided - Interfacility transfers when needed during delivery under JSSK(in case of referral),"Source-defined; generally additive counts unless the field represents a status, stock or subgroup heading","Do not collapse zero, blank, not applicable and non-reporting. Current HMIS 2.0 behavior requires custodian confirmation.","Aggregate only mutually exclusive reporting rows after facility, format and service-context deduplication",Never sum Total with its in-facility/outreach components,Use report period after it is confirmed; do not combine incompatible schema versions,Use HMIS Facility Code as source key and retain NIN/HFR as separate crosswalk identifiers,Operational use pending row-value and custodian validation
HMIS-RPTCOL-STATE-0397,HMIS-DE-0450,14.13.1.f,Number of PNC mothers provided - Free Drop Back home after delivery under JSSK,"Source-defined; generally additive counts unless the field represents a status, stock or subgroup heading","Do not collapse zero, blank, not applicable and non-reporting. Current HMIS 2.0 behavior requires custodian confirmation.","Aggregate only mutually exclusive reporting rows after facility, format and service-context deduplication",Never sum Total with its in-facility/outreach components,Use report period after it is confirmed; do not combine incompatible schema versions,Use HMIS Facility Code as source key and retain NIN/HFR as separate crosswalk identifiers,Operational use pending row-value and custodian validation
HMIS-RPTCOL-STATE-0398,HMIS-DE-0387,14.13.2.a,Number of infants admitted at facility due to any sickness- JSSK Beneficiaries,"Source-defined; generally additive counts unless the field represents a status, stock or subgroup heading","Do not collapse zero, blank, not applicable and non-reporting. Current HMIS 2.0 behavior requires custodian confirmation.","Aggregate only mutually exclusive reporting rows after facility, format and service-context deduplication",Never sum Total with its in-facility/outreach components,Use report period after it is confirmed; do not combine incompatible schema versions,Use HMIS Facility Code as source key and retain NIN/HFR as separate crosswalk identifiers,Operational use pending row-value and custodian validation
HMIS-RPTCOL-STATE-0399,HMIS-DE-0512,14.13.2.b,Number of sick infants provided - Free Medicines under JSSK,"Source-defined; generally additive counts unless the field represents a status, stock or subgroup heading","Do not collapse zero, blank, not applicable and non-reporting. Current HMIS 2.0 behavior requires custodian confirmation.","Aggregate only mutually exclusive reporting rows after facility, format and service-context deduplication",Never sum Total with its in-facility/outreach components,Use report period after it is confirmed; do not combine incompatible schema versions,Use HMIS Facility Code as source key and retain NIN/HFR as separate crosswalk identifiers,Operational use pending row-value and custodian validation
HMIS-RPTCOL-STATE-0400,HMIS-DE-0510,14.13.2.c,Number of sick infants provided - Free Diagnostics under JSSK,"Source-defined; generally additive counts unless the field represents a status, stock or subgroup heading","Do not collapse zero, blank, not applicable and non-reporting. Current HMIS 2.0 behavior requires custodian confirmation.","Aggregate only mutually exclusive reporting rows after facility, format and service-context deduplication",Never sum Total with its in-facility/outreach components,Use report period after it is confirmed; do not combine incompatible schema versions,Use HMIS Facility Code as source key and retain NIN/HFR as separate crosswalk identifiers,Operational use pending row-value and custodian validation
HMIS-RPTCOL-STATE-0401,HMIS-DE-0511,14.13.2.d,Number of sick infants provided - Free Home to facility transport under JSSK,"Source-defined; generally additive counts unless the field represents a status, stock or subgroup heading","Do not collapse zero, blank, not applicable and non-reporting. Current HMIS 2.0 behavior requires custodian confirmation.","Aggregate only mutually exclusive reporting rows after facility, format and service-context deduplication",Never sum Total with its in-facility/outreach components,Use report period after it is confirmed; do not combine incompatible schema versions,Use HMIS Facility Code as source key and retain NIN/HFR as separate crosswalk identifiers,Operational use pending row-value and custodian validation
HMIS-RPTCOL-STATE-0402,HMIS-DE-0388,14.13.2.e,Number of infants received free referral transport under JSSK,"Source-defined; generally additive counts unless the field represents a status, stock or subgroup heading","Do not collapse zero, blank, not applicable and non-reporting. Current HMIS 2.0 behavior requires custodian confirmation.","Aggregate only mutually exclusive reporting rows after facility, format and service-context deduplication",Never sum Total with its in-facility/outreach components,Use report period after it is confirmed; do not combine incompatible schema versions,Use HMIS Facility Code as source key and retain NIN/HFR as separate crosswalk identifiers,Operational use pending row-value and custodian validation
HMIS-RPTCOL-STATE-0403,HMIS-DE-0513,14.14.1,Number of sick SAM children admitted in standalone/ integrated NRC,"Source-defined; generally additive counts unless the field represents a status, stock or subgroup heading","Do not collapse zero, blank, not applicable and non-reporting. Current HMIS 2.0 behavior requires custodian confirmation.","Aggregate only mutually exclusive reporting rows after facility, format and service-context deduplication",Never sum Total with its in-facility/outreach components,Use report period after it is confirmed; do not combine incompatible schema versions,Use HMIS Facility Code as source key and retain NIN/HFR as separate crosswalk identifiers,Operational use pending row-value and custodian validation
HMIS-RPTCOL-STATE-0404,HMIS-DE-0514,14.14.2,Number of sick SAM children referred to standalone/ integrated NRC by Frontline Workers (AWW/ ASHA/ ANM),"Source-defined; generally additive counts unless the field represents a status, stock or subgroup heading","Do not collapse zero, blank, not applicable and non-reporting. Current HMIS 2.0 behavior requires custodian confirmation.","Aggregate only mutually exclusive reporting rows after facility, format and service-context deduplication",Never sum Total with its in-facility/outreach components,Use report period after it is confirmed; do not combine incompatible schema versions,Use HMIS Facility Code as source key and retain NIN/HFR as separate crosswalk identifiers,Operational use pending row-value and custodian validation
HMIS-RPTCOL-STATE-0405,HMIS-DE-0515,14.14.3,Number of sick SAM children referred to standalone/ integrated NRC from IPD/OPD of other Health Facility (PHC/CHC/SDH/DH/other NRC),"Source-defined; generally additive counts unless the field represents a status, stock or subgroup heading","Do not collapse zero, blank, not applicable and non-reporting. Current HMIS 2.0 behavior requires custodian confirmation.","Aggregate only mutually exclusive reporting rows after facility, format and service-context deduplication",Never sum Total with its in-facility/outreach components,Use report period after it is confirmed; do not combine incompatible schema versions,Use HMIS Facility Code as source key and retain NIN/HFR as separate crosswalk identifiers,Operational use pending row-value and custodian validation
HMIS-RPTCOL-STATE-0406,HMIS-DE-0323,14.14.4,Number of children Referred to standalone/ integrated NRC by RBSK Team,"Source-defined; generally additive counts unless the field represents a status, stock or subgroup heading","Do not collapse zero, blank, not applicable and non-reporting. Current HMIS 2.0 behavior requires custodian confirmation.","Aggregate only mutually exclusive reporting rows after facility, format and service-context deduplication",Never sum Total with its in-facility/outreach components,Use report period after it is confirmed; do not combine incompatible schema versions,Use HMIS Facility Code as source key and retain NIN/HFR as separate crosswalk identifiers,Operational use pending row-value and custodian validation
HMIS-RPTCOL-STATE-0407,HMIS-DE-0507,14.14.5,Number of SAM children discharged from standalone/ integrated NRC who met the discharge criteria,"Source-defined; generally additive counts unless the field represents a status, stock or subgroup heading","Do not collapse zero, blank, not applicable and non-reporting. Current HMIS 2.0 behavior requires custodian confirmation.","Aggregate only mutually exclusive reporting rows after facility, format and service-context deduplication",Never sum Total with its in-facility/outreach components,Use report period after it is confirmed; do not combine incompatible schema versions,Use HMIS Facility Code as source key and retain NIN/HFR as separate crosswalk identifiers,Operational use pending row-value and custodian validation
HMIS-RPTCOL-STATE-0408,HMIS-DE-0275,14.14.6,Number of admitted children left against medical advice (LAMA) / defaulter,"Source-defined; generally additive counts unless the field represents a status, stock or subgroup heading","Do not collapse zero, blank, not applicable and non-reporting. Current HMIS 2.0 behavior requires custodian confirmation.","Aggregate only mutually exclusive reporting rows after facility, format and service-context deduplication",Never sum Total with its in-facility/outreach components,Use report period after it is confirmed; do not combine incompatible schema versions,Use HMIS Facility Code as source key and retain NIN/HFR as separate crosswalk identifiers,Operational use pending row-value and custodian validation
HMIS-RPTCOL-STATE-0409,HMIS-DE-0315,14.14.7,Number of children died while admitted in standalone/ intergrated NRC,"Source-defined; generally additive counts unless the field represents a status, stock or subgroup heading","Do not collapse zero, blank, not applicable and non-reporting. Current HMIS 2.0 behavior requires custodian confirmation.","Aggregate only mutually exclusive reporting rows after facility, format and service-context deduplication",Never sum Total with its in-facility/outreach components,Use report period after it is confirmed; do not combine incompatible schema versions,Use HMIS Facility Code as source key and retain NIN/HFR as separate crosswalk identifiers,Operational use pending row-value and custodian validation
HMIS-RPTCOL-STATE-0410,HMIS-DE-0327,14.14.8,Number of children who completed all four post discharge follow-ups,"Source-defined; generally additive counts unless the field represents a status, stock or subgroup heading","Do not collapse zero, blank, not applicable and non-reporting. Current HMIS 2.0 behavior requires custodian confirmation.","Aggregate only mutually exclusive reporting rows after facility, format and service-context deduplication",Never sum Total with its in-facility/outreach components,Use report period after it is confirmed; do not combine incompatible schema versions,Use HMIS Facility Code as source key and retain NIN/HFR as separate crosswalk identifiers,Operational use pending row-value and custodian validation
HMIS-RPTCOL-STATE-0411,HMIS-DE-0516,14.14.9,Number of sick SAM children treated and admitted in the pediatric facility (other than standalone/ integrated NRC),"Source-defined; generally additive counts unless the field represents a status, stock or subgroup heading","Do not collapse zero, blank, not applicable and non-reporting. Current HMIS 2.0 behavior requires custodian confirmation.","Aggregate only mutually exclusive reporting rows after facility, format and service-context deduplication",Never sum Total with its in-facility/outreach components,Use report period after it is confirmed; do not combine incompatible schema versions,Use HMIS Facility Code as source key and retain NIN/HFR as separate crosswalk identifiers,Operational use pending row-value and custodian validation
HMIS-RPTCOL-STATE-0412,HMIS-DE-0153,14.14.10,In-Patient Head Count at midnight for standalone/ integrated NRC,"Source-defined; generally additive counts unless the field represents a status, stock or subgroup heading","Do not collapse zero, blank, not applicable and non-reporting. Current HMIS 2.0 behavior requires custodian confirmation.","Aggregate only mutually exclusive reporting rows after facility, format and service-context deduplication",Never sum Total with its in-facility/outreach components,Use report period after it is confirmed; do not combine incompatible schema versions,Use HMIS Facility Code as source key and retain NIN/HFR as separate crosswalk identifiers,Operational use pending row-value and custodian validation
HMIS-RPTCOL-STATE-0413,HMIS-DE-0506,14.15.1,Number of Rogi Kalyan Samiti (RKS) meetings held,"Source-defined; generally additive counts unless the field represents a status, stock or subgroup heading","Do not collapse zero, blank, not applicable and non-reporting. Current HMIS 2.0 behavior requires custodian confirmation.","Aggregate only mutually exclusive reporting rows after facility, format and service-context deduplication",Never sum Total with its in-facility/outreach components,Use report period after it is confirmed; do not combine incompatible schema versions,Use HMIS Facility Code as source key and retain NIN/HFR as separate crosswalk identifiers,Operational use pending row-value and custodian validation
HMIS-RPTCOL-STATE-0414,HMIS-DE-0393,14.15.2,Number of Jan Arogya Samiti (JAS) meetings held,"Source-defined; generally additive counts unless the field represents a status, stock or subgroup heading","Do not collapse zero, blank, not applicable and non-reporting. Current HMIS 2.0 behavior requires custodian confirmation.","Aggregate only mutually exclusive reporting rows after facility, format and service-context deduplication",Never sum Total with its in-facility/outreach components,Use report period after it is confirmed; do not combine incompatible schema versions,Use HMIS Facility Code as source key and retain NIN/HFR as separate crosswalk identifiers,Operational use pending row-value and custodian validation
HMIS-RPTCOL-STATE-0415,HMIS-DE-0289,14.16,Number of Anganwadi centres reported to have conducted atleast one Village Health & Nutrition Day (VHNDs)/UHND/ Outreach / Special Outreach sessions,"Source-defined; generally additive counts unless the field represents a status, stock or subgroup heading","Do not collapse zero, blank, not applicable and non-reporting. Current HMIS 2.0 behavior requires custodian confirmation.","Aggregate only mutually exclusive reporting rows after facility, format and service-context deduplication",Never sum Total with its in-facility/outreach components,Use report period after it is confirmed; do not combine incompatible schema versions,Use HMIS Facility Code as source key and retain NIN/HFR as separate crosswalk identifiers,Operational use pending row-value and custodian validation
HMIS-RPTCOL-STATE-0416,HMIS-DE-0691,14.17,Total number of UHND/VHND sessions conducted in the reporting month,"Source-defined; generally additive counts unless the field represents a status, stock or subgroup heading","Do not collapse zero, blank, not applicable and non-reporting. Current HMIS 2.0 behavior requires custodian confirmation.","Aggregate only mutually exclusive reporting rows after facility, format and service-context deduplication",Never sum Total with its in-facility/outreach components,Use report period after it is confirmed; do not combine incompatible schema versions,Use HMIS Facility Code as source key and retain NIN/HFR as separate crosswalk identifiers,Operational use pending row-value and custodian validation
HMIS-RPTCOL-STATE-0417,HMIS-DE-0686,14.18,Total number of Outreach/Special Outreach camps conducted in the reporting month,"Source-defined; generally additive counts unless the field represents a status, stock or subgroup heading","Do not collapse zero, blank, not applicable and non-reporting. Current HMIS 2.0 behavior requires custodian confirmation.","Aggregate only mutually exclusive reporting rows after facility, format and service-context deduplication",Never sum Total with its in-facility/outreach components,Use report period after it is confirmed; do not combine incompatible schema versions,Use HMIS Facility Code as source key and retain NIN/HFR as separate crosswalk identifiers,Operational use pending row-value and custodian validation
HMIS-RPTCOL-STATE-0418,HMIS-DE-0684,14.18.1,Total number of outreach visits conducted by staff,"Source-defined; generally additive counts unless the field represents a status, stock or subgroup heading","Do not collapse zero, blank, not applicable and non-reporting. Current HMIS 2.0 behavior requires custodian confirmation.","Aggregate only mutually exclusive reporting rows after facility, format and service-context deduplication",Never sum Total with its in-facility/outreach components,Use report period after it is confirmed; do not combine incompatible schema versions,Use HMIS Facility Code as source key and retain NIN/HFR as separate crosswalk identifiers,Operational use pending row-value and custodian validation
HMIS-RPTCOL-STATE-0419,HMIS-DE-0685,14.18.2,Total number of outreach visits made by DMHP team,"Source-defined; generally additive counts unless the field represents a status, stock or subgroup heading","Do not collapse zero, blank, not applicable and non-reporting. Current HMIS 2.0 behavior requires custodian confirmation.","Aggregate only mutually exclusive reporting rows after facility, format and service-context deduplication",Never sum Total with its in-facility/outreach components,Use report period after it is confirmed; do not combine incompatible schema versions,Use HMIS Facility Code as source key and retain NIN/HFR as separate crosswalk identifiers,Operational use pending row-value and custodian validation
HMIS-RPTCOL-STATE-0420,,14.18.3,Total number of awareness campaigns/camps conducted for Mental Health,Not established; candidate element must not be aggregated operationally,Unconfirmed; preserve null/blank separately from explicit zero,"Aggregate only mutually exclusive reporting rows after facility, format and service-context deduplication",Never sum Total with its in-facility/outreach components,Use report period after it is confirmed; do not combine incompatible schema versions,Use HMIS Facility Code as source key and retain NIN/HFR as separate crosswalk identifiers,Operational use pending row-value and custodian validation
HMIS-RPTCOL-STATE-0421,HMIS-DE-0597,14.19,Patient Satisfaction Score of the facility in percentage (from Mera Aspatal),"Source-defined; generally additive counts unless the field represents a status, stock or subgroup heading","Do not collapse zero, blank, not applicable and non-reporting. Current HMIS 2.0 behavior requires custodian confirmation.","Aggregate only mutually exclusive reporting rows after facility, format and service-context deduplication",Never sum Total with its in-facility/outreach components,Use report period after it is confirmed; do not combine incompatible schema versions,Use HMIS Facility Code as source key and retain NIN/HFR as separate crosswalk identifiers,Operational use pending row-value and custodian validation
HMIS-RPTCOL-STATE-0422,HMIS-DE-0645,14.20.1.a,Total number of blood samples screened by ELISA/Rapid tests for viral hepatitis A (IgM Anti- HAV),"Source-defined; generally additive counts unless the field represents a status, stock or subgroup heading","Do not collapse zero, blank, not applicable and non-reporting. Current HMIS 2.0 behavior requires custodian confirmation.","Aggregate only mutually exclusive reporting rows after facility, format and service-context deduplication",Never sum Total with its in-facility/outreach components,Use report period after it is confirmed; do not combine incompatible schema versions,Use HMIS Facility Code as source key and retain NIN/HFR as separate crosswalk identifiers,Operational use pending row-value and custodian validation
HMIS-RPTCOL-STATE-0423,HMIS-DE-0646,14.20.1.b,Total number of blood samples screened by ELISA/Rapid tests for viral hepatitis B i.e. HBsAg (excluding pregnant women),"Source-defined; generally additive counts unless the field represents a status, stock or subgroup heading","Do not collapse zero, blank, not applicable and non-reporting. Current HMIS 2.0 behavior requires custodian confirmation.","Aggregate only mutually exclusive reporting rows after facility, format and service-context deduplication",Never sum Total with its in-facility/outreach components,Use report period after it is confirmed; do not combine incompatible schema versions,Use HMIS Facility Code as source key and retain NIN/HFR as separate crosswalk identifiers,Operational use pending row-value and custodian validation
HMIS-RPTCOL-STATE-0424,HMIS-DE-0648,14.20.1.c,Total number of blood samples screened by ELISA/Rapid tests for viral hepatitis C(Anti- HCV),"Source-defined; generally additive counts unless the field represents a status, stock or subgroup heading","Do not collapse zero, blank, not applicable and non-reporting. Current HMIS 2.0 behavior requires custodian confirmation.","Aggregate only mutually exclusive reporting rows after facility, format and service-context deduplication",Never sum Total with its in-facility/outreach components,Use report period after it is confirmed; do not combine incompatible schema versions,Use HMIS Facility Code as source key and retain NIN/HFR as separate crosswalk identifiers,Operational use pending row-value and custodian validation
HMIS-RPTCOL-STATE-0425,HMIS-DE-0650,14.20.1.d,Total number of blood samples screened by ELISA/Rapid tests for viral hepatitis E(i.e. IgM Anti-HEV),"Source-defined; generally additive counts unless the field represents a status, stock or subgroup heading","Do not collapse zero, blank, not applicable and non-reporting. Current HMIS 2.0 behavior requires custodian confirmation.","Aggregate only mutually exclusive reporting rows after facility, format and service-context deduplication",Never sum Total with its in-facility/outreach components,Use report period after it is confirmed; do not combine incompatible schema versions,Use HMIS Facility Code as source key and retain NIN/HFR as separate crosswalk identifiers,Operational use pending row-value and custodian validation
HMIS-RPTCOL-STATE-0426,HMIS-DE-0651,14.20.2.a,Total number of blood samples tested positive by ELISA/ Rapid tests for Hepatitis A (out of those tested for IgM Anti- HAV),"Source-defined; generally additive counts unless the field represents a status, stock or subgroup heading","Do not collapse zero, blank, not applicable and non-reporting. Current HMIS 2.0 behavior requires custodian confirmation.","Aggregate only mutually exclusive reporting rows after facility, format and service-context deduplication",Never sum Total with its in-facility/outreach components,Use report period after it is confirmed; do not combine incompatible schema versions,Use HMIS Facility Code as source key and retain NIN/HFR as separate crosswalk identifiers,Operational use pending row-value and custodian validation
HMIS-RPTCOL-STATE-0427,HMIS-DE-0652,14.20.2.b,Total number of blood samples tested positive by ELISA/ Rapid tests for Hepatitis B (out of those tested for HBsAg excluding pregnant women),"Source-defined; generally additive counts unless the field represents a status, stock or subgroup heading","Do not collapse zero, blank, not applicable and non-reporting. Current HMIS 2.0 behavior requires custodian confirmation.","Aggregate only mutually exclusive reporting rows after facility, format and service-context deduplication",Never sum Total with its in-facility/outreach components,Use report period after it is confirmed; do not combine incompatible schema versions,Use HMIS Facility Code as source key and retain NIN/HFR as separate crosswalk identifiers,Operational use pending row-value and custodian validation
HMIS-RPTCOL-STATE-0428,HMIS-DE-0687,14.20.2.b.i,Total number of positive blood samples for hepatitis B by ELISA/ Rapid tests tested for HBV DNA(out of those tested positive for HBsAg excluding pregnant women),"Source-defined; generally additive counts unless the field represents a status, stock or subgroup heading","Do not collapse zero, blank, not applicable and non-reporting. Current HMIS 2.0 behavior requires custodian confirmation.","Aggregate only mutually exclusive reporting rows after facility, format and service-context deduplication",Never sum Total with its in-facility/outreach components,Use report period after it is confirmed; do not combine incompatible schema versions,Use HMIS Facility Code as source key and retain NIN/HFR as separate crosswalk identifiers,Operational use pending row-value and custodian validation
HMIS-RPTCOL-STATE-0429,,14.20.2.b.ii,Total number of patients found positive for HBsAg eligible for treatment for hepatitis B (excluding pregnant women),Not established; candidate element must not be aggregated operationally,Unconfirmed; preserve null/blank separately from explicit zero,"Aggregate only mutually exclusive reporting rows after facility, format and service-context deduplication",Never sum Total with its in-facility/outreach components,Use report period after it is confirmed; do not combine incompatible schema versions,Use HMIS Facility Code as source key and retain NIN/HFR as separate crosswalk identifiers,Operational use pending row-value and custodian validation
HMIS-RPTCOL-STATE-0430,,14.20.2.b.iii,Total number of patients eligible for treatment for Hepatitis B put on treatment(out of those eligible for treatment excluding pregnant women),Not established; candidate element must not be aggregated operationally,Unconfirmed; preserve null/blank separately from explicit zero,"Aggregate only mutually exclusive reporting rows after facility, format and service-context deduplication",Never sum Total with its in-facility/outreach components,Use report period after it is confirmed; do not combine incompatible schema versions,Use HMIS Facility Code as source key and retain NIN/HFR as separate crosswalk identifiers,Operational use pending row-value and custodian validation
HMIS-RPTCOL-STATE-0431,HMIS-DE-0653,14.20.2.c,Total number of blood samples tested positive by ELISA/ Rapid tests for Hepatitis C (out of those tested for Anti-HCV),"Source-defined; generally additive counts unless the field represents a status, stock or subgroup heading","Do not collapse zero, blank, not applicable and non-reporting. Current HMIS 2.0 behavior requires custodian confirmation.","Aggregate only mutually exclusive reporting rows after facility, format and service-context deduplication",Never sum Total with its in-facility/outreach components,Use report period after it is confirmed; do not combine incompatible schema versions,Use HMIS Facility Code as source key and retain NIN/HFR as separate crosswalk identifiers,Operational use pending row-value and custodian validation
HMIS-RPTCOL-STATE-0432,HMIS-DE-0688,14.20.2.c.i,Total number of positive blood samples for Hepatitis C screened by test (ELISA/ Rapid tests) confirmed by HCV RNA testing (out of those positive for anti-HCV),"Source-defined; generally additive counts unless the field represents a status, stock or subgroup heading","Do not collapse zero, blank, not applicable and non-reporting. Current HMIS 2.0 behavior requires custodian confirmation.","Aggregate only mutually exclusive reporting rows after facility, format and service-context deduplication",Never sum Total with its in-facility/outreach components,Use report period after it is confirmed; do not combine incompatible schema versions,Use HMIS Facility Code as source key and retain NIN/HFR as separate crosswalk identifiers,Operational use pending row-value and custodian validation
HMIS-RPTCOL-STATE-0433,,14.20.2.c.ii,Total number of patients put on treatment for Hepatitis C (out of those confirmed by HCV RNA i.e. HCV RNA detected),Not established; candidate element must not be aggregated operationally,Unconfirmed; preserve null/blank separately from explicit zero,"Aggregate only mutually exclusive reporting rows after facility, format and service-context deduplication",Never sum Total with its in-facility/outreach components,Use report period after it is confirmed; do not combine incompatible schema versions,Use HMIS Facility Code as source key and retain NIN/HFR as separate crosswalk identifiers,Operational use pending row-value and custodian validation
HMIS-RPTCOL-STATE-0434,,14.20.2.c.iii,Total number of positive Hepatitis C patients who have completed treatment,Not established; candidate element must not be aggregated operationally,Unconfirmed; preserve null/blank separately from explicit zero,"Aggregate only mutually exclusive reporting rows after facility, format and service-context deduplication",Never sum Total with its in-facility/outreach components,Use report period after it is confirmed; do not combine incompatible schema versions,Use HMIS Facility Code as source key and retain NIN/HFR as separate crosswalk identifiers,Operational use pending row-value and custodian validation
HMIS-RPTCOL-STATE-0435,,14.20.2.c.iv,Total number of patients cleared for HCV RNA on sustained virological response at 12 weeks (SVR12),Not established; candidate element must not be aggregated operationally,Unconfirmed; preserve null/blank separately from explicit zero,"Aggregate only mutually exclusive reporting rows after facility, format and service-context deduplication",Never sum Total with its in-facility/outreach components,Use report period after it is confirmed; do not combine incompatible schema versions,Use HMIS Facility Code as source key and retain NIN/HFR as separate crosswalk identifiers,Operational use pending row-value and custodian validation
HMIS-RPTCOL-STATE-0436,HMIS-DE-0654,14.20.2.d,Total number of blood samples tested positive by ELISA/ Rapid tests for Hepatitis E(out of those tested for IgM Anti-HEV),"Source-defined; generally additive counts unless the field represents a status, stock or subgroup heading","Do not collapse zero, blank, not applicable and non-reporting. Current HMIS 2.0 behavior requires custodian confirmation.","Aggregate only mutually exclusive reporting rows after facility, format and service-context deduplication",Never sum Total with its in-facility/outreach components,Use report period after it is confirmed; do not combine incompatible schema versions,Use HMIS Facility Code as source key and retain NIN/HFR as separate crosswalk identifiers,Operational use pending row-value and custodian validation
HMIS-RPTCOL-STATE-0437,HMIS-DE-0477,14.20.3.a,Number of Pregnant Women tested for HBsAg,"Source-defined; generally additive counts unless the field represents a status, stock or subgroup heading","Do not collapse zero, blank, not applicable and non-reporting. Current HMIS 2.0 behavior requires custodian confirmation.","Aggregate only mutually exclusive reporting rows after facility, format and service-context deduplication",Never sum Total with its in-facility/outreach components,Use report period after it is confirmed; do not combine incompatible schema versions,Use HMIS Facility Code as source key and retain NIN/HFR as separate crosswalk identifiers,Operational use pending row-value and custodian validation
HMIS-RPTCOL-STATE-0438,HMIS-DE-0481,14.20.3.b,Number of Pregnant Women who are HBsAg positive(out of those tested for Hepatitis B i.e. HBsAg),"Source-defined; generally additive counts unless the field represents a status, stock or subgroup heading","Do not collapse zero, blank, not applicable and non-reporting. Current HMIS 2.0 behavior requires custodian confirmation.","Aggregate only mutually exclusive reporting rows after facility, format and service-context deduplication",Never sum Total with its in-facility/outreach components,Use report period after it is confirmed; do not combine incompatible schema versions,Use HMIS Facility Code as source key and retain NIN/HFR as separate crosswalk identifiers,Operational use pending row-value and custodian validation
HMIS-RPTCOL-STATE-0439,HMIS-DE-0464,14.20.3.c,Number of Pregnant Women found positive for HBsAg referred out to higher centre for institutional delivery,"Source-defined; generally additive counts unless the field represents a status, stock or subgroup heading","Do not collapse zero, blank, not applicable and non-reporting. Current HMIS 2.0 behavior requires custodian confirmation.","Aggregate only mutually exclusive reporting rows after facility, format and service-context deduplication",Never sum Total with its in-facility/outreach components,Use report period after it is confirmed; do not combine incompatible schema versions,Use HMIS Facility Code as source key and retain NIN/HFR as separate crosswalk identifiers,Operational use pending row-value and custodian validation
HMIS-RPTCOL-STATE-0440,HMIS-DE-0463,14.20.3.d,Number of Pregnant Women found positive for HBsAg delivered in an institution,"Source-defined; generally additive counts unless the field represents a status, stock or subgroup heading","Do not collapse zero, blank, not applicable and non-reporting. Current HMIS 2.0 behavior requires custodian confirmation.","Aggregate only mutually exclusive reporting rows after facility, format and service-context deduplication",Never sum Total with its in-facility/outreach components,Use report period after it is confirmed; do not combine incompatible schema versions,Use HMIS Facility Code as source key and retain NIN/HFR as separate crosswalk identifiers,Operational use pending row-value and custodian validation
HMIS-RPTCOL-STATE-0441,HMIS-DE-0426,14.20.3.e,Number of newborn who received birth dose of Hepatitis B vaccine born to HBsAg positive pregnant women,"Source-defined; generally additive counts unless the field represents a status, stock or subgroup heading","Do not collapse zero, blank, not applicable and non-reporting. Current HMIS 2.0 behavior requires custodian confirmation.","Aggregate only mutually exclusive reporting rows after facility, format and service-context deduplication",Never sum Total with its in-facility/outreach components,Use report period after it is confirmed; do not combine incompatible schema versions,Use HMIS Facility Code as source key and retain NIN/HFR as separate crosswalk identifiers,Operational use pending row-value and custodian validation
HMIS-RPTCOL-STATE-0442,HMIS-DE-0423,14.20.3.f,Number of New Borns to Pregnant Women (found positive for HBsAg) received Hepatitis B Immunoglobulin (HBIG) (within 24 hours of birth),"Source-defined; generally additive counts unless the field represents a status, stock or subgroup heading","Do not collapse zero, blank, not applicable and non-reporting. Current HMIS 2.0 behavior requires custodian confirmation.","Aggregate only mutually exclusive reporting rows after facility, format and service-context deduplication",Never sum Total with its in-facility/outreach components,Use report period after it is confirmed; do not combine incompatible schema versions,Use HMIS Facility Code as source key and retain NIN/HFR as separate crosswalk identifiers,Operational use pending row-value and custodian validation
HMIS-RPTCOL-STATE-0443,HMIS-DE-0676,15.1.1,Total Number of Lab Tests done- Inhouse (including kits tests conducted in Laboratory),"Source-defined; generally additive counts unless the field represents a status, stock or subgroup heading","Do not collapse zero, blank, not applicable and non-reporting. Current HMIS 2.0 behavior requires custodian confirmation.","Aggregate only mutually exclusive reporting rows after facility, format and service-context deduplication",Never sum Total with its in-facility/outreach components,Use report period after it is confirmed; do not combine incompatible schema versions,Use HMIS Facility Code as source key and retain NIN/HFR as separate crosswalk identifiers,Operational use pending row-value and custodian validation
HMIS-RPTCOL-STATE-0444,HMIS-DE-0677,15.1.2,Total Number of Lab Tests done- Outsourced (including kits tests conducted in Laboratory),"Source-defined; generally additive counts unless the field represents a status, stock or subgroup heading","Do not collapse zero, blank, not applicable and non-reporting. Current HMIS 2.0 behavior requires custodian confirmation.","Aggregate only mutually exclusive reporting rows after facility, format and service-context deduplication",Never sum Total with its in-facility/outreach components,Use report period after it is confirmed; do not combine incompatible schema versions,Use HMIS Facility Code as source key and retain NIN/HFR as separate crosswalk identifiers,Operational use pending row-value and custodian validation
HMIS-RPTCOL-STATE-0445,HMIS-DE-0674,15.1.3,Total Number of Kit Tests conducted in Outreach areas/Camps/in-facility(outside lab),"Source-defined; generally additive counts unless the field represents a status, stock or subgroup heading","Do not collapse zero, blank, not applicable and non-reporting. Current HMIS 2.0 behavior requires custodian confirmation.","Aggregate only mutually exclusive reporting rows after facility, format and service-context deduplication",Never sum Total with its in-facility/outreach components,Use report period after it is confirmed; do not combine incompatible schema versions,Use HMIS Facility Code as source key and retain NIN/HFR as separate crosswalk identifiers,Operational use pending row-value and custodian validation
HMIS-RPTCOL-STATE-0446,HMIS-DE-0367,15.2.1,Number of Hb tests conducted including kit tests,"Source-defined; generally additive counts unless the field represents a status, stock or subgroup heading","Do not collapse zero, blank, not applicable and non-reporting. Current HMIS 2.0 behavior requires custodian confirmation.","Aggregate only mutually exclusive reporting rows after facility, format and service-context deduplication",Never sum Total with its in-facility/outreach components,Use report period after it is confirmed; do not combine incompatible schema versions,Use HMIS Facility Code as source key and retain NIN/HFR as separate crosswalk identifiers,Operational use pending row-value and custodian validation
HMIS-RPTCOL-STATE-0447,HMIS-DE-0574,15.2.2,"Out of the total number of Hb tests done, Number having Hb < 7 mg","Source-defined; generally additive counts unless the field represents a status, stock or subgroup heading","Do not collapse zero, blank, not applicable and non-reporting. Current HMIS 2.0 behavior requires custodian confirmation.","Aggregate only mutually exclusive reporting rows after facility, format and service-context deduplication",Never sum Total with its in-facility/outreach components,Use report period after it is confirmed; do not combine incompatible schema versions,Use HMIS Facility Code as source key and retain NIN/HFR as separate crosswalk identifiers,Operational use pending row-value and custodian validation
HMIS-RPTCOL-STATE-0448,HMIS-DE-0403,15.3.1.a,Number of males screened for HIV by Whole Blood Finger Prick/RDT test/POC test,"Source-defined; generally additive counts unless the field represents a status, stock or subgroup heading","Do not collapse zero, blank, not applicable and non-reporting. Current HMIS 2.0 behavior requires custodian confirmation.","Aggregate only mutually exclusive reporting rows after facility, format and service-context deduplication",Never sum Total with its in-facility/outreach components,Use report period after it is confirmed; do not combine incompatible schema versions,Use HMIS Facility Code as source key and retain NIN/HFR as separate crosswalk identifiers,Operational use pending row-value and custodian validation
HMIS-RPTCOL-STATE-0449,HMIS-DE-0556,15.3.1.b,"Out of the above, No. of males found reactive for HIV","Source-defined; generally additive counts unless the field represents a status, stock or subgroup heading","Do not collapse zero, blank, not applicable and non-reporting. Current HMIS 2.0 behavior requires custodian confirmation.","Aggregate only mutually exclusive reporting rows after facility, format and service-context deduplication",Never sum Total with its in-facility/outreach components,Use report period after it is confirmed; do not combine incompatible schema versions,Use HMIS Facility Code as source key and retain NIN/HFR as separate crosswalk identifiers,Operational use pending row-value and custodian validation
HMIS-RPTCOL-STATE-0450,HMIS-DE-0263,15.3.1.c,No. of males subjected to HIV test at Confirmatory Centre/Stand Alone-ICTC,"Source-defined; generally additive counts unless the field represents a status, stock or subgroup heading","Do not collapse zero, blank, not applicable and non-reporting. Current HMIS 2.0 behavior requires custodian confirmation.","Aggregate only mutually exclusive reporting rows after facility, format and service-context deduplication",Never sum Total with its in-facility/outreach components,Use report period after it is confirmed; do not combine incompatible schema versions,Use HMIS Facility Code as source key and retain NIN/HFR as separate crosswalk identifiers,Operational use pending row-value and custodian validation
HMIS-RPTCOL-STATE-0451,HMIS-DE-0555,15.3.1.d,"Out of the above, No. of males confirmed as HIV Positive","Source-defined; generally additive counts unless the field represents a status, stock or subgroup heading","Do not collapse zero, blank, not applicable and non-reporting. Current HMIS 2.0 behavior requires custodian confirmation.","Aggregate only mutually exclusive reporting rows after facility, format and service-context deduplication",Never sum Total with its in-facility/outreach components,Use report period after it is confirmed; do not combine incompatible schema versions,Use HMIS Facility Code as source key and retain NIN/HFR as separate crosswalk identifiers,Operational use pending row-value and custodian validation
HMIS-RPTCOL-STATE-0452,HMIS-DE-0356,15.3.2.a,Number of females (non-ANC) screened for HIV by Whole Blood Finger Prick/RDT test/POC test,"Source-defined; generally additive counts unless the field represents a status, stock or subgroup heading","Do not collapse zero, blank, not applicable and non-reporting. Current HMIS 2.0 behavior requires custodian confirmation.","Aggregate only mutually exclusive reporting rows after facility, format and service-context deduplication",Never sum Total with its in-facility/outreach components,Use report period after it is confirmed; do not combine incompatible schema versions,Use HMIS Facility Code as source key and retain NIN/HFR as separate crosswalk identifiers,Operational use pending row-value and custodian validation
HMIS-RPTCOL-STATE-0453,HMIS-DE-0552,15.3.2.b,"Out of the above, No. of females (non-ANC) found reactive for HIV","Source-defined; generally additive counts unless the field represents a status, stock or subgroup heading","Do not collapse zero, blank, not applicable and non-reporting. Current HMIS 2.0 behavior requires custodian confirmation.","Aggregate only mutually exclusive reporting rows after facility, format and service-context deduplication",Never sum Total with its in-facility/outreach components,Use report period after it is confirmed; do not combine incompatible schema versions,Use HMIS Facility Code as source key and retain NIN/HFR as separate crosswalk identifiers,Operational use pending row-value and custodian validation
HMIS-RPTCOL-STATE-0454,HMIS-DE-0256,15.3.2.c,No. of females (non-ANC) subjected to HIV test at Confirmatory Centre/Stand Alone-ICTC,"Source-defined; generally additive counts unless the field represents a status, stock or subgroup heading","Do not collapse zero, blank, not applicable and non-reporting. Current HMIS 2.0 behavior requires custodian confirmation.","Aggregate only mutually exclusive reporting rows after facility, format and service-context deduplication",Never sum Total with its in-facility/outreach components,Use report period after it is confirmed; do not combine incompatible schema versions,Use HMIS Facility Code as source key and retain NIN/HFR as separate crosswalk identifiers,Operational use pending row-value and custodian validation
HMIS-RPTCOL-STATE-0455,HMIS-DE-0551,15.3.2.d,"Out of the above, No. of females (non-ANC) confirmed as HIV Positive","Source-defined; generally additive counts unless the field represents a status, stock or subgroup heading","Do not collapse zero, blank, not applicable and non-reporting. Current HMIS 2.0 behavior requires custodian confirmation.","Aggregate only mutually exclusive reporting rows after facility, format and service-context deduplication",Never sum Total with its in-facility/outreach components,Use report period after it is confirmed; do not combine incompatible schema versions,Use HMIS Facility Code as source key and retain NIN/HFR as separate crosswalk identifiers,Operational use pending row-value and custodian validation
HMIS-RPTCOL-STATE-0456,HMIS-DE-0462,15.3.3.a,Number of Pregnant Women (PW-ANC) screened for HIV by Whole Blood Finger Prick/RDT test/POC test,"Source-defined; generally additive counts unless the field represents a status, stock or subgroup heading","Do not collapse zero, blank, not applicable and non-reporting. Current HMIS 2.0 behavior requires custodian confirmation.","Aggregate only mutually exclusive reporting rows after facility, format and service-context deduplication",Never sum Total with its in-facility/outreach components,Use report period after it is confirmed; do not combine incompatible schema versions,Use HMIS Facility Code as source key and retain NIN/HFR as separate crosswalk identifiers,Operational use pending row-value and custodian validation
HMIS-RPTCOL-STATE-0457,HMIS-DE-0558,15.3.3.b,"Out of the above, No. of PW(ANC) found reactive for HIV","Source-defined; generally additive counts unless the field represents a status, stock or subgroup heading","Do not collapse zero, blank, not applicable and non-reporting. Current HMIS 2.0 behavior requires custodian confirmation.","Aggregate only mutually exclusive reporting rows after facility, format and service-context deduplication",Never sum Total with its in-facility/outreach components,Use report period after it is confirmed; do not combine incompatible schema versions,Use HMIS Facility Code as source key and retain NIN/HFR as separate crosswalk identifiers,Operational use pending row-value and custodian validation
HMIS-RPTCOL-STATE-0458,HMIS-DE-0268,15.3.3.c,No. of PW(ANC) subjected to HIV test at Confirmatory Centre/Stand Alone-ICTC,"Source-defined; generally additive counts unless the field represents a status, stock or subgroup heading","Do not collapse zero, blank, not applicable and non-reporting. Current HMIS 2.0 behavior requires custodian confirmation.","Aggregate only mutually exclusive reporting rows after facility, format and service-context deduplication",Never sum Total with its in-facility/outreach components,Use report period after it is confirmed; do not combine incompatible schema versions,Use HMIS Facility Code as source key and retain NIN/HFR as separate crosswalk identifiers,Operational use pending row-value and custodian validation
HMIS-RPTCOL-STATE-0459,HMIS-DE-0557,15.3.3.d,"Out of the above, No. of PW(ANC) confirmed as HIV Positive","Source-defined; generally additive counts unless the field represents a status, stock or subgroup heading","Do not collapse zero, blank, not applicable and non-reporting. Current HMIS 2.0 behavior requires custodian confirmation.","Aggregate only mutually exclusive reporting rows after facility, format and service-context deduplication",Never sum Total with its in-facility/outreach components,Use report period after it is confirmed; do not combine incompatible schema versions,Use HMIS Facility Code as source key and retain NIN/HFR as separate crosswalk identifiers,Operational use pending row-value and custodian validation
HMIS-RPTCOL-STATE-0460,HMIS-DE-0351,15.3.3.e,Number of DIL women screened for HIV by Whole Blood Finger Prick/RDT test/POC test,"Source-defined; generally additive counts unless the field represents a status, stock or subgroup heading","Do not collapse zero, blank, not applicable and non-reporting. Current HMIS 2.0 behavior requires custodian confirmation.","Aggregate only mutually exclusive reporting rows after facility, format and service-context deduplication",Never sum Total with its in-facility/outreach components,Use report period after it is confirmed; do not combine incompatible schema versions,Use HMIS Facility Code as source key and retain NIN/HFR as separate crosswalk identifiers,Operational use pending row-value and custodian validation
HMIS-RPTCOL-STATE-0461,HMIS-DE-0550,15.3.3.f,"Out of the above, No. of DIL women found reactive for HIV","Source-defined; generally additive counts unless the field represents a status, stock or subgroup heading","Do not collapse zero, blank, not applicable and non-reporting. Current HMIS 2.0 behavior requires custodian confirmation.","Aggregate only mutually exclusive reporting rows after facility, format and service-context deduplication",Never sum Total with its in-facility/outreach components,Use report period after it is confirmed; do not combine incompatible schema versions,Use HMIS Facility Code as source key and retain NIN/HFR as separate crosswalk identifiers,Operational use pending row-value and custodian validation
HMIS-RPTCOL-STATE-0462,HMIS-DE-0254,15.3.3.g,No. of DIL women subjected to HIV test at Confirmatory Centre/Stand Alone-ICTC,"Source-defined; generally additive counts unless the field represents a status, stock or subgroup heading","Do not collapse zero, blank, not applicable and non-reporting. Current HMIS 2.0 behavior requires custodian confirmation.","Aggregate only mutually exclusive reporting rows after facility, format and service-context deduplication",Never sum Total with its in-facility/outreach components,Use report period after it is confirmed; do not combine incompatible schema versions,Use HMIS Facility Code as source key and retain NIN/HFR as separate crosswalk identifiers,Operational use pending row-value and custodian validation
HMIS-RPTCOL-STATE-0463,HMIS-DE-0549,15.3.3.h,"Out of the above, No. of DIL women confirmed as HIV Positive","Source-defined; generally additive counts unless the field represents a status, stock or subgroup heading","Do not collapse zero, blank, not applicable and non-reporting. Current HMIS 2.0 behavior requires custodian confirmation.","Aggregate only mutually exclusive reporting rows after facility, format and service-context deduplication",Never sum Total with its in-facility/outreach components,Use report period after it is confirmed; do not combine incompatible schema versions,Use HMIS Facility Code as source key and retain NIN/HFR as separate crosswalk identifiers,Operational use pending row-value and custodian validation
HMIS-RPTCOL-STATE-0464,HMIS-DE-0461,15.3.3.i,Number of Pregnant Women (ANC&DIL) screened for HIV more than once(Repeated testing),"Source-defined; generally additive counts unless the field represents a status, stock or subgroup heading","Do not collapse zero, blank, not applicable and non-reporting. Current HMIS 2.0 behavior requires custodian confirmation.","Aggregate only mutually exclusive reporting rows after facility, format and service-context deduplication",Never sum Total with its in-facility/outreach components,Use report period after it is confirmed; do not combine incompatible schema versions,Use HMIS Facility Code as source key and retain NIN/HFR as separate crosswalk identifiers,Operational use pending row-value and custodian validation
HMIS-RPTCOL-STATE-0465,HMIS-DE-0366,15.3.4.a,Number of H/TG people screened for HIV by Whole Blood Finger Prick/RDT test/POC test,"Source-defined; generally additive counts unless the field represents a status, stock or subgroup heading","Do not collapse zero, blank, not applicable and non-reporting. Current HMIS 2.0 behavior requires custodian confirmation.","Aggregate only mutually exclusive reporting rows after facility, format and service-context deduplication",Never sum Total with its in-facility/outreach components,Use report period after it is confirmed; do not combine incompatible schema versions,Use HMIS Facility Code as source key and retain NIN/HFR as separate crosswalk identifiers,Operational use pending row-value and custodian validation
HMIS-RPTCOL-STATE-0466,HMIS-DE-0554,15.3.4.b,"Out of the above, No. of H/TG people found reactive for HIV","Source-defined; generally additive counts unless the field represents a status, stock or subgroup heading","Do not collapse zero, blank, not applicable and non-reporting. Current HMIS 2.0 behavior requires custodian confirmation.","Aggregate only mutually exclusive reporting rows after facility, format and service-context deduplication",Never sum Total with its in-facility/outreach components,Use report period after it is confirmed; do not combine incompatible schema versions,Use HMIS Facility Code as source key and retain NIN/HFR as separate crosswalk identifiers,Operational use pending row-value and custodian validation
HMIS-RPTCOL-STATE-0467,HMIS-DE-0258,15.3.4.c,No. of H/TG people subjected to HIV test at Confirmatory Centre/Stand Alone-ICTC,"Source-defined; generally additive counts unless the field represents a status, stock or subgroup heading","Do not collapse zero, blank, not applicable and non-reporting. Current HMIS 2.0 behavior requires custodian confirmation.","Aggregate only mutually exclusive reporting rows after facility, format and service-context deduplication",Never sum Total with its in-facility/outreach components,Use report period after it is confirmed; do not combine incompatible schema versions,Use HMIS Facility Code as source key and retain NIN/HFR as separate crosswalk identifiers,Operational use pending row-value and custodian validation
HMIS-RPTCOL-STATE-0468,HMIS-DE-0553,15.3.4.d,"Out of the above, No. of H/TG people confirmed as HIV Positive","Source-defined; generally additive counts unless the field represents a status, stock or subgroup heading","Do not collapse zero, blank, not applicable and non-reporting. Current HMIS 2.0 behavior requires custodian confirmation.","Aggregate only mutually exclusive reporting rows after facility, format and service-context deduplication",Never sum Total with its in-facility/outreach components,Use report period after it is confirmed; do not combine incompatible schema versions,Use HMIS Facility Code as source key and retain NIN/HFR as separate crosswalk identifiers,Operational use pending row-value and custodian validation
HMIS-RPTCOL-STATE-0469,HMIS-DE-0679,15.4.1.a,Total number of males tested for Syphilis (RPR/VDRL/PoC/ RDT/TPHA),"Source-defined; generally additive counts unless the field represents a status, stock or subgroup heading","Do not collapse zero, blank, not applicable and non-reporting. Current HMIS 2.0 behavior requires custodian confirmation.","Aggregate only mutually exclusive reporting rows after facility, format and service-context deduplication",Never sum Total with its in-facility/outreach components,Use report period after it is confirmed; do not combine incompatible schema versions,Use HMIS Facility Code as source key and retain NIN/HFR as separate crosswalk identifiers,Operational use pending row-value and custodian validation
HMIS-RPTCOL-STATE-0470,HMIS-DE-0568,15.4.1.b,"Out of the above, number of males tested reactive for Syphilis (RPR/VDRL/PoC/ RDT/TPHA)","Source-defined; generally additive counts unless the field represents a status, stock or subgroup heading","Do not collapse zero, blank, not applicable and non-reporting. Current HMIS 2.0 behavior requires custodian confirmation.","Aggregate only mutually exclusive reporting rows after facility, format and service-context deduplication",Never sum Total with its in-facility/outreach components,Use report period after it is confirmed; do not combine incompatible schema versions,Use HMIS Facility Code as source key and retain NIN/HFR as separate crosswalk identifiers,Operational use pending row-value and custodian validation
HMIS-RPTCOL-STATE-0471,HMIS-DE-0570,15.4.1.c,"Out of the above, number of males treated for Syphilis","Source-defined; generally additive counts unless the field represents a status, stock or subgroup heading","Do not collapse zero, blank, not applicable and non-reporting. Current HMIS 2.0 behavior requires custodian confirmation.","Aggregate only mutually exclusive reporting rows after facility, format and service-context deduplication",Never sum Total with its in-facility/outreach components,Use report period after it is confirmed; do not combine incompatible schema versions,Use HMIS Facility Code as source key and retain NIN/HFR as separate crosswalk identifiers,Operational use pending row-value and custodian validation
HMIS-RPTCOL-STATE-0472,HMIS-DE-0668,15.4.2.a,Total number of female (non-ANC) tested for Syphilis (RPR/VDRL/PoC/ RDT/TPHA),"Source-defined; generally additive counts unless the field represents a status, stock or subgroup heading","Do not collapse zero, blank, not applicable and non-reporting. Current HMIS 2.0 behavior requires custodian confirmation.","Aggregate only mutually exclusive reporting rows after facility, format and service-context deduplication",Never sum Total with its in-facility/outreach components,Use report period after it is confirmed; do not combine incompatible schema versions,Use HMIS Facility Code as source key and retain NIN/HFR as separate crosswalk identifiers,Operational use pending row-value and custodian validation
HMIS-RPTCOL-STATE-0473,HMIS-DE-0561,15.4.2.b,"Out of the above, number of females (non-ANC) tested reactive for Syphilis (RPR/VDRL/PoC/ RDT/TPHA)","Source-defined; generally additive counts unless the field represents a status, stock or subgroup heading","Do not collapse zero, blank, not applicable and non-reporting. Current HMIS 2.0 behavior requires custodian confirmation.","Aggregate only mutually exclusive reporting rows after facility, format and service-context deduplication",Never sum Total with its in-facility/outreach components,Use report period after it is confirmed; do not combine incompatible schema versions,Use HMIS Facility Code as source key and retain NIN/HFR as separate crosswalk identifiers,Operational use pending row-value and custodian validation
HMIS-RPTCOL-STATE-0474,HMIS-DE-0562,15.4.2.c,"Out of the above, number of females (non-ANC) treated for Syphilis","Source-defined; generally additive counts unless the field represents a status, stock or subgroup heading","Do not collapse zero, blank, not applicable and non-reporting. Current HMIS 2.0 behavior requires custodian confirmation.","Aggregate only mutually exclusive reporting rows after facility, format and service-context deduplication",Never sum Total with its in-facility/outreach components,Use report period after it is confirmed; do not combine incompatible schema versions,Use HMIS Facility Code as source key and retain NIN/HFR as separate crosswalk identifiers,Operational use pending row-value and custodian validation
HMIS-RPTCOL-STATE-0475,HMIS-DE-0671,15.4.3.a,Total number of H/TG people tested for Syphilis (RPR/VDRL/PoC/ RDT/TPHA),"Source-defined; generally additive counts unless the field represents a status, stock or subgroup heading","Do not collapse zero, blank, not applicable and non-reporting. Current HMIS 2.0 behavior requires custodian confirmation.","Aggregate only mutually exclusive reporting rows after facility, format and service-context deduplication",Never sum Total with its in-facility/outreach components,Use report period after it is confirmed; do not combine incompatible schema versions,Use HMIS Facility Code as source key and retain NIN/HFR as separate crosswalk identifiers,Operational use pending row-value and custodian validation
HMIS-RPTCOL-STATE-0476,HMIS-DE-0564,15.4.3.b,"Out of the above, number of H/TG people tested reactive for Syphilis (RPR/VDRL/PoC/ RDT/TPHA)","Source-defined; generally additive counts unless the field represents a status, stock or subgroup heading","Do not collapse zero, blank, not applicable and non-reporting. Current HMIS 2.0 behavior requires custodian confirmation.","Aggregate only mutually exclusive reporting rows after facility, format and service-context deduplication",Never sum Total with its in-facility/outreach components,Use report period after it is confirmed; do not combine incompatible schema versions,Use HMIS Facility Code as source key and retain NIN/HFR as separate crosswalk identifiers,Operational use pending row-value and custodian validation
HMIS-RPTCOL-STATE-0477,HMIS-DE-0566,15.4.3.c,"Out of the above, number of H/TG people treated for Syphilis","Source-defined; generally additive counts unless the field represents a status, stock or subgroup heading","Do not collapse zero, blank, not applicable and non-reporting. Current HMIS 2.0 behavior requires custodian confirmation.","Aggregate only mutually exclusive reporting rows after facility, format and service-context deduplication",Never sum Total with its in-facility/outreach components,Use report period after it is confirmed; do not combine incompatible schema versions,Use HMIS Facility Code as source key and retain NIN/HFR as separate crosswalk identifiers,Operational use pending row-value and custodian validation
HMIS-RPTCOL-STATE-0478,HMIS-DE-0699,15.5.1,Widal tests- Number Tested,"Source-defined; generally additive counts unless the field represents a status, stock or subgroup heading","Do not collapse zero, blank, not applicable and non-reporting. Current HMIS 2.0 behavior requires custodian confirmation.","Aggregate only mutually exclusive reporting rows after facility, format and service-context deduplication",Never sum Total with its in-facility/outreach components,Use report period after it is confirmed; do not combine incompatible schema versions,Use HMIS Facility Code as source key and retain NIN/HFR as separate crosswalk identifiers,Operational use pending row-value and custodian validation
HMIS-RPTCOL-STATE-0479,HMIS-DE-0698,15.5.2,Widal tests- Number Positive,"Source-defined; generally additive counts unless the field represents a status, stock or subgroup heading","Do not collapse zero, blank, not applicable and non-reporting. Current HMIS 2.0 behavior requires custodian confirmation.","Aggregate only mutually exclusive reporting rows after facility, format and service-context deduplication",Never sum Total with its in-facility/outreach components,Use report period after it is confirmed; do not combine incompatible schema versions,Use HMIS Facility Code as source key and retain NIN/HFR as separate crosswalk identifiers,Operational use pending row-value and custodian validation
HMIS-RPTCOL-STATE-0480,HMIS-DE-0700,15.6.1.a.i,X-ray(Inhouse),"Source-defined; generally additive counts unless the field represents a status, stock or subgroup heading","Do not collapse zero, blank, not applicable and non-reporting. Current HMIS 2.0 behavior requires custodian confirmation.","Aggregate only mutually exclusive reporting rows after facility, format and service-context deduplication",Never sum Total with its in-facility/outreach components,Use report period after it is confirmed; do not combine incompatible schema versions,Use HMIS Facility Code as source key and retain NIN/HFR as separate crosswalk identifiers,Operational use pending row-value and custodian validation
HMIS-RPTCOL-STATE-0481,,15.6.1.a.i.1,"X-ray(Inhouse)-No. of chest X-rays done on patients with health risks- Diabetes, HIV, Smoking, Alcoholism, low BMI, geriatric population (>60),history of TB, contacts of TB",Not established; candidate element must not be aggregated operationally,Unconfirmed; preserve null/blank separately from explicit zero,"Aggregate only mutually exclusive reporting rows after facility, format and service-context deduplication",Never sum Total with its in-facility/outreach components,Use report period after it is confirmed; do not combine incompatible schema versions,Use HMIS Facility Code as source key and retain NIN/HFR as separate crosswalk identifiers,Operational use pending row-value and custodian validation
HMIS-RPTCOL-STATE-0482,,15.6.1.a.ii,X-ray(Outsource),Not established; candidate element must not be aggregated operationally,Unconfirmed; preserve null/blank separately from explicit zero,"Aggregate only mutually exclusive reporting rows after facility, format and service-context deduplication",Never sum Total with its in-facility/outreach components,Use report period after it is confirmed; do not combine incompatible schema versions,Use HMIS Facility Code as source key and retain NIN/HFR as separate crosswalk identifiers,Operational use pending row-value and custodian validation
HMIS-RPTCOL-STATE-0483,HMIS-DE-0696,15.6.1.b.i,Ultrasonography (USG) (Inhouse),"Source-defined; generally additive counts unless the field represents a status, stock or subgroup heading","Do not collapse zero, blank, not applicable and non-reporting. Current HMIS 2.0 behavior requires custodian confirmation.","Aggregate only mutually exclusive reporting rows after facility, format and service-context deduplication",Never sum Total with its in-facility/outreach components,Use report period after it is confirmed; do not combine incompatible schema versions,Use HMIS Facility Code as source key and retain NIN/HFR as separate crosswalk identifiers,Operational use pending row-value and custodian validation
HMIS-RPTCOL-STATE-0484,,15.6.1.b.ii,Ultrasonography (USG)(Outsource),Not established; candidate element must not be aggregated operationally,Unconfirmed; preserve null/blank separately from explicit zero,"Aggregate only mutually exclusive reporting rows after facility, format and service-context deduplication",Never sum Total with its in-facility/outreach components,Use report period after it is confirmed; do not combine incompatible schema versions,Use HMIS Facility Code as source key and retain NIN/HFR as separate crosswalk identifiers,Operational use pending row-value and custodian validation
HMIS-RPTCOL-STATE-0485,HMIS-DE-0097,15.6.1.c.i,CT scan (Inhouse),"Source-defined; generally additive counts unless the field represents a status, stock or subgroup heading","Do not collapse zero, blank, not applicable and non-reporting. Current HMIS 2.0 behavior requires custodian confirmation.","Aggregate only mutually exclusive reporting rows after facility, format and service-context deduplication",Never sum Total with its in-facility/outreach components,Use report period after it is confirmed; do not combine incompatible schema versions,Use HMIS Facility Code as source key and retain NIN/HFR as separate crosswalk identifiers,Operational use pending row-value and custodian validation
HMIS-RPTCOL-STATE-0486,,15.6.1.c.ii,CT scan (Outsource),Not established; candidate element must not be aggregated operationally,Unconfirmed; preserve null/blank separately from explicit zero,"Aggregate only mutually exclusive reporting rows after facility, format and service-context deduplication",Never sum Total with its in-facility/outreach components,Use report period after it is confirmed; do not combine incompatible schema versions,Use HMIS Facility Code as source key and retain NIN/HFR as separate crosswalk identifiers,Operational use pending row-value and custodian validation
HMIS-RPTCOL-STATE-0487,HMIS-DE-0234,15.6.1.d.i,MRI (Inhouse),"Source-defined; generally additive counts unless the field represents a status, stock or subgroup heading","Do not collapse zero, blank, not applicable and non-reporting. Current HMIS 2.0 behavior requires custodian confirmation.","Aggregate only mutually exclusive reporting rows after facility, format and service-context deduplication",Never sum Total with its in-facility/outreach components,Use report period after it is confirmed; do not combine incompatible schema versions,Use HMIS Facility Code as source key and retain NIN/HFR as separate crosswalk identifiers,Operational use pending row-value and custodian validation
HMIS-RPTCOL-STATE-0488,,15.6.1.d.ii,MRI (Outsource),Not established; candidate element must not be aggregated operationally,Unconfirmed; preserve null/blank separately from explicit zero,"Aggregate only mutually exclusive reporting rows after facility, format and service-context deduplication",Never sum Total with its in-facility/outreach components,Use report period after it is confirmed; do not combine incompatible schema versions,Use HMIS Facility Code as source key and retain NIN/HFR as separate crosswalk identifiers,Operational use pending row-value and custodian validation
HMIS-RPTCOL-STATE-0489,HMIS-DE-0113,15.6.1.e.i,ECG (Inhouse),"Source-defined; generally additive counts unless the field represents a status, stock or subgroup heading","Do not collapse zero, blank, not applicable and non-reporting. Current HMIS 2.0 behavior requires custodian confirmation.","Aggregate only mutually exclusive reporting rows after facility, format and service-context deduplication",Never sum Total with its in-facility/outreach components,Use report period after it is confirmed; do not combine incompatible schema versions,Use HMIS Facility Code as source key and retain NIN/HFR as separate crosswalk identifiers,Operational use pending row-value and custodian validation
HMIS-RPTCOL-STATE-0490,,15.6.1.e.ii,ECG (Outsource),Not established; candidate element must not be aggregated operationally,Unconfirmed; preserve null/blank separately from explicit zero,"Aggregate only mutually exclusive reporting rows after facility, format and service-context deduplication",Never sum Total with its in-facility/outreach components,Use report period after it is confirmed; do not combine incompatible schema versions,Use HMIS Facility Code as source key and retain NIN/HFR as separate crosswalk identifiers,Operational use pending row-value and custodian validation
HMIS-RPTCOL-STATE-0491,HMIS-DE-0246,16.1.1a,New born deaths within 24 hrs(1 to 23 Hrs 59 minutes) of birth at Facility/Facility to facility in transit,"Source-defined; generally additive counts unless the field represents a status, stock or subgroup heading","Do not collapse zero, blank, not applicable and non-reporting. Current HMIS 2.0 behavior requires custodian confirmation.","Aggregate only mutually exclusive reporting rows after facility, format and service-context deduplication",Never sum Total with its in-facility/outreach components,Use report period after it is confirmed; do not combine incompatible schema versions,Use HMIS Facility Code as source key and retain NIN/HFR as separate crosswalk identifiers,Operational use pending row-value and custodian validation
HMIS-RPTCOL-STATE-0492,HMIS-DE-0247,16.1.1.b,New born deaths within 24 hrs(1 to 23 Hrs 59 minutes) of birth in Community (at home or home to facility transit),"Source-defined; generally additive counts unless the field represents a status, stock or subgroup heading","Do not collapse zero, blank, not applicable and non-reporting. Current HMIS 2.0 behavior requires custodian confirmation.","Aggregate only mutually exclusive reporting rows after facility, format and service-context deduplication",Never sum Total with its in-facility/outreach components,Use report period after it is confirmed; do not combine incompatible schema versions,Use HMIS Facility Code as source key and retain NIN/HFR as separate crosswalk identifiers,Operational use pending row-value and custodian validation
HMIS-RPTCOL-STATE-0493,HMIS-DE-0244,16.1.2.a,New born deaths within 1 week (1 to 7 days) at Facility/Facility to facility in transit,"Source-defined; generally additive counts unless the field represents a status, stock or subgroup heading","Do not collapse zero, blank, not applicable and non-reporting. Current HMIS 2.0 behavior requires custodian confirmation.","Aggregate only mutually exclusive reporting rows after facility, format and service-context deduplication",Never sum Total with its in-facility/outreach components,Use report period after it is confirmed; do not combine incompatible schema versions,Use HMIS Facility Code as source key and retain NIN/HFR as separate crosswalk identifiers,Operational use pending row-value and custodian validation
HMIS-RPTCOL-STATE-0494,HMIS-DE-0243,16.1.2.b,New born deaths within 1 week (1 to 7 days) At Community (at home or home to facility transit),"Source-defined; generally additive counts unless the field represents a status, stock or subgroup heading","Do not collapse zero, blank, not applicable and non-reporting. Current HMIS 2.0 behavior requires custodian confirmation.","Aggregate only mutually exclusive reporting rows after facility, format and service-context deduplication",Never sum Total with its in-facility/outreach components,Use report period after it is confirmed; do not combine incompatible schema versions,Use HMIS Facility Code as source key and retain NIN/HFR as separate crosswalk identifiers,Operational use pending row-value and custodian validation
HMIS-RPTCOL-STATE-0495,HMIS-DE-0249,16.1.3.a,New born deaths within 8 to 28 days at Facility/Facility to facility in transit,"Source-defined; generally additive counts unless the field represents a status, stock or subgroup heading","Do not collapse zero, blank, not applicable and non-reporting. Current HMIS 2.0 behavior requires custodian confirmation.","Aggregate only mutually exclusive reporting rows after facility, format and service-context deduplication",Never sum Total with its in-facility/outreach components,Use report period after it is confirmed; do not combine incompatible schema versions,Use HMIS Facility Code as source key and retain NIN/HFR as separate crosswalk identifiers,Operational use pending row-value and custodian validation
HMIS-RPTCOL-STATE-0496,HMIS-DE-0248,16.1.3.b,New born deaths within 8 to 28 days At Community (at home or home to facility transit),"Source-defined; generally additive counts unless the field represents a status, stock or subgroup heading","Do not collapse zero, blank, not applicable and non-reporting. Current HMIS 2.0 behavior requires custodian confirmation.","Aggregate only mutually exclusive reporting rows after facility, format and service-context deduplication",Never sum Total with its in-facility/outreach components,Use report period after it is confirmed; do not combine incompatible schema versions,Use HMIS Facility Code as source key and retain NIN/HFR as separate crosswalk identifiers,Operational use pending row-value and custodian validation
HMIS-RPTCOL-STATE-0497,HMIS-DE-0159,16.1.4.a,Infant Deaths (>28 days to below 12 months) at Facility/Facility to facility in transit,"Source-defined; generally additive counts unless the field represents a status, stock or subgroup heading","Do not collapse zero, blank, not applicable and non-reporting. Current HMIS 2.0 behavior requires custodian confirmation.","Aggregate only mutually exclusive reporting rows after facility, format and service-context deduplication",Never sum Total with its in-facility/outreach components,Use report period after it is confirmed; do not combine incompatible schema versions,Use HMIS Facility Code as source key and retain NIN/HFR as separate crosswalk identifiers,Operational use pending row-value and custodian validation
HMIS-RPTCOL-STATE-0498,HMIS-DE-0158,16.1.4.b,Infant Deaths (>28 days to below 12 months) At Community (at home or home to facility transit),"Source-defined; generally additive counts unless the field represents a status, stock or subgroup heading","Do not collapse zero, blank, not applicable and non-reporting. Current HMIS 2.0 behavior requires custodian confirmation.","Aggregate only mutually exclusive reporting rows after facility, format and service-context deduplication",Never sum Total with its in-facility/outreach components,Use report period after it is confirmed; do not combine incompatible schema versions,Use HMIS Facility Code as source key and retain NIN/HFR as separate crosswalk identifiers,Operational use pending row-value and custodian validation
HMIS-RPTCOL-STATE-0499,HMIS-DE-0242,16.2.1,Neonatal Deaths up to 4 weeks (0 to 28 days) due to Sepsis,"Source-defined; generally additive counts unless the field represents a status, stock or subgroup heading","Do not collapse zero, blank, not applicable and non-reporting. Current HMIS 2.0 behavior requires custodian confirmation.","Aggregate only mutually exclusive reporting rows after facility, format and service-context deduplication",Never sum Total with its in-facility/outreach components,Use report period after it is confirmed; do not combine incompatible schema versions,Use HMIS Facility Code as source key and retain NIN/HFR as separate crosswalk identifiers,Operational use pending row-value and custodian validation
HMIS-RPTCOL-STATE-0500,HMIS-DE-0239,16.2.2,Neonatal Deaths up to 4 weeks (0 to 28 days) due to Asphyxia,"Source-defined; generally additive counts unless the field represents a status, stock or subgroup heading","Do not collapse zero, blank, not applicable and non-reporting. Current HMIS 2.0 behavior requires custodian confirmation.","Aggregate only mutually exclusive reporting rows after facility, format and service-context deduplication",Never sum Total with its in-facility/outreach components,Use report period after it is confirmed; do not combine incompatible schema versions,Use HMIS Facility Code as source key and retain NIN/HFR as separate crosswalk identifiers,Operational use pending row-value and custodian validation
HMIS-RPTCOL-STATE-0501,HMIS-DE-0240,16.2.3,Neonatal Deaths up to 4 weeks (0 to 28 days) due to complications of Prematurity,"Source-defined; generally additive counts unless the field represents a status, stock or subgroup heading","Do not collapse zero, blank, not applicable and non-reporting. Current HMIS 2.0 behavior requires custodian confirmation.","Aggregate only mutually exclusive reporting rows after facility, format and service-context deduplication",Never sum Total with its in-facility/outreach components,Use report period after it is confirmed; do not combine incompatible schema versions,Use HMIS Facility Code as source key and retain NIN/HFR as separate crosswalk identifiers,Operational use pending row-value and custodian validation
HMIS-RPTCOL-STATE-0502,HMIS-DE-0241,16.2.4,Neonatal Deaths up to 4 weeks (0 to 28 days) due to Other causes,"Source-defined; generally additive counts unless the field represents a status, stock or subgroup heading","Do not collapse zero, blank, not applicable and non-reporting. Current HMIS 2.0 behavior requires custodian confirmation.","Aggregate only mutually exclusive reporting rows after facility, format and service-context deduplication",Never sum Total with its in-facility/outreach components,Use report period after it is confirmed; do not combine incompatible schema versions,Use HMIS Facility Code as source key and retain NIN/HFR as separate crosswalk identifiers,Operational use pending row-value and custodian validation
HMIS-RPTCOL-STATE-0503,HMIS-DE-0381,16.3.1,Number of Infant Deaths (>28 days - below 12 months) due to Pneumonia,"Source-defined; generally additive counts unless the field represents a status, stock or subgroup heading","Do not collapse zero, blank, not applicable and non-reporting. Current HMIS 2.0 behavior requires custodian confirmation.","Aggregate only mutually exclusive reporting rows after facility, format and service-context deduplication",Never sum Total with its in-facility/outreach components,Use report period after it is confirmed; do not combine incompatible schema versions,Use HMIS Facility Code as source key and retain NIN/HFR as separate crosswalk identifiers,Operational use pending row-value and custodian validation
HMIS-RPTCOL-STATE-0504,HMIS-DE-0382,16.3.2,Number of Infant Deaths (>28 days - below 12 months) due to Diarrhoea,"Source-defined; generally additive counts unless the field represents a status, stock or subgroup heading","Do not collapse zero, blank, not applicable and non-reporting. Current HMIS 2.0 behavior requires custodian confirmation.","Aggregate only mutually exclusive reporting rows after facility, format and service-context deduplication",Never sum Total with its in-facility/outreach components,Use report period after it is confirmed; do not combine incompatible schema versions,Use HMIS Facility Code as source key and retain NIN/HFR as separate crosswalk identifiers,Operational use pending row-value and custodian validation
HMIS-RPTCOL-STATE-0505,HMIS-DE-0383,16.3.3,Number of Infant Deaths (>28 days - below 12 months) due to Fever related,"Source-defined; generally additive counts unless the field represents a status, stock or subgroup heading","Do not collapse zero, blank, not applicable and non-reporting. Current HMIS 2.0 behavior requires custodian confirmation.","Aggregate only mutually exclusive reporting rows after facility, format and service-context deduplication",Never sum Total with its in-facility/outreach components,Use report period after it is confirmed; do not combine incompatible schema versions,Use HMIS Facility Code as source key and retain NIN/HFR as separate crosswalk identifiers,Operational use pending row-value and custodian validation
HMIS-RPTCOL-STATE-0506,HMIS-DE-0384,16.3.4,Number of Infant Deaths (>28 days - below 12 months) due to Measles,"Source-defined; generally additive counts unless the field represents a status, stock or subgroup heading","Do not collapse zero, blank, not applicable and non-reporting. Current HMIS 2.0 behavior requires custodian confirmation.","Aggregate only mutually exclusive reporting rows after facility, format and service-context deduplication",Never sum Total with its in-facility/outreach components,Use report period after it is confirmed; do not combine incompatible schema versions,Use HMIS Facility Code as source key and retain NIN/HFR as separate crosswalk identifiers,Operational use pending row-value and custodian validation
HMIS-RPTCOL-STATE-0507,HMIS-DE-0385,16.3.5,Number of Infant Deaths (>28 days - below 12 months) due to Others,"Source-defined; generally additive counts unless the field represents a status, stock or subgroup heading","Do not collapse zero, blank, not applicable and non-reporting. Current HMIS 2.0 behavior requires custodian confirmation.","Aggregate only mutually exclusive reporting rows after facility, format and service-context deduplication",Never sum Total with its in-facility/outreach components,Use report period after it is confirmed; do not combine incompatible schema versions,Use HMIS Facility Code as source key and retain NIN/HFR as separate crosswalk identifiers,Operational use pending row-value and custodian validation
HMIS-RPTCOL-STATE-0508,HMIS-DE-0307,16.4.1,Number of Child Deaths (1 - below 5 years) due to Pneumonia,"Source-defined; generally additive counts unless the field represents a status, stock or subgroup heading","Do not collapse zero, blank, not applicable and non-reporting. Current HMIS 2.0 behavior requires custodian confirmation.","Aggregate only mutually exclusive reporting rows after facility, format and service-context deduplication",Never sum Total with its in-facility/outreach components,Use report period after it is confirmed; do not combine incompatible schema versions,Use HMIS Facility Code as source key and retain NIN/HFR as separate crosswalk identifiers,Operational use pending row-value and custodian validation
HMIS-RPTCOL-STATE-0509,HMIS-DE-0303,16.4.2,Number of Child Deaths (1 - below 5 years) due to Diarrhoea,"Source-defined; generally additive counts unless the field represents a status, stock or subgroup heading","Do not collapse zero, blank, not applicable and non-reporting. Current HMIS 2.0 behavior requires custodian confirmation.","Aggregate only mutually exclusive reporting rows after facility, format and service-context deduplication",Never sum Total with its in-facility/outreach components,Use report period after it is confirmed; do not combine incompatible schema versions,Use HMIS Facility Code as source key and retain NIN/HFR as separate crosswalk identifiers,Operational use pending row-value and custodian validation
HMIS-RPTCOL-STATE-0510,HMIS-DE-0304,16.4.3,Number of Child Deaths (1 - below 5 years) due to Fever related,"Source-defined; generally additive counts unless the field represents a status, stock or subgroup heading","Do not collapse zero, blank, not applicable and non-reporting. Current HMIS 2.0 behavior requires custodian confirmation.","Aggregate only mutually exclusive reporting rows after facility, format and service-context deduplication",Never sum Total with its in-facility/outreach components,Use report period after it is confirmed; do not combine incompatible schema versions,Use HMIS Facility Code as source key and retain NIN/HFR as separate crosswalk identifiers,Operational use pending row-value and custodian validation
HMIS-RPTCOL-STATE-0511,HMIS-DE-0305,16.4.4,Number of Child Deaths (1 - below 5 years) due to Measles,"Source-defined; generally additive counts unless the field represents a status, stock or subgroup heading","Do not collapse zero, blank, not applicable and non-reporting. Current HMIS 2.0 behavior requires custodian confirmation.","Aggregate only mutually exclusive reporting rows after facility, format and service-context deduplication",Never sum Total with its in-facility/outreach components,Use report period after it is confirmed; do not combine incompatible schema versions,Use HMIS Facility Code as source key and retain NIN/HFR as separate crosswalk identifiers,Operational use pending row-value and custodian validation
HMIS-RPTCOL-STATE-0512,HMIS-DE-0306,16.4.5,Number of Child Deaths (1 - below 5 years) due to Others,"Source-defined; generally additive counts unless the field represents a status, stock or subgroup heading","Do not collapse zero, blank, not applicable and non-reporting. Current HMIS 2.0 behavior requires custodian confirmation.","Aggregate only mutually exclusive reporting rows after facility, format and service-context deduplication",Never sum Total with its in-facility/outreach components,Use report period after it is confirmed; do not combine incompatible schema versions,Use HMIS Facility Code as source key and retain NIN/HFR as separate crosswalk identifiers,Operational use pending row-value and custodian validation
HMIS-RPTCOL-STATE-0513,HMIS-DE-0412,16.5.1,Number of Maternal Deaths at facility due to APH (Antepartum Haemmorhage),"Source-defined; generally additive counts unless the field represents a status, stock or subgroup heading","Do not collapse zero, blank, not applicable and non-reporting. Current HMIS 2.0 behavior requires custodian confirmation.","Aggregate only mutually exclusive reporting rows after facility, format and service-context deduplication",Never sum Total with its in-facility/outreach components,Use report period after it is confirmed; do not combine incompatible schema versions,Use HMIS Facility Code as source key and retain NIN/HFR as separate crosswalk identifiers,Operational use pending row-value and custodian validation
HMIS-RPTCOL-STATE-0514,HMIS-DE-0415,16.5.2,Number of Maternal Deaths at facility due to PPH (Post-Partum Haemmorhage),"Source-defined; generally additive counts unless the field represents a status, stock or subgroup heading","Do not collapse zero, blank, not applicable and non-reporting. Current HMIS 2.0 behavior requires custodian confirmation.","Aggregate only mutually exclusive reporting rows after facility, format and service-context deduplication",Never sum Total with its in-facility/outreach components,Use report period after it is confirmed; do not combine incompatible schema versions,Use HMIS Facility Code as source key and retain NIN/HFR as separate crosswalk identifiers,Operational use pending row-value and custodian validation
HMIS-RPTCOL-STATE-0515,HMIS-DE-0416,16.5.3,"Number of Maternal Deaths at facility due to Pregnancy related infection and sepsis, Fever","Source-defined; generally additive counts unless the field represents a status, stock or subgroup heading","Do not collapse zero, blank, not applicable and non-reporting. Current HMIS 2.0 behavior requires custodian confirmation.","Aggregate only mutually exclusive reporting rows after facility, format and service-context deduplication",Never sum Total with its in-facility/outreach components,Use report period after it is confirmed; do not combine incompatible schema versions,Use HMIS Facility Code as source key and retain NIN/HFR as separate crosswalk identifiers,Operational use pending row-value and custodian validation
HMIS-RPTCOL-STATE-0516,HMIS-DE-0411,16.5.4,Number of Maternal Deaths at facility due to Abortion and/ or its complication,"Source-defined; generally additive counts unless the field represents a status, stock or subgroup heading","Do not collapse zero, blank, not applicable and non-reporting. Current HMIS 2.0 behavior requires custodian confirmation.","Aggregate only mutually exclusive reporting rows after facility, format and service-context deduplication",Never sum Total with its in-facility/outreach components,Use report period after it is confirmed; do not combine incompatible schema versions,Use HMIS Facility Code as source key and retain NIN/HFR as separate crosswalk identifiers,Operational use pending row-value and custodian validation
HMIS-RPTCOL-STATE-0517,HMIS-DE-0413,16.5.5,Number of Maternal Deaths at facility due to Obstructed/prolonged labour,"Source-defined; generally additive counts unless the field represents a status, stock or subgroup heading","Do not collapse zero, blank, not applicable and non-reporting. Current HMIS 2.0 behavior requires custodian confirmation.","Aggregate only mutually exclusive reporting rows after facility, format and service-context deduplication",Never sum Total with its in-facility/outreach components,Use report period after it is confirmed; do not combine incompatible schema versions,Use HMIS Facility Code as source key and retain NIN/HFR as separate crosswalk identifiers,Operational use pending row-value and custodian validation
HMIS-RPTCOL-STATE-0518,HMIS-DE-0418,16.5.6,"Number of Maternal Deaths at facility due to Severe hypertension/fits/Pre Eclampsia/Eclampsia in pregnancy, during delivery and puerperium","Source-defined; generally additive counts unless the field represents a status, stock or subgroup heading","Do not collapse zero, blank, not applicable and non-reporting. Current HMIS 2.0 behavior requires custodian confirmation.","Aggregate only mutually exclusive reporting rows after facility, format and service-context deduplication",Never sum Total with its in-facility/outreach components,Use report period after it is confirmed; do not combine incompatible schema versions,Use HMIS Facility Code as source key and retain NIN/HFR as separate crosswalk identifiers,Operational use pending row-value and custodian validation
HMIS-RPTCOL-STATE-0519,HMIS-DE-0414,16.5.7,Number of Maternal Deaths at facility due to Other/Unknown Causes,"Source-defined; generally additive counts unless the field represents a status, stock or subgroup heading","Do not collapse zero, blank, not applicable and non-reporting. Current HMIS 2.0 behavior requires custodian confirmation.","Aggregate only mutually exclusive reporting rows after facility, format and service-context deduplication",Never sum Total with its in-facility/outreach components,Use report period after it is confirmed; do not combine incompatible schema versions,Use HMIS Facility Code as source key and retain NIN/HFR as separate crosswalk identifiers,Operational use pending row-value and custodian validation
HMIS-RPTCOL-STATE-0520,HMIS-DE-0009,16.5.8,"Age wise total Maternal Deaths, occurred at Facility","Source-defined; generally additive counts unless the field represents a status, stock or subgroup heading","Do not collapse zero, blank, not applicable and non-reporting. Current HMIS 2.0 behavior requires custodian confirmation.","Aggregate only mutually exclusive reporting rows after facility, format and service-context deduplication",Never sum Total with its in-facility/outreach components,Use report period after it is confirmed; do not combine incompatible schema versions,Use HMIS Facility Code as source key and retain NIN/HFR as separate crosswalk identifiers,Operational use pending row-value and custodian validation
HMIS-RPTCOL-STATE-0521,HMIS-DE-0591,16.5.8.a,"Out of total number of maternal deaths at facility, deaths with age less than <15 years","Source-defined; generally additive counts unless the field represents a status, stock or subgroup heading","Do not collapse zero, blank, not applicable and non-reporting. Current HMIS 2.0 behavior requires custodian confirmation.","Aggregate only mutually exclusive reporting rows after facility, format and service-context deduplication",Never sum Total with its in-facility/outreach components,Use report period after it is confirmed; do not combine incompatible schema versions,Use HMIS Facility Code as source key and retain NIN/HFR as separate crosswalk identifiers,Operational use pending row-value and custodian validation
HMIS-RPTCOL-STATE-0522,HMIS-DE-0590,16.5.8.b,"Out of total number of maternal deaths at facility, deaths with age 15-19 years","Source-defined; generally additive counts unless the field represents a status, stock or subgroup heading","Do not collapse zero, blank, not applicable and non-reporting. Current HMIS 2.0 behavior requires custodian confirmation.","Aggregate only mutually exclusive reporting rows after facility, format and service-context deduplication",Never sum Total with its in-facility/outreach components,Use report period after it is confirmed; do not combine incompatible schema versions,Use HMIS Facility Code as source key and retain NIN/HFR as separate crosswalk identifiers,Operational use pending row-value and custodian validation
HMIS-RPTCOL-STATE-0523,HMIS-DE-0582,16.5.8.c,"Out of total number maternal deaths at facility, deaths with age more than >19-49 years","Source-defined; generally additive counts unless the field represents a status, stock or subgroup heading","Do not collapse zero, blank, not applicable and non-reporting. Current HMIS 2.0 behavior requires custodian confirmation.","Aggregate only mutually exclusive reporting rows after facility, format and service-context deduplication",Never sum Total with its in-facility/outreach components,Use report period after it is confirmed; do not combine incompatible schema versions,Use HMIS Facility Code as source key and retain NIN/HFR as separate crosswalk identifiers,Operational use pending row-value and custodian validation
HMIS-RPTCOL-STATE-0524,HMIS-DE-0583,16.5.8.d,"Out of total number maternal deaths at facility, deaths with age more than >49 years","Source-defined; generally additive counts unless the field represents a status, stock or subgroup heading","Do not collapse zero, blank, not applicable and non-reporting. Current HMIS 2.0 behavior requires custodian confirmation.","Aggregate only mutually exclusive reporting rows after facility, format and service-context deduplication",Never sum Total with its in-facility/outreach components,Use report period after it is confirmed; do not combine incompatible schema versions,Use HMIS Facility Code as source key and retain NIN/HFR as separate crosswalk identifiers,Operational use pending row-value and custodian validation
HMIS-RPTCOL-STATE-0525,HMIS-DE-0630,16.6,Total Facility Based Maternal Death Reviews (FBMDR) done,"Source-defined; generally additive counts unless the field represents a status, stock or subgroup heading","Do not collapse zero, blank, not applicable and non-reporting. Current HMIS 2.0 behavior requires custodian confirmation.","Aggregate only mutually exclusive reporting rows after facility, format and service-context deduplication",Never sum Total with its in-facility/outreach components,Use report period after it is confirmed; do not combine incompatible schema versions,Use HMIS Facility Code as source key and retain NIN/HFR as separate crosswalk identifiers,Operational use pending row-value and custodian validation
HMIS-RPTCOL-STATE-0526,HMIS-DE-0336,16.7.1,Number of deaths due to Diarrhoeal diseases,"Source-defined; generally additive counts unless the field represents a status, stock or subgroup heading","Do not collapse zero, blank, not applicable and non-reporting. Current HMIS 2.0 behavior requires custodian confirmation.","Aggregate only mutually exclusive reporting rows after facility, format and service-context deduplication",Never sum Total with its in-facility/outreach components,Use report period after it is confirmed; do not combine incompatible schema versions,Use HMIS Facility Code as source key and retain NIN/HFR as separate crosswalk identifiers,Operational use pending row-value and custodian validation
HMIS-RPTCOL-STATE-0527,HMIS-DE-0348,16.7.2,Number of deaths due to Tuberculosis,"Source-defined; generally additive counts unless the field represents a status, stock or subgroup heading","Do not collapse zero, blank, not applicable and non-reporting. Current HMIS 2.0 behavior requires custodian confirmation.","Aggregate only mutually exclusive reporting rows after facility, format and service-context deduplication",Never sum Total with its in-facility/outreach components,Use report period after it is confirmed; do not combine incompatible schema versions,Use HMIS Facility Code as source key and retain NIN/HFR as separate crosswalk identifiers,Operational use pending row-value and custodian validation
HMIS-RPTCOL-STATE-0528,HMIS-DE-0347,16.7.3,Number of deaths due to Respiratory diseases including infections (other than TB),"Source-defined; generally additive counts unless the field represents a status, stock or subgroup heading","Do not collapse zero, blank, not applicable and non-reporting. Current HMIS 2.0 behavior requires custodian confirmation.","Aggregate only mutually exclusive reporting rows after facility, format and service-context deduplication",Never sum Total with its in-facility/outreach components,Use report period after it is confirmed; do not combine incompatible schema versions,Use HMIS Facility Code as source key and retain NIN/HFR as separate crosswalk identifiers,Operational use pending row-value and custodian validation
HMIS-RPTCOL-STATE-0529,HMIS-DE-0346,16.7.4,Number of deaths due to Other Fever Related,"Source-defined; generally additive counts unless the field represents a status, stock or subgroup heading","Do not collapse zero, blank, not applicable and non-reporting. Current HMIS 2.0 behavior requires custodian confirmation.","Aggregate only mutually exclusive reporting rows after facility, format and service-context deduplication",Never sum Total with its in-facility/outreach components,Use report period after it is confirmed; do not combine incompatible schema versions,Use HMIS Facility Code as source key and retain NIN/HFR as separate crosswalk identifiers,Operational use pending row-value and custodian validation
HMIS-RPTCOL-STATE-0530,HMIS-DE-0337,16.7.5,Number of deaths due to Heart disease/Hypertension related,"Source-defined; generally additive counts unless the field represents a status, stock or subgroup heading","Do not collapse zero, blank, not applicable and non-reporting. Current HMIS 2.0 behavior requires custodian confirmation.","Aggregate only mutually exclusive reporting rows after facility, format and service-context deduplication",Never sum Total with its in-facility/outreach components,Use report period after it is confirmed; do not combine incompatible schema versions,Use HMIS Facility Code as source key and retain NIN/HFR as separate crosswalk identifiers,Operational use pending row-value and custodian validation
HMIS-RPTCOL-STATE-0531,HMIS-DE-0334,16.7.6,Number of deaths due to Cancer,"Source-defined; generally additive counts unless the field represents a status, stock or subgroup heading","Do not collapse zero, blank, not applicable and non-reporting. Current HMIS 2.0 behavior requires custodian confirmation.","Aggregate only mutually exclusive reporting rows after facility, format and service-context deduplication",Never sum Total with its in-facility/outreach components,Use report period after it is confirmed; do not combine incompatible schema versions,Use HMIS Facility Code as source key and retain NIN/HFR as separate crosswalk identifiers,Operational use pending row-value and custodian validation
HMIS-RPTCOL-STATE-0532,HMIS-DE-0344,16.7.7,Number of deaths due to Neurological disease including strokes,"Source-defined; generally additive counts unless the field represents a status, stock or subgroup heading","Do not collapse zero, blank, not applicable and non-reporting. Current HMIS 2.0 behavior requires custodian confirmation.","Aggregate only mutually exclusive reporting rows after facility, format and service-context deduplication",Never sum Total with its in-facility/outreach components,Use report period after it is confirmed; do not combine incompatible schema versions,Use HMIS Facility Code as source key and retain NIN/HFR as separate crosswalk identifiers,Operational use pending row-value and custodian validation
HMIS-RPTCOL-STATE-0533,HMIS-DE-0331,16.7.8,Number of deaths due to Accidents/Burn cases,"Source-defined; generally additive counts unless the field represents a status, stock or subgroup heading","Do not collapse zero, blank, not applicable and non-reporting. Current HMIS 2.0 behavior requires custodian confirmation.","Aggregate only mutually exclusive reporting rows after facility, format and service-context deduplication",Never sum Total with its in-facility/outreach components,Use report period after it is confirmed; do not combine incompatible schema versions,Use HMIS Facility Code as source key and retain NIN/HFR as separate crosswalk identifiers,Operational use pending row-value and custodian validation
HMIS-RPTCOL-STATE-0534,HMIS-DE-0333,16.7.9,Number of deaths due to Animal bites and stings,"Source-defined; generally additive counts unless the field represents a status, stock or subgroup heading","Do not collapse zero, blank, not applicable and non-reporting. Current HMIS 2.0 behavior requires custodian confirmation.","Aggregate only mutually exclusive reporting rows after facility, format and service-context deduplication",Never sum Total with its in-facility/outreach components,Use report period after it is confirmed; do not combine incompatible schema versions,Use HMIS Facility Code as source key and retain NIN/HFR as separate crosswalk identifiers,Operational use pending row-value and custodian validation
HMIS-RPTCOL-STATE-0535,HMIS-DE-0340,16.7.10,Number of deaths due to Known Acute Disease,"Source-defined; generally additive counts unless the field represents a status, stock or subgroup heading","Do not collapse zero, blank, not applicable and non-reporting. Current HMIS 2.0 behavior requires custodian confirmation.","Aggregate only mutually exclusive reporting rows after facility, format and service-context deduplication",Never sum Total with its in-facility/outreach components,Use report period after it is confirmed; do not combine incompatible schema versions,Use HMIS Facility Code as source key and retain NIN/HFR as separate crosswalk identifiers,Operational use pending row-value and custodian validation
HMIS-RPTCOL-STATE-0536,HMIS-DE-0341,16.7.11,Number of deaths due to Known Chronic Disease,"Source-defined; generally additive counts unless the field represents a status, stock or subgroup heading","Do not collapse zero, blank, not applicable and non-reporting. Current HMIS 2.0 behavior requires custodian confirmation.","Aggregate only mutually exclusive reporting rows after facility, format and service-context deduplication",Never sum Total with its in-facility/outreach components,Use report period after it is confirmed; do not combine incompatible schema versions,Use HMIS Facility Code as source key and retain NIN/HFR as separate crosswalk identifiers,Operational use pending row-value and custodian validation
HMIS-RPTCOL-STATE-0537,HMIS-DE-0345,16.7.12,Number of deaths due to Other Causes,"Source-defined; generally additive counts unless the field represents a status, stock or subgroup heading","Do not collapse zero, blank, not applicable and non-reporting. Current HMIS 2.0 behavior requires custodian confirmation.","Aggregate only mutually exclusive reporting rows after facility, format and service-context deduplication",Never sum Total with its in-facility/outreach components,Use report period after it is confirmed; do not combine incompatible schema versions,Use HMIS Facility Code as source key and retain NIN/HFR as separate crosswalk identifiers,Operational use pending row-value and custodian validation
HMIS-RPTCOL-STATE-0538,HMIS-DE-0343,16.8.1,Number of Deaths due to Malaria- Plasmodium Vivax,"Source-defined; generally additive counts unless the field represents a status, stock or subgroup heading","Do not collapse zero, blank, not applicable and non-reporting. Current HMIS 2.0 behavior requires custodian confirmation.","Aggregate only mutually exclusive reporting rows after facility, format and service-context deduplication",Never sum Total with its in-facility/outreach components,Use report period after it is confirmed; do not combine incompatible schema versions,Use HMIS Facility Code as source key and retain NIN/HFR as separate crosswalk identifiers,Operational use pending row-value and custodian validation
HMIS-RPTCOL-STATE-0539,HMIS-DE-0342,16.8.2,Number of Deaths due to Malaria- Plasmodium Falciparum,"Source-defined; generally additive counts unless the field represents a status, stock or subgroup heading","Do not collapse zero, blank, not applicable and non-reporting. Current HMIS 2.0 behavior requires custodian confirmation.","Aggregate only mutually exclusive reporting rows after facility, format and service-context deduplication",Never sum Total with its in-facility/outreach components,Use report period after it is confirmed; do not combine incompatible schema versions,Use HMIS Facility Code as source key and retain NIN/HFR as separate crosswalk identifiers,Operational use pending row-value and custodian validation
HMIS-RPTCOL-STATE-0540,HMIS-DE-0339,16.8.3,Number of Deaths due to Kala Azar,"Source-defined; generally additive counts unless the field represents a status, stock or subgroup heading","Do not collapse zero, blank, not applicable and non-reporting. Current HMIS 2.0 behavior requires custodian confirmation.","Aggregate only mutually exclusive reporting rows after facility, format and service-context deduplication",Never sum Total with its in-facility/outreach components,Use report period after it is confirmed; do not combine incompatible schema versions,Use HMIS Facility Code as source key and retain NIN/HFR as separate crosswalk identifiers,Operational use pending row-value and custodian validation
HMIS-RPTCOL-STATE-0541,HMIS-DE-0335,16.8.4,Number of Deaths due to Dengue,"Source-defined; generally additive counts unless the field represents a status, stock or subgroup heading","Do not collapse zero, blank, not applicable and non-reporting. Current HMIS 2.0 behavior requires custodian confirmation.","Aggregate only mutually exclusive reporting rows after facility, format and service-context deduplication",Never sum Total with its in-facility/outreach components,Use report period after it is confirmed; do not combine incompatible schema versions,Use HMIS Facility Code as source key and retain NIN/HFR as separate crosswalk identifiers,Operational use pending row-value and custodian validation
HMIS-RPTCOL-STATE-0542,HMIS-DE-0332,16.8.5,Number of Deaths due to Acute Encephelitis Syndrome (AES),"Source-defined; generally additive counts unless the field represents a status, stock or subgroup heading","Do not collapse zero, blank, not applicable and non-reporting. Current HMIS 2.0 behavior requires custodian confirmation.","Aggregate only mutually exclusive reporting rows after facility, format and service-context deduplication",Never sum Total with its in-facility/outreach components,Use report period after it is confirmed; do not combine incompatible schema versions,Use HMIS Facility Code as source key and retain NIN/HFR as separate crosswalk identifiers,Operational use pending row-value and custodian validation
HMIS-RPTCOL-STATE-0543,HMIS-DE-0338,16.8.6,Number of Deaths due to Japanese Encephalitis (JE),"Source-defined; generally additive counts unless the field represents a status, stock or subgroup heading","Do not collapse zero, blank, not applicable and non-reporting. Current HMIS 2.0 behavior requires custodian confirmation.","Aggregate only mutually exclusive reporting rows after facility, format and service-context deduplication",Never sum Total with its in-facility/outreach components,Use report period after it is confirmed; do not combine incompatible schema versions,Use HMIS Facility Code as source key and retain NIN/HFR as separate crosswalk identifiers,Operational use pending row-value and custodian validation
HMIS-RPTCOL-STATE-0544,HMIS-DE-0629,16.9,Total Deaths (5 years and above of age): Excluding in-transit & maternal deaths,"Source-defined; generally additive counts unless the field represents a status, stock or subgroup heading","Do not collapse zero, blank, not applicable and non-reporting. Current HMIS 2.0 behavior requires custodian confirmation.","Aggregate only mutually exclusive reporting rows after facility, format and service-context deduplication",Never sum Total with its in-facility/outreach components,Use report period after it is confirmed; do not combine incompatible schema versions,Use HMIS Facility Code as source key and retain NIN/HFR as separate crosswalk identifiers,Operational use pending row-value and custodian validation
HMIS-RPTCOL-STATE-0545,HMIS-DE-0002,16.9.1,5 years and above to below 10 years,"Source-defined; generally additive counts unless the field represents a status, stock or subgroup heading","Do not collapse zero, blank, not applicable and non-reporting. Current HMIS 2.0 behavior requires custodian confirmation.","Aggregate only mutually exclusive reporting rows after facility, format and service-context deduplication",Never sum Total with its in-facility/outreach components,Use report period after it is confirmed; do not combine incompatible schema versions,Use HMIS Facility Code as source key and retain NIN/HFR as separate crosswalk identifiers,Operational use pending row-value and custodian validation
HMIS-RPTCOL-STATE-0546,HMIS-DE-0001,16.9.2,10 year and above to below 19 years,"Source-defined; generally additive counts unless the field represents a status, stock or subgroup heading","Do not collapse zero, blank, not applicable and non-reporting. Current HMIS 2.0 behavior requires custodian confirmation.","Aggregate only mutually exclusive reporting rows after facility, format and service-context deduplication",Never sum Total with its in-facility/outreach components,Use report period after it is confirmed; do not combine incompatible schema versions,Use HMIS Facility Code as source key and retain NIN/HFR as separate crosswalk identifiers,Operational use pending row-value and custodian validation
HMIS-RPTCOL-STATE-0547,HMIS-DE-0006,16.9.3,Adult 19 years and above,"Source-defined; generally additive counts unless the field represents a status, stock or subgroup heading","Do not collapse zero, blank, not applicable and non-reporting. Current HMIS 2.0 behavior requires custodian confirmation.","Aggregate only mutually exclusive reporting rows after facility, format and service-context deduplication",Never sum Total with its in-facility/outreach components,Use report period after it is confirmed; do not combine incompatible schema versions,Use HMIS Facility Code as source key and retain NIN/HFR as separate crosswalk identifiers,Operational use pending row-value and custodian validation
HMIS-RPTCOL-STATE-0548,HMIS-DE-0154,16.10.1,In-transit Deaths: 1 year and below 5 years,"Source-defined; generally additive counts unless the field represents a status, stock or subgroup heading","Do not collapse zero, blank, not applicable and non-reporting. Current HMIS 2.0 behavior requires custodian confirmation.","Aggregate only mutually exclusive reporting rows after facility, format and service-context deduplication",Never sum Total with its in-facility/outreach components,Use report period after it is confirmed; do not combine incompatible schema versions,Use HMIS Facility Code as source key and retain NIN/HFR as separate crosswalk identifiers,Operational use pending row-value and custodian validation
HMIS-RPTCOL-STATE-0549,HMIS-DE-0156,16.10.2,In-transit Deaths: 5 years and above to below 10 years,"Source-defined; generally additive counts unless the field represents a status, stock or subgroup heading","Do not collapse zero, blank, not applicable and non-reporting. Current HMIS 2.0 behavior requires custodian confirmation.","Aggregate only mutually exclusive reporting rows after facility, format and service-context deduplication",Never sum Total with its in-facility/outreach components,Use report period after it is confirmed; do not combine incompatible schema versions,Use HMIS Facility Code as source key and retain NIN/HFR as separate crosswalk identifiers,Operational use pending row-value and custodian validation
HMIS-RPTCOL-STATE-0550,HMIS-DE-0155,16.10.3,In-transit Deaths: 10 year and above to below 19 years,"Source-defined; generally additive counts unless the field represents a status, stock or subgroup heading","Do not collapse zero, blank, not applicable and non-reporting. Current HMIS 2.0 behavior requires custodian confirmation.","Aggregate only mutually exclusive reporting rows after facility, format and service-context deduplication",Never sum Total with its in-facility/outreach components,Use report period after it is confirmed; do not combine incompatible schema versions,Use HMIS Facility Code as source key and retain NIN/HFR as separate crosswalk identifiers,Operational use pending row-value and custodian validation
HMIS-RPTCOL-STATE-0551,HMIS-DE-0157,16.10.4,In-transit Deaths: Adult 19 years and above,"Source-defined; generally additive counts unless the field represents a status, stock or subgroup heading","Do not collapse zero, blank, not applicable and non-reporting. Current HMIS 2.0 behavior requires custodian confirmation.","Aggregate only mutually exclusive reporting rows after facility, format and service-context deduplication",Never sum Total with its in-facility/outreach components,Use report period after it is confirmed; do not combine incompatible schema versions,Use HMIS Facility Code as source key and retain NIN/HFR as separate crosswalk identifiers,Operational use pending row-value and custodian validation
HMIS-RPTCOL-STATE-0552,HMIS-DE-0672,17.1.1,Total number of Haematology tests registered under External Quality Assurance Scheme (EQAS),"Source-defined; generally additive counts unless the field represents a status, stock or subgroup heading","Do not collapse zero, blank, not applicable and non-reporting. Current HMIS 2.0 behavior requires custodian confirmation.","Aggregate only mutually exclusive reporting rows after facility, format and service-context deduplication",Never sum Total with its in-facility/outreach components,Use report period after it is confirmed; do not combine incompatible schema versions,Use HMIS Facility Code as source key and retain NIN/HFR as separate crosswalk identifiers,Operational use pending row-value and custodian validation
HMIS-RPTCOL-STATE-0553,HMIS-DE-0270,17.1.2,No. of registered Haematology tests reported EQAS Compliant,"Source-defined; generally additive counts unless the field represents a status, stock or subgroup heading","Do not collapse zero, blank, not applicable and non-reporting. Current HMIS 2.0 behavior requires custodian confirmation.","Aggregate only mutually exclusive reporting rows after facility, format and service-context deduplication",Never sum Total with its in-facility/outreach components,Use report period after it is confirmed; do not combine incompatible schema versions,Use HMIS Facility Code as source key and retain NIN/HFR as separate crosswalk identifiers,Operational use pending row-value and custodian validation
HMIS-RPTCOL-STATE-0554,HMIS-DE-0643,17.1.3,Total number of Biochemistry tests registered under External Quality Assurance Scheme (EQAS),"Source-defined; generally additive counts unless the field represents a status, stock or subgroup heading","Do not collapse zero, blank, not applicable and non-reporting. Current HMIS 2.0 behavior requires custodian confirmation.","Aggregate only mutually exclusive reporting rows after facility, format and service-context deduplication",Never sum Total with its in-facility/outreach components,Use report period after it is confirmed; do not combine incompatible schema versions,Use HMIS Facility Code as source key and retain NIN/HFR as separate crosswalk identifiers,Operational use pending row-value and custodian validation
HMIS-RPTCOL-STATE-0555,HMIS-DE-0269,17.1.4,No. of registered Bio chemistry tests report EQAS Compliant,"Source-defined; generally additive counts unless the field represents a status, stock or subgroup heading","Do not collapse zero, blank, not applicable and non-reporting. Current HMIS 2.0 behavior requires custodian confirmation.","Aggregate only mutually exclusive reporting rows after facility, format and service-context deduplication",Never sum Total with its in-facility/outreach components,Use report period after it is confirmed; do not combine incompatible schema versions,Use HMIS Facility Code as source key and retain NIN/HFR as separate crosswalk identifiers,Operational use pending row-value and custodian validation
HMIS-RPTCOL-STATE-0556,HMIS-DE-0693,17.1.5,"Total Quantity of Bio medical waste generated in Kg for the month - (All Yellow, Red, white & Blue)","Source-defined; generally additive counts unless the field represents a status, stock or subgroup heading","Do not collapse zero, blank, not applicable and non-reporting. Current HMIS 2.0 behavior requires custodian confirmation.","Aggregate only mutually exclusive reporting rows after facility, format and service-context deduplication",Never sum Total with its in-facility/outreach components,Use report period after it is confirmed; do not combine incompatible schema versions,Use HMIS Facility Code as source key and retain NIN/HFR as separate crosswalk identifiers,Operational use pending row-value and custodian validation
HMIS-RPTCOL-STATE-0557,HMIS-DE-0694,17.1.6,Total Quantity of General waste generated in Kg for the month,"Source-defined; generally additive counts unless the field represents a status, stock or subgroup heading","Do not collapse zero, blank, not applicable and non-reporting. Current HMIS 2.0 behavior requires custodian confirmation.","Aggregate only mutually exclusive reporting rows after facility, format and service-context deduplication",Never sum Total with its in-facility/outreach components,Use report period after it is confirmed; do not combine incompatible schema versions,Use HMIS Facility Code as source key and retain NIN/HFR as separate crosswalk identifiers,Operational use pending row-value and custodian validation
HMIS-RPTCOL-STATE-0558,HMIS-DE-0657,17.2.1,Total number of breakdown calls reported for the month,"Source-defined; generally additive counts unless the field represents a status, stock or subgroup heading","Do not collapse zero, blank, not applicable and non-reporting. Current HMIS 2.0 behavior requires custodian confirmation.","Aggregate only mutually exclusive reporting rows after facility, format and service-context deduplication",Never sum Total with its in-facility/outreach components,Use report period after it is confirmed; do not combine incompatible schema versions,Use HMIS Facility Code as source key and retain NIN/HFR as separate crosswalk identifiers,Operational use pending row-value and custodian validation
HMIS-RPTCOL-STATE-0559,HMIS-DE-0656,17.2.2,Total number of breakdown attended for the month,"Source-defined; generally additive counts unless the field represents a status, stock or subgroup heading","Do not collapse zero, blank, not applicable and non-reporting. Current HMIS 2.0 behavior requires custodian confirmation.","Aggregate only mutually exclusive reporting rows after facility, format and service-context deduplication",Never sum Total with its in-facility/outreach components,Use report period after it is confirmed; do not combine incompatible schema versions,Use HMIS Facility Code as source key and retain NIN/HFR as separate crosswalk identifiers,Operational use pending row-value and custodian validation
HMIS-RPTCOL-STATE-0560,HMIS-DE-0522,17.2.3,Number of visit made by the service engineer/ BME for the month,"Source-defined; generally additive counts unless the field represents a status, stock or subgroup heading","Do not collapse zero, blank, not applicable and non-reporting. Current HMIS 2.0 behavior requires custodian confirmation.","Aggregate only mutually exclusive reporting rows after facility, format and service-context deduplication",Never sum Total with its in-facility/outreach components,Use report period after it is confirmed; do not combine incompatible schema versions,Use HMIS Facility Code as source key and retain NIN/HFR as separate crosswalk identifiers,Operational use pending row-value and custodian validation
