lineageId,schemaId,occurrenceId,canonicalElementId,moduleCode,reportSourceCode,canonicalObservedCodes,codeRelationship,observedOn,action
HMIS-CODELINE-STATE-001,HMIS-RPTSCHEMA-STATE-20260901-001,HMIS-RPTCOL-STATE-0036,HMIS-DE-0681,M1,1.1,1.1,Existing observed code,2026-09-01,Retain as schema-specific occurrence; do not overwrite canonical code history
HMIS-CODELINE-STATE-002,HMIS-RPTSCHEMA-STATE-20260901-001,HMIS-RPTCOL-STATE-0037,HMIS-DE-0593,M1,1.1.a,1.1.a,Existing observed code,2026-09-01,Retain as schema-specific occurrence; do not overwrite canonical code history
HMIS-CODELINE-STATE-003,HMIS-RPTSCHEMA-STATE-20260901-001,HMIS-RPTCOL-STATE-0038,HMIS-DE-0592,M1,1.1.b,1.1.b,Existing observed code,2026-09-01,Retain as schema-specific occurrence; do not overwrite canonical code history
HMIS-CODELINE-STATE-004,HMIS-RPTSCHEMA-STATE-20260901-001,HMIS-RPTCOL-STATE-0039,HMIS-DE-0594,M1,1.1.c,1.1.c,Existing observed code,2026-09-01,Retain as schema-specific occurrence; do not overwrite canonical code history
HMIS-CODELINE-STATE-005,HMIS-RPTSCHEMA-STATE-20260901-001,HMIS-RPTCOL-STATE-0040,HMIS-DE-0595,M1,1.1.d,1.1.d,Existing observed code,2026-09-01,Retain as schema-specific occurrence; do not overwrite canonical code history
HMIS-CODELINE-STATE-006,HMIS-RPTSCHEMA-STATE-20260901-001,HMIS-RPTCOL-STATE-0041,HMIS-DE-0573,M1,1.1.1,1.1.1,Existing observed code,2026-09-01,Retain as schema-specific occurrence; do not overwrite canonical code history
HMIS-CODELINE-STATE-007,HMIS-RPTSCHEMA-STATE-20260901-001,HMIS-RPTCOL-STATE-0042,HMIS-DE-0624,M1,1.1.2,1.1.2,Existing observed code,2026-09-01,Retain as schema-specific occurrence; do not overwrite canonical code history
HMIS-CODELINE-STATE-008,HMIS-RPTSCHEMA-STATE-20260901-001,HMIS-RPTCOL-STATE-0043,HMIS-DE-0493,M1,1.2.1,1.2.1,Existing observed code,2026-09-01,Retain as schema-specific occurrence; do not overwrite canonical code history
HMIS-CODELINE-STATE-009,HMIS-RPTSCHEMA-STATE-20260901-001,HMIS-RPTCOL-STATE-0044,HMIS-DE-0494,M1,1.2.2,1.2.2,Existing observed code,2026-09-01,Retain as schema-specific occurrence; do not overwrite canonical code history
HMIS-CODELINE-STATE-010,HMIS-RPTSCHEMA-STATE-20260901-001,HMIS-RPTCOL-STATE-0045,HMIS-DE-0492,M1,1.2.3,1.2.3,Existing observed code,2026-09-01,Retain as schema-specific occurrence; do not overwrite canonical code history
HMIS-CODELINE-STATE-011,HMIS-RPTSCHEMA-STATE-20260901-001,HMIS-RPTCOL-STATE-0046,HMIS-DE-0497,M1,1.2.4,1.2.4,Existing observed code,2026-09-01,Retain as schema-specific occurrence; do not overwrite canonical code history
HMIS-CODELINE-STATE-012,HMIS-RPTSCHEMA-STATE-20260901-001,HMIS-RPTCOL-STATE-0047,HMIS-DE-0498,M1,1.2.5,1.2.5,Existing observed code,2026-09-01,Retain as schema-specific occurrence; do not overwrite canonical code history
HMIS-CODELINE-STATE-013,HMIS-RPTSCHEMA-STATE-20260901-001,HMIS-RPTCOL-STATE-0048,HMIS-DE-0490,M1,1.2.6,1.2.6,Existing observed code,2026-09-01,Retain as schema-specific occurrence; do not overwrite canonical code history
HMIS-CODELINE-STATE-014,HMIS-RPTSCHEMA-STATE-20260901-001,HMIS-RPTCOL-STATE-0049,HMIS-DE-0499,M1,1.2.7,1.2.7,Existing observed code,2026-09-01,Retain as schema-specific occurrence; do not overwrite canonical code history
HMIS-CODELINE-STATE-015,HMIS-RPTSCHEMA-STATE-20260901-001,HMIS-RPTCOL-STATE-0050,HMIS-DE-0489,M1,1.2.8,1.2.8,Existing observed code,2026-09-01,Retain as schema-specific occurrence; do not overwrite canonical code history
HMIS-CODELINE-STATE-016,HMIS-RPTSCHEMA-STATE-20260901-001,HMIS-RPTCOL-STATE-0051,HMIS-DE-0251,M1,1.3.1,1.3.1,Existing observed code,2026-09-01,Retain as schema-specific occurrence; do not overwrite canonical code history
HMIS-CODELINE-STATE-017,HMIS-RPTSCHEMA-STATE-20260901-001,HMIS-RPTCOL-STATE-0052,HMIS-DE-0505,M1,1.3.2,1.3.2,Existing observed code,2026-09-01,Retain as schema-specific occurrence; do not overwrite canonical code history
HMIS-CODELINE-STATE-018,HMIS-RPTSCHEMA-STATE-20260901-001,HMIS-RPTCOL-STATE-0053,HMIS-DE-0424,M1,1.3.3,1.3.3,Existing observed code,2026-09-01,Retain as schema-specific occurrence; do not overwrite canonical code history
HMIS-CODELINE-STATE-019,HMIS-RPTSCHEMA-STATE-20260901-001,HMIS-RPTCOL-STATE-0054,HMIS-DE-0457,M1,1.3.4,1.3.4,Existing observed code,2026-09-01,Retain as schema-specific occurrence; do not overwrite canonical code history
HMIS-CODELINE-STATE-020,HMIS-RPTSCHEMA-STATE-20260901-001,HMIS-RPTCOL-STATE-0055,HMIS-DE-0352,M1,1.3.5,1.3.5,Existing observed code,2026-09-01,Retain as schema-specific occurrence; do not overwrite canonical code history
HMIS-CODELINE-STATE-021,HMIS-RPTSCHEMA-STATE-20260901-001,HMIS-RPTCOL-STATE-0056,HMIS-DE-0501,M1,1.4.1,1.4.1,Existing observed code,2026-09-01,Retain as schema-specific occurrence; do not overwrite canonical code history
HMIS-CODELINE-STATE-022,HMIS-RPTSCHEMA-STATE-20260901-001,HMIS-RPTCOL-STATE-0057,HMIS-DE-0502,M1,1.4.2,1.4.2,Existing observed code,2026-09-01,Retain as schema-specific occurrence; do not overwrite canonical code history
HMIS-CODELINE-STATE-023,HMIS-RPTSCHEMA-STATE-20260901-001,HMIS-RPTCOL-STATE-0058,HMIS-DE-0495,M1,1.4.3,1.4.3,Existing observed code,2026-09-01,Retain as schema-specific occurrence; do not overwrite canonical code history
HMIS-CODELINE-STATE-024,HMIS-RPTSCHEMA-STATE-20260901-001,HMIS-RPTCOL-STATE-0059,HMIS-DE-0496,M1,1.4.4,1.4.4,Existing observed code,2026-09-01,Retain as schema-specific occurrence; do not overwrite canonical code history
HMIS-CODELINE-STATE-025,HMIS-RPTSCHEMA-STATE-20260901-001,HMIS-RPTCOL-STATE-0060,HMIS-DE-0504,M1,1.4.5,1.4.5,Existing observed code,2026-09-01,Retain as schema-specific occurrence; do not overwrite canonical code history
HMIS-CODELINE-STATE-026,HMIS-RPTSCHEMA-STATE-20260901-001,HMIS-RPTCOL-STATE-0061,HMIS-DE-0500,M1,1.5.1,1.5.1,Existing observed code,2026-09-01,Retain as schema-specific occurrence; do not overwrite canonical code history
HMIS-CODELINE-STATE-027,HMIS-RPTSCHEMA-STATE-20260901-001,HMIS-RPTCOL-STATE-0062,HMIS-DE-0503,M1,1.5.2,1.5.2,Existing observed code,2026-09-01,Retain as schema-specific occurrence; do not overwrite canonical code history
HMIS-CODELINE-STATE-028,HMIS-RPTSCHEMA-STATE-20260901-001,HMIS-RPTCOL-STATE-0063,HMIS-DE-0358,M1,1.5.3,1.5.3,Existing observed code,2026-09-01,Retain as schema-specific occurrence; do not overwrite canonical code history
HMIS-CODELINE-STATE-029,HMIS-RPTSCHEMA-STATE-20260901-001,HMIS-RPTCOL-STATE-0064,HMIS-DE-0485,M1,1.6.1.a,1.6.1.a,Existing observed code,2026-09-01,Retain as schema-specific occurrence; do not overwrite canonical code history
HMIS-CODELINE-STATE-030,HMIS-RPTSCHEMA-STATE-20260901-001,HMIS-RPTCOL-STATE-0065,HMIS-DE-0483,M1,1.6.1.b,1.6.1.b,Existing observed code,2026-09-01,Retain as schema-specific occurrence; do not overwrite canonical code history
HMIS-CODELINE-STATE-031,HMIS-RPTSCHEMA-STATE-20260901-001,HMIS-RPTCOL-STATE-0066,HMIS-DE-0484,M1,1.6.1.c,1.6.1.c,Existing observed code,2026-09-01,Retain as schema-specific occurrence; do not overwrite canonical code history
HMIS-CODELINE-STATE-032,HMIS-RPTSCHEMA-STATE-20260901-001,HMIS-RPTCOL-STATE-0067,HMIS-DE-0399,M1,1.6.1.d,1.6.1.d,Existing observed code,2026-09-01,Retain as schema-specific occurrence; do not overwrite canonical code history
HMIS-CODELINE-STATE-033,HMIS-RPTSCHEMA-STATE-20260901-001,HMIS-RPTCOL-STATE-0068,HMIS-DE-0290,M1,1.6.1.e,1.6.1.e,Existing observed code,2026-09-01,Retain as schema-specific occurrence; do not overwrite canonical code history
HMIS-CODELINE-STATE-034,HMIS-RPTSCHEMA-STATE-20260901-001,HMIS-RPTCOL-STATE-0069,HMIS-DE-0538,M1,1.6.1.f,1.6.1.f,Existing observed code,2026-09-01,Retain as schema-specific occurrence; do not overwrite canonical code history
HMIS-CODELINE-STATE-035,HMIS-RPTSCHEMA-STATE-20260901-001,HMIS-RPTCOL-STATE-0070,HMIS-DE-0478,M1,1.7.1,1.7.1,Existing observed code,2026-09-01,Retain as schema-specific occurrence; do not overwrite canonical code history
HMIS-CODELINE-STATE-036,HMIS-RPTSCHEMA-STATE-20260901-001,HMIS-RPTCOL-STATE-0071,HMIS-DE-0479,M1,1.7.2,1.7.2,Existing observed code,2026-09-01,Retain as schema-specific occurrence; do not overwrite canonical code history
HMIS-CODELINE-STATE-037,HMIS-RPTSCHEMA-STATE-20260901-001,HMIS-RPTCOL-STATE-0072,HMIS-DE-0476,M1,1.8.1,1.8.1,Existing observed code,2026-09-01,Retain as schema-specific occurrence; do not overwrite canonical code history
HMIS-CODELINE-STATE-038,HMIS-RPTSCHEMA-STATE-20260901-001,HMIS-RPTCOL-STATE-0073,HMIS-DE-0468,M1,1.8.2,1.8.2,Existing observed code,2026-09-01,Retain as schema-specific occurrence; do not overwrite canonical code history
HMIS-CODELINE-STATE-039,HMIS-RPTSCHEMA-STATE-20260901-001,HMIS-RPTCOL-STATE-0074,HMIS-DE-0475,M1,1.8.3,1.7.3; 1.8.3,Existing observed code,2026-09-01,Retain as schema-specific occurrence; do not overwrite canonical code history
HMIS-CODELINE-STATE-040,HMIS-RPTSCHEMA-STATE-20260901-001,HMIS-RPTCOL-STATE-0075,HMIS-DE-0632,M1,1.9.1,1.9.1,Existing observed code,2026-09-01,Retain as schema-specific occurrence; do not overwrite canonical code history
HMIS-CODELINE-STATE-041,HMIS-RPTSCHEMA-STATE-20260901-001,HMIS-RPTCOL-STATE-0076,HMIS-DE-0469,M1,1.9.1.a,1.8.1.a; 1.9.1.a,Existing observed code,2026-09-01,Retain as schema-specific occurrence; do not overwrite canonical code history
HMIS-CODELINE-STATE-042,HMIS-RPTSCHEMA-STATE-20260901-001,HMIS-RPTCOL-STATE-0077,HMIS-DE-0470,M1,1.9.1.b,1.8.1.b; 1.9.1.b,Existing observed code,2026-09-01,Retain as schema-specific occurrence; do not overwrite canonical code history
HMIS-CODELINE-STATE-043,HMIS-RPTSCHEMA-STATE-20260901-001,HMIS-RPTCOL-STATE-0078,HMIS-DE-0465,M1,1.9.1.c,1.8.1.c; 1.9.1.c,Existing observed code,2026-09-01,Retain as schema-specific occurrence; do not overwrite canonical code history
HMIS-CODELINE-STATE-044,HMIS-RPTSCHEMA-STATE-20260901-001,HMIS-RPTCOL-STATE-0079,HMIS-DE-0466,M1,1.9.1.d,1.8.1.d; 1.9.1.d,Existing observed code,2026-09-01,Retain as schema-specific occurrence; do not overwrite canonical code history
HMIS-CODELINE-STATE-045,HMIS-RPTSCHEMA-STATE-20260901-001,HMIS-RPTCOL-STATE-0080,HMIS-DE-0467,M1,1.9.1.e,1.8.1.e; 1.9.1.e,Existing observed code,2026-09-01,Retain as schema-specific occurrence; do not overwrite canonical code history
HMIS-CODELINE-STATE-046,HMIS-RPTSCHEMA-STATE-20260901-001,HMIS-RPTCOL-STATE-0081,HMIS-DE-0631,M1,1.9.2,1.9.2,Existing observed code,2026-09-01,Retain as schema-specific occurrence; do not overwrite canonical code history
HMIS-CODELINE-STATE-047,HMIS-RPTSCHEMA-STATE-20260901-001,HMIS-RPTCOL-STATE-0082,HMIS-DE-0639,M1,1.9.3,1.9.3,Existing observed code,2026-09-01,Retain as schema-specific occurrence; do not overwrite canonical code history
HMIS-CODELINE-STATE-048,HMIS-RPTSCHEMA-STATE-20260901-001,HMIS-RPTCOL-STATE-0083,HMIS-DE-0641,M1,1.9.3.a,1.8.3.a; 1.9.3.a,Existing observed code,2026-09-01,Retain as schema-specific occurrence; do not overwrite canonical code history
HMIS-CODELINE-STATE-049,HMIS-RPTSCHEMA-STATE-20260901-001,HMIS-RPTCOL-STATE-0084,HMIS-DE-0638,M1,1.9.4,1.9.4,Existing observed code,2026-09-01,Retain as schema-specific occurrence; do not overwrite canonical code history
HMIS-CODELINE-STATE-050,HMIS-RPTSCHEMA-STATE-20260901-001,HMIS-RPTCOL-STATE-0085,HMIS-DE-0640,M1,1.9.4.a,1.9.4.a,Existing observed code,2026-09-01,Retain as schema-specific occurrence; do not overwrite canonical code history
HMIS-CODELINE-STATE-051,HMIS-RPTSCHEMA-STATE-20260901-001,HMIS-RPTCOL-STATE-0086,HMIS-DE-0371,M2,2.1.1.a,2.1.1.a,Existing observed code,2026-09-01,Retain as schema-specific occurrence; do not overwrite canonical code history
HMIS-CODELINE-STATE-052,HMIS-RPTSCHEMA-STATE-20260901-001,HMIS-RPTCOL-STATE-0087,HMIS-DE-0370,M2,2.1.1.b,2.1.1.b,Existing observed code,2026-09-01,Retain as schema-specific occurrence; do not overwrite canonical code history
HMIS-CODELINE-STATE-053,HMIS-RPTSCHEMA-STATE-20260901-001,HMIS-RPTCOL-STATE-0088,HMIS-DE-0491,M2,2.1.2,2.1.2,Existing observed code,2026-09-01,Retain as schema-specific occurrence; do not overwrite canonical code history
HMIS-CODELINE-STATE-054,HMIS-RPTSCHEMA-STATE-20260901-001,HMIS-RPTCOL-STATE-0089,HMIS-DE-0389,M2,2.2,2.2,Existing observed code,2026-09-01,Retain as schema-specific occurrence; do not overwrite canonical code history
HMIS-CODELINE-STATE-055,HMIS-RPTSCHEMA-STATE-20260901-001,HMIS-RPTCOL-STATE-0090,HMIS-DE-0577,M2,2.2.1,2.2.1,Existing observed code,2026-09-01,Retain as schema-specific occurrence; do not overwrite canonical code history
HMIS-CODELINE-STATE-056,HMIS-RPTSCHEMA-STATE-20260901-001,HMIS-RPTCOL-STATE-0091,HMIS-DE-0578,M2,2.2.2,2.2.2,Existing observed code,2026-09-01,Retain as schema-specific occurrence; do not overwrite canonical code history
HMIS-CODELINE-STATE-057,HMIS-RPTSCHEMA-STATE-20260901-001,HMIS-RPTCOL-STATE-0092,HMIS-DE-0579,M2,2.2.3,2.1.3; 2.2.3,Existing observed code,2026-09-01,Retain as schema-specific occurrence; do not overwrite canonical code history
HMIS-CODELINE-STATE-058,HMIS-RPTSCHEMA-STATE-20260901-001,HMIS-RPTCOL-STATE-0093,HMIS-DE-0585,M2,2.3.1,2.3.1,Existing observed code,2026-09-01,Retain as schema-specific occurrence; do not overwrite canonical code history
HMIS-CODELINE-STATE-059,HMIS-RPTSCHEMA-STATE-20260901-001,HMIS-RPTCOL-STATE-0094,HMIS-DE-0584,M2,2.3.2,2.3.2,Existing observed code,2026-09-01,Retain as schema-specific occurrence; do not overwrite canonical code history
HMIS-CODELINE-STATE-060,HMIS-RPTSCHEMA-STATE-20260901-001,HMIS-RPTCOL-STATE-0095,HMIS-DE-0587,M2,2.3.3,2.3.3,Existing observed code,2026-09-01,Retain as schema-specific occurrence; do not overwrite canonical code history
HMIS-CODELINE-STATE-061,HMIS-RPTSCHEMA-STATE-20260901-001,HMIS-RPTCOL-STATE-0096,HMIS-DE-0586,M2,2.3.4,2.2.4; 2.3.4,Existing observed code,2026-09-01,Retain as schema-specific occurrence; do not overwrite canonical code history
HMIS-CODELINE-STATE-062,HMIS-RPTSCHEMA-STATE-20260901-001,HMIS-RPTCOL-STATE-0097,HMIS-DE-0430,M2,2.4,2.4,Existing observed code,2026-09-01,Retain as schema-specific occurrence; do not overwrite canonical code history
HMIS-CODELINE-STATE-063,HMIS-RPTSCHEMA-STATE-20260901-001,HMIS-RPTCOL-STATE-0098,HMIS-DE-0259,M2,2.5,2.5,Existing observed code,2026-09-01,Retain as schema-specific occurrence; do not overwrite canonical code history
HMIS-CODELINE-STATE-064,HMIS-RPTSCHEMA-STATE-20260901-001,HMIS-RPTCOL-STATE-0099,HMIS-DE-0663,M2,2.6,2.6,Existing observed code,2026-09-01,Retain as schema-specific occurrence; do not overwrite canonical code history
HMIS-CODELINE-STATE-065,HMIS-RPTSCHEMA-STATE-20260901-001,HMIS-RPTCOL-STATE-0100,HMIS-DE-0658,M3,3.1,3.1,Existing observed code,2026-09-01,Retain as schema-specific occurrence; do not overwrite canonical code history
HMIS-CODELINE-STATE-066,HMIS-RPTSCHEMA-STATE-20260901-001,HMIS-RPTCOL-STATE-0101,HMIS-DE-0576,M3,3.1.1,3.1.1,Existing observed code,2026-09-01,Retain as schema-specific occurrence; do not overwrite canonical code history
HMIS-CODELINE-STATE-067,HMIS-RPTSCHEMA-STATE-20260901-001,HMIS-RPTCOL-STATE-0102,HMIS-DE-0575,M3,3.1.2,3.1.2,Existing observed code,2026-09-01,Retain as schema-specific occurrence; do not overwrite canonical code history
HMIS-CODELINE-STATE-068,HMIS-RPTSCHEMA-STATE-20260901-001,HMIS-RPTCOL-STATE-0103,HMIS-DE-0217,M4,4.1.1.a,3.1.1.a; 4.1.1.a,Existing observed code,2026-09-01,Retain as schema-specific occurrence; do not overwrite canonical code history
HMIS-CODELINE-STATE-069,HMIS-RPTSCHEMA-STATE-20260901-001,HMIS-RPTCOL-STATE-0104,HMIS-DE-0216,M4,4.1.1.b,3.1.1.b; 4.1.1.b,Existing observed code,2026-09-01,Retain as schema-specific occurrence; do not overwrite canonical code history
HMIS-CODELINE-STATE-070,HMIS-RPTSCHEMA-STATE-20260901-001,HMIS-RPTCOL-STATE-0105,HMIS-DE-0458,M4,4.1.2,4.1.2,Existing observed code,2026-09-01,Retain as schema-specific occurrence; do not overwrite canonical code history
HMIS-CODELINE-STATE-071,HMIS-RPTSCHEMA-STATE-20260901-001,HMIS-RPTCOL-STATE-0106,HMIS-DE-0186,M4,4.1.3.a,3.1.3.a; 4.1.3.a,Existing observed code,2026-09-01,Retain as schema-specific occurrence; do not overwrite canonical code history
HMIS-CODELINE-STATE-072,HMIS-RPTSCHEMA-STATE-20260901-001,HMIS-RPTCOL-STATE-0107,HMIS-DE-0015,M4,4.1.3.b,3.1.3.b; 4.1.3.b,Existing observed code,2026-09-01,Retain as schema-specific occurrence; do not overwrite canonical code history
HMIS-CODELINE-STATE-073,HMIS-RPTSCHEMA-STATE-20260901-001,HMIS-RPTCOL-STATE-0109,HMIS-DE-0003,M4,4.2,3.2; 4.2,Existing observed code,2026-09-01,Retain as schema-specific occurrence; do not overwrite canonical code history
HMIS-CODELINE-STATE-074,HMIS-RPTSCHEMA-STATE-20260901-001,HMIS-RPTCOL-STATE-0110,HMIS-DE-0620,M4,4.3.1.a,4.3.1.a,Existing observed code,2026-09-01,Retain as schema-specific occurrence; do not overwrite canonical code history
HMIS-CODELINE-STATE-075,HMIS-RPTSCHEMA-STATE-20260901-001,HMIS-RPTCOL-STATE-0111,HMIS-DE-0235,M4,4.3.1.b,4.3.1.b,Existing observed code,2026-09-01,Retain as schema-specific occurrence; do not overwrite canonical code history
HMIS-CODELINE-STATE-076,HMIS-RPTSCHEMA-STATE-20260901-001,HMIS-RPTCOL-STATE-0112,HMIS-DE-0236,M4,4.3.1.c,4.3.1.c,Existing observed code,2026-09-01,Retain as schema-specific occurrence; do not overwrite canonical code history
HMIS-CODELINE-STATE-077,HMIS-RPTSCHEMA-STATE-20260901-001,HMIS-RPTCOL-STATE-0113,HMIS-DE-0692,M4,4.3.2.a,3.3.1; 4.3.2.a,Existing observed code,2026-09-01,Retain as schema-specific occurrence; do not overwrite canonical code history
HMIS-CODELINE-STATE-078,HMIS-RPTSCHEMA-STATE-20260901-001,HMIS-RPTCOL-STATE-0114,HMIS-DE-0601,M4,4.3.2.b,3.3.2; 4.3.2.b,Existing observed code,2026-09-01,Retain as schema-specific occurrence; do not overwrite canonical code history
HMIS-CODELINE-STATE-079,HMIS-RPTSCHEMA-STATE-20260901-001,HMIS-RPTCOL-STATE-0115,HMIS-DE-0602,M4,4.3.2.c,4.3.2.c,Existing observed code,2026-09-01,Retain as schema-specific occurrence; do not overwrite canonical code history
HMIS-CODELINE-STATE-080,HMIS-RPTSCHEMA-STATE-20260901-001,HMIS-RPTCOL-STATE-0116,HMIS-DE-0530,M4,4.3.3,4.3.3,Existing observed code,2026-09-01,Retain as schema-specific occurrence; do not overwrite canonical code history
HMIS-CODELINE-STATE-081,HMIS-RPTSCHEMA-STATE-20260901-001,HMIS-RPTCOL-STATE-0117,HMIS-DE-0434,M4,4.4.1,3.4.1; 4.4.1,Existing observed code,2026-09-01,Retain as schema-specific occurrence; do not overwrite canonical code history
HMIS-CODELINE-STATE-082,HMIS-RPTSCHEMA-STATE-20260901-001,HMIS-RPTCOL-STATE-0118,HMIS-DE-0428,M4,4.4.2,3.4.2; 4.4.2,Existing observed code,2026-09-01,Retain as schema-specific occurrence; do not overwrite canonical code history
HMIS-CODELINE-STATE-083,HMIS-RPTSCHEMA-STATE-20260901-001,HMIS-RPTCOL-STATE-0119,HMIS-DE-0571,M4,4.4.2.a,3.4.2.a; 4.4.2.a,Existing observed code,2026-09-01,Retain as schema-specific occurrence; do not overwrite canonical code history
HMIS-CODELINE-STATE-084,HMIS-RPTSCHEMA-STATE-20260901-001,HMIS-RPTCOL-STATE-0120,HMIS-DE-0427,M4,4.4.3,3.4.3; 4.4.3,Existing observed code,2026-09-01,Retain as schema-specific occurrence; do not overwrite canonical code history
HMIS-CODELINE-STATE-085,HMIS-RPTSCHEMA-STATE-20260901-001,HMIS-RPTCOL-STATE-0121,HMIS-DE-0266,M4,4.4.4,3.4.4; 4.4.4,Existing observed code,2026-09-01,Retain as schema-specific occurrence; do not overwrite canonical code history
HMIS-CODELINE-STATE-086,HMIS-RPTSCHEMA-STATE-20260901-001,HMIS-RPTCOL-STATE-0122,HMIS-DE-0431,M4,4.4.5,4.4.5,Existing observed code,2026-09-01,Retain as schema-specific occurrence; do not overwrite canonical code history
HMIS-CODELINE-STATE-087,HMIS-RPTSCHEMA-STATE-20260901-001,HMIS-RPTCOL-STATE-0123,HMIS-DE-0432,M4,4.5.1,3.5.1; 4.5.1,Existing observed code,2026-09-01,Retain as schema-specific occurrence; do not overwrite canonical code history
HMIS-CODELINE-STATE-088,HMIS-RPTSCHEMA-STATE-20260901-001,HMIS-RPTCOL-STATE-0124,HMIS-DE-0429,M4,4.5.1.a,3.5.1.a; 4.5.1.a,Existing observed code,2026-09-01,Retain as schema-specific occurrence; do not overwrite canonical code history
HMIS-CODELINE-STATE-089,HMIS-RPTSCHEMA-STATE-20260901-001,HMIS-RPTCOL-STATE-0125,HMIS-DE-0517,M4,4.5.3,4.5.2,New report-schema code occurrence,2026-09-01,Retain as schema-specific occurrence; do not overwrite canonical code history
HMIS-CODELINE-STATE-090,HMIS-RPTSCHEMA-STATE-20260901-001,HMIS-RPTCOL-STATE-0126,HMIS-DE-0325,M4,4.5.5,4.5.3,New report-schema code occurrence,2026-09-01,Retain as schema-specific occurrence; do not overwrite canonical code history
HMIS-CODELINE-STATE-091,HMIS-RPTSCHEMA-STATE-20260901-001,HMIS-RPTCOL-STATE-0127,HMIS-DE-0324,M4,4.5.6,4.5.4,New report-schema code occurrence,2026-09-01,Retain as schema-specific occurrence; do not overwrite canonical code history
HMIS-CODELINE-STATE-092,HMIS-RPTSCHEMA-STATE-20260901-001,HMIS-RPTCOL-STATE-0128,HMIS-DE-0326,M4,4.5.7,4.5.5,New report-schema code occurrence,2026-09-01,Retain as schema-specific occurrence; do not overwrite canonical code history
HMIS-CODELINE-STATE-093,HMIS-RPTSCHEMA-STATE-20260901-001,HMIS-RPTCOL-STATE-0129,HMIS-DE-0528,M5,5.1.1,4.1.1; 5.1.1,Existing observed code,2026-09-01,Retain as schema-specific occurrence; do not overwrite canonical code history
HMIS-CODELINE-STATE-094,HMIS-RPTSCHEMA-STATE-20260901-001,HMIS-RPTCOL-STATE-0130,HMIS-DE-0311,M5,5.1.2,4.1.2; 5.1.2,Existing observed code,2026-09-01,Retain as schema-specific occurrence; do not overwrite canonical code history
HMIS-CODELINE-STATE-095,HMIS-RPTSCHEMA-STATE-20260901-001,HMIS-RPTCOL-STATE-0131,HMIS-DE-0444,M5,5.1.3.a,4.1.3.a; 5.1.3.a,Existing observed code,2026-09-01,Retain as schema-specific occurrence; do not overwrite canonical code history
HMIS-CODELINE-STATE-096,HMIS-RPTSCHEMA-STATE-20260901-001,HMIS-RPTCOL-STATE-0132,HMIS-DE-0440,M5,5.2.1.c,4.2.1.a; 5.2.1.a,New report-schema code occurrence,2026-09-01,Retain as schema-specific occurrence; do not overwrite canonical code history
HMIS-CODELINE-STATE-097,HMIS-RPTSCHEMA-STATE-20260901-001,HMIS-RPTCOL-STATE-0133,HMIS-DE-0395,M5,5.2.1.e,4.2.1.b; 5.2.1.b,New report-schema code occurrence,2026-09-01,Retain as schema-specific occurrence; do not overwrite canonical code history
HMIS-CODELINE-STATE-098,HMIS-RPTSCHEMA-STATE-20260901-001,HMIS-RPTCOL-STATE-0134,HMIS-DE-0526,M5,5.2.1.f,4.2.1.c; 5.2.1.c,New report-schema code occurrence,2026-09-01,Retain as schema-specific occurrence; do not overwrite canonical code history
HMIS-CODELINE-STATE-099,HMIS-RPTSCHEMA-STATE-20260901-001,HMIS-RPTCOL-STATE-0135,HMIS-DE-0441,M5,5.2.2.c,4.2.2.a; 5.2.2.a,New report-schema code occurrence,2026-09-01,Retain as schema-specific occurrence; do not overwrite canonical code history
HMIS-CODELINE-STATE-100,HMIS-RPTSCHEMA-STATE-20260901-001,HMIS-RPTCOL-STATE-0136,HMIS-DE-0396,M5,5.2.2.e,4.2.2.b; 5.2.2.b,New report-schema code occurrence,2026-09-01,Retain as schema-specific occurrence; do not overwrite canonical code history
HMIS-CODELINE-STATE-101,HMIS-RPTSCHEMA-STATE-20260901-001,HMIS-RPTCOL-STATE-0137,HMIS-DE-0527,M5,5.2.2.f,4.2.2.c; 5.2.2.c,New report-schema code occurrence,2026-09-01,Retain as schema-specific occurrence; do not overwrite canonical code history
HMIS-CODELINE-STATE-102,HMIS-RPTSCHEMA-STATE-20260901-001,HMIS-RPTCOL-STATE-0138,HMIS-DE-0284,M5,5.2.3.a,4.2.3.a; 5.2.3.a,Existing observed code,2026-09-01,Retain as schema-specific occurrence; do not overwrite canonical code history
HMIS-CODELINE-STATE-103,HMIS-RPTSCHEMA-STATE-20260901-001,HMIS-RPTCOL-STATE-0139,HMIS-DE-0283,M5,5.2.3.b,4.2.3.b; 5.2.3.b,Existing observed code,2026-09-01,Retain as schema-specific occurrence; do not overwrite canonical code history
HMIS-CODELINE-STATE-104,HMIS-RPTSCHEMA-STATE-20260901-001,HMIS-RPTCOL-STATE-0140,HMIS-DE-0286,M5,5.2.3.c,4.2.3.c; 5.2.3.c,Existing observed code,2026-09-01,Retain as schema-specific occurrence; do not overwrite canonical code history
HMIS-CODELINE-STATE-105,HMIS-RPTSCHEMA-STATE-20260901-001,HMIS-RPTCOL-STATE-0141,HMIS-DE-0282,M5,5.2.3.d,4.2.3.d; 5.2.3.d,Existing observed code,2026-09-01,Retain as schema-specific occurrence; do not overwrite canonical code history
HMIS-CODELINE-STATE-106,HMIS-RPTSCHEMA-STATE-20260901-001,HMIS-RPTCOL-STATE-0142,HMIS-DE-0285,M5,5.2.3.e,4.2.3.e; 5.2.3.e,Existing observed code,2026-09-01,Retain as schema-specific occurrence; do not overwrite canonical code history
HMIS-CODELINE-STATE-107,HMIS-RPTSCHEMA-STATE-20260901-001,HMIS-RPTCOL-STATE-0143,HMIS-DE-0288,M5,5.2.3.f,4.2.3.f,New report-schema code occurrence,2026-09-01,Retain as schema-specific occurrence; do not overwrite canonical code history
HMIS-CODELINE-STATE-108,HMIS-RPTSCHEMA-STATE-20260901-001,HMIS-RPTCOL-STATE-0144,HMIS-DE-0394,M5,5.2.4.a,5.1.a; 5.2.4.a,Existing observed code,2026-09-01,Retain as schema-specific occurrence; do not overwrite canonical code history
HMIS-CODELINE-STATE-109,HMIS-RPTSCHEMA-STATE-20260901-001,HMIS-RPTCOL-STATE-0145,HMIS-DE-0151,M6,6.1,5.1; 6.1,Existing observed code,2026-09-01,Retain as schema-specific occurrence; do not overwrite canonical code history
HMIS-CODELINE-STATE-110,HMIS-RPTSCHEMA-STATE-20260901-001,HMIS-RPTCOL-STATE-0146,HMIS-DE-0531,M6,6.2,5.2; 6.2,Existing observed code,2026-09-01,Retain as schema-specific occurrence; do not overwrite canonical code history
HMIS-CODELINE-STATE-111,HMIS-RPTSCHEMA-STATE-20260901-001,HMIS-RPTCOL-STATE-0147,HMIS-DE-0421,M6,6.3,5.3; 6.3,Existing observed code,2026-09-01,Retain as schema-specific occurrence; do not overwrite canonical code history
HMIS-CODELINE-STATE-112,HMIS-RPTSCHEMA-STATE-20260901-001,HMIS-RPTCOL-STATE-0148,HMIS-DE-0420,M6,6.4,5.4; 6.4,Existing observed code,2026-09-01,Retain as schema-specific occurrence; do not overwrite canonical code history
HMIS-CODELINE-STATE-113,HMIS-RPTSCHEMA-STATE-20260901-001,HMIS-RPTCOL-STATE-0149,HMIS-DE-0637,M6,6.5,5.5; 6.5,Existing observed code,2026-09-01,Retain as schema-specific occurrence; do not overwrite canonical code history
HMIS-CODELINE-STATE-114,HMIS-RPTSCHEMA-STATE-20260901-001,HMIS-RPTCOL-STATE-0150,HMIS-DE-0537,M6,6.6,5.6; 6.6,Existing observed code,2026-09-01,Retain as schema-specific occurrence; do not overwrite canonical code history
HMIS-CODELINE-STATE-115,HMIS-RPTSCHEMA-STATE-20260901-001,HMIS-RPTCOL-STATE-0151,HMIS-DE-0402,M7,7.1.1,6.1.1; 7.1.1,Existing observed code,2026-09-01,Retain as schema-specific occurrence; do not overwrite canonical code history
HMIS-CODELINE-STATE-116,HMIS-RPTSCHEMA-STATE-20260901-001,HMIS-RPTCOL-STATE-0152,HMIS-DE-0567,M7,7.1.1.a,6.1.1.a; 7.1.1.a,Existing observed code,2026-09-01,Retain as schema-specific occurrence; do not overwrite canonical code history
HMIS-CODELINE-STATE-117,HMIS-RPTSCHEMA-STATE-20260901-001,HMIS-RPTCOL-STATE-0153,HMIS-DE-0569,M7,7.1.1.b,6.1.1.b; 7.1.1.b,Existing observed code,2026-09-01,Retain as schema-specific occurrence; do not overwrite canonical code history
HMIS-CODELINE-STATE-118,HMIS-RPTSCHEMA-STATE-20260901-001,HMIS-RPTCOL-STATE-0154,HMIS-DE-0355,M7,7.1.2,6.1.2; 7.1.2,Existing observed code,2026-09-01,Retain as schema-specific occurrence; do not overwrite canonical code history
HMIS-CODELINE-STATE-119,HMIS-RPTSCHEMA-STATE-20260901-001,HMIS-RPTCOL-STATE-0155,HMIS-DE-0559,M7,7.1.2.a,6.1.2.a; 7.1.2.a,Existing observed code,2026-09-01,Retain as schema-specific occurrence; do not overwrite canonical code history
HMIS-CODELINE-STATE-120,HMIS-RPTSCHEMA-STATE-20260901-001,HMIS-RPTCOL-STATE-0156,HMIS-DE-0560,M7,7.1.2.b,6.1.2.b; 7.1.2.b,Existing observed code,2026-09-01,Retain as schema-specific occurrence; do not overwrite canonical code history
HMIS-CODELINE-STATE-121,HMIS-RPTSCHEMA-STATE-20260901-001,HMIS-RPTCOL-STATE-0157,HMIS-DE-0365,M7,7.1.3,6.1.3; 7.1.3,Existing observed code,2026-09-01,Retain as schema-specific occurrence; do not overwrite canonical code history
HMIS-CODELINE-STATE-122,HMIS-RPTSCHEMA-STATE-20260901-001,HMIS-RPTCOL-STATE-0158,HMIS-DE-0563,M7,7.1.3.a,6.1.3.a; 7.1.3.a,Existing observed code,2026-09-01,Retain as schema-specific occurrence; do not overwrite canonical code history
HMIS-CODELINE-STATE-123,HMIS-RPTSCHEMA-STATE-20260901-001,HMIS-RPTCOL-STATE-0159,HMIS-DE-0565,M7,7.1.3.b,6.1.3.b; 7.1.3.b,Existing observed code,2026-09-01,Retain as schema-specific occurrence; do not overwrite canonical code history
HMIS-CODELINE-STATE-124,HMIS-RPTSCHEMA-STATE-20260901-001,HMIS-RPTCOL-STATE-0160,HMIS-DE-0435,M8,8.1.1,8.1.1,Existing observed code,2026-09-01,Retain as schema-specific occurrence; do not overwrite canonical code history
HMIS-CODELINE-STATE-125,HMIS-RPTSCHEMA-STATE-20260901-001,HMIS-RPTCOL-STATE-0161,HMIS-DE-0397,M8,8.2.1,8.2.1,Existing observed code,2026-09-01,Retain as schema-specific occurrence; do not overwrite canonical code history
HMIS-CODELINE-STATE-126,HMIS-RPTSCHEMA-STATE-20260901-001,HMIS-RPTCOL-STATE-0162,HMIS-DE-0391,M8,8.2.2,8.2.2,Existing observed code,2026-09-01,Retain as schema-specific occurrence; do not overwrite canonical code history
HMIS-CODELINE-STATE-127,HMIS-RPTSCHEMA-STATE-20260901-001,HMIS-RPTCOL-STATE-0163,HMIS-DE-0456,M8,8.2.3,8.2.3,Existing observed code,2026-09-01,Retain as schema-specific occurrence; do not overwrite canonical code history
HMIS-CODELINE-STATE-128,HMIS-RPTSCHEMA-STATE-20260901-001,HMIS-RPTCOL-STATE-0164,HMIS-DE-0453,M8,8.2.4,8.2.4,Existing observed code,2026-09-01,Retain as schema-specific occurrence; do not overwrite canonical code history
HMIS-CODELINE-STATE-129,HMIS-RPTSCHEMA-STATE-20260901-001,HMIS-RPTCOL-STATE-0165,HMIS-DE-0390,M8,8.3,7.1; 8.3,Existing observed code,2026-09-01,Retain as schema-specific occurrence; do not overwrite canonical code history
HMIS-CODELINE-STATE-130,HMIS-RPTSCHEMA-STATE-20260901-001,HMIS-RPTCOL-STATE-0166,HMIS-DE-0455,M8,8.4,7.2; 8.4,Existing observed code,2026-09-01,Retain as schema-specific occurrence; do not overwrite canonical code history
HMIS-CODELINE-STATE-131,HMIS-RPTSCHEMA-STATE-20260901-001,HMIS-RPTCOL-STATE-0167,HMIS-DE-0452,M8,8.5,8.5,Existing observed code,2026-09-01,Retain as schema-specific occurrence; do not overwrite canonical code history
HMIS-CODELINE-STATE-132,HMIS-RPTSCHEMA-STATE-20260901-001,HMIS-RPTCOL-STATE-0168,HMIS-DE-0392,M8,8.6,7.3; 8.6,Existing observed code,2026-09-01,Retain as schema-specific occurrence; do not overwrite canonical code history
HMIS-CODELINE-STATE-133,HMIS-RPTSCHEMA-STATE-20260901-001,HMIS-RPTCOL-STATE-0169,HMIS-DE-0329,M8,8.7,7.4; 8.7,Existing observed code,2026-09-01,Retain as schema-specific occurrence; do not overwrite canonical code history
HMIS-CODELINE-STATE-134,HMIS-RPTSCHEMA-STATE-20260901-001,HMIS-RPTCOL-STATE-0170,HMIS-DE-0161,M8,8.8.1,7.5.1; 8.8.1,Existing observed code,2026-09-01,Retain as schema-specific occurrence; do not overwrite canonical code history
HMIS-CODELINE-STATE-135,HMIS-RPTSCHEMA-STATE-20260901-001,HMIS-RPTCOL-STATE-0171,HMIS-DE-0165,M8,8.8.2,7.5.2; 8.8.2,Existing observed code,2026-09-01,Retain as schema-specific occurrence; do not overwrite canonical code history
HMIS-CODELINE-STATE-136,HMIS-RPTSCHEMA-STATE-20260901-001,HMIS-RPTCOL-STATE-0172,HMIS-DE-0163,M8,8.9.1,7.6.1; 8.9.1,Existing observed code,2026-09-01,Retain as schema-specific occurrence; do not overwrite canonical code history
HMIS-CODELINE-STATE-137,HMIS-RPTSCHEMA-STATE-20260901-001,HMIS-RPTCOL-STATE-0173,HMIS-DE-0167,M8,8.9.2,7.6.2; 8.9.2,Existing observed code,2026-09-01,Retain as schema-specific occurrence; do not overwrite canonical code history
HMIS-CODELINE-STATE-138,HMIS-RPTSCHEMA-STATE-20260901-001,HMIS-RPTCOL-STATE-0174,HMIS-DE-0164,M8,8.10.1,7.7.1; 8.10.1,Existing observed code,2026-09-01,Retain as schema-specific occurrence; do not overwrite canonical code history
HMIS-CODELINE-STATE-139,HMIS-RPTSCHEMA-STATE-20260901-001,HMIS-RPTCOL-STATE-0175,HMIS-DE-0168,M8,8.10.2,7.7.2; 8.10.2,Existing observed code,2026-09-01,Retain as schema-specific occurrence; do not overwrite canonical code history
HMIS-CODELINE-STATE-140,HMIS-RPTSCHEMA-STATE-20260901-001,HMIS-RPTCOL-STATE-0176,HMIS-DE-0162,M8,8.11.1,7.8.1; 8.11.1,Existing observed code,2026-09-01,Retain as schema-specific occurrence; do not overwrite canonical code history
HMIS-CODELINE-STATE-141,HMIS-RPTSCHEMA-STATE-20260901-001,HMIS-RPTCOL-STATE-0177,HMIS-DE-0166,M8,8.11.2,7.8.2; 8.11.2,Existing observed code,2026-09-01,Retain as schema-specific occurrence; do not overwrite canonical code history
HMIS-CODELINE-STATE-142,HMIS-RPTSCHEMA-STATE-20260901-001,HMIS-RPTCOL-STATE-0178,HMIS-DE-0328,M8,8.12,7.9; 8.12,Existing observed code,2026-09-01,Retain as schema-specific occurrence; do not overwrite canonical code history
HMIS-CODELINE-STATE-143,HMIS-RPTSCHEMA-STATE-20260901-001,HMIS-RPTCOL-STATE-0179,HMIS-DE-0330,M8,8.13,7.10; 8.13,Existing observed code,2026-09-01,Retain as schema-specific occurrence; do not overwrite canonical code history
HMIS-CODELINE-STATE-144,HMIS-RPTSCHEMA-STATE-20260901-001,HMIS-RPTCOL-STATE-0180,HMIS-DE-0302,M8,8.14,7.11; 8.14,Existing observed code,2026-09-01,Retain as schema-specific occurrence; do not overwrite canonical code history
HMIS-CODELINE-STATE-145,HMIS-RPTSCHEMA-STATE-20260901-001,HMIS-RPTCOL-STATE-0181,HMIS-DE-0354,M8,8.15,7.12; 8.15,Existing observed code,2026-09-01,Retain as schema-specific occurrence; do not overwrite canonical code history
HMIS-CODELINE-STATE-146,HMIS-RPTSCHEMA-STATE-20260901-001,HMIS-RPTCOL-STATE-0182,HMIS-DE-0460,M8,8.16,7.13; 8.16,Existing observed code,2026-09-01,Retain as schema-specific occurrence; do not overwrite canonical code history
HMIS-CODELINE-STATE-147,HMIS-RPTSCHEMA-STATE-20260901-001,HMIS-RPTCOL-STATE-0183,HMIS-DE-0272,M8,8.17.1,7.14.1; 8.17.1,Existing observed code,2026-09-01,Retain as schema-specific occurrence; do not overwrite canonical code history
HMIS-CODELINE-STATE-148,HMIS-RPTSCHEMA-STATE-20260901-001,HMIS-RPTCOL-STATE-0184,HMIS-DE-0273,M8,8.17.2,7.14.2; 8.17.2,Existing observed code,2026-09-01,Retain as schema-specific occurrence; do not overwrite canonical code history
HMIS-CODELINE-STATE-149,HMIS-RPTSCHEMA-STATE-20260901-001,HMIS-RPTCOL-STATE-0185,HMIS-DE-0094,M8,8.18.1,7.15.1; 8.18.1,Existing observed code,2026-09-01,Retain as schema-specific occurrence; do not overwrite canonical code history
HMIS-CODELINE-STATE-150,HMIS-RPTSCHEMA-STATE-20260901-001,HMIS-RPTCOL-STATE-0186,HMIS-DE-0093,M8,8.18.2,7.15.2; 8.18.2,Existing observed code,2026-09-01,Retain as schema-specific occurrence; do not overwrite canonical code history
HMIS-CODELINE-STATE-151,HMIS-RPTSCHEMA-STATE-20260901-001,HMIS-RPTCOL-STATE-0187,HMIS-DE-0132,M8,8.18.3,8.18.3,Existing observed code,2026-09-01,Retain as schema-specific occurrence; do not overwrite canonical code history
HMIS-CODELINE-STATE-152,HMIS-RPTSCHEMA-STATE-20260901-001,HMIS-RPTCOL-STATE-0188,HMIS-DE-0131,M8,8.18.4,8.18.4,Existing observed code,2026-09-01,Retain as schema-specific occurrence; do not overwrite canonical code history
HMIS-CODELINE-STATE-153,HMIS-RPTSCHEMA-STATE-20260901-001,HMIS-RPTCOL-STATE-0189,HMIS-DE-0101,M8,8.18.5,8.18.5,Existing observed code,2026-09-01,Retain as schema-specific occurrence; do not overwrite canonical code history
HMIS-CODELINE-STATE-154,HMIS-RPTSCHEMA-STATE-20260901-001,HMIS-RPTCOL-STATE-0190,HMIS-DE-0100,M8,8.18.6,8.18.6,Existing observed code,2026-09-01,Retain as schema-specific occurrence; do not overwrite canonical code history
HMIS-CODELINE-STATE-155,HMIS-RPTSCHEMA-STATE-20260901-001,HMIS-RPTCOL-STATE-0191,HMIS-DE-0299,M8,8.19.1,8.19.1,Existing observed code,2026-09-01,Retain as schema-specific occurrence; do not overwrite canonical code history
HMIS-CODELINE-STATE-156,HMIS-RPTSCHEMA-STATE-20260901-001,HMIS-RPTCOL-STATE-0192,HMIS-DE-0300,M8,8.19.2,8.19.2,Existing observed code,2026-09-01,Retain as schema-specific occurrence; do not overwrite canonical code history
HMIS-CODELINE-STATE-157,HMIS-RPTSCHEMA-STATE-20260901-001,HMIS-RPTCOL-STATE-0193,HMIS-DE-0065,M9,9.1.1,8.1.1; 9.1.1,Existing observed code,2026-09-01,Retain as schema-specific occurrence; do not overwrite canonical code history
HMIS-CODELINE-STATE-158,HMIS-RPTSCHEMA-STATE-20260901-001,HMIS-RPTCOL-STATE-0194,HMIS-DE-0036,M9,9.1.2,8.1.2; 9.1.2,Existing observed code,2026-09-01,Retain as schema-specific occurrence; do not overwrite canonical code history
HMIS-CODELINE-STATE-159,HMIS-RPTSCHEMA-STATE-20260901-001,HMIS-RPTCOL-STATE-0195,HMIS-DE-0056,M9,9.1.3,8.1.3; 9.1.3,Existing observed code,2026-09-01,Retain as schema-specific occurrence; do not overwrite canonical code history
HMIS-CODELINE-STATE-160,HMIS-RPTSCHEMA-STATE-20260901-001,HMIS-RPTCOL-STATE-0196,HMIS-DE-0057,M9,9.1.4,8.1.4; 9.1.4,Existing observed code,2026-09-01,Retain as schema-specific occurrence; do not overwrite canonical code history
HMIS-CODELINE-STATE-161,HMIS-RPTSCHEMA-STATE-20260901-001,HMIS-RPTCOL-STATE-0197,HMIS-DE-0058,M9,9.1.5,8.1.5; 9.1.5,Existing observed code,2026-09-01,Retain as schema-specific occurrence; do not overwrite canonical code history
HMIS-CODELINE-STATE-162,HMIS-RPTSCHEMA-STATE-20260901-001,HMIS-RPTCOL-STATE-0198,HMIS-DE-0047,M9,9.1.6,8.1.6; 9.1.6,Existing observed code,2026-09-01,Retain as schema-specific occurrence; do not overwrite canonical code history
HMIS-CODELINE-STATE-163,HMIS-RPTSCHEMA-STATE-20260901-001,HMIS-RPTCOL-STATE-0199,HMIS-DE-0050,M9,9.1.7,8.1.7; 9.1.7,Existing observed code,2026-09-01,Retain as schema-specific occurrence; do not overwrite canonical code history
HMIS-CODELINE-STATE-164,HMIS-RPTSCHEMA-STATE-20260901-001,HMIS-RPTCOL-STATE-0200,HMIS-DE-0051,M9,9.1.8,8.1.8; 9.1.8,Existing observed code,2026-09-01,Retain as schema-specific occurrence; do not overwrite canonical code history
HMIS-CODELINE-STATE-165,HMIS-RPTSCHEMA-STATE-20260901-001,HMIS-RPTCOL-STATE-0201,HMIS-DE-0052,M9,9.1.9,8.1.9; 9.1.9,Existing observed code,2026-09-01,Retain as schema-specific occurrence; do not overwrite canonical code history
HMIS-CODELINE-STATE-166,HMIS-RPTSCHEMA-STATE-20260901-001,HMIS-RPTCOL-STATE-0202,HMIS-DE-0042,M9,9.1.10,8.1.10; 9.1.10,Existing observed code,2026-09-01,Retain as schema-specific occurrence; do not overwrite canonical code history
HMIS-CODELINE-STATE-167,HMIS-RPTSCHEMA-STATE-20260901-001,HMIS-RPTCOL-STATE-0203,HMIS-DE-0043,M9,9.1.11,8.1.11; 9.1.11,Existing observed code,2026-09-01,Retain as schema-specific occurrence; do not overwrite canonical code history
HMIS-CODELINE-STATE-168,HMIS-RPTSCHEMA-STATE-20260901-001,HMIS-RPTCOL-STATE-0204,HMIS-DE-0044,M9,9.1.12,8.1.12; 9.1.12,Existing observed code,2026-09-01,Retain as schema-specific occurrence; do not overwrite canonical code history
HMIS-CODELINE-STATE-169,HMIS-RPTSCHEMA-STATE-20260901-001,HMIS-RPTCOL-STATE-0205,HMIS-DE-0059,M9,9.1.13,8.1.13; 9.1.13,Existing observed code,2026-09-01,Retain as schema-specific occurrence; do not overwrite canonical code history
HMIS-CODELINE-STATE-170,HMIS-RPTSCHEMA-STATE-20260901-001,HMIS-RPTCOL-STATE-0206,HMIS-DE-0060,M9,9.1.14,8.1.14; 9.1.14,Existing observed code,2026-09-01,Retain as schema-specific occurrence; do not overwrite canonical code history
HMIS-CODELINE-STATE-171,HMIS-RPTSCHEMA-STATE-20260901-001,HMIS-RPTCOL-STATE-0207,HMIS-DE-0061,M9,9.1.15,8.1.15; 9.1.15,Existing observed code,2026-09-01,Retain as schema-specific occurrence; do not overwrite canonical code history
HMIS-CODELINE-STATE-172,HMIS-RPTSCHEMA-STATE-20260901-001,HMIS-RPTCOL-STATE-0208,HMIS-DE-0054,M9,9.1.16,8.1.16; 9.1.16,Existing observed code,2026-09-01,Retain as schema-specific occurrence; do not overwrite canonical code history
HMIS-CODELINE-STATE-173,HMIS-RPTSCHEMA-STATE-20260901-001,HMIS-RPTCOL-STATE-0209,HMIS-DE-0055,M9,9.1.17,8.1.17; 9.1.17,Existing observed code,2026-09-01,Retain as schema-specific occurrence; do not overwrite canonical code history
HMIS-CODELINE-STATE-174,HMIS-RPTSCHEMA-STATE-20260901-001,HMIS-RPTCOL-STATE-0210,HMIS-DE-0066,M9,9.2.1,8.2.1; 9.2.1,Existing observed code,2026-09-01,Retain as schema-specific occurrence; do not overwrite canonical code history
HMIS-CODELINE-STATE-175,HMIS-RPTSCHEMA-STATE-20260901-001,HMIS-RPTCOL-STATE-0211,HMIS-DE-0034,M9,9.2.2,8.2.2; 9.2.2,Existing observed code,2026-09-01,Retain as schema-specific occurrence; do not overwrite canonical code history
HMIS-CODELINE-STATE-176,HMIS-RPTSCHEMA-STATE-20260901-001,HMIS-RPTCOL-STATE-0212,HMIS-DE-0033,M9,9.2.3,8.2.3; 9.2.3,Existing observed code,2026-09-01,Retain as schema-specific occurrence; do not overwrite canonical code history
HMIS-CODELINE-STATE-177,HMIS-RPTSCHEMA-STATE-20260901-001,HMIS-RPTCOL-STATE-0213,HMIS-DE-0053,M9,9.2.4,8.2.4; 9.2.4,Existing observed code,2026-09-01,Retain as schema-specific occurrence; do not overwrite canonical code history
HMIS-CODELINE-STATE-178,HMIS-RPTSCHEMA-STATE-20260901-001,HMIS-RPTCOL-STATE-0214,HMIS-DE-0136,M9,9.2.5.a,8.2.5.a; 9.2.5.a,Existing observed code,2026-09-01,Retain as schema-specific occurrence; do not overwrite canonical code history
HMIS-CODELINE-STATE-179,HMIS-RPTSCHEMA-STATE-20260901-001,HMIS-RPTCOL-STATE-0215,HMIS-DE-0135,M9,9.2.5.b,8.2.5.b; 9.2.5.b,Existing observed code,2026-09-01,Retain as schema-specific occurrence; do not overwrite canonical code history
HMIS-CODELINE-STATE-180,HMIS-RPTSCHEMA-STATE-20260901-001,HMIS-RPTCOL-STATE-0216,HMIS-DE-0067,M9,9.3.1,8.3.1; 9.3.1,Existing observed code,2026-09-01,Retain as schema-specific occurrence; do not overwrite canonical code history
HMIS-CODELINE-STATE-181,HMIS-RPTSCHEMA-STATE-20260901-001,HMIS-RPTCOL-STATE-0217,HMIS-DE-0035,M9,9.3.2,8.3.2; 9.3.2,Existing observed code,2026-09-01,Retain as schema-specific occurrence; do not overwrite canonical code history
HMIS-CODELINE-STATE-182,HMIS-RPTSCHEMA-STATE-20260901-001,HMIS-RPTCOL-STATE-0218,HMIS-DE-0037,M9,9.3.3,8.3.3; 9.3.3,Existing observed code,2026-09-01,Retain as schema-specific occurrence; do not overwrite canonical code history
HMIS-CODELINE-STATE-183,HMIS-RPTSCHEMA-STATE-20260901-001,HMIS-RPTCOL-STATE-0219,HMIS-DE-0039,M9,9.3.4,8.3.4; 9.3.4,Existing observed code,2026-09-01,Retain as schema-specific occurrence; do not overwrite canonical code history
HMIS-CODELINE-STATE-184,HMIS-RPTSCHEMA-STATE-20260901-001,HMIS-RPTCOL-STATE-0220,HMIS-DE-0040,M9,9.3.5,8.3.5; 9.3.5,Existing observed code,2026-09-01,Retain as schema-specific occurrence; do not overwrite canonical code history
HMIS-CODELINE-STATE-185,HMIS-RPTSCHEMA-STATE-20260901-001,HMIS-RPTCOL-STATE-0221,HMIS-DE-0041,M9,9.3.6,8.3.6; 9.3.6,Existing observed code,2026-09-01,Retain as schema-specific occurrence; do not overwrite canonical code history
HMIS-CODELINE-STATE-186,HMIS-RPTSCHEMA-STATE-20260901-001,HMIS-RPTCOL-STATE-0222,HMIS-DE-0049,M9,9.3.7,8.3.7; 9.3.7,Existing observed code,2026-09-01,Retain as schema-specific occurrence; do not overwrite canonical code history
HMIS-CODELINE-STATE-187,HMIS-RPTSCHEMA-STATE-20260901-001,HMIS-RPTCOL-STATE-0223,HMIS-DE-0045,M9,9.3.8,8.3.8; 9.3.8,Existing observed code,2026-09-01,Retain as schema-specific occurrence; do not overwrite canonical code history
HMIS-CODELINE-STATE-188,HMIS-RPTSCHEMA-STATE-20260901-001,HMIS-RPTCOL-STATE-0224,HMIS-DE-0046,M9,9.4.1,8.4.1; 9.4.1,Existing observed code,2026-09-01,Retain as schema-specific occurrence; do not overwrite canonical code history
HMIS-CODELINE-STATE-189,HMIS-RPTSCHEMA-STATE-20260901-001,HMIS-RPTCOL-STATE-0225,HMIS-DE-0038,M9,9.4.2,8.4.2; 9.4.2,Existing observed code,2026-09-01,Retain as schema-specific occurrence; do not overwrite canonical code history
HMIS-CODELINE-STATE-190,HMIS-RPTSCHEMA-STATE-20260901-001,HMIS-RPTCOL-STATE-0226,HMIS-DE-0048,M9,9.4.3,8.4.3; 9.4.3,Existing observed code,2026-09-01,Retain as schema-specific occurrence; do not overwrite canonical code history
HMIS-CODELINE-STATE-191,HMIS-RPTSCHEMA-STATE-20260901-001,HMIS-RPTCOL-STATE-0227,HMIS-DE-0321,M9,9.4.4,8.4.4; 9.4.4,Existing observed code,2026-09-01,Retain as schema-specific occurrence; do not overwrite canonical code history
HMIS-CODELINE-STATE-192,HMIS-RPTSCHEMA-STATE-20260901-001,HMIS-RPTCOL-STATE-0228,HMIS-DE-0068,M9,9.5.1,8.5.1; 9.5.1,Existing observed code,2026-09-01,Retain as schema-specific occurrence; do not overwrite canonical code history
HMIS-CODELINE-STATE-193,HMIS-RPTSCHEMA-STATE-20260901-001,HMIS-RPTCOL-STATE-0229,HMIS-DE-0091,M9,9.5.2,8.5.2; 9.5.2,Existing observed code,2026-09-01,Retain as schema-specific occurrence; do not overwrite canonical code history
HMIS-CODELINE-STATE-194,HMIS-RPTSCHEMA-STATE-20260901-001,HMIS-RPTCOL-STATE-0230,HMIS-DE-0089,M9,9.5.3,8.5.3; 9.5.3,Existing observed code,2026-09-01,Retain as schema-specific occurrence; do not overwrite canonical code history
HMIS-CODELINE-STATE-195,HMIS-RPTSCHEMA-STATE-20260901-001,HMIS-RPTCOL-STATE-0231,HMIS-DE-0090,M9,9.5.4,8.5.4; 9.5.4,Existing observed code,2026-09-01,Retain as schema-specific occurrence; do not overwrite canonical code history
HMIS-CODELINE-STATE-196,HMIS-RPTSCHEMA-STATE-20260901-001,HMIS-RPTCOL-STATE-0232,HMIS-DE-0298,M9,9.6.1,8.6.1; 9.6.1,Existing observed code,2026-09-01,Retain as schema-specific occurrence; do not overwrite canonical code history
HMIS-CODELINE-STATE-197,HMIS-RPTSCHEMA-STATE-20260901-001,HMIS-RPTCOL-STATE-0233,HMIS-DE-0297,M9,9.6.2,8.6.2; 9.6.2,Existing observed code,2026-09-01,Retain as schema-specific occurrence; do not overwrite canonical code history
HMIS-CODELINE-STATE-198,HMIS-RPTSCHEMA-STATE-20260901-001,HMIS-RPTCOL-STATE-0234,HMIS-DE-0296,M9,9.6.3,8.6.3; 9.6.3,Existing observed code,2026-09-01,Retain as schema-specific occurrence; do not overwrite canonical code history
HMIS-CODELINE-STATE-199,HMIS-RPTSCHEMA-STATE-20260901-001,HMIS-RPTCOL-STATE-0235,HMIS-DE-0546,M9,9.6.3.a,8.6.3.a; 9.6.3.a,Existing observed code,2026-09-01,Retain as schema-specific occurrence; do not overwrite canonical code history
HMIS-CODELINE-STATE-200,HMIS-RPTSCHEMA-STATE-20260901-001,HMIS-RPTCOL-STATE-0236,HMIS-DE-0150,M9,9.7.1,8.7.1; 9.7.1,Existing observed code,2026-09-01,Retain as schema-specific occurrence; do not overwrite canonical code history
HMIS-CODELINE-STATE-201,HMIS-RPTSCHEMA-STATE-20260901-001,HMIS-RPTCOL-STATE-0237,HMIS-DE-0149,M9,9.7.2,8.7.2; 9.7.2,Existing observed code,2026-09-01,Retain as schema-specific occurrence; do not overwrite canonical code history
HMIS-CODELINE-STATE-202,HMIS-RPTSCHEMA-STATE-20260901-001,HMIS-RPTCOL-STATE-0238,HMIS-DE-0062,M9,9.8.1,8.8.1; 9.8.1,Existing observed code,2026-09-01,Retain as schema-specific occurrence; do not overwrite canonical code history
HMIS-CODELINE-STATE-203,HMIS-RPTSCHEMA-STATE-20260901-001,HMIS-RPTCOL-STATE-0239,HMIS-DE-0063,M9,9.8.2,8.8.2; 9.8.2,Existing observed code,2026-09-01,Retain as schema-specific occurrence; do not overwrite canonical code history
HMIS-CODELINE-STATE-204,HMIS-RPTSCHEMA-STATE-20260901-001,HMIS-RPTCOL-STATE-0240,HMIS-DE-0064,M9,9.8.3,8.8.3; 9.7.3; 9.8.3,Existing observed code,2026-09-01,Retain as schema-specific occurrence; do not overwrite canonical code history
HMIS-CODELINE-STATE-205,HMIS-RPTSCHEMA-STATE-20260901-001,HMIS-RPTCOL-STATE-0241,HMIS-DE-0078,M10,10.1.1,10.1.1,Existing observed code,2026-09-01,Retain as schema-specific occurrence; do not overwrite canonical code history
HMIS-CODELINE-STATE-206,HMIS-RPTSCHEMA-STATE-20260901-001,HMIS-RPTCOL-STATE-0242,HMIS-DE-0070,M10,10.1.2,10.1.2,Existing observed code,2026-09-01,Retain as schema-specific occurrence; do not overwrite canonical code history
HMIS-CODELINE-STATE-207,HMIS-RPTSCHEMA-STATE-20260901-001,HMIS-RPTCOL-STATE-0243,HMIS-DE-0079,M10,10.1.3,10.1.3,Existing observed code,2026-09-01,Retain as schema-specific occurrence; do not overwrite canonical code history
HMIS-CODELINE-STATE-208,HMIS-RPTSCHEMA-STATE-20260901-001,HMIS-RPTCOL-STATE-0244,HMIS-DE-0074,M10,10.1.4,10.1.4,Existing observed code,2026-09-01,Retain as schema-specific occurrence; do not overwrite canonical code history
HMIS-CODELINE-STATE-209,HMIS-RPTSCHEMA-STATE-20260901-001,HMIS-RPTCOL-STATE-0245,HMIS-DE-0077,M10,10.1.5,10.1.5,Existing observed code,2026-09-01,Retain as schema-specific occurrence; do not overwrite canonical code history
HMIS-CODELINE-STATE-210,HMIS-RPTSCHEMA-STATE-20260901-001,HMIS-RPTCOL-STATE-0246,HMIS-DE-0080,M10,10.1.6,10.1.6,Existing observed code,2026-09-01,Retain as schema-specific occurrence; do not overwrite canonical code history
HMIS-CODELINE-STATE-211,HMIS-RPTSCHEMA-STATE-20260901-001,HMIS-RPTCOL-STATE-0247,HMIS-DE-0081,M10,10.1.7,10.1.7,Existing observed code,2026-09-01,Retain as schema-specific occurrence; do not overwrite canonical code history
HMIS-CODELINE-STATE-212,HMIS-RPTSCHEMA-STATE-20260901-001,HMIS-RPTCOL-STATE-0248,HMIS-DE-0069,M10,10.1.8,10.1.8,Existing observed code,2026-09-01,Retain as schema-specific occurrence; do not overwrite canonical code history
HMIS-CODELINE-STATE-213,HMIS-RPTSCHEMA-STATE-20260901-001,HMIS-RPTCOL-STATE-0249,HMIS-DE-0076,M10,10.1.9,10.1.9,Existing observed code,2026-09-01,Retain as schema-specific occurrence; do not overwrite canonical code history
HMIS-CODELINE-STATE-214,HMIS-RPTSCHEMA-STATE-20260901-001,HMIS-RPTCOL-STATE-0250,HMIS-DE-0075,M10,10.1.10,10.1.10; 9.1.1,Existing observed code,2026-09-01,Retain as schema-specific occurrence; do not overwrite canonical code history
HMIS-CODELINE-STATE-215,HMIS-RPTSCHEMA-STATE-20260901-001,HMIS-RPTCOL-STATE-0251,HMIS-DE-0071,M10,10.1.11,10.1.11; 9.1.2,Existing observed code,2026-09-01,Retain as schema-specific occurrence; do not overwrite canonical code history
HMIS-CODELINE-STATE-216,HMIS-RPTSCHEMA-STATE-20260901-001,HMIS-RPTCOL-STATE-0252,HMIS-DE-0072,M10,10.1.12,10.1.12; 9.1.3,Existing observed code,2026-09-01,Retain as schema-specific occurrence; do not overwrite canonical code history
HMIS-CODELINE-STATE-217,HMIS-RPTSCHEMA-STATE-20260901-001,HMIS-RPTCOL-STATE-0253,HMIS-DE-0073,M10,10.1.13,10.1.13; 9.1.4,Existing observed code,2026-09-01,Retain as schema-specific occurrence; do not overwrite canonical code history
HMIS-CODELINE-STATE-218,HMIS-RPTSCHEMA-STATE-20260901-001,HMIS-RPTCOL-STATE-0254,HMIS-DE-0082,M10,10.1.14,10.1.14,Existing observed code,2026-09-01,Retain as schema-specific occurrence; do not overwrite canonical code history
HMIS-CODELINE-STATE-219,HMIS-RPTSCHEMA-STATE-20260901-001,HMIS-RPTCOL-STATE-0255,HMIS-DE-0083,M10,10.1.15,10.1.15,Existing observed code,2026-09-01,Retain as schema-specific occurrence; do not overwrite canonical code history
HMIS-CODELINE-STATE-220,HMIS-RPTSCHEMA-STATE-20260901-001,HMIS-RPTCOL-STATE-0256,HMIS-DE-0087,M10,10.2.1,10.2.1,Existing observed code,2026-09-01,Retain as schema-specific occurrence; do not overwrite canonical code history
HMIS-CODELINE-STATE-221,HMIS-RPTSCHEMA-STATE-20260901-001,HMIS-RPTCOL-STATE-0257,HMIS-DE-0086,M10,10.2.2,10.2.2,Existing observed code,2026-09-01,Retain as schema-specific occurrence; do not overwrite canonical code history
HMIS-CODELINE-STATE-222,HMIS-RPTSCHEMA-STATE-20260901-001,HMIS-RPTCOL-STATE-0258,HMIS-DE-0085,M10,10.2.3,10.2.3,Existing observed code,2026-09-01,Retain as schema-specific occurrence; do not overwrite canonical code history
HMIS-CODELINE-STATE-223,HMIS-RPTSCHEMA-STATE-20260901-001,HMIS-RPTCOL-STATE-0259,HMIS-DE-0625,M11,11.1.1.a,11.1.1.a,Existing observed code,2026-09-01,Retain as schema-specific occurrence; do not overwrite canonical code history
HMIS-CODELINE-STATE-224,HMIS-RPTSCHEMA-STATE-20260901-001,HMIS-RPTCOL-STATE-0260,HMIS-DE-0224,M11,11.1.1.b,11.1.1.b,Existing observed code,2026-09-01,Retain as schema-specific occurrence; do not overwrite canonical code history
HMIS-CODELINE-STATE-225,HMIS-RPTSCHEMA-STATE-20260901-001,HMIS-RPTCOL-STATE-0261,HMIS-DE-0223,M11,11.1.1.c,11.1.1.c,Existing observed code,2026-09-01,Retain as schema-specific occurrence; do not overwrite canonical code history
HMIS-CODELINE-STATE-226,HMIS-RPTSCHEMA-STATE-20260901-001,HMIS-RPTCOL-STATE-0262,HMIS-DE-0222,M11,11.1.1.d,11.1.1.d,Existing observed code,2026-09-01,Retain as schema-specific occurrence; do not overwrite canonical code history
HMIS-CODELINE-STATE-227,HMIS-RPTSCHEMA-STATE-20260901-001,HMIS-RPTCOL-STATE-0263,HMIS-DE-0612,M11,11.1.2.a,10.1.1.a; 11.1.2.a,Existing observed code,2026-09-01,Retain as schema-specific occurrence; do not overwrite canonical code history
HMIS-CODELINE-STATE-228,HMIS-RPTSCHEMA-STATE-20260901-001,HMIS-RPTCOL-STATE-0264,HMIS-DE-0227,M11,11.1.2.b,10.1.1.b; 11.1.2.b,Existing observed code,2026-09-01,Retain as schema-specific occurrence; do not overwrite canonical code history
HMIS-CODELINE-STATE-229,HMIS-RPTSCHEMA-STATE-20260901-001,HMIS-RPTCOL-STATE-0265,HMIS-DE-0226,M11,11.1.2.c,10.1.1.c; 11.1.2.c,Existing observed code,2026-09-01,Retain as schema-specific occurrence; do not overwrite canonical code history
HMIS-CODELINE-STATE-230,HMIS-RPTSCHEMA-STATE-20260901-001,HMIS-RPTCOL-STATE-0266,HMIS-DE-0225,M11,11.1.2.d,10.1.1.d; 11.1.2.d,Existing observed code,2026-09-01,Retain as schema-specific occurrence; do not overwrite canonical code history
HMIS-CODELINE-STATE-231,HMIS-RPTSCHEMA-STATE-20260901-001,HMIS-RPTCOL-STATE-0267,HMIS-DE-0212,M11,11.2.1,11.2.1,Existing observed code,2026-09-01,Retain as schema-specific occurrence; do not overwrite canonical code history
HMIS-CODELINE-STATE-232,HMIS-RPTSCHEMA-STATE-20260901-001,HMIS-RPTCOL-STATE-0268,HMIS-DE-0213,M11,11.2.2,11.2.2,Existing observed code,2026-09-01,Retain as schema-specific occurrence; do not overwrite canonical code history
HMIS-CODELINE-STATE-233,HMIS-RPTSCHEMA-STATE-20260901-001,HMIS-RPTCOL-STATE-0269,HMIS-DE-0106,M11,11.3.1,11.3.1,Existing observed code,2026-09-01,Retain as schema-specific occurrence; do not overwrite canonical code history
HMIS-CODELINE-STATE-234,HMIS-RPTSCHEMA-STATE-20260901-001,HMIS-RPTCOL-STATE-0270,HMIS-DE-0107,M11,11.3.2,11.3.2,Existing observed code,2026-09-01,Retain as schema-specific occurrence; do not overwrite canonical code history
HMIS-CODELINE-STATE-235,HMIS-RPTSCHEMA-STATE-20260901-001,HMIS-RPTCOL-STATE-0271,HMIS-DE-0030,M11,11.3.3,11.3.3,Existing observed code,2026-09-01,Retain as schema-specific occurrence; do not overwrite canonical code history
HMIS-CODELINE-STATE-236,HMIS-RPTSCHEMA-STATE-20260901-001,HMIS-RPTCOL-STATE-0272,HMIS-DE-0031,M11,11.3.4,11.3.4,Existing observed code,2026-09-01,Retain as schema-specific occurrence; do not overwrite canonical code history
HMIS-CODELINE-STATE-237,HMIS-RPTSCHEMA-STATE-20260901-001,HMIS-RPTCOL-STATE-0273,HMIS-DE-0252,M11,11.4.1,11.4.1,Existing observed code,2026-09-01,Retain as schema-specific occurrence; do not overwrite canonical code history
HMIS-CODELINE-STATE-238,HMIS-RPTSCHEMA-STATE-20260901-001,HMIS-RPTCOL-STATE-0274,HMIS-DE-0260,M11,11.4.2,11.4.2,Existing observed code,2026-09-01,Retain as schema-specific occurrence; do not overwrite canonical code history
HMIS-CODELINE-STATE-239,HMIS-RPTSCHEMA-STATE-20260901-001,HMIS-RPTCOL-STATE-0275,HMIS-DE-0449,M11,11.5.1,11.5.1,Existing observed code,2026-09-01,Retain as schema-specific occurrence; do not overwrite canonical code history
HMIS-CODELINE-STATE-240,HMIS-RPTSCHEMA-STATE-20260901-001,HMIS-RPTCOL-STATE-0276,HMIS-DE-0400,M11,11.5.2,11.5.2,Existing observed code,2026-09-01,Retain as schema-specific occurrence; do not overwrite canonical code history
HMIS-CODELINE-STATE-241,HMIS-RPTSCHEMA-STATE-20260901-001,HMIS-RPTCOL-STATE-0277,HMIS-DE-0372,M11,11.5.3,11.5.3,Existing observed code,2026-09-01,Retain as schema-specific occurrence; do not overwrite canonical code history
HMIS-CODELINE-STATE-242,HMIS-RPTSCHEMA-STATE-20260901-001,HMIS-RPTCOL-STATE-0278,HMIS-DE-0139,M12,12.1.1.a,12.1.1.a,Existing observed code,2026-09-01,Retain as schema-specific occurrence; do not overwrite canonical code history
HMIS-CODELINE-STATE-243,HMIS-RPTSCHEMA-STATE-20260901-001,HMIS-RPTCOL-STATE-0279,HMIS-DE-0028,M12,12.1.1.b,12.1.1.b,Existing observed code,2026-09-01,Retain as schema-specific occurrence; do not overwrite canonical code history
HMIS-CODELINE-STATE-244,HMIS-RPTSCHEMA-STATE-20260901-001,HMIS-RPTCOL-STATE-0280,HMIS-DE-0543,M12,12.1.2.a,12.1.2.a,Existing observed code,2026-09-01,Retain as schema-specific occurrence; do not overwrite canonical code history
HMIS-CODELINE-STATE-245,HMIS-RPTSCHEMA-STATE-20260901-001,HMIS-RPTCOL-STATE-0281,HMIS-DE-0541,M12,12.1.2.b,12.1.2.b,Existing observed code,2026-09-01,Retain as schema-specific occurrence; do not overwrite canonical code history
HMIS-CODELINE-STATE-246,HMIS-RPTSCHEMA-STATE-20260901-001,HMIS-RPTCOL-STATE-0282,HMIS-DE-0544,M12,12.1.3.a,12.1.3.a,Existing observed code,2026-09-01,Retain as schema-specific occurrence; do not overwrite canonical code history
HMIS-CODELINE-STATE-247,HMIS-RPTSCHEMA-STATE-20260901-001,HMIS-RPTCOL-STATE-0283,HMIS-DE-0542,M12,12.1.3.b,12.1.3.b,Existing observed code,2026-09-01,Retain as schema-specific occurrence; do not overwrite canonical code history
HMIS-CODELINE-STATE-248,HMIS-RPTSCHEMA-STATE-20260901-001,HMIS-RPTCOL-STATE-0284,HMIS-DE-0278,M12,12.3.1,11.1.1; 12.2.1,New report-schema code occurrence,2026-09-01,Retain as schema-specific occurrence; do not overwrite canonical code history
HMIS-CODELINE-STATE-249,HMIS-RPTSCHEMA-STATE-20260901-001,HMIS-RPTCOL-STATE-0285,HMIS-DE-0508,M12,12.3.2,11.1.2; 12.2.2,New report-schema code occurrence,2026-09-01,Retain as schema-specific occurrence; do not overwrite canonical code history
HMIS-CODELINE-STATE-250,HMIS-RPTSCHEMA-STATE-20260901-001,HMIS-RPTCOL-STATE-0286,HMIS-DE-0277,M12,12.3.3,11.1.3; 12.2.3,New report-schema code occurrence,2026-09-01,Retain as schema-specific occurrence; do not overwrite canonical code history
HMIS-CODELINE-STATE-251,HMIS-RPTSCHEMA-STATE-20260901-001,HMIS-RPTCOL-STATE-0287,HMIS-DE-0279,M12,12.3.4,11.1.4; 12.2.4,New report-schema code occurrence,2026-09-01,Retain as schema-specific occurrence; do not overwrite canonical code history
HMIS-CODELINE-STATE-252,HMIS-RPTSCHEMA-STATE-20260901-001,HMIS-RPTCOL-STATE-0288,HMIS-DE-0447,M12,12.4.1,11.2.1,New report-schema code occurrence,2026-09-01,Retain as schema-specific occurrence; do not overwrite canonical code history
HMIS-CODELINE-STATE-253,HMIS-RPTSCHEMA-STATE-20260901-001,HMIS-RPTCOL-STATE-0289,HMIS-DE-0572,M12,12.4.2,11.2.2; 12.3.2,New report-schema code occurrence,2026-09-01,Retain as schema-specific occurrence; do not overwrite canonical code history
HMIS-CODELINE-STATE-254,HMIS-RPTSCHEMA-STATE-20260901-001,HMIS-RPTCOL-STATE-0290,HMIS-DE-0280,M12,12.4.3,11.2.3; 12.3.1; 12.3.3,New report-schema code occurrence,2026-09-01,Retain as schema-specific occurrence; do not overwrite canonical code history
HMIS-CODELINE-STATE-255,HMIS-RPTSCHEMA-STATE-20260901-001,HMIS-RPTCOL-STATE-0291,HMIS-DE-0276,M12,12.4.4,11.2.4; 12.3.4,New report-schema code occurrence,2026-09-01,Retain as schema-specific occurrence; do not overwrite canonical code history
HMIS-CODELINE-STATE-256,HMIS-RPTSCHEMA-STATE-20260901-001,HMIS-RPTCOL-STATE-0292,HMIS-DE-0291,M13,13.1,13.1,Existing observed code,2026-09-01,Retain as schema-specific occurrence; do not overwrite canonical code history
HMIS-CODELINE-STATE-257,HMIS-RPTSCHEMA-STATE-20260901-001,HMIS-RPTCOL-STATE-0293,HMIS-DE-0533,M13,13.2,13.2,Existing observed code,2026-09-01,Retain as schema-specific occurrence; do not overwrite canonical code history
HMIS-CODELINE-STATE-258,HMIS-RPTSCHEMA-STATE-20260901-001,HMIS-RPTCOL-STATE-0294,HMIS-DE-0292,M13,13.3,13.3,Existing observed code,2026-09-01,Retain as schema-specific occurrence; do not overwrite canonical code history
HMIS-CODELINE-STATE-259,HMIS-RPTSCHEMA-STATE-20260901-001,HMIS-RPTCOL-STATE-0295,HMIS-DE-0622,M13,13.4,13.4,Existing observed code,2026-09-01,Retain as schema-specific occurrence; do not overwrite canonical code history
HMIS-CODELINE-STATE-260,HMIS-RPTSCHEMA-STATE-20260901-001,HMIS-RPTCOL-STATE-0296,HMIS-DE-0670,M14,14.1.1.a,12.1.1.a; 13.1.1.a; 14.1.1.a,Existing observed code,2026-09-01,Retain as schema-specific occurrence; do not overwrite canonical code history
HMIS-CODELINE-STATE-261,HMIS-RPTSCHEMA-STATE-20260901-001,HMIS-RPTCOL-STATE-0297,HMIS-DE-0137,M14,14.1.1.b,12.1.1.b; 13.1.1.b; 14.1.1.b,Existing observed code,2026-09-01,Retain as schema-specific occurrence; do not overwrite canonical code history
HMIS-CODELINE-STATE-262,HMIS-RPTSCHEMA-STATE-20260901-001,HMIS-RPTCOL-STATE-0298,HMIS-DE-0362,M14,14.1.1.c,12.1.1.c; 13.1.1.c,New report-schema code occurrence,2026-09-01,Retain as schema-specific occurrence; do not overwrite canonical code history
HMIS-CODELINE-STATE-263,HMIS-RPTSCHEMA-STATE-20260901-001,HMIS-RPTCOL-STATE-0299,HMIS-DE-0361,M14,14.1.1.d,12.1.1.d; 13.1.1.d; 14.1.1.c,New report-schema code occurrence,2026-09-01,Retain as schema-specific occurrence; do not overwrite canonical code history
HMIS-CODELINE-STATE-264,HMIS-RPTSCHEMA-STATE-20260901-001,HMIS-RPTCOL-STATE-0300,HMIS-DE-0360,M14,14.1.1.e,12.1.1.e; 13.1.1.e; 14.1.1.d,New report-schema code occurrence,2026-09-01,Retain as schema-specific occurrence; do not overwrite canonical code history
HMIS-CODELINE-STATE-265,HMIS-RPTSCHEMA-STATE-20260901-001,HMIS-RPTCOL-STATE-0301,HMIS-DE-0359,M14,14.1.1.f,12.1.1.f; 13.1.1.f; 14.1.1.e,New report-schema code occurrence,2026-09-01,Retain as schema-specific occurrence; do not overwrite canonical code history
HMIS-CODELINE-STATE-266,HMIS-RPTSCHEMA-STATE-20260901-001,HMIS-RPTCOL-STATE-0302,HMIS-DE-0368,M14,14.1.1.g,12.1.1.g; 13.1.1.g; 14.1.1.f,New report-schema code occurrence,2026-09-01,Retain as schema-specific occurrence; do not overwrite canonical code history
HMIS-CODELINE-STATE-267,HMIS-RPTSCHEMA-STATE-20260901-001,HMIS-RPTCOL-STATE-0303,HMIS-DE-0353,M14,14.1.1.h,12.1.1.h; 13.1.1.h,New report-schema code occurrence,2026-09-01,Retain as schema-specific occurrence; do not overwrite canonical code history
HMIS-CODELINE-STATE-268,HMIS-RPTSCHEMA-STATE-20260901-001,HMIS-RPTCOL-STATE-0304,HMIS-DE-0524,M14,14.1.1.i,12.1.1.i; 13.1.1.i,New report-schema code occurrence,2026-09-01,Retain as schema-specific occurrence; do not overwrite canonical code history
HMIS-CODELINE-STATE-269,HMIS-RPTSCHEMA-STATE-20260901-001,HMIS-RPTCOL-STATE-0305,HMIS-DE-0357,M14,14.1.1.j,12.1.1.j; 13.1.1.j,New report-schema code occurrence,2026-09-01,Retain as schema-specific occurrence; do not overwrite canonical code history
HMIS-CODELINE-STATE-270,HMIS-RPTSCHEMA-STATE-20260901-001,HMIS-RPTCOL-STATE-0306,HMIS-DE-0446,M14,14.1.2.a,13.1.2.a; 14.1.2.a,Existing observed code,2026-09-01,Retain as schema-specific occurrence; do not overwrite canonical code history
HMIS-CODELINE-STATE-271,HMIS-RPTSCHEMA-STATE-20260901-001,HMIS-RPTCOL-STATE-0307,HMIS-DE-0445,M14,14.1.2.b,12.1.2.a; 13.1.2.b; 14.1.2.b,Existing observed code,2026-09-01,Retain as schema-specific occurrence; do not overwrite canonical code history
HMIS-CODELINE-STATE-272,HMIS-RPTSCHEMA-STATE-20260901-001,HMIS-RPTCOL-STATE-0308,HMIS-DE-0523,M14,14.1.2.c,13.1.2.c,New report-schema code occurrence,2026-09-01,Retain as schema-specific occurrence; do not overwrite canonical code history
HMIS-CODELINE-STATE-273,HMIS-RPTSCHEMA-STATE-20260901-001,HMIS-RPTCOL-STATE-0309,HMIS-DE-0525,M14,14.1.2.d,12.1.2.b; 13.1.2.d,New report-schema code occurrence,2026-09-01,Retain as schema-specific occurrence; do not overwrite canonical code history
HMIS-CODELINE-STATE-274,HMIS-RPTSCHEMA-STATE-20260901-001,HMIS-RPTCOL-STATE-0310,HMIS-DE-0301,M14,14.1.2.e,12.1.2.c; 13.1.2.e; 14.1.2.b; 14.1.2.c,New report-schema code occurrence,2026-09-01,Retain as schema-specific occurrence; do not overwrite canonical code history
HMIS-CODELINE-STATE-275,HMIS-RPTSCHEMA-STATE-20260901-001,HMIS-RPTCOL-STATE-0311,HMIS-DE-0669,M14,14.1.3.a,12.1.3.a; 13.1.3.a; 14.1.3.a,Existing observed code,2026-09-01,Retain as schema-specific occurrence; do not overwrite canonical code history
HMIS-CODELINE-STATE-276,HMIS-RPTSCHEMA-STATE-20260901-001,HMIS-RPTCOL-STATE-0312,HMIS-DE-0642,M14,14.1.3.b,12.1.3.b; 13.1.3.b; 14.1.3.b,Existing observed code,2026-09-01,Retain as schema-specific occurrence; do not overwrite canonical code history
HMIS-CODELINE-STATE-277,HMIS-RPTSCHEMA-STATE-20260901-001,HMIS-RPTCOL-STATE-0313,HMIS-DE-0486,M14,14.1.4,12.1.4; 13.1.3.c,New report-schema code occurrence,2026-09-01,Retain as schema-specific occurrence; do not overwrite canonical code history
HMIS-CODELINE-STATE-278,HMIS-RPTSCHEMA-STATE-20260901-001,HMIS-RPTCOL-STATE-0314,HMIS-DE-0012,M14,14.2.1,12.2.1; 13.2.1; 14.2.1,Existing observed code,2026-09-01,Retain as schema-specific occurrence; do not overwrite canonical code history
HMIS-CODELINE-STATE-279,HMIS-RPTSCHEMA-STATE-20260901-001,HMIS-RPTCOL-STATE-0315,HMIS-DE-0539,M14,14.2.1.a,12.2.1.a; 13.2.1.a; 14.2.1.a,Existing observed code,2026-09-01,Retain as schema-specific occurrence; do not overwrite canonical code history
HMIS-CODELINE-STATE-280,HMIS-RPTSCHEMA-STATE-20260901-001,HMIS-RPTCOL-STATE-0316,HMIS-DE-0022,M14,14.2.2,12.2.2; 13.2.2; 14.2.2,Existing observed code,2026-09-01,Retain as schema-specific occurrence; do not overwrite canonical code history
HMIS-CODELINE-STATE-281,HMIS-RPTSCHEMA-STATE-20260901-001,HMIS-RPTCOL-STATE-0317,HMIS-DE-0540,M14,14.2.2.b,12.2.2.a; 13.2.2.a; 14.2.2.a,New report-schema code occurrence,2026-09-01,Retain as schema-specific occurrence; do not overwrite canonical code history
HMIS-CODELINE-STATE-282,HMIS-RPTSCHEMA-STATE-20260901-001,HMIS-RPTCOL-STATE-0318,HMIS-DE-0192,M14,14.3.1.a,13.3.1.a; 14.3.1.a,Existing observed code,2026-09-01,Retain as schema-specific occurrence; do not overwrite canonical code history
HMIS-CODELINE-STATE-283,HMIS-RPTSCHEMA-STATE-20260901-001,HMIS-RPTCOL-STATE-0319,HMIS-DE-0191,M14,14.3.1.b,13.3.1.b; 14.3.1.b,Existing observed code,2026-09-01,Retain as schema-specific occurrence; do not overwrite canonical code history
HMIS-CODELINE-STATE-284,HMIS-RPTSCHEMA-STATE-20260901-001,HMIS-RPTCOL-STATE-0320,HMIS-DE-0189,M14,14.3.1.c,13.3.1.c; 14.3.1.c,Existing observed code,2026-09-01,Retain as schema-specific occurrence; do not overwrite canonical code history
HMIS-CODELINE-STATE-285,HMIS-RPTSCHEMA-STATE-20260901-001,HMIS-RPTCOL-STATE-0321,HMIS-DE-0188,M14,14.3.1.d,13.3.1.d; 14.3.1.d,Existing observed code,2026-09-01,Retain as schema-specific occurrence; do not overwrite canonical code history
HMIS-CODELINE-STATE-286,HMIS-RPTSCHEMA-STATE-20260901-001,HMIS-RPTCOL-STATE-0322,HMIS-DE-0190,M14,14.3.1.e,13.3.1.e; 14.3.1.e,Existing observed code,2026-09-01,Retain as schema-specific occurrence; do not overwrite canonical code history
HMIS-CODELINE-STATE-287,HMIS-RPTSCHEMA-STATE-20260901-001,HMIS-RPTCOL-STATE-0323,HMIS-DE-0204,M14,14.3.2.a,13.3.2.a; 14.3.2.a,Existing observed code,2026-09-01,Retain as schema-specific occurrence; do not overwrite canonical code history
HMIS-CODELINE-STATE-288,HMIS-RPTSCHEMA-STATE-20260901-001,HMIS-RPTCOL-STATE-0324,HMIS-DE-0203,M14,14.3.2.b,13.3.2.b; 14.3.2.b,Existing observed code,2026-09-01,Retain as schema-specific occurrence; do not overwrite canonical code history
HMIS-CODELINE-STATE-289,HMIS-RPTSCHEMA-STATE-20260901-001,HMIS-RPTCOL-STATE-0325,HMIS-DE-0201,M14,14.3.2.c,13.3.2.c; 14.3.2.c,Existing observed code,2026-09-01,Retain as schema-specific occurrence; do not overwrite canonical code history
HMIS-CODELINE-STATE-290,HMIS-RPTSCHEMA-STATE-20260901-001,HMIS-RPTCOL-STATE-0326,HMIS-DE-0200,M14,14.3.2.d,13.3.2.d; 14.3.2.d,Existing observed code,2026-09-01,Retain as schema-specific occurrence; do not overwrite canonical code history
HMIS-CODELINE-STATE-291,HMIS-RPTSCHEMA-STATE-20260901-001,HMIS-RPTCOL-STATE-0327,HMIS-DE-0202,M14,14.3.2.e,13.3.2.e; 14.3.2.e,Existing observed code,2026-09-01,Retain as schema-specific occurrence; do not overwrite canonical code history
HMIS-CODELINE-STATE-292,HMIS-RPTSCHEMA-STATE-20260901-001,HMIS-RPTCOL-STATE-0328,HMIS-DE-0209,M14,14.3.3.a,13.3.3.a; 14.3.3.a,Existing observed code,2026-09-01,Retain as schema-specific occurrence; do not overwrite canonical code history
HMIS-CODELINE-STATE-293,HMIS-RPTSCHEMA-STATE-20260901-001,HMIS-RPTCOL-STATE-0329,HMIS-DE-0208,M14,14.3.3.b,13.3.3.b; 14.3.3.b,Existing observed code,2026-09-01,Retain as schema-specific occurrence; do not overwrite canonical code history
HMIS-CODELINE-STATE-294,HMIS-RPTSCHEMA-STATE-20260901-001,HMIS-RPTCOL-STATE-0330,HMIS-DE-0206,M14,14.3.3.c,13.3.3.c; 14.3.3.c,Existing observed code,2026-09-01,Retain as schema-specific occurrence; do not overwrite canonical code history
HMIS-CODELINE-STATE-295,HMIS-RPTSCHEMA-STATE-20260901-001,HMIS-RPTCOL-STATE-0331,HMIS-DE-0205,M14,14.3.3.d,13.3.3.d; 14.3.3.d,Existing observed code,2026-09-01,Retain as schema-specific occurrence; do not overwrite canonical code history
HMIS-CODELINE-STATE-296,HMIS-RPTSCHEMA-STATE-20260901-001,HMIS-RPTCOL-STATE-0332,HMIS-DE-0207,M14,14.3.3.e,13.3.3.e; 14.3.3.e,Existing observed code,2026-09-01,Retain as schema-specific occurrence; do not overwrite canonical code history
HMIS-CODELINE-STATE-297,HMIS-RPTSCHEMA-STATE-20260901-001,HMIS-RPTCOL-STATE-0333,HMIS-DE-0198,M14,14.3.4.a,13.3.4.a; 14.3.4.a,Existing observed code,2026-09-01,Retain as schema-specific occurrence; do not overwrite canonical code history
HMIS-CODELINE-STATE-298,HMIS-RPTSCHEMA-STATE-20260901-001,HMIS-RPTCOL-STATE-0334,HMIS-DE-0197,M14,14.3.4.b,13.3.4.b; 14.3.4.b,Existing observed code,2026-09-01,Retain as schema-specific occurrence; do not overwrite canonical code history
HMIS-CODELINE-STATE-299,HMIS-RPTSCHEMA-STATE-20260901-001,HMIS-RPTCOL-STATE-0335,HMIS-DE-0195,M14,14.3.4.c,13.3.4.c; 14.3.4.c,Existing observed code,2026-09-01,Retain as schema-specific occurrence; do not overwrite canonical code history
HMIS-CODELINE-STATE-300,HMIS-RPTSCHEMA-STATE-20260901-001,HMIS-RPTCOL-STATE-0336,HMIS-DE-0194,M14,14.3.4.d,13.3.4.d; 14.3.4.d,Existing observed code,2026-09-01,Retain as schema-specific occurrence; do not overwrite canonical code history
HMIS-CODELINE-STATE-301,HMIS-RPTSCHEMA-STATE-20260901-001,HMIS-RPTCOL-STATE-0337,HMIS-DE-0196,M14,14.3.4.e,13.3.4.e; 14.3.4.e,Existing observed code,2026-09-01,Retain as schema-specific occurrence; do not overwrite canonical code history
HMIS-CODELINE-STATE-302,HMIS-RPTSCHEMA-STATE-20260901-001,HMIS-RPTCOL-STATE-0338,HMIS-DE-0628,M14,14.3.5.a,13.3.5.a; 14.3.5.a,Existing observed code,2026-09-01,Retain as schema-specific occurrence; do not overwrite canonical code history
HMIS-CODELINE-STATE-303,HMIS-RPTSCHEMA-STATE-20260901-001,HMIS-RPTCOL-STATE-0339,HMIS-DE-0627,M14,14.3.5.b,13.3.5.b; 14.3.5.b,Existing observed code,2026-09-01,Retain as schema-specific occurrence; do not overwrite canonical code history
HMIS-CODELINE-STATE-304,HMIS-RPTSCHEMA-STATE-20260901-001,HMIS-RPTCOL-STATE-0340,HMIS-DE-0098,M14,14.3.6,12.4; 13.3.6; 14.3.6,Existing observed code,2026-09-01,Retain as schema-specific occurrence; do not overwrite canonical code history
HMIS-CODELINE-STATE-305,HMIS-RPTSCHEMA-STATE-20260901-001,HMIS-RPTCOL-STATE-0341,HMIS-DE-0521,M14,14.3.7.a,13.3.7.a; 14.3.7.a,Existing observed code,2026-09-01,Retain as schema-specific occurrence; do not overwrite canonical code history
HMIS-CODELINE-STATE-306,HMIS-RPTSCHEMA-STATE-20260901-001,HMIS-RPTCOL-STATE-0342,HMIS-DE-0350,M14,14.3.7.b,13.3.7.b; 14.3.7.b,Existing observed code,2026-09-01,Retain as schema-specific occurrence; do not overwrite canonical code history
HMIS-CODELINE-STATE-307,HMIS-RPTSCHEMA-STATE-20260901-001,HMIS-RPTCOL-STATE-0343,HMIS-DE-0680,M14,14.3.8,13.3.8; 14.3.8,Existing observed code,2026-09-01,Retain as schema-specific occurrence; do not overwrite canonical code history
HMIS-CODELINE-STATE-308,HMIS-RPTSCHEMA-STATE-20260901-001,HMIS-RPTCOL-STATE-0344,HMIS-DE-0689,M14,14.3.9,14.3.9,Existing observed code,2026-09-01,Retain as schema-specific occurrence; do not overwrite canonical code history
HMIS-CODELINE-STATE-309,HMIS-RPTSCHEMA-STATE-20260901-001,HMIS-RPTCOL-STATE-0345,HMIS-DE-0690,M14,14.3.10,12.5; 13.3.9; 14.3.10,Existing observed code,2026-09-01,Retain as schema-specific occurrence; do not overwrite canonical code history
HMIS-CODELINE-STATE-310,HMIS-RPTSCHEMA-STATE-20260901-001,HMIS-RPTCOL-STATE-0346,HMIS-DE-0176,M14,14.4.1,13.4.1; 14.4.1,Existing observed code,2026-09-01,Retain as schema-specific occurrence; do not overwrite canonical code history
HMIS-CODELINE-STATE-311,HMIS-RPTSCHEMA-STATE-20260901-001,HMIS-RPTCOL-STATE-0347,HMIS-DE-0174,M14,14.4.2,13.4.2; 14.4.2,Existing observed code,2026-09-01,Retain as schema-specific occurrence; do not overwrite canonical code history
HMIS-CODELINE-STATE-312,HMIS-RPTSCHEMA-STATE-20260901-001,HMIS-RPTCOL-STATE-0348,HMIS-DE-0179,M14,14.4.3,13.4.3; 14.4.3,Existing observed code,2026-09-01,Retain as schema-specific occurrence; do not overwrite canonical code history
HMIS-CODELINE-STATE-313,HMIS-RPTSCHEMA-STATE-20260901-001,HMIS-RPTCOL-STATE-0349,HMIS-DE-0173,M14,14.4.4,13.4.4; 14.4.4,Existing observed code,2026-09-01,Retain as schema-specific occurrence; do not overwrite canonical code history
HMIS-CODELINE-STATE-314,HMIS-RPTSCHEMA-STATE-20260901-001,HMIS-RPTCOL-STATE-0350,HMIS-DE-0178,M14,14.4.5,13.4.5; 14.4.5,Existing observed code,2026-09-01,Retain as schema-specific occurrence; do not overwrite canonical code history
HMIS-CODELINE-STATE-315,HMIS-RPTSCHEMA-STATE-20260901-001,HMIS-RPTCOL-STATE-0351,HMIS-DE-0177,M14,14.4.6,13.4.6; 14.4.6,Existing observed code,2026-09-01,Retain as schema-specific occurrence; do not overwrite canonical code history
HMIS-CODELINE-STATE-316,HMIS-RPTSCHEMA-STATE-20260901-001,HMIS-RPTCOL-STATE-0352,HMIS-DE-0175,M14,14.4.7,13.4.7; 14.4.7,Existing observed code,2026-09-01,Retain as schema-specific occurrence; do not overwrite canonical code history
HMIS-CODELINE-STATE-317,HMIS-RPTSCHEMA-STATE-20260901-001,HMIS-RPTCOL-STATE-0353,HMIS-DE-0182,M14,14.4.8,14.4.8,Existing observed code,2026-09-01,Retain as schema-specific occurrence; do not overwrite canonical code history
HMIS-CODELINE-STATE-318,HMIS-RPTSCHEMA-STATE-20260901-001,HMIS-RPTCOL-STATE-0354,HMIS-DE-0184,M14,14.4.9,14.4.9,Existing observed code,2026-09-01,Retain as schema-specific occurrence; do not overwrite canonical code history
HMIS-CODELINE-STATE-319,HMIS-RPTSCHEMA-STATE-20260901-001,HMIS-RPTCOL-STATE-0355,HMIS-DE-0185,M14,14.4.10,13.4.8; 14.4.10,Existing observed code,2026-09-01,Retain as schema-specific occurrence; do not overwrite canonical code history
HMIS-CODELINE-STATE-320,HMIS-RPTSCHEMA-STATE-20260901-001,HMIS-RPTCOL-STATE-0356,HMIS-DE-0183,M14,14.4.11,14.4.11,Existing observed code,2026-09-01,Retain as schema-specific occurrence; do not overwrite canonical code history
HMIS-CODELINE-STATE-321,HMIS-RPTSCHEMA-STATE-20260901-001,HMIS-RPTCOL-STATE-0357,HMIS-DE-0598,M14,14.5.1,13.5.1; 14.5.1,Existing observed code,2026-09-01,Retain as schema-specific occurrence; do not overwrite canonical code history
HMIS-CODELINE-STATE-322,HMIS-RPTSCHEMA-STATE-20260901-001,HMIS-RPTCOL-STATE-0358,HMIS-DE-0255,M14,14.5.2,13.5.2; 14.5.2,Existing observed code,2026-09-01,Retain as schema-specific occurrence; do not overwrite canonical code history
HMIS-CODELINE-STATE-323,HMIS-RPTSCHEMA-STATE-20260901-001,HMIS-RPTCOL-STATE-0359,HMIS-DE-0666,M14,14.5.3,12.6.1; 13.5.3; 14.5.3,Existing observed code,2026-09-01,Retain as schema-specific occurrence; do not overwrite canonical code history
HMIS-CODELINE-STATE-324,HMIS-RPTSCHEMA-STATE-20260901-001,HMIS-RPTCOL-STATE-0360,HMIS-DE-0667,M14,14.5.4,13.5.4; 14.5.4,Existing observed code,2026-09-01,Retain as schema-specific occurrence; do not overwrite canonical code history
HMIS-CODELINE-STATE-325,HMIS-RPTSCHEMA-STATE-20260901-001,HMIS-RPTCOL-STATE-0361,HMIS-DE-0664,M14,14.5.5,12.6.2; 13.5.5; 14.5.5,Existing observed code,2026-09-01,Retain as schema-specific occurrence; do not overwrite canonical code history
HMIS-CODELINE-STATE-326,HMIS-RPTSCHEMA-STATE-20260901-001,HMIS-RPTCOL-STATE-0362,HMIS-DE-0127,M14,14.6.1.a,13.6.1.a; 14.6.1.a,Existing observed code,2026-09-01,Retain as schema-specific occurrence; do not overwrite canonical code history
HMIS-CODELINE-STATE-327,HMIS-RPTSCHEMA-STATE-20260901-001,HMIS-RPTCOL-STATE-0363,HMIS-DE-0128,M14,14.6.1.b,13.6.1.b; 14.6.1.b,Existing observed code,2026-09-01,Retain as schema-specific occurrence; do not overwrite canonical code history
HMIS-CODELINE-STATE-328,HMIS-RPTSCHEMA-STATE-20260901-001,HMIS-RPTCOL-STATE-0364,HMIS-DE-0117,M14,14.6.2.a,13.6.2.a; 14.6.2.a,Existing observed code,2026-09-01,Retain as schema-specific occurrence; do not overwrite canonical code history
HMIS-CODELINE-STATE-329,HMIS-RPTSCHEMA-STATE-20260901-001,HMIS-RPTCOL-STATE-0365,HMIS-DE-0118,M14,14.6.2.b,13.6.2.b; 14.6.2.b,Existing observed code,2026-09-01,Retain as schema-specific occurrence; do not overwrite canonical code history
HMIS-CODELINE-STATE-330,HMIS-RPTSCHEMA-STATE-20260901-001,HMIS-RPTCOL-STATE-0366,HMIS-DE-0123,M14,14.6.3.a,13.6.3.a; 14.6.3.a,Existing observed code,2026-09-01,Retain as schema-specific occurrence; do not overwrite canonical code history
HMIS-CODELINE-STATE-331,HMIS-RPTSCHEMA-STATE-20260901-001,HMIS-RPTCOL-STATE-0367,HMIS-DE-0124,M14,14.6.3.b,13.6.3.b; 14.6.3.b,Existing observed code,2026-09-01,Retain as schema-specific occurrence; do not overwrite canonical code history
HMIS-CODELINE-STATE-332,HMIS-RPTSCHEMA-STATE-20260901-001,HMIS-RPTCOL-STATE-0368,HMIS-DE-0125,M14,14.6.4.a,13.6.4.a; 14.6.4.a,Existing observed code,2026-09-01,Retain as schema-specific occurrence; do not overwrite canonical code history
HMIS-CODELINE-STATE-333,HMIS-RPTSCHEMA-STATE-20260901-001,HMIS-RPTCOL-STATE-0369,HMIS-DE-0126,M14,14.6.4.b,13.6.4.b; 14.6.4.b,Existing observed code,2026-09-01,Retain as schema-specific occurrence; do not overwrite canonical code history
HMIS-CODELINE-STATE-334,HMIS-RPTSCHEMA-STATE-20260901-001,HMIS-RPTCOL-STATE-0370,HMIS-DE-0115,M14,14.6.5.a,13.6.5.a; 14.6.5.a,Existing observed code,2026-09-01,Retain as schema-specific occurrence; do not overwrite canonical code history
HMIS-CODELINE-STATE-335,HMIS-RPTSCHEMA-STATE-20260901-001,HMIS-RPTCOL-STATE-0371,HMIS-DE-0116,M14,14.6.5.b,13.6.5.b; 14.6.5.b,Existing observed code,2026-09-01,Retain as schema-specific occurrence; do not overwrite canonical code history
HMIS-CODELINE-STATE-336,HMIS-RPTSCHEMA-STATE-20260901-001,HMIS-RPTCOL-STATE-0372,HMIS-DE-0119,M14,14.6.6.a,13.6.6.a; 14.6.6.a,Existing observed code,2026-09-01,Retain as schema-specific occurrence; do not overwrite canonical code history
HMIS-CODELINE-STATE-337,HMIS-RPTSCHEMA-STATE-20260901-001,HMIS-RPTCOL-STATE-0373,HMIS-DE-0120,M14,14.6.6.b,13.6.6.b; 14.6.6.b,Existing observed code,2026-09-01,Retain as schema-specific occurrence; do not overwrite canonical code history
HMIS-CODELINE-STATE-338,HMIS-RPTSCHEMA-STATE-20260901-001,HMIS-RPTCOL-STATE-0374,HMIS-DE-0121,M14,14.6.7.a,13.6.7.a; 14.6.7.a,Existing observed code,2026-09-01,Retain as schema-specific occurrence; do not overwrite canonical code history
HMIS-CODELINE-STATE-339,HMIS-RPTSCHEMA-STATE-20260901-001,HMIS-RPTCOL-STATE-0375,HMIS-DE-0122,M14,14.6.7.b,13.6.7.b; 14.6.7.b,Existing observed code,2026-09-01,Retain as schema-specific occurrence; do not overwrite canonical code history
HMIS-CODELINE-STATE-340,HMIS-RPTSCHEMA-STATE-20260901-001,HMIS-RPTCOL-STATE-0376,HMIS-DE-0665,M14,14.7,13.7; 14.7,Existing observed code,2026-09-01,Retain as schema-specific occurrence; do not overwrite canonical code history
HMIS-CODELINE-STATE-341,HMIS-RPTSCHEMA-STATE-20260901-001,HMIS-RPTCOL-STATE-0377,HMIS-DE-0678,M14,14.8.1.a,14.8.1.a,Existing observed code,2026-09-01,Retain as schema-specific occurrence; do not overwrite canonical code history
HMIS-CODELINE-STATE-342,HMIS-RPTSCHEMA-STATE-20260901-001,HMIS-RPTCOL-STATE-0378,HMIS-DE-0545,M14,14.8.1.b,14.8.1.b,Existing observed code,2026-09-01,Retain as schema-specific occurrence; do not overwrite canonical code history
HMIS-CODELINE-STATE-343,HMIS-RPTSCHEMA-STATE-20260901-001,HMIS-RPTCOL-STATE-0379,HMIS-DE-0220,M14,14.8.1.c,14.8.1.c,Existing observed code,2026-09-01,Retain as schema-specific occurrence; do not overwrite canonical code history
HMIS-CODELINE-STATE-344,HMIS-RPTSCHEMA-STATE-20260901-001,HMIS-RPTCOL-STATE-0380,HMIS-DE-0262,M14,14.8.1.d,14.8.1.d,Existing observed code,2026-09-01,Retain as schema-specific occurrence; do not overwrite canonical code history
HMIS-CODELINE-STATE-345,HMIS-RPTSCHEMA-STATE-20260901-001,HMIS-RPTCOL-STATE-0381,HMIS-DE-0233,M14,14.8.2,13.8; 14.8.2,Existing observed code,2026-09-01,Retain as schema-specific occurrence; do not overwrite canonical code history
HMIS-CODELINE-STATE-346,HMIS-RPTSCHEMA-STATE-20260901-001,HMIS-RPTCOL-STATE-0382,HMIS-DE-0451,M14,14.9,14.8.3,New report-schema code occurrence,2026-09-01,Retain as schema-specific occurrence; do not overwrite canonical code history
HMIS-CODELINE-STATE-347,HMIS-RPTSCHEMA-STATE-20260901-001,HMIS-RPTCOL-STATE-0383,HMIS-DE-0152,M14,14.10,13.9; 14.9,New report-schema code occurrence,2026-09-01,Retain as schema-specific occurrence; do not overwrite canonical code history
HMIS-CODELINE-STATE-348,HMIS-RPTSCHEMA-STATE-20260901-001,HMIS-RPTCOL-STATE-0384,HMIS-DE-0274,M14,14.11.1,13.10.1; 14.10.1,New report-schema code occurrence,2026-09-01,Retain as schema-specific occurrence; do not overwrite canonical code history
HMIS-CODELINE-STATE-349,HMIS-RPTSCHEMA-STATE-20260901-001,HMIS-RPTCOL-STATE-0385,HMIS-DE-0520,M14,14.11.2,14.10.1; 14.10.2,New report-schema code occurrence,2026-09-01,Retain as schema-specific occurrence; do not overwrite canonical code history
HMIS-CODELINE-STATE-350,HMIS-RPTSCHEMA-STATE-20260901-001,HMIS-RPTCOL-STATE-0386,HMIS-DE-0349,M14,14.12.1,14.11.1,New report-schema code occurrence,2026-09-01,Retain as schema-specific occurrence; do not overwrite canonical code history
HMIS-CODELINE-STATE-351,HMIS-RPTSCHEMA-STATE-20260901-001,HMIS-RPTCOL-STATE-0387,HMIS-DE-0433,M14,14.12.2,14.11.2,New report-schema code occurrence,2026-09-01,Retain as schema-specific occurrence; do not overwrite canonical code history
HMIS-CODELINE-STATE-352,HMIS-RPTSCHEMA-STATE-20260901-001,HMIS-RPTCOL-STATE-0388,HMIS-DE-0474,M14,14.13.1.a.i,12.7.1.a.i; 13.11.1.a.i; 14.12.1.a.i,New report-schema code occurrence,2026-09-01,Retain as schema-specific occurrence; do not overwrite canonical code history
HMIS-CODELINE-STATE-353,HMIS-RPTSCHEMA-STATE-20260901-001,HMIS-RPTCOL-STATE-0391,HMIS-DE-0529,M14,14.13.1.b,12.7.1.b; 13.11.1.b; 14.12.1.b,New report-schema code occurrence,2026-09-01,Retain as schema-specific occurrence; do not overwrite canonical code history
HMIS-CODELINE-STATE-354,HMIS-RPTSCHEMA-STATE-20260901-001,HMIS-RPTCOL-STATE-0392,HMIS-DE-0473,M14,14.13.1.c.i,12.7.1.c.i; 13.11.1.c.i; 14.12.1.c.i,New report-schema code occurrence,2026-09-01,Retain as schema-specific occurrence; do not overwrite canonical code history
HMIS-CODELINE-STATE-355,HMIS-RPTSCHEMA-STATE-20260901-001,HMIS-RPTCOL-STATE-0395,HMIS-DE-0471,M14,14.13.1.d,12.7.1.d; 13.11.1.d; 14.12.1.d,New report-schema code occurrence,2026-09-01,Retain as schema-specific occurrence; do not overwrite canonical code history
HMIS-CODELINE-STATE-356,HMIS-RPTSCHEMA-STATE-20260901-001,HMIS-RPTCOL-STATE-0396,HMIS-DE-0472,M14,14.13.1.e,12.7.1.e; 13.11.1.e; 14.12.1.e,New report-schema code occurrence,2026-09-01,Retain as schema-specific occurrence; do not overwrite canonical code history
HMIS-CODELINE-STATE-357,HMIS-RPTSCHEMA-STATE-20260901-001,HMIS-RPTCOL-STATE-0397,HMIS-DE-0450,M14,14.13.1.f,12.7.1.f; 13.11.1.f; 14.12.1.f,New report-schema code occurrence,2026-09-01,Retain as schema-specific occurrence; do not overwrite canonical code history
HMIS-CODELINE-STATE-358,HMIS-RPTSCHEMA-STATE-20260901-001,HMIS-RPTCOL-STATE-0398,HMIS-DE-0387,M14,14.13.2.a,12.7.2.a; 13.11.2.a; 14.12.2.a,New report-schema code occurrence,2026-09-01,Retain as schema-specific occurrence; do not overwrite canonical code history
HMIS-CODELINE-STATE-359,HMIS-RPTSCHEMA-STATE-20260901-001,HMIS-RPTCOL-STATE-0399,HMIS-DE-0512,M14,14.13.2.b,12.7.2.b; 13.11.2.b; 14.12.2.b,New report-schema code occurrence,2026-09-01,Retain as schema-specific occurrence; do not overwrite canonical code history
HMIS-CODELINE-STATE-360,HMIS-RPTSCHEMA-STATE-20260901-001,HMIS-RPTCOL-STATE-0400,HMIS-DE-0510,M14,14.13.2.c,13.11.2.c; 14.12.2.c,New report-schema code occurrence,2026-09-01,Retain as schema-specific occurrence; do not overwrite canonical code history
HMIS-CODELINE-STATE-361,HMIS-RPTSCHEMA-STATE-20260901-001,HMIS-RPTCOL-STATE-0401,HMIS-DE-0511,M14,14.13.2.d,12.7.2.c; 13.11.2.d; 14.12.2.d,New report-schema code occurrence,2026-09-01,Retain as schema-specific occurrence; do not overwrite canonical code history
HMIS-CODELINE-STATE-362,HMIS-RPTSCHEMA-STATE-20260901-001,HMIS-RPTCOL-STATE-0402,HMIS-DE-0388,M14,14.13.2.e,12.7.2.d; 13.11.2.e; 14.12.2.e,New report-schema code occurrence,2026-09-01,Retain as schema-specific occurrence; do not overwrite canonical code history
HMIS-CODELINE-STATE-363,HMIS-RPTSCHEMA-STATE-20260901-001,HMIS-RPTCOL-STATE-0403,HMIS-DE-0513,M14,14.14.1,13.12.1; 14.13.1,New report-schema code occurrence,2026-09-01,Retain as schema-specific occurrence; do not overwrite canonical code history
HMIS-CODELINE-STATE-364,HMIS-RPTSCHEMA-STATE-20260901-001,HMIS-RPTCOL-STATE-0404,HMIS-DE-0514,M14,14.14.2,13.12.2; 14.13.2,New report-schema code occurrence,2026-09-01,Retain as schema-specific occurrence; do not overwrite canonical code history
HMIS-CODELINE-STATE-365,HMIS-RPTSCHEMA-STATE-20260901-001,HMIS-RPTCOL-STATE-0405,HMIS-DE-0515,M14,14.14.3,13.12.3; 14.13.3,New report-schema code occurrence,2026-09-01,Retain as schema-specific occurrence; do not overwrite canonical code history
HMIS-CODELINE-STATE-366,HMIS-RPTSCHEMA-STATE-20260901-001,HMIS-RPTCOL-STATE-0406,HMIS-DE-0323,M14,14.14.4,13.12.4; 14.13.4,New report-schema code occurrence,2026-09-01,Retain as schema-specific occurrence; do not overwrite canonical code history
HMIS-CODELINE-STATE-367,HMIS-RPTSCHEMA-STATE-20260901-001,HMIS-RPTCOL-STATE-0407,HMIS-DE-0507,M14,14.14.5,13.12.5; 14.13.5,New report-schema code occurrence,2026-09-01,Retain as schema-specific occurrence; do not overwrite canonical code history
HMIS-CODELINE-STATE-368,HMIS-RPTSCHEMA-STATE-20260901-001,HMIS-RPTCOL-STATE-0408,HMIS-DE-0275,M14,14.14.6,13.12.6; 14.13.6,New report-schema code occurrence,2026-09-01,Retain as schema-specific occurrence; do not overwrite canonical code history
HMIS-CODELINE-STATE-369,HMIS-RPTSCHEMA-STATE-20260901-001,HMIS-RPTCOL-STATE-0409,HMIS-DE-0315,M14,14.14.7,13.12.7; 14.13.7,New report-schema code occurrence,2026-09-01,Retain as schema-specific occurrence; do not overwrite canonical code history
HMIS-CODELINE-STATE-370,HMIS-RPTSCHEMA-STATE-20260901-001,HMIS-RPTCOL-STATE-0410,HMIS-DE-0327,M14,14.14.8,13.12.8; 14.13.8,New report-schema code occurrence,2026-09-01,Retain as schema-specific occurrence; do not overwrite canonical code history
HMIS-CODELINE-STATE-371,HMIS-RPTSCHEMA-STATE-20260901-001,HMIS-RPTCOL-STATE-0411,HMIS-DE-0516,M14,14.14.9,13.12.9; 14.13.9,New report-schema code occurrence,2026-09-01,Retain as schema-specific occurrence; do not overwrite canonical code history
HMIS-CODELINE-STATE-372,HMIS-RPTSCHEMA-STATE-20260901-001,HMIS-RPTCOL-STATE-0412,HMIS-DE-0153,M14,14.14.10,13.12.10; 14.13.10,New report-schema code occurrence,2026-09-01,Retain as schema-specific occurrence; do not overwrite canonical code history
HMIS-CODELINE-STATE-373,HMIS-RPTSCHEMA-STATE-20260901-001,HMIS-RPTCOL-STATE-0413,HMIS-DE-0506,M14,14.15.1,13.13.1; 14.14,New report-schema code occurrence,2026-09-01,Retain as schema-specific occurrence; do not overwrite canonical code history
HMIS-CODELINE-STATE-374,HMIS-RPTSCHEMA-STATE-20260901-001,HMIS-RPTCOL-STATE-0414,HMIS-DE-0393,M14,14.15.2,12.8; 13.13.2,New report-schema code occurrence,2026-09-01,Retain as schema-specific occurrence; do not overwrite canonical code history
HMIS-CODELINE-STATE-375,HMIS-RPTSCHEMA-STATE-20260901-001,HMIS-RPTCOL-STATE-0415,HMIS-DE-0289,M14,14.16,12.9; 13.14; 14.15,New report-schema code occurrence,2026-09-01,Retain as schema-specific occurrence; do not overwrite canonical code history
HMIS-CODELINE-STATE-376,HMIS-RPTSCHEMA-STATE-20260901-001,HMIS-RPTCOL-STATE-0416,HMIS-DE-0691,M14,14.17,12.10; 13.15; 14.16,New report-schema code occurrence,2026-09-01,Retain as schema-specific occurrence; do not overwrite canonical code history
HMIS-CODELINE-STATE-377,HMIS-RPTSCHEMA-STATE-20260901-001,HMIS-RPTCOL-STATE-0417,HMIS-DE-0686,M14,14.18,12.11; 13.16; 14.17,New report-schema code occurrence,2026-09-01,Retain as schema-specific occurrence; do not overwrite canonical code history
HMIS-CODELINE-STATE-378,HMIS-RPTSCHEMA-STATE-20260901-001,HMIS-RPTCOL-STATE-0418,HMIS-DE-0684,M14,14.18.1,12.11.1; 13.16.1; 14.17.1,New report-schema code occurrence,2026-09-01,Retain as schema-specific occurrence; do not overwrite canonical code history
HMIS-CODELINE-STATE-379,HMIS-RPTSCHEMA-STATE-20260901-001,HMIS-RPTCOL-STATE-0419,HMIS-DE-0685,M14,14.18.2,14.15; 14.17.2,New report-schema code occurrence,2026-09-01,Retain as schema-specific occurrence; do not overwrite canonical code history
HMIS-CODELINE-STATE-380,HMIS-RPTSCHEMA-STATE-20260901-001,HMIS-RPTCOL-STATE-0421,HMIS-DE-0597,M14,14.19,12.12; 13.17; 14.16; 14.18,New report-schema code occurrence,2026-09-01,Retain as schema-specific occurrence; do not overwrite canonical code history
HMIS-CODELINE-STATE-381,HMIS-RPTSCHEMA-STATE-20260901-001,HMIS-RPTCOL-STATE-0422,HMIS-DE-0645,M14,14.20.1.a,14.17.1.a,New report-schema code occurrence,2026-09-01,Retain as schema-specific occurrence; do not overwrite canonical code history
HMIS-CODELINE-STATE-382,HMIS-RPTSCHEMA-STATE-20260901-001,HMIS-RPTCOL-STATE-0423,HMIS-DE-0646,M14,14.20.1.b,12.13.1.a; 13.18.1.a; 14.17.1.b; 14.19.1.a,New report-schema code occurrence,2026-09-01,Retain as schema-specific occurrence; do not overwrite canonical code history
HMIS-CODELINE-STATE-383,HMIS-RPTSCHEMA-STATE-20260901-001,HMIS-RPTCOL-STATE-0424,HMIS-DE-0648,M14,14.20.1.c,13.18.1.b; 14.17.1.c; 14.19.1.b; 14.19.1.c,New report-schema code occurrence,2026-09-01,Retain as schema-specific occurrence; do not overwrite canonical code history
HMIS-CODELINE-STATE-384,HMIS-RPTSCHEMA-STATE-20260901-001,HMIS-RPTCOL-STATE-0425,HMIS-DE-0650,M14,14.20.1.d,14.19.1.d,New report-schema code occurrence,2026-09-01,Retain as schema-specific occurrence; do not overwrite canonical code history
HMIS-CODELINE-STATE-385,HMIS-RPTSCHEMA-STATE-20260901-001,HMIS-RPTCOL-STATE-0426,HMIS-DE-0651,M14,14.20.2.a,14.17.2.a,New report-schema code occurrence,2026-09-01,Retain as schema-specific occurrence; do not overwrite canonical code history
HMIS-CODELINE-STATE-386,HMIS-RPTSCHEMA-STATE-20260901-001,HMIS-RPTCOL-STATE-0427,HMIS-DE-0652,M14,14.20.2.b,12.13.2.a; 13.18.2.a; 14.17.2.b; 14.19.2.a,New report-schema code occurrence,2026-09-01,Retain as schema-specific occurrence; do not overwrite canonical code history
HMIS-CODELINE-STATE-387,HMIS-RPTSCHEMA-STATE-20260901-001,HMIS-RPTCOL-STATE-0428,HMIS-DE-0687,M14,14.20.2.b.i,13.18.2.a.i; 14.17.2.b.i; 14.19.2.a.i,New report-schema code occurrence,2026-09-01,Retain as schema-specific occurrence; do not overwrite canonical code history
HMIS-CODELINE-STATE-388,HMIS-RPTSCHEMA-STATE-20260901-001,HMIS-RPTCOL-STATE-0431,HMIS-DE-0653,M14,14.20.2.c,12.13.2.b; 13.18.2.b; 14.17.2.c; 14.19.2.b; 14.19.2.c,New report-schema code occurrence,2026-09-01,Retain as schema-specific occurrence; do not overwrite canonical code history
HMIS-CODELINE-STATE-389,HMIS-RPTSCHEMA-STATE-20260901-001,HMIS-RPTCOL-STATE-0432,HMIS-DE-0688,M14,14.20.2.c.i,13.18.2.b.i; 14.17.2.c.i; 14.19.2.b.i; 14.19.2.c.i,New report-schema code occurrence,2026-09-01,Retain as schema-specific occurrence; do not overwrite canonical code history
HMIS-CODELINE-STATE-390,HMIS-RPTSCHEMA-STATE-20260901-001,HMIS-RPTCOL-STATE-0436,HMIS-DE-0654,M14,14.20.2.d,14.17.2.d; 14.19.2.d,New report-schema code occurrence,2026-09-01,Retain as schema-specific occurrence; do not overwrite canonical code history
HMIS-CODELINE-STATE-391,HMIS-RPTSCHEMA-STATE-20260901-001,HMIS-RPTCOL-STATE-0437,HMIS-DE-0477,M14,14.20.3.a,12.13.3.a; 13.18.3.a; 14.17.3.a; 14.19.3.a,New report-schema code occurrence,2026-09-01,Retain as schema-specific occurrence; do not overwrite canonical code history
HMIS-CODELINE-STATE-392,HMIS-RPTSCHEMA-STATE-20260901-001,HMIS-RPTCOL-STATE-0438,HMIS-DE-0481,M14,14.20.3.b,13.18.3.b; 14.17.3.b; 14.19.3.b,New report-schema code occurrence,2026-09-01,Retain as schema-specific occurrence; do not overwrite canonical code history
HMIS-CODELINE-STATE-393,HMIS-RPTSCHEMA-STATE-20260901-001,HMIS-RPTCOL-STATE-0439,HMIS-DE-0464,M14,14.20.3.c,12.13.3.c; 13.18.3.c; 14.17.3.c; 14.19.3.c,New report-schema code occurrence,2026-09-01,Retain as schema-specific occurrence; do not overwrite canonical code history
HMIS-CODELINE-STATE-394,HMIS-RPTSCHEMA-STATE-20260901-001,HMIS-RPTCOL-STATE-0440,HMIS-DE-0463,M14,14.20.3.d,13.18.3.d; 14.17.3.d; 14.19.3.d,New report-schema code occurrence,2026-09-01,Retain as schema-specific occurrence; do not overwrite canonical code history
HMIS-CODELINE-STATE-395,HMIS-RPTSCHEMA-STATE-20260901-001,HMIS-RPTCOL-STATE-0441,HMIS-DE-0426,M14,14.20.3.e,12.13.3.d; 13.18.3.e; 14.17.3.e; 14.19.3.e,New report-schema code occurrence,2026-09-01,Retain as schema-specific occurrence; do not overwrite canonical code history
HMIS-CODELINE-STATE-396,HMIS-RPTSCHEMA-STATE-20260901-001,HMIS-RPTCOL-STATE-0442,HMIS-DE-0423,M14,14.20.3.f,13.18.3.f; 14.17.3.f; 14.19.3.f,New report-schema code occurrence,2026-09-01,Retain as schema-specific occurrence; do not overwrite canonical code history
HMIS-CODELINE-STATE-397,HMIS-RPTSCHEMA-STATE-20260901-001,HMIS-RPTCOL-STATE-0443,HMIS-DE-0676,M15,15.1.1,13.1.1; 14.1.1; 15.1.1,Existing observed code,2026-09-01,Retain as schema-specific occurrence; do not overwrite canonical code history
HMIS-CODELINE-STATE-398,HMIS-RPTSCHEMA-STATE-20260901-001,HMIS-RPTCOL-STATE-0444,HMIS-DE-0677,M15,15.1.2,13.1.2; 14.1.2; 15.1.2,Existing observed code,2026-09-01,Retain as schema-specific occurrence; do not overwrite canonical code history
HMIS-CODELINE-STATE-399,HMIS-RPTSCHEMA-STATE-20260901-001,HMIS-RPTCOL-STATE-0445,HMIS-DE-0674,M15,15.1.3,14.1.3; 15.1.3,Existing observed code,2026-09-01,Retain as schema-specific occurrence; do not overwrite canonical code history
HMIS-CODELINE-STATE-400,HMIS-RPTSCHEMA-STATE-20260901-001,HMIS-RPTCOL-STATE-0446,HMIS-DE-0367,M15,15.2.1,13.2.1; 14.2.1; 15.2.1,Existing observed code,2026-09-01,Retain as schema-specific occurrence; do not overwrite canonical code history
HMIS-CODELINE-STATE-401,HMIS-RPTSCHEMA-STATE-20260901-001,HMIS-RPTCOL-STATE-0447,HMIS-DE-0574,M15,15.2.2,13.2.2; 14.2.2; 15.2.2,Existing observed code,2026-09-01,Retain as schema-specific occurrence; do not overwrite canonical code history
HMIS-CODELINE-STATE-402,HMIS-RPTSCHEMA-STATE-20260901-001,HMIS-RPTCOL-STATE-0448,HMIS-DE-0403,M15,15.3.1.a,13.3.1.a; 14.3.1.a; 15.3.1.a,Existing observed code,2026-09-01,Retain as schema-specific occurrence; do not overwrite canonical code history
HMIS-CODELINE-STATE-403,HMIS-RPTSCHEMA-STATE-20260901-001,HMIS-RPTCOL-STATE-0449,HMIS-DE-0556,M15,15.3.1.b,13.3.1.b; 14.3.1.b; 15.3.1.b,Existing observed code,2026-09-01,Retain as schema-specific occurrence; do not overwrite canonical code history
HMIS-CODELINE-STATE-404,HMIS-RPTSCHEMA-STATE-20260901-001,HMIS-RPTCOL-STATE-0450,HMIS-DE-0263,M15,15.3.1.c,13.3.1.c; 14.3.1.c; 15.3.1.c,Existing observed code,2026-09-01,Retain as schema-specific occurrence; do not overwrite canonical code history
HMIS-CODELINE-STATE-405,HMIS-RPTSCHEMA-STATE-20260901-001,HMIS-RPTCOL-STATE-0451,HMIS-DE-0555,M15,15.3.1.d,13.3.1.d; 14.3.1.d; 15.3.1.d,Existing observed code,2026-09-01,Retain as schema-specific occurrence; do not overwrite canonical code history
HMIS-CODELINE-STATE-406,HMIS-RPTSCHEMA-STATE-20260901-001,HMIS-RPTCOL-STATE-0452,HMIS-DE-0356,M15,15.3.2.a,13.3.2.a; 14.3.2.a; 15.3.2.a,Existing observed code,2026-09-01,Retain as schema-specific occurrence; do not overwrite canonical code history
HMIS-CODELINE-STATE-407,HMIS-RPTSCHEMA-STATE-20260901-001,HMIS-RPTCOL-STATE-0453,HMIS-DE-0552,M15,15.3.2.b,13.3.2.b; 14.3.2.b; 15.3.2.b,Existing observed code,2026-09-01,Retain as schema-specific occurrence; do not overwrite canonical code history
HMIS-CODELINE-STATE-408,HMIS-RPTSCHEMA-STATE-20260901-001,HMIS-RPTCOL-STATE-0454,HMIS-DE-0256,M15,15.3.2.c,13.3.2.c; 14.3.2.c; 15.3.2.c,Existing observed code,2026-09-01,Retain as schema-specific occurrence; do not overwrite canonical code history
HMIS-CODELINE-STATE-409,HMIS-RPTSCHEMA-STATE-20260901-001,HMIS-RPTCOL-STATE-0455,HMIS-DE-0551,M15,15.3.2.d,13.3.2.d; 14.3.2.d; 15.3.2.d,Existing observed code,2026-09-01,Retain as schema-specific occurrence; do not overwrite canonical code history
HMIS-CODELINE-STATE-410,HMIS-RPTSCHEMA-STATE-20260901-001,HMIS-RPTCOL-STATE-0456,HMIS-DE-0462,M15,15.3.3.a,13.3.3.a; 14.3.3.a; 15.3.3.a,Existing observed code,2026-09-01,Retain as schema-specific occurrence; do not overwrite canonical code history
HMIS-CODELINE-STATE-411,HMIS-RPTSCHEMA-STATE-20260901-001,HMIS-RPTCOL-STATE-0457,HMIS-DE-0558,M15,15.3.3.b,13.3.3.b; 14.3.3.b; 15.3.3.b,Existing observed code,2026-09-01,Retain as schema-specific occurrence; do not overwrite canonical code history
HMIS-CODELINE-STATE-412,HMIS-RPTSCHEMA-STATE-20260901-001,HMIS-RPTCOL-STATE-0458,HMIS-DE-0268,M15,15.3.3.c,14.3.3.c; 15.3.3.c,Existing observed code,2026-09-01,Retain as schema-specific occurrence; do not overwrite canonical code history
HMIS-CODELINE-STATE-413,HMIS-RPTSCHEMA-STATE-20260901-001,HMIS-RPTCOL-STATE-0459,HMIS-DE-0557,M15,15.3.3.d,13.3.3.d; 14.3.3.d; 15.3.3.d,Existing observed code,2026-09-01,Retain as schema-specific occurrence; do not overwrite canonical code history
HMIS-CODELINE-STATE-414,HMIS-RPTSCHEMA-STATE-20260901-001,HMIS-RPTCOL-STATE-0460,HMIS-DE-0351,M15,15.3.3.e,14.3.3.e; 15.3.3.e,Existing observed code,2026-09-01,Retain as schema-specific occurrence; do not overwrite canonical code history
HMIS-CODELINE-STATE-415,HMIS-RPTSCHEMA-STATE-20260901-001,HMIS-RPTCOL-STATE-0461,HMIS-DE-0550,M15,15.3.3.f,14.3.3.f; 15.3.3.f,Existing observed code,2026-09-01,Retain as schema-specific occurrence; do not overwrite canonical code history
HMIS-CODELINE-STATE-416,HMIS-RPTSCHEMA-STATE-20260901-001,HMIS-RPTCOL-STATE-0462,HMIS-DE-0254,M15,15.3.3.g,15.3.3.g,Existing observed code,2026-09-01,Retain as schema-specific occurrence; do not overwrite canonical code history
HMIS-CODELINE-STATE-417,HMIS-RPTSCHEMA-STATE-20260901-001,HMIS-RPTCOL-STATE-0463,HMIS-DE-0549,M15,15.3.3.h,15.3.3.h,Existing observed code,2026-09-01,Retain as schema-specific occurrence; do not overwrite canonical code history
HMIS-CODELINE-STATE-418,HMIS-RPTSCHEMA-STATE-20260901-001,HMIS-RPTCOL-STATE-0464,HMIS-DE-0461,M15,15.3.3.i,13.3.3.e; 14.3.3.g; 15.3.3.i,Existing observed code,2026-09-01,Retain as schema-specific occurrence; do not overwrite canonical code history
HMIS-CODELINE-STATE-419,HMIS-RPTSCHEMA-STATE-20260901-001,HMIS-RPTCOL-STATE-0465,HMIS-DE-0366,M15,15.3.4.a,13.3.4.a; 14.3.4.a; 15.3.4.a,Existing observed code,2026-09-01,Retain as schema-specific occurrence; do not overwrite canonical code history
HMIS-CODELINE-STATE-420,HMIS-RPTSCHEMA-STATE-20260901-001,HMIS-RPTCOL-STATE-0466,HMIS-DE-0554,M15,15.3.4.b,13.3.4.b; 14.3.4.b; 15.3.4.b,Existing observed code,2026-09-01,Retain as schema-specific occurrence; do not overwrite canonical code history
HMIS-CODELINE-STATE-421,HMIS-RPTSCHEMA-STATE-20260901-001,HMIS-RPTCOL-STATE-0467,HMIS-DE-0258,M15,15.3.4.c,13.3.4.c; 14.3.4.c,New report-schema code occurrence,2026-09-01,Retain as schema-specific occurrence; do not overwrite canonical code history
HMIS-CODELINE-STATE-422,HMIS-RPTSCHEMA-STATE-20260901-001,HMIS-RPTCOL-STATE-0468,HMIS-DE-0553,M15,15.3.4.d,13.3.4.d; 14.3.4.d; 15.3.4.d,Existing observed code,2026-09-01,Retain as schema-specific occurrence; do not overwrite canonical code history
HMIS-CODELINE-STATE-423,HMIS-RPTSCHEMA-STATE-20260901-001,HMIS-RPTCOL-STATE-0469,HMIS-DE-0679,M15,15.4.1.a,13.4.1.a; 14.4.1.a; 15.4.1.a,Existing observed code,2026-09-01,Retain as schema-specific occurrence; do not overwrite canonical code history
HMIS-CODELINE-STATE-424,HMIS-RPTSCHEMA-STATE-20260901-001,HMIS-RPTCOL-STATE-0470,HMIS-DE-0568,M15,15.4.1.b,13.4.1.b; 14.4.1.b; 15.4.1.b,Existing observed code,2026-09-01,Retain as schema-specific occurrence; do not overwrite canonical code history
HMIS-CODELINE-STATE-425,HMIS-RPTSCHEMA-STATE-20260901-001,HMIS-RPTCOL-STATE-0471,HMIS-DE-0570,M15,15.4.1.c,13.4.1.c; 14.4.1.c; 15.4.1.c,Existing observed code,2026-09-01,Retain as schema-specific occurrence; do not overwrite canonical code history
HMIS-CODELINE-STATE-426,HMIS-RPTSCHEMA-STATE-20260901-001,HMIS-RPTCOL-STATE-0472,HMIS-DE-0668,M15,15.4.2.a,13.4.2.a; 14.4.2.a; 15.4.2.a,Existing observed code,2026-09-01,Retain as schema-specific occurrence; do not overwrite canonical code history
HMIS-CODELINE-STATE-427,HMIS-RPTSCHEMA-STATE-20260901-001,HMIS-RPTCOL-STATE-0473,HMIS-DE-0561,M15,15.4.2.b,13.4.2.b; 14.4.2.b; 15.4.2.b,Existing observed code,2026-09-01,Retain as schema-specific occurrence; do not overwrite canonical code history
HMIS-CODELINE-STATE-428,HMIS-RPTSCHEMA-STATE-20260901-001,HMIS-RPTCOL-STATE-0474,HMIS-DE-0562,M15,15.4.2.c,13.4.2.c; 14.4.2.c; 15.4.2.c,Existing observed code,2026-09-01,Retain as schema-specific occurrence; do not overwrite canonical code history
HMIS-CODELINE-STATE-429,HMIS-RPTSCHEMA-STATE-20260901-001,HMIS-RPTCOL-STATE-0475,HMIS-DE-0671,M15,15.4.3.a,13.4.3.a; 14.4.3.a; 15.4.3.a,Existing observed code,2026-09-01,Retain as schema-specific occurrence; do not overwrite canonical code history
HMIS-CODELINE-STATE-430,HMIS-RPTSCHEMA-STATE-20260901-001,HMIS-RPTCOL-STATE-0476,HMIS-DE-0564,M15,15.4.3.b,13.4.3.b; 14.4.3.b; 15.4.3.b,Existing observed code,2026-09-01,Retain as schema-specific occurrence; do not overwrite canonical code history
HMIS-CODELINE-STATE-431,HMIS-RPTSCHEMA-STATE-20260901-001,HMIS-RPTCOL-STATE-0477,HMIS-DE-0566,M15,15.4.3.c,13.4.3.c; 14.4.3.c; 15.4.3.c,Existing observed code,2026-09-01,Retain as schema-specific occurrence; do not overwrite canonical code history
HMIS-CODELINE-STATE-432,HMIS-RPTSCHEMA-STATE-20260901-001,HMIS-RPTCOL-STATE-0478,HMIS-DE-0699,M15,15.5.1,14.5.1; 15.5.1,Existing observed code,2026-09-01,Retain as schema-specific occurrence; do not overwrite canonical code history
HMIS-CODELINE-STATE-433,HMIS-RPTSCHEMA-STATE-20260901-001,HMIS-RPTCOL-STATE-0479,HMIS-DE-0698,M15,15.5.2,14.5.2; 15.5.2,Existing observed code,2026-09-01,Retain as schema-specific occurrence; do not overwrite canonical code history
HMIS-CODELINE-STATE-434,HMIS-RPTSCHEMA-STATE-20260901-001,HMIS-RPTCOL-STATE-0480,HMIS-DE-0700,M15,15.6.1.a.i,14.6.1.a.i; 15.6.1.a.i,Existing observed code,2026-09-01,Retain as schema-specific occurrence; do not overwrite canonical code history
HMIS-CODELINE-STATE-435,HMIS-RPTSCHEMA-STATE-20260901-001,HMIS-RPTCOL-STATE-0483,HMIS-DE-0696,M15,15.6.1.b.i,14.6.1.b.i; 15.6.1.b.i,Existing observed code,2026-09-01,Retain as schema-specific occurrence; do not overwrite canonical code history
HMIS-CODELINE-STATE-436,HMIS-RPTSCHEMA-STATE-20260901-001,HMIS-RPTCOL-STATE-0485,HMIS-DE-0097,M15,15.6.1.c.i,15.6.1.c.i,Existing observed code,2026-09-01,Retain as schema-specific occurrence; do not overwrite canonical code history
HMIS-CODELINE-STATE-437,HMIS-RPTSCHEMA-STATE-20260901-001,HMIS-RPTCOL-STATE-0487,HMIS-DE-0234,M15,15.6.1.d.i,15.6.1.d.i,Existing observed code,2026-09-01,Retain as schema-specific occurrence; do not overwrite canonical code history
HMIS-CODELINE-STATE-438,HMIS-RPTSCHEMA-STATE-20260901-001,HMIS-RPTCOL-STATE-0489,HMIS-DE-0113,M15,15.6.1.e.i,14.6.1.c.i; 15.6.1.e.i,Existing observed code,2026-09-01,Retain as schema-specific occurrence; do not overwrite canonical code history
HMIS-CODELINE-STATE-439,HMIS-RPTSCHEMA-STATE-20260901-001,HMIS-RPTCOL-STATE-0491,HMIS-DE-0246,M16,16.1.1a,14.1.1.a; 16.1.1.a,New report-schema code occurrence,2026-09-01,Retain as schema-specific occurrence; do not overwrite canonical code history
HMIS-CODELINE-STATE-440,HMIS-RPTSCHEMA-STATE-20260901-001,HMIS-RPTCOL-STATE-0492,HMIS-DE-0247,M16,16.1.1.b,14.1.1.b; 15.1.1.b; 16.1.1.b,Existing observed code,2026-09-01,Retain as schema-specific occurrence; do not overwrite canonical code history
HMIS-CODELINE-STATE-441,HMIS-RPTSCHEMA-STATE-20260901-001,HMIS-RPTCOL-STATE-0493,HMIS-DE-0244,M16,16.1.2.a,14.1.2.a; 15.1.2.a; 16.1.2.a,Existing observed code,2026-09-01,Retain as schema-specific occurrence; do not overwrite canonical code history
HMIS-CODELINE-STATE-442,HMIS-RPTSCHEMA-STATE-20260901-001,HMIS-RPTCOL-STATE-0494,HMIS-DE-0243,M16,16.1.2.b,14.1.2.b; 15.1.2.b; 16.1.2.b,Existing observed code,2026-09-01,Retain as schema-specific occurrence; do not overwrite canonical code history
HMIS-CODELINE-STATE-443,HMIS-RPTSCHEMA-STATE-20260901-001,HMIS-RPTCOL-STATE-0495,HMIS-DE-0249,M16,16.1.3.a,14.1.3.a; 15.1.3.a; 16.1.3.a,Existing observed code,2026-09-01,Retain as schema-specific occurrence; do not overwrite canonical code history
HMIS-CODELINE-STATE-444,HMIS-RPTSCHEMA-STATE-20260901-001,HMIS-RPTCOL-STATE-0496,HMIS-DE-0248,M16,16.1.3.b,14.1.3.b; 15.1.3.b; 16.1.3.b,Existing observed code,2026-09-01,Retain as schema-specific occurrence; do not overwrite canonical code history
HMIS-CODELINE-STATE-445,HMIS-RPTSCHEMA-STATE-20260901-001,HMIS-RPTCOL-STATE-0497,HMIS-DE-0159,M16,16.1.4.a,14.1.4.a; 15.1.4.a; 16.1.4.a,Existing observed code,2026-09-01,Retain as schema-specific occurrence; do not overwrite canonical code history
HMIS-CODELINE-STATE-446,HMIS-RPTSCHEMA-STATE-20260901-001,HMIS-RPTCOL-STATE-0498,HMIS-DE-0158,M16,16.1.4.b,14.1.4.b; 15.1.4.b; 16.1.4.b,Existing observed code,2026-09-01,Retain as schema-specific occurrence; do not overwrite canonical code history
HMIS-CODELINE-STATE-447,HMIS-RPTSCHEMA-STATE-20260901-001,HMIS-RPTCOL-STATE-0499,HMIS-DE-0242,M16,16.2.1,14.2.1; 15.2.1; 16.2.1,Existing observed code,2026-09-01,Retain as schema-specific occurrence; do not overwrite canonical code history
HMIS-CODELINE-STATE-448,HMIS-RPTSCHEMA-STATE-20260901-001,HMIS-RPTCOL-STATE-0500,HMIS-DE-0239,M16,16.2.2,14.2.2; 15.2.2; 16.2.2,Existing observed code,2026-09-01,Retain as schema-specific occurrence; do not overwrite canonical code history
HMIS-CODELINE-STATE-449,HMIS-RPTSCHEMA-STATE-20260901-001,HMIS-RPTCOL-STATE-0501,HMIS-DE-0240,M16,16.2.3,14.2.3; 15.2.3; 16.2.3,Existing observed code,2026-09-01,Retain as schema-specific occurrence; do not overwrite canonical code history
HMIS-CODELINE-STATE-450,HMIS-RPTSCHEMA-STATE-20260901-001,HMIS-RPTCOL-STATE-0502,HMIS-DE-0241,M16,16.2.4,14.2.4; 15.2.4; 16.2.4,Existing observed code,2026-09-01,Retain as schema-specific occurrence; do not overwrite canonical code history
HMIS-CODELINE-STATE-451,HMIS-RPTSCHEMA-STATE-20260901-001,HMIS-RPTCOL-STATE-0503,HMIS-DE-0381,M16,16.3.1,14.3.1; 15.3.1; 16.3.1,Existing observed code,2026-09-01,Retain as schema-specific occurrence; do not overwrite canonical code history
HMIS-CODELINE-STATE-452,HMIS-RPTSCHEMA-STATE-20260901-001,HMIS-RPTCOL-STATE-0504,HMIS-DE-0382,M16,16.3.2,14.3.2; 15.3.2; 16.3.2,Existing observed code,2026-09-01,Retain as schema-specific occurrence; do not overwrite canonical code history
HMIS-CODELINE-STATE-453,HMIS-RPTSCHEMA-STATE-20260901-001,HMIS-RPTCOL-STATE-0505,HMIS-DE-0383,M16,16.3.3,14.3.3; 15.3.3; 16.3.3,Existing observed code,2026-09-01,Retain as schema-specific occurrence; do not overwrite canonical code history
HMIS-CODELINE-STATE-454,HMIS-RPTSCHEMA-STATE-20260901-001,HMIS-RPTCOL-STATE-0506,HMIS-DE-0384,M16,16.3.4,14.3.4; 15.3.4; 16.3.4,Existing observed code,2026-09-01,Retain as schema-specific occurrence; do not overwrite canonical code history
HMIS-CODELINE-STATE-455,HMIS-RPTSCHEMA-STATE-20260901-001,HMIS-RPTCOL-STATE-0507,HMIS-DE-0385,M16,16.3.5,14.3.5; 15.3.5; 16.3.5,Existing observed code,2026-09-01,Retain as schema-specific occurrence; do not overwrite canonical code history
HMIS-CODELINE-STATE-456,HMIS-RPTSCHEMA-STATE-20260901-001,HMIS-RPTCOL-STATE-0508,HMIS-DE-0307,M16,16.4.1,14.4.1; 15.4.1; 16.4.1,Existing observed code,2026-09-01,Retain as schema-specific occurrence; do not overwrite canonical code history
HMIS-CODELINE-STATE-457,HMIS-RPTSCHEMA-STATE-20260901-001,HMIS-RPTCOL-STATE-0509,HMIS-DE-0303,M16,16.4.2,14.4.2; 15.4.2; 16.4.2,Existing observed code,2026-09-01,Retain as schema-specific occurrence; do not overwrite canonical code history
HMIS-CODELINE-STATE-458,HMIS-RPTSCHEMA-STATE-20260901-001,HMIS-RPTCOL-STATE-0510,HMIS-DE-0304,M16,16.4.3,14.4.3; 15.4.3; 16.4.3,Existing observed code,2026-09-01,Retain as schema-specific occurrence; do not overwrite canonical code history
HMIS-CODELINE-STATE-459,HMIS-RPTSCHEMA-STATE-20260901-001,HMIS-RPTCOL-STATE-0511,HMIS-DE-0305,M16,16.4.4,14.4.4; 15.4.4; 16.4.4,Existing observed code,2026-09-01,Retain as schema-specific occurrence; do not overwrite canonical code history
HMIS-CODELINE-STATE-460,HMIS-RPTSCHEMA-STATE-20260901-001,HMIS-RPTCOL-STATE-0512,HMIS-DE-0306,M16,16.4.5,14.4.5; 15.4.5; 16.4.5,Existing observed code,2026-09-01,Retain as schema-specific occurrence; do not overwrite canonical code history
HMIS-CODELINE-STATE-461,HMIS-RPTSCHEMA-STATE-20260901-001,HMIS-RPTCOL-STATE-0513,HMIS-DE-0412,M16,16.5.1,14.5.1; 15.5.1; 16.5.1,Existing observed code,2026-09-01,Retain as schema-specific occurrence; do not overwrite canonical code history
HMIS-CODELINE-STATE-462,HMIS-RPTSCHEMA-STATE-20260901-001,HMIS-RPTCOL-STATE-0514,HMIS-DE-0415,M16,16.5.2,14.5.2; 15.5.2; 16.5.2,Existing observed code,2026-09-01,Retain as schema-specific occurrence; do not overwrite canonical code history
HMIS-CODELINE-STATE-463,HMIS-RPTSCHEMA-STATE-20260901-001,HMIS-RPTCOL-STATE-0515,HMIS-DE-0416,M16,16.5.3,14.5.3; 15.5.3; 16.5.3,Existing observed code,2026-09-01,Retain as schema-specific occurrence; do not overwrite canonical code history
HMIS-CODELINE-STATE-464,HMIS-RPTSCHEMA-STATE-20260901-001,HMIS-RPTCOL-STATE-0516,HMIS-DE-0411,M16,16.5.4,14.5.4; 15.5.4; 16.5.4,Existing observed code,2026-09-01,Retain as schema-specific occurrence; do not overwrite canonical code history
HMIS-CODELINE-STATE-465,HMIS-RPTSCHEMA-STATE-20260901-001,HMIS-RPTCOL-STATE-0517,HMIS-DE-0413,M16,16.5.5,14.5.5; 15.5.5; 16.5.5,Existing observed code,2026-09-01,Retain as schema-specific occurrence; do not overwrite canonical code history
HMIS-CODELINE-STATE-466,HMIS-RPTSCHEMA-STATE-20260901-001,HMIS-RPTCOL-STATE-0518,HMIS-DE-0418,M16,16.5.6,16.5.6,Existing observed code,2026-09-01,Retain as schema-specific occurrence; do not overwrite canonical code history
HMIS-CODELINE-STATE-467,HMIS-RPTSCHEMA-STATE-20260901-001,HMIS-RPTCOL-STATE-0519,HMIS-DE-0414,M16,16.5.7,14.5.7; 15.5.7; 16.5.7,Existing observed code,2026-09-01,Retain as schema-specific occurrence; do not overwrite canonical code history
HMIS-CODELINE-STATE-468,HMIS-RPTSCHEMA-STATE-20260901-001,HMIS-RPTCOL-STATE-0520,HMIS-DE-0009,M16,16.5.8,14.5.8; 15.5.8; 16.5.8,Existing observed code,2026-09-01,Retain as schema-specific occurrence; do not overwrite canonical code history
HMIS-CODELINE-STATE-469,HMIS-RPTSCHEMA-STATE-20260901-001,HMIS-RPTCOL-STATE-0521,HMIS-DE-0591,M16,16.5.8.a,14.5.8.a; 15.5.8.a; 16.5.8.a,Existing observed code,2026-09-01,Retain as schema-specific occurrence; do not overwrite canonical code history
HMIS-CODELINE-STATE-470,HMIS-RPTSCHEMA-STATE-20260901-001,HMIS-RPTCOL-STATE-0522,HMIS-DE-0590,M16,16.5.8.b,14.5.8.b; 15.5.8.b; 16.5.8.b,Existing observed code,2026-09-01,Retain as schema-specific occurrence; do not overwrite canonical code history
HMIS-CODELINE-STATE-471,HMIS-RPTSCHEMA-STATE-20260901-001,HMIS-RPTCOL-STATE-0523,HMIS-DE-0582,M16,16.5.8.c,14.5.8.c; 15.5.8.c; 16.5.8.c,Existing observed code,2026-09-01,Retain as schema-specific occurrence; do not overwrite canonical code history
HMIS-CODELINE-STATE-472,HMIS-RPTSCHEMA-STATE-20260901-001,HMIS-RPTCOL-STATE-0524,HMIS-DE-0583,M16,16.5.8.d,14.5.8.d; 15.5.8.d; 16.5.8.d,Existing observed code,2026-09-01,Retain as schema-specific occurrence; do not overwrite canonical code history
HMIS-CODELINE-STATE-473,HMIS-RPTSCHEMA-STATE-20260901-001,HMIS-RPTCOL-STATE-0525,HMIS-DE-0630,M16,16.6,16.6,Existing observed code,2026-09-01,Retain as schema-specific occurrence; do not overwrite canonical code history
HMIS-CODELINE-STATE-474,HMIS-RPTSCHEMA-STATE-20260901-001,HMIS-RPTCOL-STATE-0526,HMIS-DE-0336,M16,16.7.1,14.6.1; 15.6.1; 16.7.1,Existing observed code,2026-09-01,Retain as schema-specific occurrence; do not overwrite canonical code history
HMIS-CODELINE-STATE-475,HMIS-RPTSCHEMA-STATE-20260901-001,HMIS-RPTCOL-STATE-0527,HMIS-DE-0348,M16,16.7.2,14.6.2; 15.6.2; 16.7.2,Existing observed code,2026-09-01,Retain as schema-specific occurrence; do not overwrite canonical code history
HMIS-CODELINE-STATE-476,HMIS-RPTSCHEMA-STATE-20260901-001,HMIS-RPTCOL-STATE-0528,HMIS-DE-0347,M16,16.7.3,14.6.3; 15.6.3; 16.7.3,Existing observed code,2026-09-01,Retain as schema-specific occurrence; do not overwrite canonical code history
HMIS-CODELINE-STATE-477,HMIS-RPTSCHEMA-STATE-20260901-001,HMIS-RPTCOL-STATE-0529,HMIS-DE-0346,M16,16.7.4,14.6.4; 15.6.4; 16.7.4,Existing observed code,2026-09-01,Retain as schema-specific occurrence; do not overwrite canonical code history
HMIS-CODELINE-STATE-478,HMIS-RPTSCHEMA-STATE-20260901-001,HMIS-RPTCOL-STATE-0530,HMIS-DE-0337,M16,16.7.5,14.6.5; 15.6.5; 16.7.5,Existing observed code,2026-09-01,Retain as schema-specific occurrence; do not overwrite canonical code history
HMIS-CODELINE-STATE-479,HMIS-RPTSCHEMA-STATE-20260901-001,HMIS-RPTCOL-STATE-0531,HMIS-DE-0334,M16,16.7.6,14.6.6; 15.6.6; 16.7.6,Existing observed code,2026-09-01,Retain as schema-specific occurrence; do not overwrite canonical code history
HMIS-CODELINE-STATE-480,HMIS-RPTSCHEMA-STATE-20260901-001,HMIS-RPTCOL-STATE-0532,HMIS-DE-0344,M16,16.7.7,14.6.7; 15.6.7; 16.7.7,Existing observed code,2026-09-01,Retain as schema-specific occurrence; do not overwrite canonical code history
HMIS-CODELINE-STATE-481,HMIS-RPTSCHEMA-STATE-20260901-001,HMIS-RPTCOL-STATE-0533,HMIS-DE-0331,M16,16.7.8,14.6.8; 15.6.8; 16.7.8,Existing observed code,2026-09-01,Retain as schema-specific occurrence; do not overwrite canonical code history
HMIS-CODELINE-STATE-482,HMIS-RPTSCHEMA-STATE-20260901-001,HMIS-RPTCOL-STATE-0534,HMIS-DE-0333,M16,16.7.9,14.6.9; 15.6.9; 16.7.9,Existing observed code,2026-09-01,Retain as schema-specific occurrence; do not overwrite canonical code history
HMIS-CODELINE-STATE-483,HMIS-RPTSCHEMA-STATE-20260901-001,HMIS-RPTCOL-STATE-0535,HMIS-DE-0340,M16,16.7.10,14.6.10; 15.6.10; 16.7.10,Existing observed code,2026-09-01,Retain as schema-specific occurrence; do not overwrite canonical code history
HMIS-CODELINE-STATE-484,HMIS-RPTSCHEMA-STATE-20260901-001,HMIS-RPTCOL-STATE-0536,HMIS-DE-0341,M16,16.7.11,14.6.11; 15.6.11; 16.7.11,Existing observed code,2026-09-01,Retain as schema-specific occurrence; do not overwrite canonical code history
HMIS-CODELINE-STATE-485,HMIS-RPTSCHEMA-STATE-20260901-001,HMIS-RPTCOL-STATE-0537,HMIS-DE-0345,M16,16.7.12,14.6.12; 15.6.12; 16.7.12,Existing observed code,2026-09-01,Retain as schema-specific occurrence; do not overwrite canonical code history
HMIS-CODELINE-STATE-486,HMIS-RPTSCHEMA-STATE-20260901-001,HMIS-RPTCOL-STATE-0538,HMIS-DE-0343,M16,16.8.1,14.7.1; 15.7.1; 16.8.1,Existing observed code,2026-09-01,Retain as schema-specific occurrence; do not overwrite canonical code history
HMIS-CODELINE-STATE-487,HMIS-RPTSCHEMA-STATE-20260901-001,HMIS-RPTCOL-STATE-0539,HMIS-DE-0342,M16,16.8.2,14.7.2; 15.7.2; 16.8.2,Existing observed code,2026-09-01,Retain as schema-specific occurrence; do not overwrite canonical code history
HMIS-CODELINE-STATE-488,HMIS-RPTSCHEMA-STATE-20260901-001,HMIS-RPTCOL-STATE-0540,HMIS-DE-0339,M16,16.8.3,15.7.3; 16.8.3,Existing observed code,2026-09-01,Retain as schema-specific occurrence; do not overwrite canonical code history
HMIS-CODELINE-STATE-489,HMIS-RPTSCHEMA-STATE-20260901-001,HMIS-RPTCOL-STATE-0541,HMIS-DE-0335,M16,16.8.4,15.7.4; 16.8.4,Existing observed code,2026-09-01,Retain as schema-specific occurrence; do not overwrite canonical code history
HMIS-CODELINE-STATE-490,HMIS-RPTSCHEMA-STATE-20260901-001,HMIS-RPTCOL-STATE-0542,HMIS-DE-0332,M16,16.8.5,15.7.5; 16.8.5,Existing observed code,2026-09-01,Retain as schema-specific occurrence; do not overwrite canonical code history
HMIS-CODELINE-STATE-491,HMIS-RPTSCHEMA-STATE-20260901-001,HMIS-RPTCOL-STATE-0543,HMIS-DE-0338,M16,16.8.6,15.7.6; 16.8.6,Existing observed code,2026-09-01,Retain as schema-specific occurrence; do not overwrite canonical code history
HMIS-CODELINE-STATE-492,HMIS-RPTSCHEMA-STATE-20260901-001,HMIS-RPTCOL-STATE-0544,HMIS-DE-0629,M16,16.9,14.8; 15.8; 16.9,Existing observed code,2026-09-01,Retain as schema-specific occurrence; do not overwrite canonical code history
HMIS-CODELINE-STATE-493,HMIS-RPTSCHEMA-STATE-20260901-001,HMIS-RPTCOL-STATE-0545,HMIS-DE-0002,M16,16.9.1,14.8.1; 15.8.1; 16.9.1,Existing observed code,2026-09-01,Retain as schema-specific occurrence; do not overwrite canonical code history
HMIS-CODELINE-STATE-494,HMIS-RPTSCHEMA-STATE-20260901-001,HMIS-RPTCOL-STATE-0546,HMIS-DE-0001,M16,16.9.2,14.8.2; 15.8.2; 16.9.2,Existing observed code,2026-09-01,Retain as schema-specific occurrence; do not overwrite canonical code history
HMIS-CODELINE-STATE-495,HMIS-RPTSCHEMA-STATE-20260901-001,HMIS-RPTCOL-STATE-0547,HMIS-DE-0006,M16,16.9.3,14.8.3; 15.8.3; 16.9.3,Existing observed code,2026-09-01,Retain as schema-specific occurrence; do not overwrite canonical code history
HMIS-CODELINE-STATE-496,HMIS-RPTSCHEMA-STATE-20260901-001,HMIS-RPTCOL-STATE-0548,HMIS-DE-0154,M16,16.10.1,14.9.1; 15.9.1; 16.10.1,Existing observed code,2026-09-01,Retain as schema-specific occurrence; do not overwrite canonical code history
HMIS-CODELINE-STATE-497,HMIS-RPTSCHEMA-STATE-20260901-001,HMIS-RPTCOL-STATE-0549,HMIS-DE-0156,M16,16.10.2,14.9.2; 15.9.2; 16.10.2,Existing observed code,2026-09-01,Retain as schema-specific occurrence; do not overwrite canonical code history
HMIS-CODELINE-STATE-498,HMIS-RPTSCHEMA-STATE-20260901-001,HMIS-RPTCOL-STATE-0550,HMIS-DE-0155,M16,16.10.3,14.9.3; 15.9.3; 16.10.3,Existing observed code,2026-09-01,Retain as schema-specific occurrence; do not overwrite canonical code history
HMIS-CODELINE-STATE-499,HMIS-RPTSCHEMA-STATE-20260901-001,HMIS-RPTCOL-STATE-0551,HMIS-DE-0157,M16,16.10.4,14.9.4; 15.9.4; 16.10.4,Existing observed code,2026-09-01,Retain as schema-specific occurrence; do not overwrite canonical code history
HMIS-CODELINE-STATE-500,HMIS-RPTSCHEMA-STATE-20260901-001,HMIS-RPTCOL-STATE-0552,HMIS-DE-0672,M17,17.1.1,16.1.1; 17.1.1,Existing observed code,2026-09-01,Retain as schema-specific occurrence; do not overwrite canonical code history
HMIS-CODELINE-STATE-501,HMIS-RPTSCHEMA-STATE-20260901-001,HMIS-RPTCOL-STATE-0553,HMIS-DE-0270,M17,17.1.2,16.1.2; 17.1.2,Existing observed code,2026-09-01,Retain as schema-specific occurrence; do not overwrite canonical code history
HMIS-CODELINE-STATE-502,HMIS-RPTSCHEMA-STATE-20260901-001,HMIS-RPTCOL-STATE-0554,HMIS-DE-0643,M17,17.1.3,16.1.3; 17.1.3,Existing observed code,2026-09-01,Retain as schema-specific occurrence; do not overwrite canonical code history
HMIS-CODELINE-STATE-503,HMIS-RPTSCHEMA-STATE-20260901-001,HMIS-RPTCOL-STATE-0555,HMIS-DE-0269,M17,17.1.4,16.1.4; 17.1.4,Existing observed code,2026-09-01,Retain as schema-specific occurrence; do not overwrite canonical code history
HMIS-CODELINE-STATE-504,HMIS-RPTSCHEMA-STATE-20260901-001,HMIS-RPTCOL-STATE-0556,HMIS-DE-0693,M17,17.1.5,15.1.1; 16.1.5; 17.1.5,Existing observed code,2026-09-01,Retain as schema-specific occurrence; do not overwrite canonical code history
HMIS-CODELINE-STATE-505,HMIS-RPTSCHEMA-STATE-20260901-001,HMIS-RPTCOL-STATE-0557,HMIS-DE-0694,M17,17.1.6,15.1.2; 16.1.6; 17.1.6,Existing observed code,2026-09-01,Retain as schema-specific occurrence; do not overwrite canonical code history
HMIS-CODELINE-STATE-506,HMIS-RPTSCHEMA-STATE-20260901-001,HMIS-RPTCOL-STATE-0558,HMIS-DE-0657,M17,17.2.1,16.2.1; 17.2.1,Existing observed code,2026-09-01,Retain as schema-specific occurrence; do not overwrite canonical code history
HMIS-CODELINE-STATE-507,HMIS-RPTSCHEMA-STATE-20260901-001,HMIS-RPTCOL-STATE-0559,HMIS-DE-0656,M17,17.2.2,16.2.2; 17.2.2,Existing observed code,2026-09-01,Retain as schema-specific occurrence; do not overwrite canonical code history
HMIS-CODELINE-STATE-508,HMIS-RPTSCHEMA-STATE-20260901-001,HMIS-RPTCOL-STATE-0560,HMIS-DE-0522,M17,17.2.3,16.2.3; 17.2.3,Existing observed code,2026-09-01,Retain as schema-specific occurrence; do not overwrite canonical code history
