lineageId,schemaId,occurrenceId,canonicalElementId,moduleCode,reportSourceCode,canonicalObservedCodes,codeRelationship,observedOn,action
HMIS-CODELINE-JH-001,HMIS-RPTSCHEMA-JHARKHAND-20260901-001,HMIS-RPTCOL-JH-0036,HMIS-DE-0681,M1,1.1,1.1,Existing observed code,2026-09-01,Retain as schema-specific occurrence; do not overwrite canonical code history
HMIS-CODELINE-JH-002,HMIS-RPTSCHEMA-JHARKHAND-20260901-001,HMIS-RPTCOL-JH-0037,HMIS-DE-0593,M1,1.1.a,1.1.a,Existing observed code,2026-09-01,Retain as schema-specific occurrence; do not overwrite canonical code history
HMIS-CODELINE-JH-003,HMIS-RPTSCHEMA-JHARKHAND-20260901-001,HMIS-RPTCOL-JH-0038,HMIS-DE-0592,M1,1.1.b,1.1.b,Existing observed code,2026-09-01,Retain as schema-specific occurrence; do not overwrite canonical code history
HMIS-CODELINE-JH-004,HMIS-RPTSCHEMA-JHARKHAND-20260901-001,HMIS-RPTCOL-JH-0039,HMIS-DE-0594,M1,1.1.c,1.1.c,Existing observed code,2026-09-01,Retain as schema-specific occurrence; do not overwrite canonical code history
HMIS-CODELINE-JH-005,HMIS-RPTSCHEMA-JHARKHAND-20260901-001,HMIS-RPTCOL-JH-0040,HMIS-DE-0595,M1,1.1.d,1.1.d,Existing observed code,2026-09-01,Retain as schema-specific occurrence; do not overwrite canonical code history
HMIS-CODELINE-JH-006,HMIS-RPTSCHEMA-JHARKHAND-20260901-001,HMIS-RPTCOL-JH-0041,HMIS-DE-0573,M1,1.1.1,1.1.1,Existing observed code,2026-09-01,Retain as schema-specific occurrence; do not overwrite canonical code history
HMIS-CODELINE-JH-007,HMIS-RPTSCHEMA-JHARKHAND-20260901-001,HMIS-RPTCOL-JH-0042,HMIS-DE-0624,M1,1.1.2,1.1.2,Existing observed code,2026-09-01,Retain as schema-specific occurrence; do not overwrite canonical code history
HMIS-CODELINE-JH-008,HMIS-RPTSCHEMA-JHARKHAND-20260901-001,HMIS-RPTCOL-JH-0043,HMIS-DE-0493,M1,1.2.1,1.2.1,Existing observed code,2026-09-01,Retain as schema-specific occurrence; do not overwrite canonical code history
HMIS-CODELINE-JH-009,HMIS-RPTSCHEMA-JHARKHAND-20260901-001,HMIS-RPTCOL-JH-0044,HMIS-DE-0494,M1,1.2.2,1.2.2,Existing observed code,2026-09-01,Retain as schema-specific occurrence; do not overwrite canonical code history
HMIS-CODELINE-JH-010,HMIS-RPTSCHEMA-JHARKHAND-20260901-001,HMIS-RPTCOL-JH-0045,HMIS-DE-0492,M1,1.2.3,1.2.3,Existing observed code,2026-09-01,Retain as schema-specific occurrence; do not overwrite canonical code history
HMIS-CODELINE-JH-011,HMIS-RPTSCHEMA-JHARKHAND-20260901-001,HMIS-RPTCOL-JH-0046,HMIS-DE-0497,M1,1.2.4,1.2.4,Existing observed code,2026-09-01,Retain as schema-specific occurrence; do not overwrite canonical code history
HMIS-CODELINE-JH-012,HMIS-RPTSCHEMA-JHARKHAND-20260901-001,HMIS-RPTCOL-JH-0047,HMIS-DE-0498,M1,1.2.5,1.2.5,Existing observed code,2026-09-01,Retain as schema-specific occurrence; do not overwrite canonical code history
HMIS-CODELINE-JH-013,HMIS-RPTSCHEMA-JHARKHAND-20260901-001,HMIS-RPTCOL-JH-0048,HMIS-DE-0490,M1,1.2.6,1.2.6,Existing observed code,2026-09-01,Retain as schema-specific occurrence; do not overwrite canonical code history
HMIS-CODELINE-JH-014,HMIS-RPTSCHEMA-JHARKHAND-20260901-001,HMIS-RPTCOL-JH-0049,HMIS-DE-0499,M1,1.2.7,1.2.7,Existing observed code,2026-09-01,Retain as schema-specific occurrence; do not overwrite canonical code history
HMIS-CODELINE-JH-015,HMIS-RPTSCHEMA-JHARKHAND-20260901-001,HMIS-RPTCOL-JH-0050,HMIS-DE-0489,M1,1.2.8,1.2.8,Existing observed code,2026-09-01,Retain as schema-specific occurrence; do not overwrite canonical code history
HMIS-CODELINE-JH-016,HMIS-RPTSCHEMA-JHARKHAND-20260901-001,HMIS-RPTCOL-JH-0051,HMIS-DE-0251,M1,1.3.1,1.3.1,Existing observed code,2026-09-01,Retain as schema-specific occurrence; do not overwrite canonical code history
HMIS-CODELINE-JH-017,HMIS-RPTSCHEMA-JHARKHAND-20260901-001,HMIS-RPTCOL-JH-0052,HMIS-DE-0505,M1,1.3.2,1.3.2,Existing observed code,2026-09-01,Retain as schema-specific occurrence; do not overwrite canonical code history
HMIS-CODELINE-JH-018,HMIS-RPTSCHEMA-JHARKHAND-20260901-001,HMIS-RPTCOL-JH-0053,HMIS-DE-0424,M1,1.3.3,1.3.3,Existing observed code,2026-09-01,Retain as schema-specific occurrence; do not overwrite canonical code history
HMIS-CODELINE-JH-019,HMIS-RPTSCHEMA-JHARKHAND-20260901-001,HMIS-RPTCOL-JH-0054,HMIS-DE-0457,M1,1.3.4,1.3.4,Existing observed code,2026-09-01,Retain as schema-specific occurrence; do not overwrite canonical code history
HMIS-CODELINE-JH-020,HMIS-RPTSCHEMA-JHARKHAND-20260901-001,HMIS-RPTCOL-JH-0055,HMIS-DE-0352,M1,1.3.5,1.3.5,Existing observed code,2026-09-01,Retain as schema-specific occurrence; do not overwrite canonical code history
HMIS-CODELINE-JH-021,HMIS-RPTSCHEMA-JHARKHAND-20260901-001,HMIS-RPTCOL-JH-0056,HMIS-DE-0501,M1,1.4.1,1.4.1,Existing observed code,2026-09-01,Retain as schema-specific occurrence; do not overwrite canonical code history
HMIS-CODELINE-JH-022,HMIS-RPTSCHEMA-JHARKHAND-20260901-001,HMIS-RPTCOL-JH-0057,HMIS-DE-0502,M1,1.4.2,1.4.2,Existing observed code,2026-09-01,Retain as schema-specific occurrence; do not overwrite canonical code history
HMIS-CODELINE-JH-023,HMIS-RPTSCHEMA-JHARKHAND-20260901-001,HMIS-RPTCOL-JH-0058,HMIS-DE-0495,M1,1.4.3,1.4.3,Existing observed code,2026-09-01,Retain as schema-specific occurrence; do not overwrite canonical code history
HMIS-CODELINE-JH-024,HMIS-RPTSCHEMA-JHARKHAND-20260901-001,HMIS-RPTCOL-JH-0059,HMIS-DE-0496,M1,1.4.4,1.4.4,Existing observed code,2026-09-01,Retain as schema-specific occurrence; do not overwrite canonical code history
HMIS-CODELINE-JH-025,HMIS-RPTSCHEMA-JHARKHAND-20260901-001,HMIS-RPTCOL-JH-0060,HMIS-DE-0504,M1,1.4.5,1.4.5,Existing observed code,2026-09-01,Retain as schema-specific occurrence; do not overwrite canonical code history
HMIS-CODELINE-JH-026,HMIS-RPTSCHEMA-JHARKHAND-20260901-001,HMIS-RPTCOL-JH-0061,HMIS-DE-0500,M1,1.5.1,1.5.1,Existing observed code,2026-09-01,Retain as schema-specific occurrence; do not overwrite canonical code history
HMIS-CODELINE-JH-027,HMIS-RPTSCHEMA-JHARKHAND-20260901-001,HMIS-RPTCOL-JH-0062,HMIS-DE-0503,M1,1.5.2,1.5.2,Existing observed code,2026-09-01,Retain as schema-specific occurrence; do not overwrite canonical code history
HMIS-CODELINE-JH-028,HMIS-RPTSCHEMA-JHARKHAND-20260901-001,HMIS-RPTCOL-JH-0063,HMIS-DE-0358,M1,1.5.3,1.5.3,Existing observed code,2026-09-01,Retain as schema-specific occurrence; do not overwrite canonical code history
HMIS-CODELINE-JH-029,HMIS-RPTSCHEMA-JHARKHAND-20260901-001,HMIS-RPTCOL-JH-0064,HMIS-DE-0485,M1,1.6.1.a,1.6.1.a,Existing observed code,2026-09-01,Retain as schema-specific occurrence; do not overwrite canonical code history
HMIS-CODELINE-JH-030,HMIS-RPTSCHEMA-JHARKHAND-20260901-001,HMIS-RPTCOL-JH-0065,HMIS-DE-0483,M1,1.6.1.b,1.6.1.b,Existing observed code,2026-09-01,Retain as schema-specific occurrence; do not overwrite canonical code history
HMIS-CODELINE-JH-031,HMIS-RPTSCHEMA-JHARKHAND-20260901-001,HMIS-RPTCOL-JH-0066,HMIS-DE-0484,M1,1.6.1.c,1.6.1.c,Existing observed code,2026-09-01,Retain as schema-specific occurrence; do not overwrite canonical code history
HMIS-CODELINE-JH-032,HMIS-RPTSCHEMA-JHARKHAND-20260901-001,HMIS-RPTCOL-JH-0067,HMIS-DE-0399,M1,1.6.1.d,1.6.1.d,Existing observed code,2026-09-01,Retain as schema-specific occurrence; do not overwrite canonical code history
HMIS-CODELINE-JH-033,HMIS-RPTSCHEMA-JHARKHAND-20260901-001,HMIS-RPTCOL-JH-0068,HMIS-DE-0290,M1,1.6.1.e,1.6.1.e,Existing observed code,2026-09-01,Retain as schema-specific occurrence; do not overwrite canonical code history
HMIS-CODELINE-JH-034,HMIS-RPTSCHEMA-JHARKHAND-20260901-001,HMIS-RPTCOL-JH-0069,HMIS-DE-0538,M1,1.6.1.f,1.6.1.f,Existing observed code,2026-09-01,Retain as schema-specific occurrence; do not overwrite canonical code history
HMIS-CODELINE-JH-035,HMIS-RPTSCHEMA-JHARKHAND-20260901-001,HMIS-RPTCOL-JH-0070,HMIS-DE-0478,M1,1.7.1,1.7.1,Existing observed code,2026-09-01,Retain as schema-specific occurrence; do not overwrite canonical code history
HMIS-CODELINE-JH-036,HMIS-RPTSCHEMA-JHARKHAND-20260901-001,HMIS-RPTCOL-JH-0071,HMIS-DE-0479,M1,1.7.2,1.7.2,Existing observed code,2026-09-01,Retain as schema-specific occurrence; do not overwrite canonical code history
HMIS-CODELINE-JH-037,HMIS-RPTSCHEMA-JHARKHAND-20260901-001,HMIS-RPTCOL-JH-0072,HMIS-DE-0476,M1,1.8.1,1.8.1,Existing observed code,2026-09-01,Retain as schema-specific occurrence; do not overwrite canonical code history
HMIS-CODELINE-JH-038,HMIS-RPTSCHEMA-JHARKHAND-20260901-001,HMIS-RPTCOL-JH-0073,HMIS-DE-0468,M1,1.8.2,1.8.2,Existing observed code,2026-09-01,Retain as schema-specific occurrence; do not overwrite canonical code history
HMIS-CODELINE-JH-039,HMIS-RPTSCHEMA-JHARKHAND-20260901-001,HMIS-RPTCOL-JH-0074,HMIS-DE-0475,M1,1.8.3,1.7.3; 1.8.3,Existing observed code,2026-09-01,Retain as schema-specific occurrence; do not overwrite canonical code history
HMIS-CODELINE-JH-040,HMIS-RPTSCHEMA-JHARKHAND-20260901-001,HMIS-RPTCOL-JH-0075,HMIS-DE-0632,M1,1.9.1,1.9.1,Existing observed code,2026-09-01,Retain as schema-specific occurrence; do not overwrite canonical code history
HMIS-CODELINE-JH-041,HMIS-RPTSCHEMA-JHARKHAND-20260901-001,HMIS-RPTCOL-JH-0076,HMIS-DE-0469,M1,1.9.1.a,1.8.1.a; 1.9.1.a,Existing observed code,2026-09-01,Retain as schema-specific occurrence; do not overwrite canonical code history
HMIS-CODELINE-JH-042,HMIS-RPTSCHEMA-JHARKHAND-20260901-001,HMIS-RPTCOL-JH-0077,HMIS-DE-0470,M1,1.9.1.b,1.8.1.b; 1.9.1.b,Existing observed code,2026-09-01,Retain as schema-specific occurrence; do not overwrite canonical code history
HMIS-CODELINE-JH-043,HMIS-RPTSCHEMA-JHARKHAND-20260901-001,HMIS-RPTCOL-JH-0078,HMIS-DE-0465,M1,1.9.1.c,1.8.1.c; 1.9.1.c,Existing observed code,2026-09-01,Retain as schema-specific occurrence; do not overwrite canonical code history
HMIS-CODELINE-JH-044,HMIS-RPTSCHEMA-JHARKHAND-20260901-001,HMIS-RPTCOL-JH-0079,HMIS-DE-0466,M1,1.9.1.d,1.8.1.d; 1.9.1.d,Existing observed code,2026-09-01,Retain as schema-specific occurrence; do not overwrite canonical code history
HMIS-CODELINE-JH-045,HMIS-RPTSCHEMA-JHARKHAND-20260901-001,HMIS-RPTCOL-JH-0080,HMIS-DE-0467,M1,1.9.1.e,1.8.1.e; 1.9.1.e,Existing observed code,2026-09-01,Retain as schema-specific occurrence; do not overwrite canonical code history
HMIS-CODELINE-JH-046,HMIS-RPTSCHEMA-JHARKHAND-20260901-001,HMIS-RPTCOL-JH-0081,HMIS-DE-0631,M1,1.9.2,1.9.2,Existing observed code,2026-09-01,Retain as schema-specific occurrence; do not overwrite canonical code history
HMIS-CODELINE-JH-047,HMIS-RPTSCHEMA-JHARKHAND-20260901-001,HMIS-RPTCOL-JH-0082,HMIS-DE-0639,M1,1.9.3,1.9.3,Existing observed code,2026-09-01,Retain as schema-specific occurrence; do not overwrite canonical code history
HMIS-CODELINE-JH-048,HMIS-RPTSCHEMA-JHARKHAND-20260901-001,HMIS-RPTCOL-JH-0083,HMIS-DE-0641,M1,1.9.3.a,1.8.3.a; 1.9.3.a,Existing observed code,2026-09-01,Retain as schema-specific occurrence; do not overwrite canonical code history
HMIS-CODELINE-JH-049,HMIS-RPTSCHEMA-JHARKHAND-20260901-001,HMIS-RPTCOL-JH-0084,HMIS-DE-0638,M1,1.9.4,1.9.4,Existing observed code,2026-09-01,Retain as schema-specific occurrence; do not overwrite canonical code history
HMIS-CODELINE-JH-050,HMIS-RPTSCHEMA-JHARKHAND-20260901-001,HMIS-RPTCOL-JH-0085,HMIS-DE-0640,M1,1.9.4.a,1.9.4.a,Existing observed code,2026-09-01,Retain as schema-specific occurrence; do not overwrite canonical code history
HMIS-CODELINE-JH-051,HMIS-RPTSCHEMA-JHARKHAND-20260901-001,HMIS-RPTCOL-JH-0086,HMIS-DE-0371,M2,2.1.1.a,2.1.1.a,Existing observed code,2026-09-01,Retain as schema-specific occurrence; do not overwrite canonical code history
HMIS-CODELINE-JH-052,HMIS-RPTSCHEMA-JHARKHAND-20260901-001,HMIS-RPTCOL-JH-0087,HMIS-DE-0370,M2,2.1.1.b,2.1.1.b,Existing observed code,2026-09-01,Retain as schema-specific occurrence; do not overwrite canonical code history
HMIS-CODELINE-JH-053,HMIS-RPTSCHEMA-JHARKHAND-20260901-001,HMIS-RPTCOL-JH-0088,HMIS-DE-0491,M2,2.1.2,2.1.2,Existing observed code,2026-09-01,Retain as schema-specific occurrence; do not overwrite canonical code history
HMIS-CODELINE-JH-054,HMIS-RPTSCHEMA-JHARKHAND-20260901-001,HMIS-RPTCOL-JH-0089,HMIS-DE-0389,M2,2.2,2.2,Existing observed code,2026-09-01,Retain as schema-specific occurrence; do not overwrite canonical code history
HMIS-CODELINE-JH-055,HMIS-RPTSCHEMA-JHARKHAND-20260901-001,HMIS-RPTCOL-JH-0090,HMIS-DE-0577,M2,2.2.1,2.2.1,Existing observed code,2026-09-01,Retain as schema-specific occurrence; do not overwrite canonical code history
HMIS-CODELINE-JH-056,HMIS-RPTSCHEMA-JHARKHAND-20260901-001,HMIS-RPTCOL-JH-0091,HMIS-DE-0578,M2,2.2.2,2.2.2,Existing observed code,2026-09-01,Retain as schema-specific occurrence; do not overwrite canonical code history
HMIS-CODELINE-JH-057,HMIS-RPTSCHEMA-JHARKHAND-20260901-001,HMIS-RPTCOL-JH-0092,HMIS-DE-0579,M2,2.2.3,2.1.3; 2.2.3,Existing observed code,2026-09-01,Retain as schema-specific occurrence; do not overwrite canonical code history
HMIS-CODELINE-JH-058,HMIS-RPTSCHEMA-JHARKHAND-20260901-001,HMIS-RPTCOL-JH-0093,HMIS-DE-0585,M2,2.3.1,2.3.1,Existing observed code,2026-09-01,Retain as schema-specific occurrence; do not overwrite canonical code history
HMIS-CODELINE-JH-059,HMIS-RPTSCHEMA-JHARKHAND-20260901-001,HMIS-RPTCOL-JH-0094,HMIS-DE-0584,M2,2.3.2,2.3.2,Existing observed code,2026-09-01,Retain as schema-specific occurrence; do not overwrite canonical code history
HMIS-CODELINE-JH-060,HMIS-RPTSCHEMA-JHARKHAND-20260901-001,HMIS-RPTCOL-JH-0095,HMIS-DE-0587,M2,2.3.3,2.3.3,Existing observed code,2026-09-01,Retain as schema-specific occurrence; do not overwrite canonical code history
HMIS-CODELINE-JH-061,HMIS-RPTSCHEMA-JHARKHAND-20260901-001,HMIS-RPTCOL-JH-0096,HMIS-DE-0586,M2,2.3.4,2.2.4; 2.3.4,Existing observed code,2026-09-01,Retain as schema-specific occurrence; do not overwrite canonical code history
HMIS-CODELINE-JH-062,HMIS-RPTSCHEMA-JHARKHAND-20260901-001,HMIS-RPTCOL-JH-0097,HMIS-DE-0430,M2,2.4,2.4,Existing observed code,2026-09-01,Retain as schema-specific occurrence; do not overwrite canonical code history
HMIS-CODELINE-JH-063,HMIS-RPTSCHEMA-JHARKHAND-20260901-001,HMIS-RPTCOL-JH-0098,HMIS-DE-0259,M2,2.5,2.5,Existing observed code,2026-09-01,Retain as schema-specific occurrence; do not overwrite canonical code history
HMIS-CODELINE-JH-064,HMIS-RPTSCHEMA-JHARKHAND-20260901-001,HMIS-RPTCOL-JH-0099,HMIS-DE-0663,M2,2.6,2.6,Existing observed code,2026-09-01,Retain as schema-specific occurrence; do not overwrite canonical code history
HMIS-CODELINE-JH-065,HMIS-RPTSCHEMA-JHARKHAND-20260901-001,HMIS-RPTCOL-JH-0100,HMIS-DE-0658,M3,3.1,3.1,Existing observed code,2026-09-01,Retain as schema-specific occurrence; do not overwrite canonical code history
HMIS-CODELINE-JH-066,HMIS-RPTSCHEMA-JHARKHAND-20260901-001,HMIS-RPTCOL-JH-0101,HMIS-DE-0576,M3,3.1.1,3.1.1,Existing observed code,2026-09-01,Retain as schema-specific occurrence; do not overwrite canonical code history
HMIS-CODELINE-JH-067,HMIS-RPTSCHEMA-JHARKHAND-20260901-001,HMIS-RPTCOL-JH-0102,HMIS-DE-0575,M3,3.1.2,3.1.2,Existing observed code,2026-09-01,Retain as schema-specific occurrence; do not overwrite canonical code history
HMIS-CODELINE-JH-068,HMIS-RPTSCHEMA-JHARKHAND-20260901-001,HMIS-RPTCOL-JH-0103,HMIS-DE-0217,M4,4.1.1.a,3.1.1.a; 4.1.1.a,Existing observed code,2026-09-01,Retain as schema-specific occurrence; do not overwrite canonical code history
HMIS-CODELINE-JH-069,HMIS-RPTSCHEMA-JHARKHAND-20260901-001,HMIS-RPTCOL-JH-0104,HMIS-DE-0216,M4,4.1.1.b,3.1.1.b; 4.1.1.b,Existing observed code,2026-09-01,Retain as schema-specific occurrence; do not overwrite canonical code history
HMIS-CODELINE-JH-070,HMIS-RPTSCHEMA-JHARKHAND-20260901-001,HMIS-RPTCOL-JH-0105,HMIS-DE-0458,M4,4.1.2,4.1.2,Existing observed code,2026-09-01,Retain as schema-specific occurrence; do not overwrite canonical code history
HMIS-CODELINE-JH-071,HMIS-RPTSCHEMA-JHARKHAND-20260901-001,HMIS-RPTCOL-JH-0106,HMIS-DE-0186,M4,4.1.3.a,3.1.3.a; 4.1.3.a,Existing observed code,2026-09-01,Retain as schema-specific occurrence; do not overwrite canonical code history
HMIS-CODELINE-JH-072,HMIS-RPTSCHEMA-JHARKHAND-20260901-001,HMIS-RPTCOL-JH-0107,HMIS-DE-0015,M4,4.1.3.b,3.1.3.b; 4.1.3.b,Existing observed code,2026-09-01,Retain as schema-specific occurrence; do not overwrite canonical code history
HMIS-CODELINE-JH-073,HMIS-RPTSCHEMA-JHARKHAND-20260901-001,HMIS-RPTCOL-JH-0109,HMIS-DE-0003,M4,4.2,3.2; 4.2,Existing observed code,2026-09-01,Retain as schema-specific occurrence; do not overwrite canonical code history
HMIS-CODELINE-JH-074,HMIS-RPTSCHEMA-JHARKHAND-20260901-001,HMIS-RPTCOL-JH-0110,HMIS-DE-0620,M4,4.3.1.a,4.3.1.a,Existing observed code,2026-09-01,Retain as schema-specific occurrence; do not overwrite canonical code history
HMIS-CODELINE-JH-075,HMIS-RPTSCHEMA-JHARKHAND-20260901-001,HMIS-RPTCOL-JH-0111,HMIS-DE-0235,M4,4.3.1.b,4.3.1.b,Existing observed code,2026-09-01,Retain as schema-specific occurrence; do not overwrite canonical code history
HMIS-CODELINE-JH-076,HMIS-RPTSCHEMA-JHARKHAND-20260901-001,HMIS-RPTCOL-JH-0112,HMIS-DE-0236,M4,4.3.1.c,4.3.1.c,Existing observed code,2026-09-01,Retain as schema-specific occurrence; do not overwrite canonical code history
HMIS-CODELINE-JH-077,HMIS-RPTSCHEMA-JHARKHAND-20260901-001,HMIS-RPTCOL-JH-0113,HMIS-DE-0692,M4,4.3.2.a,3.3.1; 4.3.2.a,Existing observed code,2026-09-01,Retain as schema-specific occurrence; do not overwrite canonical code history
HMIS-CODELINE-JH-078,HMIS-RPTSCHEMA-JHARKHAND-20260901-001,HMIS-RPTCOL-JH-0114,HMIS-DE-0601,M4,4.3.2.b,3.3.2; 4.3.2.b,Existing observed code,2026-09-01,Retain as schema-specific occurrence; do not overwrite canonical code history
HMIS-CODELINE-JH-079,HMIS-RPTSCHEMA-JHARKHAND-20260901-001,HMIS-RPTCOL-JH-0115,HMIS-DE-0602,M4,4.3.2.c,4.3.2.c,Existing observed code,2026-09-01,Retain as schema-specific occurrence; do not overwrite canonical code history
HMIS-CODELINE-JH-080,HMIS-RPTSCHEMA-JHARKHAND-20260901-001,HMIS-RPTCOL-JH-0116,HMIS-DE-0530,M4,4.3.3,4.3.3,Existing observed code,2026-09-01,Retain as schema-specific occurrence; do not overwrite canonical code history
HMIS-CODELINE-JH-081,HMIS-RPTSCHEMA-JHARKHAND-20260901-001,HMIS-RPTCOL-JH-0117,HMIS-DE-0434,M4,4.4.1,3.4.1; 4.4.1,Existing observed code,2026-09-01,Retain as schema-specific occurrence; do not overwrite canonical code history
HMIS-CODELINE-JH-082,HMIS-RPTSCHEMA-JHARKHAND-20260901-001,HMIS-RPTCOL-JH-0118,HMIS-DE-0428,M4,4.4.2,3.4.2; 4.4.2,Existing observed code,2026-09-01,Retain as schema-specific occurrence; do not overwrite canonical code history
HMIS-CODELINE-JH-083,HMIS-RPTSCHEMA-JHARKHAND-20260901-001,HMIS-RPTCOL-JH-0119,HMIS-DE-0571,M4,4.4.2.a,3.4.2.a; 4.4.2.a,Existing observed code,2026-09-01,Retain as schema-specific occurrence; do not overwrite canonical code history
HMIS-CODELINE-JH-084,HMIS-RPTSCHEMA-JHARKHAND-20260901-001,HMIS-RPTCOL-JH-0120,HMIS-DE-0427,M4,4.4.3,3.4.3; 4.4.3,Existing observed code,2026-09-01,Retain as schema-specific occurrence; do not overwrite canonical code history
HMIS-CODELINE-JH-085,HMIS-RPTSCHEMA-JHARKHAND-20260901-001,HMIS-RPTCOL-JH-0121,HMIS-DE-0266,M4,4.4.4,3.4.4; 4.4.4,Existing observed code,2026-09-01,Retain as schema-specific occurrence; do not overwrite canonical code history
HMIS-CODELINE-JH-086,HMIS-RPTSCHEMA-JHARKHAND-20260901-001,HMIS-RPTCOL-JH-0122,HMIS-DE-0431,M4,4.4.5,4.4.5,Existing observed code,2026-09-01,Retain as schema-specific occurrence; do not overwrite canonical code history
HMIS-CODELINE-JH-087,HMIS-RPTSCHEMA-JHARKHAND-20260901-001,HMIS-RPTCOL-JH-0123,HMIS-DE-0432,M4,4.5.1,3.5.1; 4.5.1,Existing observed code,2026-09-01,Retain as schema-specific occurrence; do not overwrite canonical code history
HMIS-CODELINE-JH-088,HMIS-RPTSCHEMA-JHARKHAND-20260901-001,HMIS-RPTCOL-JH-0124,HMIS-DE-0429,M4,4.5.1.a,3.5.1.a; 4.5.1.a,Existing observed code,2026-09-01,Retain as schema-specific occurrence; do not overwrite canonical code history
HMIS-CODELINE-JH-089,HMIS-RPTSCHEMA-JHARKHAND-20260901-001,HMIS-RPTCOL-JH-0125,HMIS-DE-0517,M4,4.5.3,4.5.2,New report-schema code occurrence,2026-09-01,Retain as schema-specific occurrence; do not overwrite canonical code history
HMIS-CODELINE-JH-090,HMIS-RPTSCHEMA-JHARKHAND-20260901-001,HMIS-RPTCOL-JH-0126,HMIS-DE-0325,M4,4.5.5,4.5.3,New report-schema code occurrence,2026-09-01,Retain as schema-specific occurrence; do not overwrite canonical code history
HMIS-CODELINE-JH-091,HMIS-RPTSCHEMA-JHARKHAND-20260901-001,HMIS-RPTCOL-JH-0127,HMIS-DE-0324,M4,4.5.6,4.5.4,New report-schema code occurrence,2026-09-01,Retain as schema-specific occurrence; do not overwrite canonical code history
HMIS-CODELINE-JH-092,HMIS-RPTSCHEMA-JHARKHAND-20260901-001,HMIS-RPTCOL-JH-0128,HMIS-DE-0326,M4,4.5.7,4.5.5,New report-schema code occurrence,2026-09-01,Retain as schema-specific occurrence; do not overwrite canonical code history
HMIS-CODELINE-JH-093,HMIS-RPTSCHEMA-JHARKHAND-20260901-001,HMIS-RPTCOL-JH-0129,HMIS-DE-0528,M5,5.1.1,4.1.1; 5.1.1,Existing observed code,2026-09-01,Retain as schema-specific occurrence; do not overwrite canonical code history
HMIS-CODELINE-JH-094,HMIS-RPTSCHEMA-JHARKHAND-20260901-001,HMIS-RPTCOL-JH-0130,HMIS-DE-0311,M5,5.1.2,4.1.2; 5.1.2,Existing observed code,2026-09-01,Retain as schema-specific occurrence; do not overwrite canonical code history
HMIS-CODELINE-JH-095,HMIS-RPTSCHEMA-JHARKHAND-20260901-001,HMIS-RPTCOL-JH-0131,HMIS-DE-0444,M5,5.1.3.a,4.1.3.a; 5.1.3.a,Existing observed code,2026-09-01,Retain as schema-specific occurrence; do not overwrite canonical code history
HMIS-CODELINE-JH-096,HMIS-RPTSCHEMA-JHARKHAND-20260901-001,HMIS-RPTCOL-JH-0132,HMIS-DE-0440,M5,5.2.1.c,4.2.1.a; 5.2.1.a,New report-schema code occurrence,2026-09-01,Retain as schema-specific occurrence; do not overwrite canonical code history
HMIS-CODELINE-JH-097,HMIS-RPTSCHEMA-JHARKHAND-20260901-001,HMIS-RPTCOL-JH-0133,HMIS-DE-0395,M5,5.2.1.e,4.2.1.b; 5.2.1.b,New report-schema code occurrence,2026-09-01,Retain as schema-specific occurrence; do not overwrite canonical code history
HMIS-CODELINE-JH-098,HMIS-RPTSCHEMA-JHARKHAND-20260901-001,HMIS-RPTCOL-JH-0134,HMIS-DE-0526,M5,5.2.1.f,4.2.1.c; 5.2.1.c,New report-schema code occurrence,2026-09-01,Retain as schema-specific occurrence; do not overwrite canonical code history
HMIS-CODELINE-JH-099,HMIS-RPTSCHEMA-JHARKHAND-20260901-001,HMIS-RPTCOL-JH-0135,HMIS-DE-0441,M5,5.2.2.c,4.2.2.a; 5.2.2.a,New report-schema code occurrence,2026-09-01,Retain as schema-specific occurrence; do not overwrite canonical code history
HMIS-CODELINE-JH-100,HMIS-RPTSCHEMA-JHARKHAND-20260901-001,HMIS-RPTCOL-JH-0136,HMIS-DE-0396,M5,5.2.2.e,4.2.2.b; 5.2.2.b,New report-schema code occurrence,2026-09-01,Retain as schema-specific occurrence; do not overwrite canonical code history
HMIS-CODELINE-JH-101,HMIS-RPTSCHEMA-JHARKHAND-20260901-001,HMIS-RPTCOL-JH-0137,HMIS-DE-0527,M5,5.2.2.f,4.2.2.c; 5.2.2.c,New report-schema code occurrence,2026-09-01,Retain as schema-specific occurrence; do not overwrite canonical code history
HMIS-CODELINE-JH-102,HMIS-RPTSCHEMA-JHARKHAND-20260901-001,HMIS-RPTCOL-JH-0138,HMIS-DE-0284,M5,5.2.3.a,4.2.3.a; 5.2.3.a,Existing observed code,2026-09-01,Retain as schema-specific occurrence; do not overwrite canonical code history
HMIS-CODELINE-JH-103,HMIS-RPTSCHEMA-JHARKHAND-20260901-001,HMIS-RPTCOL-JH-0139,HMIS-DE-0283,M5,5.2.3.b,4.2.3.b; 5.2.3.b,Existing observed code,2026-09-01,Retain as schema-specific occurrence; do not overwrite canonical code history
HMIS-CODELINE-JH-104,HMIS-RPTSCHEMA-JHARKHAND-20260901-001,HMIS-RPTCOL-JH-0140,HMIS-DE-0286,M5,5.2.3.c,4.2.3.c; 5.2.3.c,Existing observed code,2026-09-01,Retain as schema-specific occurrence; do not overwrite canonical code history
HMIS-CODELINE-JH-105,HMIS-RPTSCHEMA-JHARKHAND-20260901-001,HMIS-RPTCOL-JH-0141,HMIS-DE-0282,M5,5.2.3.d,4.2.3.d; 5.2.3.d,Existing observed code,2026-09-01,Retain as schema-specific occurrence; do not overwrite canonical code history
HMIS-CODELINE-JH-106,HMIS-RPTSCHEMA-JHARKHAND-20260901-001,HMIS-RPTCOL-JH-0142,HMIS-DE-0285,M5,5.2.3.e,4.2.3.e; 5.2.3.e,Existing observed code,2026-09-01,Retain as schema-specific occurrence; do not overwrite canonical code history
HMIS-CODELINE-JH-107,HMIS-RPTSCHEMA-JHARKHAND-20260901-001,HMIS-RPTCOL-JH-0143,HMIS-DE-0288,M5,5.2.3.f,4.2.3.f,New report-schema code occurrence,2026-09-01,Retain as schema-specific occurrence; do not overwrite canonical code history
HMIS-CODELINE-JH-108,HMIS-RPTSCHEMA-JHARKHAND-20260901-001,HMIS-RPTCOL-JH-0144,HMIS-DE-0394,M5,5.2.4.a,5.1.a; 5.2.4.a,Existing observed code,2026-09-01,Retain as schema-specific occurrence; do not overwrite canonical code history
HMIS-CODELINE-JH-109,HMIS-RPTSCHEMA-JHARKHAND-20260901-001,HMIS-RPTCOL-JH-0145,HMIS-DE-0151,M6,6.1,5.1; 6.1,Existing observed code,2026-09-01,Retain as schema-specific occurrence; do not overwrite canonical code history
HMIS-CODELINE-JH-110,HMIS-RPTSCHEMA-JHARKHAND-20260901-001,HMIS-RPTCOL-JH-0146,HMIS-DE-0531,M6,6.2,5.2; 6.2,Existing observed code,2026-09-01,Retain as schema-specific occurrence; do not overwrite canonical code history
HMIS-CODELINE-JH-111,HMIS-RPTSCHEMA-JHARKHAND-20260901-001,HMIS-RPTCOL-JH-0147,HMIS-DE-0421,M6,6.3,5.3; 6.3,Existing observed code,2026-09-01,Retain as schema-specific occurrence; do not overwrite canonical code history
HMIS-CODELINE-JH-112,HMIS-RPTSCHEMA-JHARKHAND-20260901-001,HMIS-RPTCOL-JH-0148,HMIS-DE-0420,M6,6.4,5.4; 6.4,Existing observed code,2026-09-01,Retain as schema-specific occurrence; do not overwrite canonical code history
HMIS-CODELINE-JH-113,HMIS-RPTSCHEMA-JHARKHAND-20260901-001,HMIS-RPTCOL-JH-0149,HMIS-DE-0637,M6,6.5,5.5; 6.5,Existing observed code,2026-09-01,Retain as schema-specific occurrence; do not overwrite canonical code history
HMIS-CODELINE-JH-114,HMIS-RPTSCHEMA-JHARKHAND-20260901-001,HMIS-RPTCOL-JH-0150,HMIS-DE-0537,M6,6.6,5.6; 6.6,Existing observed code,2026-09-01,Retain as schema-specific occurrence; do not overwrite canonical code history
HMIS-CODELINE-JH-115,HMIS-RPTSCHEMA-JHARKHAND-20260901-001,HMIS-RPTCOL-JH-0151,HMIS-DE-0402,M7,7.1.1,6.1.1; 7.1.1,Existing observed code,2026-09-01,Retain as schema-specific occurrence; do not overwrite canonical code history
HMIS-CODELINE-JH-116,HMIS-RPTSCHEMA-JHARKHAND-20260901-001,HMIS-RPTCOL-JH-0152,HMIS-DE-0567,M7,7.1.1.a,6.1.1.a; 7.1.1.a,Existing observed code,2026-09-01,Retain as schema-specific occurrence; do not overwrite canonical code history
HMIS-CODELINE-JH-117,HMIS-RPTSCHEMA-JHARKHAND-20260901-001,HMIS-RPTCOL-JH-0153,HMIS-DE-0569,M7,7.1.1.b,6.1.1.b; 7.1.1.b,Existing observed code,2026-09-01,Retain as schema-specific occurrence; do not overwrite canonical code history
HMIS-CODELINE-JH-118,HMIS-RPTSCHEMA-JHARKHAND-20260901-001,HMIS-RPTCOL-JH-0154,HMIS-DE-0355,M7,7.1.2,6.1.2; 7.1.2,Existing observed code,2026-09-01,Retain as schema-specific occurrence; do not overwrite canonical code history
HMIS-CODELINE-JH-119,HMIS-RPTSCHEMA-JHARKHAND-20260901-001,HMIS-RPTCOL-JH-0155,HMIS-DE-0559,M7,7.1.2.a,6.1.2.a; 7.1.2.a,Existing observed code,2026-09-01,Retain as schema-specific occurrence; do not overwrite canonical code history
HMIS-CODELINE-JH-120,HMIS-RPTSCHEMA-JHARKHAND-20260901-001,HMIS-RPTCOL-JH-0156,HMIS-DE-0560,M7,7.1.2.b,6.1.2.b; 7.1.2.b,Existing observed code,2026-09-01,Retain as schema-specific occurrence; do not overwrite canonical code history
HMIS-CODELINE-JH-121,HMIS-RPTSCHEMA-JHARKHAND-20260901-001,HMIS-RPTCOL-JH-0157,HMIS-DE-0365,M7,7.1.3,6.1.3; 7.1.3,Existing observed code,2026-09-01,Retain as schema-specific occurrence; do not overwrite canonical code history
HMIS-CODELINE-JH-122,HMIS-RPTSCHEMA-JHARKHAND-20260901-001,HMIS-RPTCOL-JH-0158,HMIS-DE-0563,M7,7.1.3.a,6.1.3.a; 7.1.3.a,Existing observed code,2026-09-01,Retain as schema-specific occurrence; do not overwrite canonical code history
HMIS-CODELINE-JH-123,HMIS-RPTSCHEMA-JHARKHAND-20260901-001,HMIS-RPTCOL-JH-0159,HMIS-DE-0565,M7,7.1.3.b,6.1.3.b; 7.1.3.b,Existing observed code,2026-09-01,Retain as schema-specific occurrence; do not overwrite canonical code history
HMIS-CODELINE-JH-124,HMIS-RPTSCHEMA-JHARKHAND-20260901-001,HMIS-RPTCOL-JH-0160,HMIS-DE-0435,M8,8.1.1,8.1.1,Existing observed code,2026-09-01,Retain as schema-specific occurrence; do not overwrite canonical code history
HMIS-CODELINE-JH-125,HMIS-RPTSCHEMA-JHARKHAND-20260901-001,HMIS-RPTCOL-JH-0161,HMIS-DE-0397,M8,8.2.1,8.2.1,Existing observed code,2026-09-01,Retain as schema-specific occurrence; do not overwrite canonical code history
HMIS-CODELINE-JH-126,HMIS-RPTSCHEMA-JHARKHAND-20260901-001,HMIS-RPTCOL-JH-0162,HMIS-DE-0391,M8,8.2.2,8.2.2,Existing observed code,2026-09-01,Retain as schema-specific occurrence; do not overwrite canonical code history
HMIS-CODELINE-JH-127,HMIS-RPTSCHEMA-JHARKHAND-20260901-001,HMIS-RPTCOL-JH-0163,HMIS-DE-0456,M8,8.2.3,8.2.3,Existing observed code,2026-09-01,Retain as schema-specific occurrence; do not overwrite canonical code history
HMIS-CODELINE-JH-128,HMIS-RPTSCHEMA-JHARKHAND-20260901-001,HMIS-RPTCOL-JH-0164,HMIS-DE-0453,M8,8.2.4,8.2.4,Existing observed code,2026-09-01,Retain as schema-specific occurrence; do not overwrite canonical code history
HMIS-CODELINE-JH-129,HMIS-RPTSCHEMA-JHARKHAND-20260901-001,HMIS-RPTCOL-JH-0165,HMIS-DE-0390,M8,8.3,7.1; 8.3,Existing observed code,2026-09-01,Retain as schema-specific occurrence; do not overwrite canonical code history
HMIS-CODELINE-JH-130,HMIS-RPTSCHEMA-JHARKHAND-20260901-001,HMIS-RPTCOL-JH-0166,HMIS-DE-0455,M8,8.4,7.2; 8.4,Existing observed code,2026-09-01,Retain as schema-specific occurrence; do not overwrite canonical code history
HMIS-CODELINE-JH-131,HMIS-RPTSCHEMA-JHARKHAND-20260901-001,HMIS-RPTCOL-JH-0167,HMIS-DE-0452,M8,8.5,8.5,Existing observed code,2026-09-01,Retain as schema-specific occurrence; do not overwrite canonical code history
HMIS-CODELINE-JH-132,HMIS-RPTSCHEMA-JHARKHAND-20260901-001,HMIS-RPTCOL-JH-0168,HMIS-DE-0392,M8,8.6,7.3; 8.6,Existing observed code,2026-09-01,Retain as schema-specific occurrence; do not overwrite canonical code history
HMIS-CODELINE-JH-133,HMIS-RPTSCHEMA-JHARKHAND-20260901-001,HMIS-RPTCOL-JH-0169,HMIS-DE-0329,M8,8.7,7.4; 8.7,Existing observed code,2026-09-01,Retain as schema-specific occurrence; do not overwrite canonical code history
HMIS-CODELINE-JH-134,HMIS-RPTSCHEMA-JHARKHAND-20260901-001,HMIS-RPTCOL-JH-0170,HMIS-DE-0161,M8,8.8.1,7.5.1; 8.8.1,Existing observed code,2026-09-01,Retain as schema-specific occurrence; do not overwrite canonical code history
HMIS-CODELINE-JH-135,HMIS-RPTSCHEMA-JHARKHAND-20260901-001,HMIS-RPTCOL-JH-0171,HMIS-DE-0165,M8,8.8.2,7.5.2; 8.8.2,Existing observed code,2026-09-01,Retain as schema-specific occurrence; do not overwrite canonical code history
HMIS-CODELINE-JH-136,HMIS-RPTSCHEMA-JHARKHAND-20260901-001,HMIS-RPTCOL-JH-0172,HMIS-DE-0163,M8,8.9.1,7.6.1; 8.9.1,Existing observed code,2026-09-01,Retain as schema-specific occurrence; do not overwrite canonical code history
HMIS-CODELINE-JH-137,HMIS-RPTSCHEMA-JHARKHAND-20260901-001,HMIS-RPTCOL-JH-0173,HMIS-DE-0167,M8,8.9.2,7.6.2; 8.9.2,Existing observed code,2026-09-01,Retain as schema-specific occurrence; do not overwrite canonical code history
HMIS-CODELINE-JH-138,HMIS-RPTSCHEMA-JHARKHAND-20260901-001,HMIS-RPTCOL-JH-0174,HMIS-DE-0164,M8,8.10.1,7.7.1; 8.10.1,Existing observed code,2026-09-01,Retain as schema-specific occurrence; do not overwrite canonical code history
HMIS-CODELINE-JH-139,HMIS-RPTSCHEMA-JHARKHAND-20260901-001,HMIS-RPTCOL-JH-0175,HMIS-DE-0168,M8,8.10.2,7.7.2; 8.10.2,Existing observed code,2026-09-01,Retain as schema-specific occurrence; do not overwrite canonical code history
HMIS-CODELINE-JH-140,HMIS-RPTSCHEMA-JHARKHAND-20260901-001,HMIS-RPTCOL-JH-0176,HMIS-DE-0162,M8,8.11.1,7.8.1; 8.11.1,Existing observed code,2026-09-01,Retain as schema-specific occurrence; do not overwrite canonical code history
HMIS-CODELINE-JH-141,HMIS-RPTSCHEMA-JHARKHAND-20260901-001,HMIS-RPTCOL-JH-0177,HMIS-DE-0166,M8,8.11.2,7.8.2; 8.11.2,Existing observed code,2026-09-01,Retain as schema-specific occurrence; do not overwrite canonical code history
HMIS-CODELINE-JH-142,HMIS-RPTSCHEMA-JHARKHAND-20260901-001,HMIS-RPTCOL-JH-0178,HMIS-DE-0328,M8,8.12,7.9; 8.12,Existing observed code,2026-09-01,Retain as schema-specific occurrence; do not overwrite canonical code history
HMIS-CODELINE-JH-143,HMIS-RPTSCHEMA-JHARKHAND-20260901-001,HMIS-RPTCOL-JH-0179,HMIS-DE-0330,M8,8.13,7.10; 8.13,Existing observed code,2026-09-01,Retain as schema-specific occurrence; do not overwrite canonical code history
HMIS-CODELINE-JH-144,HMIS-RPTSCHEMA-JHARKHAND-20260901-001,HMIS-RPTCOL-JH-0180,HMIS-DE-0302,M8,8.14,7.11; 8.14,Existing observed code,2026-09-01,Retain as schema-specific occurrence; do not overwrite canonical code history
HMIS-CODELINE-JH-145,HMIS-RPTSCHEMA-JHARKHAND-20260901-001,HMIS-RPTCOL-JH-0181,HMIS-DE-0354,M8,8.15,7.12; 8.15,Existing observed code,2026-09-01,Retain as schema-specific occurrence; do not overwrite canonical code history
HMIS-CODELINE-JH-146,HMIS-RPTSCHEMA-JHARKHAND-20260901-001,HMIS-RPTCOL-JH-0182,HMIS-DE-0460,M8,8.16,7.13; 8.16,Existing observed code,2026-09-01,Retain as schema-specific occurrence; do not overwrite canonical code history
HMIS-CODELINE-JH-147,HMIS-RPTSCHEMA-JHARKHAND-20260901-001,HMIS-RPTCOL-JH-0183,HMIS-DE-0272,M8,8.17.1,7.14.1; 8.17.1,Existing observed code,2026-09-01,Retain as schema-specific occurrence; do not overwrite canonical code history
HMIS-CODELINE-JH-148,HMIS-RPTSCHEMA-JHARKHAND-20260901-001,HMIS-RPTCOL-JH-0184,HMIS-DE-0273,M8,8.17.2,7.14.2; 8.17.2,Existing observed code,2026-09-01,Retain as schema-specific occurrence; do not overwrite canonical code history
HMIS-CODELINE-JH-149,HMIS-RPTSCHEMA-JHARKHAND-20260901-001,HMIS-RPTCOL-JH-0185,HMIS-DE-0094,M8,8.18.1,7.15.1; 8.18.1,Existing observed code,2026-09-01,Retain as schema-specific occurrence; do not overwrite canonical code history
HMIS-CODELINE-JH-150,HMIS-RPTSCHEMA-JHARKHAND-20260901-001,HMIS-RPTCOL-JH-0186,HMIS-DE-0093,M8,8.18.2,7.15.2; 8.18.2,Existing observed code,2026-09-01,Retain as schema-specific occurrence; do not overwrite canonical code history
HMIS-CODELINE-JH-151,HMIS-RPTSCHEMA-JHARKHAND-20260901-001,HMIS-RPTCOL-JH-0187,HMIS-DE-0132,M8,8.18.3,8.18.3,Existing observed code,2026-09-01,Retain as schema-specific occurrence; do not overwrite canonical code history
HMIS-CODELINE-JH-152,HMIS-RPTSCHEMA-JHARKHAND-20260901-001,HMIS-RPTCOL-JH-0188,HMIS-DE-0131,M8,8.18.4,8.18.4,Existing observed code,2026-09-01,Retain as schema-specific occurrence; do not overwrite canonical code history
HMIS-CODELINE-JH-153,HMIS-RPTSCHEMA-JHARKHAND-20260901-001,HMIS-RPTCOL-JH-0189,HMIS-DE-0101,M8,8.18.5,8.18.5,Existing observed code,2026-09-01,Retain as schema-specific occurrence; do not overwrite canonical code history
HMIS-CODELINE-JH-154,HMIS-RPTSCHEMA-JHARKHAND-20260901-001,HMIS-RPTCOL-JH-0190,HMIS-DE-0100,M8,8.18.6,8.18.6,Existing observed code,2026-09-01,Retain as schema-specific occurrence; do not overwrite canonical code history
HMIS-CODELINE-JH-155,HMIS-RPTSCHEMA-JHARKHAND-20260901-001,HMIS-RPTCOL-JH-0191,HMIS-DE-0299,M8,8.19.1,8.19.1,Existing observed code,2026-09-01,Retain as schema-specific occurrence; do not overwrite canonical code history
HMIS-CODELINE-JH-156,HMIS-RPTSCHEMA-JHARKHAND-20260901-001,HMIS-RPTCOL-JH-0192,HMIS-DE-0300,M8,8.19.2,8.19.2,Existing observed code,2026-09-01,Retain as schema-specific occurrence; do not overwrite canonical code history
HMIS-CODELINE-JH-157,HMIS-RPTSCHEMA-JHARKHAND-20260901-001,HMIS-RPTCOL-JH-0193,HMIS-DE-0065,M9,9.1.1,8.1.1; 9.1.1,Existing observed code,2026-09-01,Retain as schema-specific occurrence; do not overwrite canonical code history
HMIS-CODELINE-JH-158,HMIS-RPTSCHEMA-JHARKHAND-20260901-001,HMIS-RPTCOL-JH-0194,HMIS-DE-0036,M9,9.1.2,8.1.2; 9.1.2,Existing observed code,2026-09-01,Retain as schema-specific occurrence; do not overwrite canonical code history
HMIS-CODELINE-JH-159,HMIS-RPTSCHEMA-JHARKHAND-20260901-001,HMIS-RPTCOL-JH-0195,HMIS-DE-0056,M9,9.1.3,8.1.3; 9.1.3,Existing observed code,2026-09-01,Retain as schema-specific occurrence; do not overwrite canonical code history
HMIS-CODELINE-JH-160,HMIS-RPTSCHEMA-JHARKHAND-20260901-001,HMIS-RPTCOL-JH-0196,HMIS-DE-0057,M9,9.1.4,8.1.4; 9.1.4,Existing observed code,2026-09-01,Retain as schema-specific occurrence; do not overwrite canonical code history
HMIS-CODELINE-JH-161,HMIS-RPTSCHEMA-JHARKHAND-20260901-001,HMIS-RPTCOL-JH-0197,HMIS-DE-0058,M9,9.1.5,8.1.5; 9.1.5,Existing observed code,2026-09-01,Retain as schema-specific occurrence; do not overwrite canonical code history
HMIS-CODELINE-JH-162,HMIS-RPTSCHEMA-JHARKHAND-20260901-001,HMIS-RPTCOL-JH-0198,HMIS-DE-0047,M9,9.1.6,8.1.6; 9.1.6,Existing observed code,2026-09-01,Retain as schema-specific occurrence; do not overwrite canonical code history
HMIS-CODELINE-JH-163,HMIS-RPTSCHEMA-JHARKHAND-20260901-001,HMIS-RPTCOL-JH-0199,HMIS-DE-0050,M9,9.1.7,8.1.7; 9.1.7,Existing observed code,2026-09-01,Retain as schema-specific occurrence; do not overwrite canonical code history
HMIS-CODELINE-JH-164,HMIS-RPTSCHEMA-JHARKHAND-20260901-001,HMIS-RPTCOL-JH-0200,HMIS-DE-0051,M9,9.1.8,8.1.8; 9.1.8,Existing observed code,2026-09-01,Retain as schema-specific occurrence; do not overwrite canonical code history
HMIS-CODELINE-JH-165,HMIS-RPTSCHEMA-JHARKHAND-20260901-001,HMIS-RPTCOL-JH-0201,HMIS-DE-0052,M9,9.1.9,8.1.9; 9.1.9,Existing observed code,2026-09-01,Retain as schema-specific occurrence; do not overwrite canonical code history
HMIS-CODELINE-JH-166,HMIS-RPTSCHEMA-JHARKHAND-20260901-001,HMIS-RPTCOL-JH-0202,HMIS-DE-0042,M9,9.1.10,8.1.10; 9.1.10,Existing observed code,2026-09-01,Retain as schema-specific occurrence; do not overwrite canonical code history
HMIS-CODELINE-JH-167,HMIS-RPTSCHEMA-JHARKHAND-20260901-001,HMIS-RPTCOL-JH-0203,HMIS-DE-0043,M9,9.1.11,8.1.11; 9.1.11,Existing observed code,2026-09-01,Retain as schema-specific occurrence; do not overwrite canonical code history
HMIS-CODELINE-JH-168,HMIS-RPTSCHEMA-JHARKHAND-20260901-001,HMIS-RPTCOL-JH-0204,HMIS-DE-0044,M9,9.1.12,8.1.12; 9.1.12,Existing observed code,2026-09-01,Retain as schema-specific occurrence; do not overwrite canonical code history
HMIS-CODELINE-JH-169,HMIS-RPTSCHEMA-JHARKHAND-20260901-001,HMIS-RPTCOL-JH-0205,HMIS-DE-0059,M9,9.1.13,8.1.13; 9.1.13,Existing observed code,2026-09-01,Retain as schema-specific occurrence; do not overwrite canonical code history
HMIS-CODELINE-JH-170,HMIS-RPTSCHEMA-JHARKHAND-20260901-001,HMIS-RPTCOL-JH-0206,HMIS-DE-0060,M9,9.1.14,8.1.14; 9.1.14,Existing observed code,2026-09-01,Retain as schema-specific occurrence; do not overwrite canonical code history
HMIS-CODELINE-JH-171,HMIS-RPTSCHEMA-JHARKHAND-20260901-001,HMIS-RPTCOL-JH-0207,HMIS-DE-0061,M9,9.1.15,8.1.15; 9.1.15,Existing observed code,2026-09-01,Retain as schema-specific occurrence; do not overwrite canonical code history
HMIS-CODELINE-JH-172,HMIS-RPTSCHEMA-JHARKHAND-20260901-001,HMIS-RPTCOL-JH-0208,HMIS-DE-0054,M9,9.1.16,8.1.16; 9.1.16,Existing observed code,2026-09-01,Retain as schema-specific occurrence; do not overwrite canonical code history
HMIS-CODELINE-JH-173,HMIS-RPTSCHEMA-JHARKHAND-20260901-001,HMIS-RPTCOL-JH-0209,HMIS-DE-0055,M9,9.1.17,8.1.17; 9.1.17,Existing observed code,2026-09-01,Retain as schema-specific occurrence; do not overwrite canonical code history
HMIS-CODELINE-JH-174,HMIS-RPTSCHEMA-JHARKHAND-20260901-001,HMIS-RPTCOL-JH-0210,HMIS-DE-0066,M9,9.2.1,8.2.1; 9.2.1,Existing observed code,2026-09-01,Retain as schema-specific occurrence; do not overwrite canonical code history
HMIS-CODELINE-JH-175,HMIS-RPTSCHEMA-JHARKHAND-20260901-001,HMIS-RPTCOL-JH-0211,HMIS-DE-0034,M9,9.2.2,8.2.2; 9.2.2,Existing observed code,2026-09-01,Retain as schema-specific occurrence; do not overwrite canonical code history
HMIS-CODELINE-JH-176,HMIS-RPTSCHEMA-JHARKHAND-20260901-001,HMIS-RPTCOL-JH-0212,HMIS-DE-0033,M9,9.2.3,8.2.3; 9.2.3,Existing observed code,2026-09-01,Retain as schema-specific occurrence; do not overwrite canonical code history
HMIS-CODELINE-JH-177,HMIS-RPTSCHEMA-JHARKHAND-20260901-001,HMIS-RPTCOL-JH-0213,HMIS-DE-0053,M9,9.2.4,8.2.4; 9.2.4,Existing observed code,2026-09-01,Retain as schema-specific occurrence; do not overwrite canonical code history
HMIS-CODELINE-JH-178,HMIS-RPTSCHEMA-JHARKHAND-20260901-001,HMIS-RPTCOL-JH-0214,HMIS-DE-0136,M9,9.2.5.a,8.2.5.a; 9.2.5.a,Existing observed code,2026-09-01,Retain as schema-specific occurrence; do not overwrite canonical code history
HMIS-CODELINE-JH-179,HMIS-RPTSCHEMA-JHARKHAND-20260901-001,HMIS-RPTCOL-JH-0215,HMIS-DE-0135,M9,9.2.5.b,8.2.5.b; 9.2.5.b,Existing observed code,2026-09-01,Retain as schema-specific occurrence; do not overwrite canonical code history
HMIS-CODELINE-JH-180,HMIS-RPTSCHEMA-JHARKHAND-20260901-001,HMIS-RPTCOL-JH-0216,HMIS-DE-0067,M9,9.3.1,8.3.1; 9.3.1,Existing observed code,2026-09-01,Retain as schema-specific occurrence; do not overwrite canonical code history
HMIS-CODELINE-JH-181,HMIS-RPTSCHEMA-JHARKHAND-20260901-001,HMIS-RPTCOL-JH-0217,HMIS-DE-0035,M9,9.3.2,8.3.2; 9.3.2,Existing observed code,2026-09-01,Retain as schema-specific occurrence; do not overwrite canonical code history
HMIS-CODELINE-JH-182,HMIS-RPTSCHEMA-JHARKHAND-20260901-001,HMIS-RPTCOL-JH-0218,HMIS-DE-0037,M9,9.3.3,8.3.3; 9.3.3,Existing observed code,2026-09-01,Retain as schema-specific occurrence; do not overwrite canonical code history
HMIS-CODELINE-JH-183,HMIS-RPTSCHEMA-JHARKHAND-20260901-001,HMIS-RPTCOL-JH-0219,HMIS-DE-0039,M9,9.3.4,8.3.4; 9.3.4,Existing observed code,2026-09-01,Retain as schema-specific occurrence; do not overwrite canonical code history
HMIS-CODELINE-JH-184,HMIS-RPTSCHEMA-JHARKHAND-20260901-001,HMIS-RPTCOL-JH-0220,HMIS-DE-0040,M9,9.3.5,8.3.5; 9.3.5,Existing observed code,2026-09-01,Retain as schema-specific occurrence; do not overwrite canonical code history
HMIS-CODELINE-JH-185,HMIS-RPTSCHEMA-JHARKHAND-20260901-001,HMIS-RPTCOL-JH-0221,HMIS-DE-0041,M9,9.3.6,8.3.6; 9.3.6,Existing observed code,2026-09-01,Retain as schema-specific occurrence; do not overwrite canonical code history
HMIS-CODELINE-JH-186,HMIS-RPTSCHEMA-JHARKHAND-20260901-001,HMIS-RPTCOL-JH-0222,HMIS-DE-0049,M9,9.3.7,8.3.7; 9.3.7,Existing observed code,2026-09-01,Retain as schema-specific occurrence; do not overwrite canonical code history
HMIS-CODELINE-JH-187,HMIS-RPTSCHEMA-JHARKHAND-20260901-001,HMIS-RPTCOL-JH-0223,HMIS-DE-0045,M9,9.3.8,8.3.8; 9.3.8,Existing observed code,2026-09-01,Retain as schema-specific occurrence; do not overwrite canonical code history
HMIS-CODELINE-JH-188,HMIS-RPTSCHEMA-JHARKHAND-20260901-001,HMIS-RPTCOL-JH-0224,HMIS-DE-0046,M9,9.4.1,8.4.1; 9.4.1,Existing observed code,2026-09-01,Retain as schema-specific occurrence; do not overwrite canonical code history
HMIS-CODELINE-JH-189,HMIS-RPTSCHEMA-JHARKHAND-20260901-001,HMIS-RPTCOL-JH-0225,HMIS-DE-0038,M9,9.4.2,8.4.2; 9.4.2,Existing observed code,2026-09-01,Retain as schema-specific occurrence; do not overwrite canonical code history
HMIS-CODELINE-JH-190,HMIS-RPTSCHEMA-JHARKHAND-20260901-001,HMIS-RPTCOL-JH-0226,HMIS-DE-0048,M9,9.4.3,8.4.3; 9.4.3,Existing observed code,2026-09-01,Retain as schema-specific occurrence; do not overwrite canonical code history
HMIS-CODELINE-JH-191,HMIS-RPTSCHEMA-JHARKHAND-20260901-001,HMIS-RPTCOL-JH-0227,HMIS-DE-0321,M9,9.4.4,8.4.4; 9.4.4,Existing observed code,2026-09-01,Retain as schema-specific occurrence; do not overwrite canonical code history
HMIS-CODELINE-JH-192,HMIS-RPTSCHEMA-JHARKHAND-20260901-001,HMIS-RPTCOL-JH-0228,HMIS-DE-0068,M9,9.5.1,8.5.1; 9.5.1,Existing observed code,2026-09-01,Retain as schema-specific occurrence; do not overwrite canonical code history
HMIS-CODELINE-JH-193,HMIS-RPTSCHEMA-JHARKHAND-20260901-001,HMIS-RPTCOL-JH-0229,HMIS-DE-0091,M9,9.5.2,8.5.2; 9.5.2,Existing observed code,2026-09-01,Retain as schema-specific occurrence; do not overwrite canonical code history
HMIS-CODELINE-JH-194,HMIS-RPTSCHEMA-JHARKHAND-20260901-001,HMIS-RPTCOL-JH-0230,HMIS-DE-0089,M9,9.5.3,8.5.3; 9.5.3,Existing observed code,2026-09-01,Retain as schema-specific occurrence; do not overwrite canonical code history
HMIS-CODELINE-JH-195,HMIS-RPTSCHEMA-JHARKHAND-20260901-001,HMIS-RPTCOL-JH-0231,HMIS-DE-0090,M9,9.5.4,8.5.4; 9.5.4,Existing observed code,2026-09-01,Retain as schema-specific occurrence; do not overwrite canonical code history
HMIS-CODELINE-JH-196,HMIS-RPTSCHEMA-JHARKHAND-20260901-001,HMIS-RPTCOL-JH-0232,HMIS-DE-0298,M9,9.6.1,8.6.1; 9.6.1,Existing observed code,2026-09-01,Retain as schema-specific occurrence; do not overwrite canonical code history
HMIS-CODELINE-JH-197,HMIS-RPTSCHEMA-JHARKHAND-20260901-001,HMIS-RPTCOL-JH-0233,HMIS-DE-0297,M9,9.6.2,8.6.2; 9.6.2,Existing observed code,2026-09-01,Retain as schema-specific occurrence; do not overwrite canonical code history
HMIS-CODELINE-JH-198,HMIS-RPTSCHEMA-JHARKHAND-20260901-001,HMIS-RPTCOL-JH-0234,HMIS-DE-0296,M9,9.6.3,8.6.3; 9.6.3,Existing observed code,2026-09-01,Retain as schema-specific occurrence; do not overwrite canonical code history
HMIS-CODELINE-JH-199,HMIS-RPTSCHEMA-JHARKHAND-20260901-001,HMIS-RPTCOL-JH-0235,HMIS-DE-0546,M9,9.6.3.a,8.6.3.a; 9.6.3.a,Existing observed code,2026-09-01,Retain as schema-specific occurrence; do not overwrite canonical code history
HMIS-CODELINE-JH-200,HMIS-RPTSCHEMA-JHARKHAND-20260901-001,HMIS-RPTCOL-JH-0236,HMIS-DE-0150,M9,9.7.1,8.7.1; 9.7.1,Existing observed code,2026-09-01,Retain as schema-specific occurrence; do not overwrite canonical code history
HMIS-CODELINE-JH-201,HMIS-RPTSCHEMA-JHARKHAND-20260901-001,HMIS-RPTCOL-JH-0237,HMIS-DE-0149,M9,9.7.2,8.7.2; 9.7.2,Existing observed code,2026-09-01,Retain as schema-specific occurrence; do not overwrite canonical code history
HMIS-CODELINE-JH-202,HMIS-RPTSCHEMA-JHARKHAND-20260901-001,HMIS-RPTCOL-JH-0238,HMIS-DE-0062,M9,9.8.1,8.8.1; 9.8.1,Existing observed code,2026-09-01,Retain as schema-specific occurrence; do not overwrite canonical code history
HMIS-CODELINE-JH-203,HMIS-RPTSCHEMA-JHARKHAND-20260901-001,HMIS-RPTCOL-JH-0239,HMIS-DE-0063,M9,9.8.2,8.8.2; 9.8.2,Existing observed code,2026-09-01,Retain as schema-specific occurrence; do not overwrite canonical code history
HMIS-CODELINE-JH-204,HMIS-RPTSCHEMA-JHARKHAND-20260901-001,HMIS-RPTCOL-JH-0240,HMIS-DE-0064,M9,9.8.3,8.8.3; 9.7.3; 9.8.3,Existing observed code,2026-09-01,Retain as schema-specific occurrence; do not overwrite canonical code history
HMIS-CODELINE-JH-205,HMIS-RPTSCHEMA-JHARKHAND-20260901-001,HMIS-RPTCOL-JH-0241,HMIS-DE-0078,M10,10.1.1,10.1.1,Existing observed code,2026-09-01,Retain as schema-specific occurrence; do not overwrite canonical code history
HMIS-CODELINE-JH-206,HMIS-RPTSCHEMA-JHARKHAND-20260901-001,HMIS-RPTCOL-JH-0242,HMIS-DE-0070,M10,10.1.2,10.1.2,Existing observed code,2026-09-01,Retain as schema-specific occurrence; do not overwrite canonical code history
HMIS-CODELINE-JH-207,HMIS-RPTSCHEMA-JHARKHAND-20260901-001,HMIS-RPTCOL-JH-0243,HMIS-DE-0079,M10,10.1.3,10.1.3,Existing observed code,2026-09-01,Retain as schema-specific occurrence; do not overwrite canonical code history
HMIS-CODELINE-JH-208,HMIS-RPTSCHEMA-JHARKHAND-20260901-001,HMIS-RPTCOL-JH-0244,HMIS-DE-0074,M10,10.1.4,10.1.4,Existing observed code,2026-09-01,Retain as schema-specific occurrence; do not overwrite canonical code history
HMIS-CODELINE-JH-209,HMIS-RPTSCHEMA-JHARKHAND-20260901-001,HMIS-RPTCOL-JH-0245,HMIS-DE-0077,M10,10.1.5,10.1.5,Existing observed code,2026-09-01,Retain as schema-specific occurrence; do not overwrite canonical code history
HMIS-CODELINE-JH-210,HMIS-RPTSCHEMA-JHARKHAND-20260901-001,HMIS-RPTCOL-JH-0246,HMIS-DE-0080,M10,10.1.6,10.1.6,Existing observed code,2026-09-01,Retain as schema-specific occurrence; do not overwrite canonical code history
HMIS-CODELINE-JH-211,HMIS-RPTSCHEMA-JHARKHAND-20260901-001,HMIS-RPTCOL-JH-0247,HMIS-DE-0081,M10,10.1.7,10.1.7,Existing observed code,2026-09-01,Retain as schema-specific occurrence; do not overwrite canonical code history
HMIS-CODELINE-JH-212,HMIS-RPTSCHEMA-JHARKHAND-20260901-001,HMIS-RPTCOL-JH-0248,HMIS-DE-0069,M10,10.1.8,10.1.8,Existing observed code,2026-09-01,Retain as schema-specific occurrence; do not overwrite canonical code history
HMIS-CODELINE-JH-213,HMIS-RPTSCHEMA-JHARKHAND-20260901-001,HMIS-RPTCOL-JH-0249,HMIS-DE-0076,M10,10.1.9,10.1.9,Existing observed code,2026-09-01,Retain as schema-specific occurrence; do not overwrite canonical code history
HMIS-CODELINE-JH-214,HMIS-RPTSCHEMA-JHARKHAND-20260901-001,HMIS-RPTCOL-JH-0250,HMIS-DE-0075,M10,10.1.10,10.1.10; 9.1.1,Existing observed code,2026-09-01,Retain as schema-specific occurrence; do not overwrite canonical code history
HMIS-CODELINE-JH-215,HMIS-RPTSCHEMA-JHARKHAND-20260901-001,HMIS-RPTCOL-JH-0251,HMIS-DE-0071,M10,10.1.11,10.1.11; 9.1.2,Existing observed code,2026-09-01,Retain as schema-specific occurrence; do not overwrite canonical code history
HMIS-CODELINE-JH-216,HMIS-RPTSCHEMA-JHARKHAND-20260901-001,HMIS-RPTCOL-JH-0252,HMIS-DE-0072,M10,10.1.12,10.1.12; 9.1.3,Existing observed code,2026-09-01,Retain as schema-specific occurrence; do not overwrite canonical code history
HMIS-CODELINE-JH-217,HMIS-RPTSCHEMA-JHARKHAND-20260901-001,HMIS-RPTCOL-JH-0253,HMIS-DE-0073,M10,10.1.13,10.1.13; 9.1.4,Existing observed code,2026-09-01,Retain as schema-specific occurrence; do not overwrite canonical code history
HMIS-CODELINE-JH-218,HMIS-RPTSCHEMA-JHARKHAND-20260901-001,HMIS-RPTCOL-JH-0254,HMIS-DE-0082,M10,10.1.14,10.1.14,Existing observed code,2026-09-01,Retain as schema-specific occurrence; do not overwrite canonical code history
HMIS-CODELINE-JH-219,HMIS-RPTSCHEMA-JHARKHAND-20260901-001,HMIS-RPTCOL-JH-0255,HMIS-DE-0083,M10,10.1.15,10.1.15,Existing observed code,2026-09-01,Retain as schema-specific occurrence; do not overwrite canonical code history
HMIS-CODELINE-JH-220,HMIS-RPTSCHEMA-JHARKHAND-20260901-001,HMIS-RPTCOL-JH-0256,HMIS-DE-0087,M10,10.2.1,10.2.1,Existing observed code,2026-09-01,Retain as schema-specific occurrence; do not overwrite canonical code history
HMIS-CODELINE-JH-221,HMIS-RPTSCHEMA-JHARKHAND-20260901-001,HMIS-RPTCOL-JH-0257,HMIS-DE-0086,M10,10.2.2,10.2.2,Existing observed code,2026-09-01,Retain as schema-specific occurrence; do not overwrite canonical code history
HMIS-CODELINE-JH-222,HMIS-RPTSCHEMA-JHARKHAND-20260901-001,HMIS-RPTCOL-JH-0258,HMIS-DE-0085,M10,10.2.3,10.2.3,Existing observed code,2026-09-01,Retain as schema-specific occurrence; do not overwrite canonical code history
HMIS-CODELINE-JH-223,HMIS-RPTSCHEMA-JHARKHAND-20260901-001,HMIS-RPTCOL-JH-0259,HMIS-DE-0625,M11,11.1.1.a,11.1.1.a,Existing observed code,2026-09-01,Retain as schema-specific occurrence; do not overwrite canonical code history
HMIS-CODELINE-JH-224,HMIS-RPTSCHEMA-JHARKHAND-20260901-001,HMIS-RPTCOL-JH-0260,HMIS-DE-0224,M11,11.1.1.b,11.1.1.b,Existing observed code,2026-09-01,Retain as schema-specific occurrence; do not overwrite canonical code history
HMIS-CODELINE-JH-225,HMIS-RPTSCHEMA-JHARKHAND-20260901-001,HMIS-RPTCOL-JH-0261,HMIS-DE-0223,M11,11.1.1.c,11.1.1.c,Existing observed code,2026-09-01,Retain as schema-specific occurrence; do not overwrite canonical code history
HMIS-CODELINE-JH-226,HMIS-RPTSCHEMA-JHARKHAND-20260901-001,HMIS-RPTCOL-JH-0262,HMIS-DE-0222,M11,11.1.1.d,11.1.1.d,Existing observed code,2026-09-01,Retain as schema-specific occurrence; do not overwrite canonical code history
HMIS-CODELINE-JH-227,HMIS-RPTSCHEMA-JHARKHAND-20260901-001,HMIS-RPTCOL-JH-0263,HMIS-DE-0612,M11,11.1.2.a,10.1.1.a; 11.1.2.a,Existing observed code,2026-09-01,Retain as schema-specific occurrence; do not overwrite canonical code history
HMIS-CODELINE-JH-228,HMIS-RPTSCHEMA-JHARKHAND-20260901-001,HMIS-RPTCOL-JH-0264,HMIS-DE-0227,M11,11.1.2.b,10.1.1.b; 11.1.2.b,Existing observed code,2026-09-01,Retain as schema-specific occurrence; do not overwrite canonical code history
HMIS-CODELINE-JH-229,HMIS-RPTSCHEMA-JHARKHAND-20260901-001,HMIS-RPTCOL-JH-0265,HMIS-DE-0226,M11,11.1.2.c,10.1.1.c; 11.1.2.c,Existing observed code,2026-09-01,Retain as schema-specific occurrence; do not overwrite canonical code history
HMIS-CODELINE-JH-230,HMIS-RPTSCHEMA-JHARKHAND-20260901-001,HMIS-RPTCOL-JH-0266,HMIS-DE-0225,M11,11.1.2.d,10.1.1.d; 11.1.2.d,Existing observed code,2026-09-01,Retain as schema-specific occurrence; do not overwrite canonical code history
HMIS-CODELINE-JH-231,HMIS-RPTSCHEMA-JHARKHAND-20260901-001,HMIS-RPTCOL-JH-0267,HMIS-DE-0212,M11,11.2.1,11.2.1,Existing observed code,2026-09-01,Retain as schema-specific occurrence; do not overwrite canonical code history
HMIS-CODELINE-JH-232,HMIS-RPTSCHEMA-JHARKHAND-20260901-001,HMIS-RPTCOL-JH-0268,HMIS-DE-0213,M11,11.2.2,11.2.2,Existing observed code,2026-09-01,Retain as schema-specific occurrence; do not overwrite canonical code history
HMIS-CODELINE-JH-233,HMIS-RPTSCHEMA-JHARKHAND-20260901-001,HMIS-RPTCOL-JH-0269,HMIS-DE-0106,M11,11.3.1,11.3.1,Existing observed code,2026-09-01,Retain as schema-specific occurrence; do not overwrite canonical code history
HMIS-CODELINE-JH-234,HMIS-RPTSCHEMA-JHARKHAND-20260901-001,HMIS-RPTCOL-JH-0270,HMIS-DE-0107,M11,11.3.2,11.3.2,Existing observed code,2026-09-01,Retain as schema-specific occurrence; do not overwrite canonical code history
HMIS-CODELINE-JH-235,HMIS-RPTSCHEMA-JHARKHAND-20260901-001,HMIS-RPTCOL-JH-0271,HMIS-DE-0030,M11,11.3.3,11.3.3,Existing observed code,2026-09-01,Retain as schema-specific occurrence; do not overwrite canonical code history
HMIS-CODELINE-JH-236,HMIS-RPTSCHEMA-JHARKHAND-20260901-001,HMIS-RPTCOL-JH-0272,HMIS-DE-0031,M11,11.3.4,11.3.4,Existing observed code,2026-09-01,Retain as schema-specific occurrence; do not overwrite canonical code history
HMIS-CODELINE-JH-237,HMIS-RPTSCHEMA-JHARKHAND-20260901-001,HMIS-RPTCOL-JH-0273,HMIS-DE-0252,M11,11.4.1,11.4.1,Existing observed code,2026-09-01,Retain as schema-specific occurrence; do not overwrite canonical code history
HMIS-CODELINE-JH-238,HMIS-RPTSCHEMA-JHARKHAND-20260901-001,HMIS-RPTCOL-JH-0274,HMIS-DE-0260,M11,11.4.2,11.4.2,Existing observed code,2026-09-01,Retain as schema-specific occurrence; do not overwrite canonical code history
HMIS-CODELINE-JH-239,HMIS-RPTSCHEMA-JHARKHAND-20260901-001,HMIS-RPTCOL-JH-0275,HMIS-DE-0449,M11,11.5.1,11.5.1,Existing observed code,2026-09-01,Retain as schema-specific occurrence; do not overwrite canonical code history
HMIS-CODELINE-JH-240,HMIS-RPTSCHEMA-JHARKHAND-20260901-001,HMIS-RPTCOL-JH-0276,HMIS-DE-0400,M11,11.5.2,11.5.2,Existing observed code,2026-09-01,Retain as schema-specific occurrence; do not overwrite canonical code history
HMIS-CODELINE-JH-241,HMIS-RPTSCHEMA-JHARKHAND-20260901-001,HMIS-RPTCOL-JH-0277,HMIS-DE-0372,M11,11.5.3,11.5.3,Existing observed code,2026-09-01,Retain as schema-specific occurrence; do not overwrite canonical code history
HMIS-CODELINE-JH-242,HMIS-RPTSCHEMA-JHARKHAND-20260901-001,HMIS-RPTCOL-JH-0278,HMIS-DE-0139,M12,12.1.1.a,12.1.1.a,Existing observed code,2026-09-01,Retain as schema-specific occurrence; do not overwrite canonical code history
HMIS-CODELINE-JH-243,HMIS-RPTSCHEMA-JHARKHAND-20260901-001,HMIS-RPTCOL-JH-0279,HMIS-DE-0028,M12,12.1.1.b,12.1.1.b,Existing observed code,2026-09-01,Retain as schema-specific occurrence; do not overwrite canonical code history
HMIS-CODELINE-JH-244,HMIS-RPTSCHEMA-JHARKHAND-20260901-001,HMIS-RPTCOL-JH-0280,HMIS-DE-0543,M12,12.1.2.a,12.1.2.a,Existing observed code,2026-09-01,Retain as schema-specific occurrence; do not overwrite canonical code history
HMIS-CODELINE-JH-245,HMIS-RPTSCHEMA-JHARKHAND-20260901-001,HMIS-RPTCOL-JH-0281,HMIS-DE-0541,M12,12.1.2.b,12.1.2.b,Existing observed code,2026-09-01,Retain as schema-specific occurrence; do not overwrite canonical code history
HMIS-CODELINE-JH-246,HMIS-RPTSCHEMA-JHARKHAND-20260901-001,HMIS-RPTCOL-JH-0282,HMIS-DE-0544,M12,12.1.3.a,12.1.3.a,Existing observed code,2026-09-01,Retain as schema-specific occurrence; do not overwrite canonical code history
HMIS-CODELINE-JH-247,HMIS-RPTSCHEMA-JHARKHAND-20260901-001,HMIS-RPTCOL-JH-0283,HMIS-DE-0542,M12,12.1.3.b,12.1.3.b,Existing observed code,2026-09-01,Retain as schema-specific occurrence; do not overwrite canonical code history
HMIS-CODELINE-JH-248,HMIS-RPTSCHEMA-JHARKHAND-20260901-001,HMIS-RPTCOL-JH-0284,HMIS-DE-0278,M12,12.3.1,11.1.1; 12.2.1,New report-schema code occurrence,2026-09-01,Retain as schema-specific occurrence; do not overwrite canonical code history
HMIS-CODELINE-JH-249,HMIS-RPTSCHEMA-JHARKHAND-20260901-001,HMIS-RPTCOL-JH-0285,HMIS-DE-0508,M12,12.3.2,11.1.2; 12.2.2,New report-schema code occurrence,2026-09-01,Retain as schema-specific occurrence; do not overwrite canonical code history
HMIS-CODELINE-JH-250,HMIS-RPTSCHEMA-JHARKHAND-20260901-001,HMIS-RPTCOL-JH-0286,HMIS-DE-0277,M12,12.3.3,11.1.3; 12.2.3,New report-schema code occurrence,2026-09-01,Retain as schema-specific occurrence; do not overwrite canonical code history
HMIS-CODELINE-JH-251,HMIS-RPTSCHEMA-JHARKHAND-20260901-001,HMIS-RPTCOL-JH-0287,HMIS-DE-0279,M12,12.3.4,11.1.4; 12.2.4,New report-schema code occurrence,2026-09-01,Retain as schema-specific occurrence; do not overwrite canonical code history
HMIS-CODELINE-JH-252,HMIS-RPTSCHEMA-JHARKHAND-20260901-001,HMIS-RPTCOL-JH-0288,HMIS-DE-0447,M12,12.4.1,11.2.1,New report-schema code occurrence,2026-09-01,Retain as schema-specific occurrence; do not overwrite canonical code history
HMIS-CODELINE-JH-253,HMIS-RPTSCHEMA-JHARKHAND-20260901-001,HMIS-RPTCOL-JH-0289,HMIS-DE-0572,M12,12.4.2,11.2.2; 12.3.2,New report-schema code occurrence,2026-09-01,Retain as schema-specific occurrence; do not overwrite canonical code history
HMIS-CODELINE-JH-254,HMIS-RPTSCHEMA-JHARKHAND-20260901-001,HMIS-RPTCOL-JH-0290,HMIS-DE-0280,M12,12.4.3,11.2.3; 12.3.1; 12.3.3,New report-schema code occurrence,2026-09-01,Retain as schema-specific occurrence; do not overwrite canonical code history
HMIS-CODELINE-JH-255,HMIS-RPTSCHEMA-JHARKHAND-20260901-001,HMIS-RPTCOL-JH-0291,HMIS-DE-0276,M12,12.4.4,11.2.4; 12.3.4,New report-schema code occurrence,2026-09-01,Retain as schema-specific occurrence; do not overwrite canonical code history
HMIS-CODELINE-JH-256,HMIS-RPTSCHEMA-JHARKHAND-20260901-001,HMIS-RPTCOL-JH-0292,HMIS-DE-0291,M13,13.1,13.1,Existing observed code,2026-09-01,Retain as schema-specific occurrence; do not overwrite canonical code history
HMIS-CODELINE-JH-257,HMIS-RPTSCHEMA-JHARKHAND-20260901-001,HMIS-RPTCOL-JH-0293,HMIS-DE-0533,M13,13.2,13.2,Existing observed code,2026-09-01,Retain as schema-specific occurrence; do not overwrite canonical code history
HMIS-CODELINE-JH-258,HMIS-RPTSCHEMA-JHARKHAND-20260901-001,HMIS-RPTCOL-JH-0294,HMIS-DE-0292,M13,13.3,13.3,Existing observed code,2026-09-01,Retain as schema-specific occurrence; do not overwrite canonical code history
HMIS-CODELINE-JH-259,HMIS-RPTSCHEMA-JHARKHAND-20260901-001,HMIS-RPTCOL-JH-0295,HMIS-DE-0622,M13,13.4,13.4,Existing observed code,2026-09-01,Retain as schema-specific occurrence; do not overwrite canonical code history
HMIS-CODELINE-JH-260,HMIS-RPTSCHEMA-JHARKHAND-20260901-001,HMIS-RPTCOL-JH-0296,HMIS-DE-0670,M14,14.1.1.a,12.1.1.a; 13.1.1.a; 14.1.1.a,Existing observed code,2026-09-01,Retain as schema-specific occurrence; do not overwrite canonical code history
HMIS-CODELINE-JH-261,HMIS-RPTSCHEMA-JHARKHAND-20260901-001,HMIS-RPTCOL-JH-0297,HMIS-DE-0137,M14,14.1.1.b,12.1.1.b; 13.1.1.b; 14.1.1.b,Existing observed code,2026-09-01,Retain as schema-specific occurrence; do not overwrite canonical code history
HMIS-CODELINE-JH-262,HMIS-RPTSCHEMA-JHARKHAND-20260901-001,HMIS-RPTCOL-JH-0298,HMIS-DE-0362,M14,14.1.1.c,12.1.1.c; 13.1.1.c,New report-schema code occurrence,2026-09-01,Retain as schema-specific occurrence; do not overwrite canonical code history
HMIS-CODELINE-JH-263,HMIS-RPTSCHEMA-JHARKHAND-20260901-001,HMIS-RPTCOL-JH-0299,HMIS-DE-0361,M14,14.1.1.d,12.1.1.d; 13.1.1.d; 14.1.1.c,New report-schema code occurrence,2026-09-01,Retain as schema-specific occurrence; do not overwrite canonical code history
HMIS-CODELINE-JH-264,HMIS-RPTSCHEMA-JHARKHAND-20260901-001,HMIS-RPTCOL-JH-0300,HMIS-DE-0360,M14,14.1.1.e,12.1.1.e; 13.1.1.e; 14.1.1.d,New report-schema code occurrence,2026-09-01,Retain as schema-specific occurrence; do not overwrite canonical code history
HMIS-CODELINE-JH-265,HMIS-RPTSCHEMA-JHARKHAND-20260901-001,HMIS-RPTCOL-JH-0301,HMIS-DE-0359,M14,14.1.1.f,12.1.1.f; 13.1.1.f; 14.1.1.e,New report-schema code occurrence,2026-09-01,Retain as schema-specific occurrence; do not overwrite canonical code history
HMIS-CODELINE-JH-266,HMIS-RPTSCHEMA-JHARKHAND-20260901-001,HMIS-RPTCOL-JH-0302,HMIS-DE-0368,M14,14.1.1.g,12.1.1.g; 13.1.1.g; 14.1.1.f,New report-schema code occurrence,2026-09-01,Retain as schema-specific occurrence; do not overwrite canonical code history
HMIS-CODELINE-JH-267,HMIS-RPTSCHEMA-JHARKHAND-20260901-001,HMIS-RPTCOL-JH-0303,HMIS-DE-0353,M14,14.1.1.h,12.1.1.h; 13.1.1.h,New report-schema code occurrence,2026-09-01,Retain as schema-specific occurrence; do not overwrite canonical code history
HMIS-CODELINE-JH-268,HMIS-RPTSCHEMA-JHARKHAND-20260901-001,HMIS-RPTCOL-JH-0304,HMIS-DE-0524,M14,14.1.1.i,12.1.1.i; 13.1.1.i,New report-schema code occurrence,2026-09-01,Retain as schema-specific occurrence; do not overwrite canonical code history
HMIS-CODELINE-JH-269,HMIS-RPTSCHEMA-JHARKHAND-20260901-001,HMIS-RPTCOL-JH-0305,HMIS-DE-0357,M14,14.1.1.j,12.1.1.j; 13.1.1.j,New report-schema code occurrence,2026-09-01,Retain as schema-specific occurrence; do not overwrite canonical code history
HMIS-CODELINE-JH-270,HMIS-RPTSCHEMA-JHARKHAND-20260901-001,HMIS-RPTCOL-JH-0306,HMIS-DE-0446,M14,14.1.2.a,13.1.2.a; 14.1.2.a,Existing observed code,2026-09-01,Retain as schema-specific occurrence; do not overwrite canonical code history
HMIS-CODELINE-JH-271,HMIS-RPTSCHEMA-JHARKHAND-20260901-001,HMIS-RPTCOL-JH-0307,HMIS-DE-0445,M14,14.1.2.b,12.1.2.a; 13.1.2.b; 14.1.2.b,Existing observed code,2026-09-01,Retain as schema-specific occurrence; do not overwrite canonical code history
HMIS-CODELINE-JH-272,HMIS-RPTSCHEMA-JHARKHAND-20260901-001,HMIS-RPTCOL-JH-0308,HMIS-DE-0523,M14,14.1.2.c,13.1.2.c,New report-schema code occurrence,2026-09-01,Retain as schema-specific occurrence; do not overwrite canonical code history
HMIS-CODELINE-JH-273,HMIS-RPTSCHEMA-JHARKHAND-20260901-001,HMIS-RPTCOL-JH-0309,HMIS-DE-0525,M14,14.1.2.d,12.1.2.b; 13.1.2.d,New report-schema code occurrence,2026-09-01,Retain as schema-specific occurrence; do not overwrite canonical code history
HMIS-CODELINE-JH-274,HMIS-RPTSCHEMA-JHARKHAND-20260901-001,HMIS-RPTCOL-JH-0310,HMIS-DE-0301,M14,14.1.2.e,12.1.2.c; 13.1.2.e; 14.1.2.b; 14.1.2.c,New report-schema code occurrence,2026-09-01,Retain as schema-specific occurrence; do not overwrite canonical code history
HMIS-CODELINE-JH-275,HMIS-RPTSCHEMA-JHARKHAND-20260901-001,HMIS-RPTCOL-JH-0311,HMIS-DE-0669,M14,14.1.3.a,12.1.3.a; 13.1.3.a; 14.1.3.a,Existing observed code,2026-09-01,Retain as schema-specific occurrence; do not overwrite canonical code history
HMIS-CODELINE-JH-276,HMIS-RPTSCHEMA-JHARKHAND-20260901-001,HMIS-RPTCOL-JH-0312,HMIS-DE-0642,M14,14.1.3.b,12.1.3.b; 13.1.3.b; 14.1.3.b,Existing observed code,2026-09-01,Retain as schema-specific occurrence; do not overwrite canonical code history
HMIS-CODELINE-JH-277,HMIS-RPTSCHEMA-JHARKHAND-20260901-001,HMIS-RPTCOL-JH-0313,HMIS-DE-0486,M14,14.1.4,12.1.4; 13.1.3.c,New report-schema code occurrence,2026-09-01,Retain as schema-specific occurrence; do not overwrite canonical code history
HMIS-CODELINE-JH-278,HMIS-RPTSCHEMA-JHARKHAND-20260901-001,HMIS-RPTCOL-JH-0314,HMIS-DE-0012,M14,14.2.1,12.2.1; 13.2.1; 14.2.1,Existing observed code,2026-09-01,Retain as schema-specific occurrence; do not overwrite canonical code history
HMIS-CODELINE-JH-279,HMIS-RPTSCHEMA-JHARKHAND-20260901-001,HMIS-RPTCOL-JH-0315,HMIS-DE-0539,M14,14.2.1.a,12.2.1.a; 13.2.1.a; 14.2.1.a,Existing observed code,2026-09-01,Retain as schema-specific occurrence; do not overwrite canonical code history
HMIS-CODELINE-JH-280,HMIS-RPTSCHEMA-JHARKHAND-20260901-001,HMIS-RPTCOL-JH-0316,HMIS-DE-0022,M14,14.2.2,12.2.2; 13.2.2; 14.2.2,Existing observed code,2026-09-01,Retain as schema-specific occurrence; do not overwrite canonical code history
HMIS-CODELINE-JH-281,HMIS-RPTSCHEMA-JHARKHAND-20260901-001,HMIS-RPTCOL-JH-0317,HMIS-DE-0540,M14,14.2.2.b,12.2.2.a; 13.2.2.a; 14.2.2.a,New report-schema code occurrence,2026-09-01,Retain as schema-specific occurrence; do not overwrite canonical code history
HMIS-CODELINE-JH-282,HMIS-RPTSCHEMA-JHARKHAND-20260901-001,HMIS-RPTCOL-JH-0318,HMIS-DE-0192,M14,14.3.1.a,13.3.1.a; 14.3.1.a,Existing observed code,2026-09-01,Retain as schema-specific occurrence; do not overwrite canonical code history
HMIS-CODELINE-JH-283,HMIS-RPTSCHEMA-JHARKHAND-20260901-001,HMIS-RPTCOL-JH-0319,HMIS-DE-0191,M14,14.3.1.b,13.3.1.b; 14.3.1.b,Existing observed code,2026-09-01,Retain as schema-specific occurrence; do not overwrite canonical code history
HMIS-CODELINE-JH-284,HMIS-RPTSCHEMA-JHARKHAND-20260901-001,HMIS-RPTCOL-JH-0320,HMIS-DE-0189,M14,14.3.1.c,13.3.1.c; 14.3.1.c,Existing observed code,2026-09-01,Retain as schema-specific occurrence; do not overwrite canonical code history
HMIS-CODELINE-JH-285,HMIS-RPTSCHEMA-JHARKHAND-20260901-001,HMIS-RPTCOL-JH-0321,HMIS-DE-0188,M14,14.3.1.d,13.3.1.d; 14.3.1.d,Existing observed code,2026-09-01,Retain as schema-specific occurrence; do not overwrite canonical code history
HMIS-CODELINE-JH-286,HMIS-RPTSCHEMA-JHARKHAND-20260901-001,HMIS-RPTCOL-JH-0322,HMIS-DE-0190,M14,14.3.1.e,13.3.1.e; 14.3.1.e,Existing observed code,2026-09-01,Retain as schema-specific occurrence; do not overwrite canonical code history
HMIS-CODELINE-JH-287,HMIS-RPTSCHEMA-JHARKHAND-20260901-001,HMIS-RPTCOL-JH-0323,HMIS-DE-0204,M14,14.3.2.a,13.3.2.a; 14.3.2.a,Existing observed code,2026-09-01,Retain as schema-specific occurrence; do not overwrite canonical code history
HMIS-CODELINE-JH-288,HMIS-RPTSCHEMA-JHARKHAND-20260901-001,HMIS-RPTCOL-JH-0324,HMIS-DE-0203,M14,14.3.2.b,13.3.2.b; 14.3.2.b,Existing observed code,2026-09-01,Retain as schema-specific occurrence; do not overwrite canonical code history
HMIS-CODELINE-JH-289,HMIS-RPTSCHEMA-JHARKHAND-20260901-001,HMIS-RPTCOL-JH-0325,HMIS-DE-0201,M14,14.3.2.c,13.3.2.c; 14.3.2.c,Existing observed code,2026-09-01,Retain as schema-specific occurrence; do not overwrite canonical code history
HMIS-CODELINE-JH-290,HMIS-RPTSCHEMA-JHARKHAND-20260901-001,HMIS-RPTCOL-JH-0326,HMIS-DE-0200,M14,14.3.2.d,13.3.2.d; 14.3.2.d,Existing observed code,2026-09-01,Retain as schema-specific occurrence; do not overwrite canonical code history
HMIS-CODELINE-JH-291,HMIS-RPTSCHEMA-JHARKHAND-20260901-001,HMIS-RPTCOL-JH-0327,HMIS-DE-0202,M14,14.3.2.e,13.3.2.e; 14.3.2.e,Existing observed code,2026-09-01,Retain as schema-specific occurrence; do not overwrite canonical code history
HMIS-CODELINE-JH-292,HMIS-RPTSCHEMA-JHARKHAND-20260901-001,HMIS-RPTCOL-JH-0328,HMIS-DE-0209,M14,14.3.3.a,13.3.3.a; 14.3.3.a,Existing observed code,2026-09-01,Retain as schema-specific occurrence; do not overwrite canonical code history
HMIS-CODELINE-JH-293,HMIS-RPTSCHEMA-JHARKHAND-20260901-001,HMIS-RPTCOL-JH-0329,HMIS-DE-0208,M14,14.3.3.b,13.3.3.b; 14.3.3.b,Existing observed code,2026-09-01,Retain as schema-specific occurrence; do not overwrite canonical code history
HMIS-CODELINE-JH-294,HMIS-RPTSCHEMA-JHARKHAND-20260901-001,HMIS-RPTCOL-JH-0330,HMIS-DE-0206,M14,14.3.3.c,13.3.3.c; 14.3.3.c,Existing observed code,2026-09-01,Retain as schema-specific occurrence; do not overwrite canonical code history
HMIS-CODELINE-JH-295,HMIS-RPTSCHEMA-JHARKHAND-20260901-001,HMIS-RPTCOL-JH-0331,HMIS-DE-0205,M14,14.3.3.d,13.3.3.d; 14.3.3.d,Existing observed code,2026-09-01,Retain as schema-specific occurrence; do not overwrite canonical code history
HMIS-CODELINE-JH-296,HMIS-RPTSCHEMA-JHARKHAND-20260901-001,HMIS-RPTCOL-JH-0332,HMIS-DE-0207,M14,14.3.3.e,13.3.3.e; 14.3.3.e,Existing observed code,2026-09-01,Retain as schema-specific occurrence; do not overwrite canonical code history
HMIS-CODELINE-JH-297,HMIS-RPTSCHEMA-JHARKHAND-20260901-001,HMIS-RPTCOL-JH-0333,HMIS-DE-0198,M14,14.3.4.a,13.3.4.a; 14.3.4.a,Existing observed code,2026-09-01,Retain as schema-specific occurrence; do not overwrite canonical code history
HMIS-CODELINE-JH-298,HMIS-RPTSCHEMA-JHARKHAND-20260901-001,HMIS-RPTCOL-JH-0334,HMIS-DE-0197,M14,14.3.4.b,13.3.4.b; 14.3.4.b,Existing observed code,2026-09-01,Retain as schema-specific occurrence; do not overwrite canonical code history
HMIS-CODELINE-JH-299,HMIS-RPTSCHEMA-JHARKHAND-20260901-001,HMIS-RPTCOL-JH-0335,HMIS-DE-0195,M14,14.3.4.c,13.3.4.c; 14.3.4.c,Existing observed code,2026-09-01,Retain as schema-specific occurrence; do not overwrite canonical code history
HMIS-CODELINE-JH-300,HMIS-RPTSCHEMA-JHARKHAND-20260901-001,HMIS-RPTCOL-JH-0336,HMIS-DE-0194,M14,14.3.4.d,13.3.4.d; 14.3.4.d,Existing observed code,2026-09-01,Retain as schema-specific occurrence; do not overwrite canonical code history
HMIS-CODELINE-JH-301,HMIS-RPTSCHEMA-JHARKHAND-20260901-001,HMIS-RPTCOL-JH-0337,HMIS-DE-0196,M14,14.3.4.e,13.3.4.e; 14.3.4.e,Existing observed code,2026-09-01,Retain as schema-specific occurrence; do not overwrite canonical code history
HMIS-CODELINE-JH-302,HMIS-RPTSCHEMA-JHARKHAND-20260901-001,HMIS-RPTCOL-JH-0338,HMIS-DE-0628,M14,14.3.5.a,13.3.5.a; 14.3.5.a,Existing observed code,2026-09-01,Retain as schema-specific occurrence; do not overwrite canonical code history
HMIS-CODELINE-JH-303,HMIS-RPTSCHEMA-JHARKHAND-20260901-001,HMIS-RPTCOL-JH-0339,HMIS-DE-0627,M14,14.3.5.b,13.3.5.b; 14.3.5.b,Existing observed code,2026-09-01,Retain as schema-specific occurrence; do not overwrite canonical code history
HMIS-CODELINE-JH-304,HMIS-RPTSCHEMA-JHARKHAND-20260901-001,HMIS-RPTCOL-JH-0340,HMIS-DE-0098,M14,14.3.6,12.4; 13.3.6; 14.3.6,Existing observed code,2026-09-01,Retain as schema-specific occurrence; do not overwrite canonical code history
HMIS-CODELINE-JH-305,HMIS-RPTSCHEMA-JHARKHAND-20260901-001,HMIS-RPTCOL-JH-0341,HMIS-DE-0521,M14,14.3.7.a,13.3.7.a; 14.3.7.a,Existing observed code,2026-09-01,Retain as schema-specific occurrence; do not overwrite canonical code history
HMIS-CODELINE-JH-306,HMIS-RPTSCHEMA-JHARKHAND-20260901-001,HMIS-RPTCOL-JH-0342,HMIS-DE-0350,M14,14.3.7.b,13.3.7.b; 14.3.7.b,Existing observed code,2026-09-01,Retain as schema-specific occurrence; do not overwrite canonical code history
HMIS-CODELINE-JH-307,HMIS-RPTSCHEMA-JHARKHAND-20260901-001,HMIS-RPTCOL-JH-0343,HMIS-DE-0680,M14,14.3.8,13.3.8; 14.3.8,Existing observed code,2026-09-01,Retain as schema-specific occurrence; do not overwrite canonical code history
HMIS-CODELINE-JH-308,HMIS-RPTSCHEMA-JHARKHAND-20260901-001,HMIS-RPTCOL-JH-0344,HMIS-DE-0689,M14,14.3.9,14.3.9,Existing observed code,2026-09-01,Retain as schema-specific occurrence; do not overwrite canonical code history
HMIS-CODELINE-JH-309,HMIS-RPTSCHEMA-JHARKHAND-20260901-001,HMIS-RPTCOL-JH-0345,HMIS-DE-0690,M14,14.3.10,12.5; 13.3.9; 14.3.10,Existing observed code,2026-09-01,Retain as schema-specific occurrence; do not overwrite canonical code history
HMIS-CODELINE-JH-310,HMIS-RPTSCHEMA-JHARKHAND-20260901-001,HMIS-RPTCOL-JH-0346,HMIS-DE-0176,M14,14.4.1,13.4.1; 14.4.1,Existing observed code,2026-09-01,Retain as schema-specific occurrence; do not overwrite canonical code history
HMIS-CODELINE-JH-311,HMIS-RPTSCHEMA-JHARKHAND-20260901-001,HMIS-RPTCOL-JH-0347,HMIS-DE-0174,M14,14.4.2,13.4.2; 14.4.2,Existing observed code,2026-09-01,Retain as schema-specific occurrence; do not overwrite canonical code history
HMIS-CODELINE-JH-312,HMIS-RPTSCHEMA-JHARKHAND-20260901-001,HMIS-RPTCOL-JH-0348,HMIS-DE-0179,M14,14.4.3,13.4.3; 14.4.3,Existing observed code,2026-09-01,Retain as schema-specific occurrence; do not overwrite canonical code history
HMIS-CODELINE-JH-313,HMIS-RPTSCHEMA-JHARKHAND-20260901-001,HMIS-RPTCOL-JH-0349,HMIS-DE-0173,M14,14.4.4,13.4.4; 14.4.4,Existing observed code,2026-09-01,Retain as schema-specific occurrence; do not overwrite canonical code history
HMIS-CODELINE-JH-314,HMIS-RPTSCHEMA-JHARKHAND-20260901-001,HMIS-RPTCOL-JH-0350,HMIS-DE-0178,M14,14.4.5,13.4.5; 14.4.5,Existing observed code,2026-09-01,Retain as schema-specific occurrence; do not overwrite canonical code history
HMIS-CODELINE-JH-315,HMIS-RPTSCHEMA-JHARKHAND-20260901-001,HMIS-RPTCOL-JH-0351,HMIS-DE-0177,M14,14.4.6,13.4.6; 14.4.6,Existing observed code,2026-09-01,Retain as schema-specific occurrence; do not overwrite canonical code history
HMIS-CODELINE-JH-316,HMIS-RPTSCHEMA-JHARKHAND-20260901-001,HMIS-RPTCOL-JH-0352,HMIS-DE-0175,M14,14.4.7,13.4.7; 14.4.7,Existing observed code,2026-09-01,Retain as schema-specific occurrence; do not overwrite canonical code history
HMIS-CODELINE-JH-317,HMIS-RPTSCHEMA-JHARKHAND-20260901-001,HMIS-RPTCOL-JH-0353,HMIS-DE-0182,M14,14.4.8,14.4.8,Existing observed code,2026-09-01,Retain as schema-specific occurrence; do not overwrite canonical code history
HMIS-CODELINE-JH-318,HMIS-RPTSCHEMA-JHARKHAND-20260901-001,HMIS-RPTCOL-JH-0354,HMIS-DE-0184,M14,14.4.9,14.4.9,Existing observed code,2026-09-01,Retain as schema-specific occurrence; do not overwrite canonical code history
HMIS-CODELINE-JH-319,HMIS-RPTSCHEMA-JHARKHAND-20260901-001,HMIS-RPTCOL-JH-0355,HMIS-DE-0185,M14,14.4.10,13.4.8; 14.4.10,Existing observed code,2026-09-01,Retain as schema-specific occurrence; do not overwrite canonical code history
HMIS-CODELINE-JH-320,HMIS-RPTSCHEMA-JHARKHAND-20260901-001,HMIS-RPTCOL-JH-0356,HMIS-DE-0183,M14,14.4.11,14.4.11,Existing observed code,2026-09-01,Retain as schema-specific occurrence; do not overwrite canonical code history
HMIS-CODELINE-JH-321,HMIS-RPTSCHEMA-JHARKHAND-20260901-001,HMIS-RPTCOL-JH-0357,HMIS-DE-0598,M14,14.5.1,13.5.1; 14.5.1,Existing observed code,2026-09-01,Retain as schema-specific occurrence; do not overwrite canonical code history
HMIS-CODELINE-JH-322,HMIS-RPTSCHEMA-JHARKHAND-20260901-001,HMIS-RPTCOL-JH-0358,HMIS-DE-0255,M14,14.5.2,13.5.2; 14.5.2,Existing observed code,2026-09-01,Retain as schema-specific occurrence; do not overwrite canonical code history
HMIS-CODELINE-JH-323,HMIS-RPTSCHEMA-JHARKHAND-20260901-001,HMIS-RPTCOL-JH-0359,HMIS-DE-0666,M14,14.5.3,12.6.1; 13.5.3; 14.5.3,Existing observed code,2026-09-01,Retain as schema-specific occurrence; do not overwrite canonical code history
HMIS-CODELINE-JH-324,HMIS-RPTSCHEMA-JHARKHAND-20260901-001,HMIS-RPTCOL-JH-0360,HMIS-DE-0667,M14,14.5.4,13.5.4; 14.5.4,Existing observed code,2026-09-01,Retain as schema-specific occurrence; do not overwrite canonical code history
HMIS-CODELINE-JH-325,HMIS-RPTSCHEMA-JHARKHAND-20260901-001,HMIS-RPTCOL-JH-0361,HMIS-DE-0664,M14,14.5.5,12.6.2; 13.5.5; 14.5.5,Existing observed code,2026-09-01,Retain as schema-specific occurrence; do not overwrite canonical code history
HMIS-CODELINE-JH-326,HMIS-RPTSCHEMA-JHARKHAND-20260901-001,HMIS-RPTCOL-JH-0362,HMIS-DE-0127,M14,14.6.1.a,13.6.1.a; 14.6.1.a,Existing observed code,2026-09-01,Retain as schema-specific occurrence; do not overwrite canonical code history
HMIS-CODELINE-JH-327,HMIS-RPTSCHEMA-JHARKHAND-20260901-001,HMIS-RPTCOL-JH-0363,HMIS-DE-0128,M14,14.6.1.b,13.6.1.b; 14.6.1.b,Existing observed code,2026-09-01,Retain as schema-specific occurrence; do not overwrite canonical code history
HMIS-CODELINE-JH-328,HMIS-RPTSCHEMA-JHARKHAND-20260901-001,HMIS-RPTCOL-JH-0364,HMIS-DE-0117,M14,14.6.2.a,13.6.2.a; 14.6.2.a,Existing observed code,2026-09-01,Retain as schema-specific occurrence; do not overwrite canonical code history
HMIS-CODELINE-JH-329,HMIS-RPTSCHEMA-JHARKHAND-20260901-001,HMIS-RPTCOL-JH-0365,HMIS-DE-0118,M14,14.6.2.b,13.6.2.b; 14.6.2.b,Existing observed code,2026-09-01,Retain as schema-specific occurrence; do not overwrite canonical code history
HMIS-CODELINE-JH-330,HMIS-RPTSCHEMA-JHARKHAND-20260901-001,HMIS-RPTCOL-JH-0366,HMIS-DE-0123,M14,14.6.3.a,13.6.3.a; 14.6.3.a,Existing observed code,2026-09-01,Retain as schema-specific occurrence; do not overwrite canonical code history
HMIS-CODELINE-JH-331,HMIS-RPTSCHEMA-JHARKHAND-20260901-001,HMIS-RPTCOL-JH-0367,HMIS-DE-0124,M14,14.6.3.b,13.6.3.b; 14.6.3.b,Existing observed code,2026-09-01,Retain as schema-specific occurrence; do not overwrite canonical code history
HMIS-CODELINE-JH-332,HMIS-RPTSCHEMA-JHARKHAND-20260901-001,HMIS-RPTCOL-JH-0368,HMIS-DE-0125,M14,14.6.4.a,13.6.4.a; 14.6.4.a,Existing observed code,2026-09-01,Retain as schema-specific occurrence; do not overwrite canonical code history
HMIS-CODELINE-JH-333,HMIS-RPTSCHEMA-JHARKHAND-20260901-001,HMIS-RPTCOL-JH-0369,HMIS-DE-0126,M14,14.6.4.b,13.6.4.b; 14.6.4.b,Existing observed code,2026-09-01,Retain as schema-specific occurrence; do not overwrite canonical code history
HMIS-CODELINE-JH-334,HMIS-RPTSCHEMA-JHARKHAND-20260901-001,HMIS-RPTCOL-JH-0370,HMIS-DE-0115,M14,14.6.5.a,13.6.5.a; 14.6.5.a,Existing observed code,2026-09-01,Retain as schema-specific occurrence; do not overwrite canonical code history
HMIS-CODELINE-JH-335,HMIS-RPTSCHEMA-JHARKHAND-20260901-001,HMIS-RPTCOL-JH-0371,HMIS-DE-0116,M14,14.6.5.b,13.6.5.b; 14.6.5.b,Existing observed code,2026-09-01,Retain as schema-specific occurrence; do not overwrite canonical code history
HMIS-CODELINE-JH-336,HMIS-RPTSCHEMA-JHARKHAND-20260901-001,HMIS-RPTCOL-JH-0372,HMIS-DE-0119,M14,14.6.6.a,13.6.6.a; 14.6.6.a,Existing observed code,2026-09-01,Retain as schema-specific occurrence; do not overwrite canonical code history
HMIS-CODELINE-JH-337,HMIS-RPTSCHEMA-JHARKHAND-20260901-001,HMIS-RPTCOL-JH-0373,HMIS-DE-0120,M14,14.6.6.b,13.6.6.b; 14.6.6.b,Existing observed code,2026-09-01,Retain as schema-specific occurrence; do not overwrite canonical code history
HMIS-CODELINE-JH-338,HMIS-RPTSCHEMA-JHARKHAND-20260901-001,HMIS-RPTCOL-JH-0374,HMIS-DE-0121,M14,14.6.7.a,13.6.7.a; 14.6.7.a,Existing observed code,2026-09-01,Retain as schema-specific occurrence; do not overwrite canonical code history
HMIS-CODELINE-JH-339,HMIS-RPTSCHEMA-JHARKHAND-20260901-001,HMIS-RPTCOL-JH-0375,HMIS-DE-0122,M14,14.6.7.b,13.6.7.b; 14.6.7.b,Existing observed code,2026-09-01,Retain as schema-specific occurrence; do not overwrite canonical code history
HMIS-CODELINE-JH-340,HMIS-RPTSCHEMA-JHARKHAND-20260901-001,HMIS-RPTCOL-JH-0376,HMIS-DE-0665,M14,14.7,13.7; 14.7,Existing observed code,2026-09-01,Retain as schema-specific occurrence; do not overwrite canonical code history
HMIS-CODELINE-JH-341,HMIS-RPTSCHEMA-JHARKHAND-20260901-001,HMIS-RPTCOL-JH-0377,HMIS-DE-0678,M14,14.8.1.a,14.8.1.a,Existing observed code,2026-09-01,Retain as schema-specific occurrence; do not overwrite canonical code history
HMIS-CODELINE-JH-342,HMIS-RPTSCHEMA-JHARKHAND-20260901-001,HMIS-RPTCOL-JH-0378,HMIS-DE-0545,M14,14.8.1.b,14.8.1.b,Existing observed code,2026-09-01,Retain as schema-specific occurrence; do not overwrite canonical code history
HMIS-CODELINE-JH-343,HMIS-RPTSCHEMA-JHARKHAND-20260901-001,HMIS-RPTCOL-JH-0379,HMIS-DE-0220,M14,14.8.1.c,14.8.1.c,Existing observed code,2026-09-01,Retain as schema-specific occurrence; do not overwrite canonical code history
HMIS-CODELINE-JH-344,HMIS-RPTSCHEMA-JHARKHAND-20260901-001,HMIS-RPTCOL-JH-0380,HMIS-DE-0262,M14,14.8.1.d,14.8.1.d,Existing observed code,2026-09-01,Retain as schema-specific occurrence; do not overwrite canonical code history
HMIS-CODELINE-JH-345,HMIS-RPTSCHEMA-JHARKHAND-20260901-001,HMIS-RPTCOL-JH-0381,HMIS-DE-0233,M14,14.8.2,13.8; 14.8.2,Existing observed code,2026-09-01,Retain as schema-specific occurrence; do not overwrite canonical code history
HMIS-CODELINE-JH-346,HMIS-RPTSCHEMA-JHARKHAND-20260901-001,HMIS-RPTCOL-JH-0382,HMIS-DE-0451,M14,14.9,14.8.3,New report-schema code occurrence,2026-09-01,Retain as schema-specific occurrence; do not overwrite canonical code history
HMIS-CODELINE-JH-347,HMIS-RPTSCHEMA-JHARKHAND-20260901-001,HMIS-RPTCOL-JH-0383,HMIS-DE-0152,M14,14.10,13.9; 14.9,New report-schema code occurrence,2026-09-01,Retain as schema-specific occurrence; do not overwrite canonical code history
HMIS-CODELINE-JH-348,HMIS-RPTSCHEMA-JHARKHAND-20260901-001,HMIS-RPTCOL-JH-0384,HMIS-DE-0274,M14,14.11.1,13.10.1; 14.10.1,New report-schema code occurrence,2026-09-01,Retain as schema-specific occurrence; do not overwrite canonical code history
HMIS-CODELINE-JH-349,HMIS-RPTSCHEMA-JHARKHAND-20260901-001,HMIS-RPTCOL-JH-0385,HMIS-DE-0520,M14,14.11.2,14.10.1; 14.10.2,New report-schema code occurrence,2026-09-01,Retain as schema-specific occurrence; do not overwrite canonical code history
HMIS-CODELINE-JH-350,HMIS-RPTSCHEMA-JHARKHAND-20260901-001,HMIS-RPTCOL-JH-0386,HMIS-DE-0349,M14,14.12.1,14.11.1,New report-schema code occurrence,2026-09-01,Retain as schema-specific occurrence; do not overwrite canonical code history
HMIS-CODELINE-JH-351,HMIS-RPTSCHEMA-JHARKHAND-20260901-001,HMIS-RPTCOL-JH-0387,HMIS-DE-0433,M14,14.12.2,14.11.2,New report-schema code occurrence,2026-09-01,Retain as schema-specific occurrence; do not overwrite canonical code history
HMIS-CODELINE-JH-352,HMIS-RPTSCHEMA-JHARKHAND-20260901-001,HMIS-RPTCOL-JH-0388,HMIS-DE-0474,M14,14.13.1.a.i,12.7.1.a.i; 13.11.1.a.i; 14.12.1.a.i,New report-schema code occurrence,2026-09-01,Retain as schema-specific occurrence; do not overwrite canonical code history
HMIS-CODELINE-JH-353,HMIS-RPTSCHEMA-JHARKHAND-20260901-001,HMIS-RPTCOL-JH-0391,HMIS-DE-0529,M14,14.13.1.b,12.7.1.b; 13.11.1.b; 14.12.1.b,New report-schema code occurrence,2026-09-01,Retain as schema-specific occurrence; do not overwrite canonical code history
HMIS-CODELINE-JH-354,HMIS-RPTSCHEMA-JHARKHAND-20260901-001,HMIS-RPTCOL-JH-0392,HMIS-DE-0473,M14,14.13.1.c.i,12.7.1.c.i; 13.11.1.c.i; 14.12.1.c.i,New report-schema code occurrence,2026-09-01,Retain as schema-specific occurrence; do not overwrite canonical code history
HMIS-CODELINE-JH-355,HMIS-RPTSCHEMA-JHARKHAND-20260901-001,HMIS-RPTCOL-JH-0395,HMIS-DE-0471,M14,14.13.1.d,12.7.1.d; 13.11.1.d; 14.12.1.d,New report-schema code occurrence,2026-09-01,Retain as schema-specific occurrence; do not overwrite canonical code history
HMIS-CODELINE-JH-356,HMIS-RPTSCHEMA-JHARKHAND-20260901-001,HMIS-RPTCOL-JH-0396,HMIS-DE-0472,M14,14.13.1.e,12.7.1.e; 13.11.1.e; 14.12.1.e,New report-schema code occurrence,2026-09-01,Retain as schema-specific occurrence; do not overwrite canonical code history
HMIS-CODELINE-JH-357,HMIS-RPTSCHEMA-JHARKHAND-20260901-001,HMIS-RPTCOL-JH-0397,HMIS-DE-0450,M14,14.13.1.f,12.7.1.f; 13.11.1.f; 14.12.1.f,New report-schema code occurrence,2026-09-01,Retain as schema-specific occurrence; do not overwrite canonical code history
HMIS-CODELINE-JH-358,HMIS-RPTSCHEMA-JHARKHAND-20260901-001,HMIS-RPTCOL-JH-0398,HMIS-DE-0387,M14,14.13.2.a,12.7.2.a; 13.11.2.a; 14.12.2.a,New report-schema code occurrence,2026-09-01,Retain as schema-specific occurrence; do not overwrite canonical code history
HMIS-CODELINE-JH-359,HMIS-RPTSCHEMA-JHARKHAND-20260901-001,HMIS-RPTCOL-JH-0399,HMIS-DE-0512,M14,14.13.2.b,12.7.2.b; 13.11.2.b; 14.12.2.b,New report-schema code occurrence,2026-09-01,Retain as schema-specific occurrence; do not overwrite canonical code history
HMIS-CODELINE-JH-360,HMIS-RPTSCHEMA-JHARKHAND-20260901-001,HMIS-RPTCOL-JH-0400,HMIS-DE-0510,M14,14.13.2.c,13.11.2.c; 14.12.2.c,New report-schema code occurrence,2026-09-01,Retain as schema-specific occurrence; do not overwrite canonical code history
HMIS-CODELINE-JH-361,HMIS-RPTSCHEMA-JHARKHAND-20260901-001,HMIS-RPTCOL-JH-0401,HMIS-DE-0511,M14,14.13.2.d,12.7.2.c; 13.11.2.d; 14.12.2.d,New report-schema code occurrence,2026-09-01,Retain as schema-specific occurrence; do not overwrite canonical code history
HMIS-CODELINE-JH-362,HMIS-RPTSCHEMA-JHARKHAND-20260901-001,HMIS-RPTCOL-JH-0402,HMIS-DE-0388,M14,14.13.2.e,12.7.2.d; 13.11.2.e; 14.12.2.e,New report-schema code occurrence,2026-09-01,Retain as schema-specific occurrence; do not overwrite canonical code history
HMIS-CODELINE-JH-363,HMIS-RPTSCHEMA-JHARKHAND-20260901-001,HMIS-RPTCOL-JH-0403,HMIS-DE-0513,M14,14.14.1,13.12.1; 14.13.1,New report-schema code occurrence,2026-09-01,Retain as schema-specific occurrence; do not overwrite canonical code history
HMIS-CODELINE-JH-364,HMIS-RPTSCHEMA-JHARKHAND-20260901-001,HMIS-RPTCOL-JH-0404,HMIS-DE-0514,M14,14.14.2,13.12.2; 14.13.2,New report-schema code occurrence,2026-09-01,Retain as schema-specific occurrence; do not overwrite canonical code history
HMIS-CODELINE-JH-365,HMIS-RPTSCHEMA-JHARKHAND-20260901-001,HMIS-RPTCOL-JH-0405,HMIS-DE-0515,M14,14.14.3,13.12.3; 14.13.3,New report-schema code occurrence,2026-09-01,Retain as schema-specific occurrence; do not overwrite canonical code history
HMIS-CODELINE-JH-366,HMIS-RPTSCHEMA-JHARKHAND-20260901-001,HMIS-RPTCOL-JH-0406,HMIS-DE-0323,M14,14.14.4,13.12.4; 14.13.4,New report-schema code occurrence,2026-09-01,Retain as schema-specific occurrence; do not overwrite canonical code history
HMIS-CODELINE-JH-367,HMIS-RPTSCHEMA-JHARKHAND-20260901-001,HMIS-RPTCOL-JH-0407,HMIS-DE-0507,M14,14.14.5,13.12.5; 14.13.5,New report-schema code occurrence,2026-09-01,Retain as schema-specific occurrence; do not overwrite canonical code history
HMIS-CODELINE-JH-368,HMIS-RPTSCHEMA-JHARKHAND-20260901-001,HMIS-RPTCOL-JH-0408,HMIS-DE-0275,M14,14.14.6,13.12.6; 14.13.6,New report-schema code occurrence,2026-09-01,Retain as schema-specific occurrence; do not overwrite canonical code history
HMIS-CODELINE-JH-369,HMIS-RPTSCHEMA-JHARKHAND-20260901-001,HMIS-RPTCOL-JH-0409,HMIS-DE-0315,M14,14.14.7,13.12.7; 14.13.7,New report-schema code occurrence,2026-09-01,Retain as schema-specific occurrence; do not overwrite canonical code history
HMIS-CODELINE-JH-370,HMIS-RPTSCHEMA-JHARKHAND-20260901-001,HMIS-RPTCOL-JH-0410,HMIS-DE-0327,M14,14.14.8,13.12.8; 14.13.8,New report-schema code occurrence,2026-09-01,Retain as schema-specific occurrence; do not overwrite canonical code history
HMIS-CODELINE-JH-371,HMIS-RPTSCHEMA-JHARKHAND-20260901-001,HMIS-RPTCOL-JH-0411,HMIS-DE-0516,M14,14.14.9,13.12.9; 14.13.9,New report-schema code occurrence,2026-09-01,Retain as schema-specific occurrence; do not overwrite canonical code history
HMIS-CODELINE-JH-372,HMIS-RPTSCHEMA-JHARKHAND-20260901-001,HMIS-RPTCOL-JH-0412,HMIS-DE-0153,M14,14.14.10,13.12.10; 14.13.10,New report-schema code occurrence,2026-09-01,Retain as schema-specific occurrence; do not overwrite canonical code history
HMIS-CODELINE-JH-373,HMIS-RPTSCHEMA-JHARKHAND-20260901-001,HMIS-RPTCOL-JH-0413,HMIS-DE-0506,M14,14.15.1,13.13.1; 14.14,New report-schema code occurrence,2026-09-01,Retain as schema-specific occurrence; do not overwrite canonical code history
HMIS-CODELINE-JH-374,HMIS-RPTSCHEMA-JHARKHAND-20260901-001,HMIS-RPTCOL-JH-0414,HMIS-DE-0393,M14,14.15.2,12.8; 13.13.2,New report-schema code occurrence,2026-09-01,Retain as schema-specific occurrence; do not overwrite canonical code history
HMIS-CODELINE-JH-375,HMIS-RPTSCHEMA-JHARKHAND-20260901-001,HMIS-RPTCOL-JH-0415,HMIS-DE-0289,M14,14.16,12.9; 13.14; 14.15,New report-schema code occurrence,2026-09-01,Retain as schema-specific occurrence; do not overwrite canonical code history
HMIS-CODELINE-JH-376,HMIS-RPTSCHEMA-JHARKHAND-20260901-001,HMIS-RPTCOL-JH-0416,HMIS-DE-0691,M14,14.17,12.10; 13.15; 14.16,New report-schema code occurrence,2026-09-01,Retain as schema-specific occurrence; do not overwrite canonical code history
HMIS-CODELINE-JH-377,HMIS-RPTSCHEMA-JHARKHAND-20260901-001,HMIS-RPTCOL-JH-0417,HMIS-DE-0686,M14,14.18,12.11; 13.16; 14.17,New report-schema code occurrence,2026-09-01,Retain as schema-specific occurrence; do not overwrite canonical code history
HMIS-CODELINE-JH-378,HMIS-RPTSCHEMA-JHARKHAND-20260901-001,HMIS-RPTCOL-JH-0418,HMIS-DE-0684,M14,14.18.1,12.11.1; 13.16.1; 14.17.1,New report-schema code occurrence,2026-09-01,Retain as schema-specific occurrence; do not overwrite canonical code history
HMIS-CODELINE-JH-379,HMIS-RPTSCHEMA-JHARKHAND-20260901-001,HMIS-RPTCOL-JH-0419,HMIS-DE-0685,M14,14.18.2,14.15; 14.17.2,New report-schema code occurrence,2026-09-01,Retain as schema-specific occurrence; do not overwrite canonical code history
HMIS-CODELINE-JH-380,HMIS-RPTSCHEMA-JHARKHAND-20260901-001,HMIS-RPTCOL-JH-0421,HMIS-DE-0597,M14,14.19,12.12; 13.17; 14.16; 14.18,New report-schema code occurrence,2026-09-01,Retain as schema-specific occurrence; do not overwrite canonical code history
HMIS-CODELINE-JH-381,HMIS-RPTSCHEMA-JHARKHAND-20260901-001,HMIS-RPTCOL-JH-0422,HMIS-DE-0645,M14,14.20.1.a,14.17.1.a,New report-schema code occurrence,2026-09-01,Retain as schema-specific occurrence; do not overwrite canonical code history
HMIS-CODELINE-JH-382,HMIS-RPTSCHEMA-JHARKHAND-20260901-001,HMIS-RPTCOL-JH-0423,HMIS-DE-0646,M14,14.20.1.b,12.13.1.a; 13.18.1.a; 14.17.1.b; 14.19.1.a,New report-schema code occurrence,2026-09-01,Retain as schema-specific occurrence; do not overwrite canonical code history
HMIS-CODELINE-JH-383,HMIS-RPTSCHEMA-JHARKHAND-20260901-001,HMIS-RPTCOL-JH-0424,HMIS-DE-0648,M14,14.20.1.c,13.18.1.b; 14.17.1.c; 14.19.1.b; 14.19.1.c,New report-schema code occurrence,2026-09-01,Retain as schema-specific occurrence; do not overwrite canonical code history
HMIS-CODELINE-JH-384,HMIS-RPTSCHEMA-JHARKHAND-20260901-001,HMIS-RPTCOL-JH-0425,HMIS-DE-0650,M14,14.20.1.d,14.19.1.d,New report-schema code occurrence,2026-09-01,Retain as schema-specific occurrence; do not overwrite canonical code history
HMIS-CODELINE-JH-385,HMIS-RPTSCHEMA-JHARKHAND-20260901-001,HMIS-RPTCOL-JH-0426,HMIS-DE-0651,M14,14.20.2.a,14.17.2.a,New report-schema code occurrence,2026-09-01,Retain as schema-specific occurrence; do not overwrite canonical code history
HMIS-CODELINE-JH-386,HMIS-RPTSCHEMA-JHARKHAND-20260901-001,HMIS-RPTCOL-JH-0427,HMIS-DE-0652,M14,14.20.2.b,12.13.2.a; 13.18.2.a; 14.17.2.b; 14.19.2.a,New report-schema code occurrence,2026-09-01,Retain as schema-specific occurrence; do not overwrite canonical code history
HMIS-CODELINE-JH-387,HMIS-RPTSCHEMA-JHARKHAND-20260901-001,HMIS-RPTCOL-JH-0428,HMIS-DE-0687,M14,14.20.2.b.i,13.18.2.a.i; 14.17.2.b.i; 14.19.2.a.i,New report-schema code occurrence,2026-09-01,Retain as schema-specific occurrence; do not overwrite canonical code history
HMIS-CODELINE-JH-388,HMIS-RPTSCHEMA-JHARKHAND-20260901-001,HMIS-RPTCOL-JH-0431,HMIS-DE-0653,M14,14.20.2.c,12.13.2.b; 13.18.2.b; 14.17.2.c; 14.19.2.b; 14.19.2.c,New report-schema code occurrence,2026-09-01,Retain as schema-specific occurrence; do not overwrite canonical code history
HMIS-CODELINE-JH-389,HMIS-RPTSCHEMA-JHARKHAND-20260901-001,HMIS-RPTCOL-JH-0432,HMIS-DE-0688,M14,14.20.2.c.i,13.18.2.b.i; 14.17.2.c.i; 14.19.2.b.i; 14.19.2.c.i,New report-schema code occurrence,2026-09-01,Retain as schema-specific occurrence; do not overwrite canonical code history
HMIS-CODELINE-JH-390,HMIS-RPTSCHEMA-JHARKHAND-20260901-001,HMIS-RPTCOL-JH-0436,HMIS-DE-0654,M14,14.20.2.d,14.17.2.d; 14.19.2.d,New report-schema code occurrence,2026-09-01,Retain as schema-specific occurrence; do not overwrite canonical code history
HMIS-CODELINE-JH-391,HMIS-RPTSCHEMA-JHARKHAND-20260901-001,HMIS-RPTCOL-JH-0437,HMIS-DE-0477,M14,14.20.3.a,12.13.3.a; 13.18.3.a; 14.17.3.a; 14.19.3.a,New report-schema code occurrence,2026-09-01,Retain as schema-specific occurrence; do not overwrite canonical code history
HMIS-CODELINE-JH-392,HMIS-RPTSCHEMA-JHARKHAND-20260901-001,HMIS-RPTCOL-JH-0438,HMIS-DE-0481,M14,14.20.3.b,13.18.3.b; 14.17.3.b; 14.19.3.b,New report-schema code occurrence,2026-09-01,Retain as schema-specific occurrence; do not overwrite canonical code history
HMIS-CODELINE-JH-393,HMIS-RPTSCHEMA-JHARKHAND-20260901-001,HMIS-RPTCOL-JH-0439,HMIS-DE-0464,M14,14.20.3.c,12.13.3.c; 13.18.3.c; 14.17.3.c; 14.19.3.c,New report-schema code occurrence,2026-09-01,Retain as schema-specific occurrence; do not overwrite canonical code history
HMIS-CODELINE-JH-394,HMIS-RPTSCHEMA-JHARKHAND-20260901-001,HMIS-RPTCOL-JH-0440,HMIS-DE-0463,M14,14.20.3.d,13.18.3.d; 14.17.3.d; 14.19.3.d,New report-schema code occurrence,2026-09-01,Retain as schema-specific occurrence; do not overwrite canonical code history
HMIS-CODELINE-JH-395,HMIS-RPTSCHEMA-JHARKHAND-20260901-001,HMIS-RPTCOL-JH-0441,HMIS-DE-0426,M14,14.20.3.e,12.13.3.d; 13.18.3.e; 14.17.3.e; 14.19.3.e,New report-schema code occurrence,2026-09-01,Retain as schema-specific occurrence; do not overwrite canonical code history
HMIS-CODELINE-JH-396,HMIS-RPTSCHEMA-JHARKHAND-20260901-001,HMIS-RPTCOL-JH-0442,HMIS-DE-0423,M14,14.20.3.f,13.18.3.f; 14.17.3.f; 14.19.3.f,New report-schema code occurrence,2026-09-01,Retain as schema-specific occurrence; do not overwrite canonical code history
HMIS-CODELINE-JH-397,HMIS-RPTSCHEMA-JHARKHAND-20260901-001,HMIS-RPTCOL-JH-0443,HMIS-DE-0676,M15,15.1.1,13.1.1; 14.1.1; 15.1.1,Existing observed code,2026-09-01,Retain as schema-specific occurrence; do not overwrite canonical code history
HMIS-CODELINE-JH-398,HMIS-RPTSCHEMA-JHARKHAND-20260901-001,HMIS-RPTCOL-JH-0444,HMIS-DE-0677,M15,15.1.2,13.1.2; 14.1.2; 15.1.2,Existing observed code,2026-09-01,Retain as schema-specific occurrence; do not overwrite canonical code history
HMIS-CODELINE-JH-399,HMIS-RPTSCHEMA-JHARKHAND-20260901-001,HMIS-RPTCOL-JH-0445,HMIS-DE-0674,M15,15.1.3,14.1.3; 15.1.3,Existing observed code,2026-09-01,Retain as schema-specific occurrence; do not overwrite canonical code history
HMIS-CODELINE-JH-400,HMIS-RPTSCHEMA-JHARKHAND-20260901-001,HMIS-RPTCOL-JH-0446,HMIS-DE-0367,M15,15.2.1,13.2.1; 14.2.1; 15.2.1,Existing observed code,2026-09-01,Retain as schema-specific occurrence; do not overwrite canonical code history
HMIS-CODELINE-JH-401,HMIS-RPTSCHEMA-JHARKHAND-20260901-001,HMIS-RPTCOL-JH-0447,HMIS-DE-0574,M15,15.2.2,13.2.2; 14.2.2; 15.2.2,Existing observed code,2026-09-01,Retain as schema-specific occurrence; do not overwrite canonical code history
HMIS-CODELINE-JH-402,HMIS-RPTSCHEMA-JHARKHAND-20260901-001,HMIS-RPTCOL-JH-0448,HMIS-DE-0403,M15,15.3.1.a,13.3.1.a; 14.3.1.a; 15.3.1.a,Existing observed code,2026-09-01,Retain as schema-specific occurrence; do not overwrite canonical code history
HMIS-CODELINE-JH-403,HMIS-RPTSCHEMA-JHARKHAND-20260901-001,HMIS-RPTCOL-JH-0449,HMIS-DE-0556,M15,15.3.1.b,13.3.1.b; 14.3.1.b; 15.3.1.b,Existing observed code,2026-09-01,Retain as schema-specific occurrence; do not overwrite canonical code history
HMIS-CODELINE-JH-404,HMIS-RPTSCHEMA-JHARKHAND-20260901-001,HMIS-RPTCOL-JH-0450,HMIS-DE-0263,M15,15.3.1.c,13.3.1.c; 14.3.1.c; 15.3.1.c,Existing observed code,2026-09-01,Retain as schema-specific occurrence; do not overwrite canonical code history
HMIS-CODELINE-JH-405,HMIS-RPTSCHEMA-JHARKHAND-20260901-001,HMIS-RPTCOL-JH-0451,HMIS-DE-0555,M15,15.3.1.d,13.3.1.d; 14.3.1.d; 15.3.1.d,Existing observed code,2026-09-01,Retain as schema-specific occurrence; do not overwrite canonical code history
HMIS-CODELINE-JH-406,HMIS-RPTSCHEMA-JHARKHAND-20260901-001,HMIS-RPTCOL-JH-0452,HMIS-DE-0356,M15,15.3.2.a,13.3.2.a; 14.3.2.a; 15.3.2.a,Existing observed code,2026-09-01,Retain as schema-specific occurrence; do not overwrite canonical code history
HMIS-CODELINE-JH-407,HMIS-RPTSCHEMA-JHARKHAND-20260901-001,HMIS-RPTCOL-JH-0453,HMIS-DE-0552,M15,15.3.2.b,13.3.2.b; 14.3.2.b; 15.3.2.b,Existing observed code,2026-09-01,Retain as schema-specific occurrence; do not overwrite canonical code history
HMIS-CODELINE-JH-408,HMIS-RPTSCHEMA-JHARKHAND-20260901-001,HMIS-RPTCOL-JH-0454,HMIS-DE-0256,M15,15.3.2.c,13.3.2.c; 14.3.2.c; 15.3.2.c,Existing observed code,2026-09-01,Retain as schema-specific occurrence; do not overwrite canonical code history
HMIS-CODELINE-JH-409,HMIS-RPTSCHEMA-JHARKHAND-20260901-001,HMIS-RPTCOL-JH-0455,HMIS-DE-0551,M15,15.3.2.d,13.3.2.d; 14.3.2.d; 15.3.2.d,Existing observed code,2026-09-01,Retain as schema-specific occurrence; do not overwrite canonical code history
HMIS-CODELINE-JH-410,HMIS-RPTSCHEMA-JHARKHAND-20260901-001,HMIS-RPTCOL-JH-0456,HMIS-DE-0462,M15,15.3.3.a,13.3.3.a; 14.3.3.a; 15.3.3.a,Existing observed code,2026-09-01,Retain as schema-specific occurrence; do not overwrite canonical code history
HMIS-CODELINE-JH-411,HMIS-RPTSCHEMA-JHARKHAND-20260901-001,HMIS-RPTCOL-JH-0457,HMIS-DE-0558,M15,15.3.3.b,13.3.3.b; 14.3.3.b; 15.3.3.b,Existing observed code,2026-09-01,Retain as schema-specific occurrence; do not overwrite canonical code history
HMIS-CODELINE-JH-412,HMIS-RPTSCHEMA-JHARKHAND-20260901-001,HMIS-RPTCOL-JH-0458,HMIS-DE-0268,M15,15.3.3.c,14.3.3.c; 15.3.3.c,Existing observed code,2026-09-01,Retain as schema-specific occurrence; do not overwrite canonical code history
HMIS-CODELINE-JH-413,HMIS-RPTSCHEMA-JHARKHAND-20260901-001,HMIS-RPTCOL-JH-0459,HMIS-DE-0557,M15,15.3.3.d,13.3.3.d; 14.3.3.d; 15.3.3.d,Existing observed code,2026-09-01,Retain as schema-specific occurrence; do not overwrite canonical code history
HMIS-CODELINE-JH-414,HMIS-RPTSCHEMA-JHARKHAND-20260901-001,HMIS-RPTCOL-JH-0460,HMIS-DE-0351,M15,15.3.3.e,14.3.3.e; 15.3.3.e,Existing observed code,2026-09-01,Retain as schema-specific occurrence; do not overwrite canonical code history
HMIS-CODELINE-JH-415,HMIS-RPTSCHEMA-JHARKHAND-20260901-001,HMIS-RPTCOL-JH-0461,HMIS-DE-0550,M15,15.3.3.f,14.3.3.f; 15.3.3.f,Existing observed code,2026-09-01,Retain as schema-specific occurrence; do not overwrite canonical code history
HMIS-CODELINE-JH-416,HMIS-RPTSCHEMA-JHARKHAND-20260901-001,HMIS-RPTCOL-JH-0462,HMIS-DE-0254,M15,15.3.3.g,15.3.3.g,Existing observed code,2026-09-01,Retain as schema-specific occurrence; do not overwrite canonical code history
HMIS-CODELINE-JH-417,HMIS-RPTSCHEMA-JHARKHAND-20260901-001,HMIS-RPTCOL-JH-0463,HMIS-DE-0549,M15,15.3.3.h,15.3.3.h,Existing observed code,2026-09-01,Retain as schema-specific occurrence; do not overwrite canonical code history
HMIS-CODELINE-JH-418,HMIS-RPTSCHEMA-JHARKHAND-20260901-001,HMIS-RPTCOL-JH-0464,HMIS-DE-0461,M15,15.3.3.i,13.3.3.e; 14.3.3.g; 15.3.3.i,Existing observed code,2026-09-01,Retain as schema-specific occurrence; do not overwrite canonical code history
HMIS-CODELINE-JH-419,HMIS-RPTSCHEMA-JHARKHAND-20260901-001,HMIS-RPTCOL-JH-0465,HMIS-DE-0366,M15,15.3.4.a,13.3.4.a; 14.3.4.a; 15.3.4.a,Existing observed code,2026-09-01,Retain as schema-specific occurrence; do not overwrite canonical code history
HMIS-CODELINE-JH-420,HMIS-RPTSCHEMA-JHARKHAND-20260901-001,HMIS-RPTCOL-JH-0466,HMIS-DE-0554,M15,15.3.4.b,13.3.4.b; 14.3.4.b; 15.3.4.b,Existing observed code,2026-09-01,Retain as schema-specific occurrence; do not overwrite canonical code history
HMIS-CODELINE-JH-421,HMIS-RPTSCHEMA-JHARKHAND-20260901-001,HMIS-RPTCOL-JH-0467,HMIS-DE-0258,M15,15.3.4.c,13.3.4.c; 14.3.4.c,New report-schema code occurrence,2026-09-01,Retain as schema-specific occurrence; do not overwrite canonical code history
HMIS-CODELINE-JH-422,HMIS-RPTSCHEMA-JHARKHAND-20260901-001,HMIS-RPTCOL-JH-0468,HMIS-DE-0553,M15,15.3.4.d,13.3.4.d; 14.3.4.d; 15.3.4.d,Existing observed code,2026-09-01,Retain as schema-specific occurrence; do not overwrite canonical code history
HMIS-CODELINE-JH-423,HMIS-RPTSCHEMA-JHARKHAND-20260901-001,HMIS-RPTCOL-JH-0469,HMIS-DE-0679,M15,15.4.1.a,13.4.1.a; 14.4.1.a; 15.4.1.a,Existing observed code,2026-09-01,Retain as schema-specific occurrence; do not overwrite canonical code history
HMIS-CODELINE-JH-424,HMIS-RPTSCHEMA-JHARKHAND-20260901-001,HMIS-RPTCOL-JH-0470,HMIS-DE-0568,M15,15.4.1.b,13.4.1.b; 14.4.1.b; 15.4.1.b,Existing observed code,2026-09-01,Retain as schema-specific occurrence; do not overwrite canonical code history
HMIS-CODELINE-JH-425,HMIS-RPTSCHEMA-JHARKHAND-20260901-001,HMIS-RPTCOL-JH-0471,HMIS-DE-0570,M15,15.4.1.c,13.4.1.c; 14.4.1.c; 15.4.1.c,Existing observed code,2026-09-01,Retain as schema-specific occurrence; do not overwrite canonical code history
HMIS-CODELINE-JH-426,HMIS-RPTSCHEMA-JHARKHAND-20260901-001,HMIS-RPTCOL-JH-0472,HMIS-DE-0668,M15,15.4.2.a,13.4.2.a; 14.4.2.a; 15.4.2.a,Existing observed code,2026-09-01,Retain as schema-specific occurrence; do not overwrite canonical code history
HMIS-CODELINE-JH-427,HMIS-RPTSCHEMA-JHARKHAND-20260901-001,HMIS-RPTCOL-JH-0473,HMIS-DE-0561,M15,15.4.2.b,13.4.2.b; 14.4.2.b; 15.4.2.b,Existing observed code,2026-09-01,Retain as schema-specific occurrence; do not overwrite canonical code history
HMIS-CODELINE-JH-428,HMIS-RPTSCHEMA-JHARKHAND-20260901-001,HMIS-RPTCOL-JH-0474,HMIS-DE-0562,M15,15.4.2.c,13.4.2.c; 14.4.2.c; 15.4.2.c,Existing observed code,2026-09-01,Retain as schema-specific occurrence; do not overwrite canonical code history
HMIS-CODELINE-JH-429,HMIS-RPTSCHEMA-JHARKHAND-20260901-001,HMIS-RPTCOL-JH-0475,HMIS-DE-0671,M15,15.4.3.a,13.4.3.a; 14.4.3.a; 15.4.3.a,Existing observed code,2026-09-01,Retain as schema-specific occurrence; do not overwrite canonical code history
HMIS-CODELINE-JH-430,HMIS-RPTSCHEMA-JHARKHAND-20260901-001,HMIS-RPTCOL-JH-0476,HMIS-DE-0564,M15,15.4.3.b,13.4.3.b; 14.4.3.b; 15.4.3.b,Existing observed code,2026-09-01,Retain as schema-specific occurrence; do not overwrite canonical code history
HMIS-CODELINE-JH-431,HMIS-RPTSCHEMA-JHARKHAND-20260901-001,HMIS-RPTCOL-JH-0477,HMIS-DE-0566,M15,15.4.3.c,13.4.3.c; 14.4.3.c; 15.4.3.c,Existing observed code,2026-09-01,Retain as schema-specific occurrence; do not overwrite canonical code history
HMIS-CODELINE-JH-432,HMIS-RPTSCHEMA-JHARKHAND-20260901-001,HMIS-RPTCOL-JH-0478,HMIS-DE-0699,M15,15.5.1,14.5.1; 15.5.1,Existing observed code,2026-09-01,Retain as schema-specific occurrence; do not overwrite canonical code history
HMIS-CODELINE-JH-433,HMIS-RPTSCHEMA-JHARKHAND-20260901-001,HMIS-RPTCOL-JH-0479,HMIS-DE-0698,M15,15.5.2,14.5.2; 15.5.2,Existing observed code,2026-09-01,Retain as schema-specific occurrence; do not overwrite canonical code history
HMIS-CODELINE-JH-434,HMIS-RPTSCHEMA-JHARKHAND-20260901-001,HMIS-RPTCOL-JH-0480,HMIS-DE-0700,M15,15.6.1.a.i,14.6.1.a.i; 15.6.1.a.i,Existing observed code,2026-09-01,Retain as schema-specific occurrence; do not overwrite canonical code history
HMIS-CODELINE-JH-435,HMIS-RPTSCHEMA-JHARKHAND-20260901-001,HMIS-RPTCOL-JH-0483,HMIS-DE-0696,M15,15.6.1.b.i,14.6.1.b.i; 15.6.1.b.i,Existing observed code,2026-09-01,Retain as schema-specific occurrence; do not overwrite canonical code history
HMIS-CODELINE-JH-436,HMIS-RPTSCHEMA-JHARKHAND-20260901-001,HMIS-RPTCOL-JH-0485,HMIS-DE-0097,M15,15.6.1.c.i,15.6.1.c.i,Existing observed code,2026-09-01,Retain as schema-specific occurrence; do not overwrite canonical code history
HMIS-CODELINE-JH-437,HMIS-RPTSCHEMA-JHARKHAND-20260901-001,HMIS-RPTCOL-JH-0487,HMIS-DE-0234,M15,15.6.1.d.i,15.6.1.d.i,Existing observed code,2026-09-01,Retain as schema-specific occurrence; do not overwrite canonical code history
HMIS-CODELINE-JH-438,HMIS-RPTSCHEMA-JHARKHAND-20260901-001,HMIS-RPTCOL-JH-0489,HMIS-DE-0113,M15,15.6.1.e.i,14.6.1.c.i; 15.6.1.e.i,Existing observed code,2026-09-01,Retain as schema-specific occurrence; do not overwrite canonical code history
HMIS-CODELINE-JH-439,HMIS-RPTSCHEMA-JHARKHAND-20260901-001,HMIS-RPTCOL-JH-0491,HMIS-DE-0246,M16,16.1.1a,14.1.1.a; 16.1.1.a,New report-schema code occurrence,2026-09-01,Retain as schema-specific occurrence; do not overwrite canonical code history
HMIS-CODELINE-JH-440,HMIS-RPTSCHEMA-JHARKHAND-20260901-001,HMIS-RPTCOL-JH-0492,HMIS-DE-0247,M16,16.1.1.b,14.1.1.b; 15.1.1.b; 16.1.1.b,Existing observed code,2026-09-01,Retain as schema-specific occurrence; do not overwrite canonical code history
HMIS-CODELINE-JH-441,HMIS-RPTSCHEMA-JHARKHAND-20260901-001,HMIS-RPTCOL-JH-0493,HMIS-DE-0244,M16,16.1.2.a,14.1.2.a; 15.1.2.a; 16.1.2.a,Existing observed code,2026-09-01,Retain as schema-specific occurrence; do not overwrite canonical code history
HMIS-CODELINE-JH-442,HMIS-RPTSCHEMA-JHARKHAND-20260901-001,HMIS-RPTCOL-JH-0494,HMIS-DE-0243,M16,16.1.2.b,14.1.2.b; 15.1.2.b; 16.1.2.b,Existing observed code,2026-09-01,Retain as schema-specific occurrence; do not overwrite canonical code history
HMIS-CODELINE-JH-443,HMIS-RPTSCHEMA-JHARKHAND-20260901-001,HMIS-RPTCOL-JH-0495,HMIS-DE-0249,M16,16.1.3.a,14.1.3.a; 15.1.3.a; 16.1.3.a,Existing observed code,2026-09-01,Retain as schema-specific occurrence; do not overwrite canonical code history
HMIS-CODELINE-JH-444,HMIS-RPTSCHEMA-JHARKHAND-20260901-001,HMIS-RPTCOL-JH-0496,HMIS-DE-0248,M16,16.1.3.b,14.1.3.b; 15.1.3.b; 16.1.3.b,Existing observed code,2026-09-01,Retain as schema-specific occurrence; do not overwrite canonical code history
HMIS-CODELINE-JH-445,HMIS-RPTSCHEMA-JHARKHAND-20260901-001,HMIS-RPTCOL-JH-0497,HMIS-DE-0159,M16,16.1.4.a,14.1.4.a; 15.1.4.a; 16.1.4.a,Existing observed code,2026-09-01,Retain as schema-specific occurrence; do not overwrite canonical code history
HMIS-CODELINE-JH-446,HMIS-RPTSCHEMA-JHARKHAND-20260901-001,HMIS-RPTCOL-JH-0498,HMIS-DE-0158,M16,16.1.4.b,14.1.4.b; 15.1.4.b; 16.1.4.b,Existing observed code,2026-09-01,Retain as schema-specific occurrence; do not overwrite canonical code history
HMIS-CODELINE-JH-447,HMIS-RPTSCHEMA-JHARKHAND-20260901-001,HMIS-RPTCOL-JH-0499,HMIS-DE-0242,M16,16.2.1,14.2.1; 15.2.1; 16.2.1,Existing observed code,2026-09-01,Retain as schema-specific occurrence; do not overwrite canonical code history
HMIS-CODELINE-JH-448,HMIS-RPTSCHEMA-JHARKHAND-20260901-001,HMIS-RPTCOL-JH-0500,HMIS-DE-0239,M16,16.2.2,14.2.2; 15.2.2; 16.2.2,Existing observed code,2026-09-01,Retain as schema-specific occurrence; do not overwrite canonical code history
HMIS-CODELINE-JH-449,HMIS-RPTSCHEMA-JHARKHAND-20260901-001,HMIS-RPTCOL-JH-0501,HMIS-DE-0240,M16,16.2.3,14.2.3; 15.2.3; 16.2.3,Existing observed code,2026-09-01,Retain as schema-specific occurrence; do not overwrite canonical code history
HMIS-CODELINE-JH-450,HMIS-RPTSCHEMA-JHARKHAND-20260901-001,HMIS-RPTCOL-JH-0502,HMIS-DE-0241,M16,16.2.4,14.2.4; 15.2.4; 16.2.4,Existing observed code,2026-09-01,Retain as schema-specific occurrence; do not overwrite canonical code history
HMIS-CODELINE-JH-451,HMIS-RPTSCHEMA-JHARKHAND-20260901-001,HMIS-RPTCOL-JH-0503,HMIS-DE-0381,M16,16.3.1,14.3.1; 15.3.1; 16.3.1,Existing observed code,2026-09-01,Retain as schema-specific occurrence; do not overwrite canonical code history
HMIS-CODELINE-JH-452,HMIS-RPTSCHEMA-JHARKHAND-20260901-001,HMIS-RPTCOL-JH-0504,HMIS-DE-0382,M16,16.3.2,14.3.2; 15.3.2; 16.3.2,Existing observed code,2026-09-01,Retain as schema-specific occurrence; do not overwrite canonical code history
HMIS-CODELINE-JH-453,HMIS-RPTSCHEMA-JHARKHAND-20260901-001,HMIS-RPTCOL-JH-0505,HMIS-DE-0383,M16,16.3.3,14.3.3; 15.3.3; 16.3.3,Existing observed code,2026-09-01,Retain as schema-specific occurrence; do not overwrite canonical code history
HMIS-CODELINE-JH-454,HMIS-RPTSCHEMA-JHARKHAND-20260901-001,HMIS-RPTCOL-JH-0506,HMIS-DE-0384,M16,16.3.4,14.3.4; 15.3.4; 16.3.4,Existing observed code,2026-09-01,Retain as schema-specific occurrence; do not overwrite canonical code history
HMIS-CODELINE-JH-455,HMIS-RPTSCHEMA-JHARKHAND-20260901-001,HMIS-RPTCOL-JH-0507,HMIS-DE-0385,M16,16.3.5,14.3.5; 15.3.5; 16.3.5,Existing observed code,2026-09-01,Retain as schema-specific occurrence; do not overwrite canonical code history
HMIS-CODELINE-JH-456,HMIS-RPTSCHEMA-JHARKHAND-20260901-001,HMIS-RPTCOL-JH-0508,HMIS-DE-0307,M16,16.4.1,14.4.1; 15.4.1; 16.4.1,Existing observed code,2026-09-01,Retain as schema-specific occurrence; do not overwrite canonical code history
HMIS-CODELINE-JH-457,HMIS-RPTSCHEMA-JHARKHAND-20260901-001,HMIS-RPTCOL-JH-0509,HMIS-DE-0303,M16,16.4.2,14.4.2; 15.4.2; 16.4.2,Existing observed code,2026-09-01,Retain as schema-specific occurrence; do not overwrite canonical code history
HMIS-CODELINE-JH-458,HMIS-RPTSCHEMA-JHARKHAND-20260901-001,HMIS-RPTCOL-JH-0510,HMIS-DE-0304,M16,16.4.3,14.4.3; 15.4.3; 16.4.3,Existing observed code,2026-09-01,Retain as schema-specific occurrence; do not overwrite canonical code history
HMIS-CODELINE-JH-459,HMIS-RPTSCHEMA-JHARKHAND-20260901-001,HMIS-RPTCOL-JH-0511,HMIS-DE-0305,M16,16.4.4,14.4.4; 15.4.4; 16.4.4,Existing observed code,2026-09-01,Retain as schema-specific occurrence; do not overwrite canonical code history
HMIS-CODELINE-JH-460,HMIS-RPTSCHEMA-JHARKHAND-20260901-001,HMIS-RPTCOL-JH-0512,HMIS-DE-0306,M16,16.4.5,14.4.5; 15.4.5; 16.4.5,Existing observed code,2026-09-01,Retain as schema-specific occurrence; do not overwrite canonical code history
HMIS-CODELINE-JH-461,HMIS-RPTSCHEMA-JHARKHAND-20260901-001,HMIS-RPTCOL-JH-0513,HMIS-DE-0412,M16,16.5.1,14.5.1; 15.5.1; 16.5.1,Existing observed code,2026-09-01,Retain as schema-specific occurrence; do not overwrite canonical code history
HMIS-CODELINE-JH-462,HMIS-RPTSCHEMA-JHARKHAND-20260901-001,HMIS-RPTCOL-JH-0514,HMIS-DE-0415,M16,16.5.2,14.5.2; 15.5.2; 16.5.2,Existing observed code,2026-09-01,Retain as schema-specific occurrence; do not overwrite canonical code history
HMIS-CODELINE-JH-463,HMIS-RPTSCHEMA-JHARKHAND-20260901-001,HMIS-RPTCOL-JH-0515,HMIS-DE-0416,M16,16.5.3,14.5.3; 15.5.3; 16.5.3,Existing observed code,2026-09-01,Retain as schema-specific occurrence; do not overwrite canonical code history
HMIS-CODELINE-JH-464,HMIS-RPTSCHEMA-JHARKHAND-20260901-001,HMIS-RPTCOL-JH-0516,HMIS-DE-0411,M16,16.5.4,14.5.4; 15.5.4; 16.5.4,Existing observed code,2026-09-01,Retain as schema-specific occurrence; do not overwrite canonical code history
HMIS-CODELINE-JH-465,HMIS-RPTSCHEMA-JHARKHAND-20260901-001,HMIS-RPTCOL-JH-0517,HMIS-DE-0413,M16,16.5.5,14.5.5; 15.5.5; 16.5.5,Existing observed code,2026-09-01,Retain as schema-specific occurrence; do not overwrite canonical code history
HMIS-CODELINE-JH-466,HMIS-RPTSCHEMA-JHARKHAND-20260901-001,HMIS-RPTCOL-JH-0518,HMIS-DE-0418,M16,16.5.6,16.5.6,Existing observed code,2026-09-01,Retain as schema-specific occurrence; do not overwrite canonical code history
HMIS-CODELINE-JH-467,HMIS-RPTSCHEMA-JHARKHAND-20260901-001,HMIS-RPTCOL-JH-0519,HMIS-DE-0414,M16,16.5.7,14.5.7; 15.5.7; 16.5.7,Existing observed code,2026-09-01,Retain as schema-specific occurrence; do not overwrite canonical code history
HMIS-CODELINE-JH-468,HMIS-RPTSCHEMA-JHARKHAND-20260901-001,HMIS-RPTCOL-JH-0520,HMIS-DE-0009,M16,16.5.8,14.5.8; 15.5.8; 16.5.8,Existing observed code,2026-09-01,Retain as schema-specific occurrence; do not overwrite canonical code history
HMIS-CODELINE-JH-469,HMIS-RPTSCHEMA-JHARKHAND-20260901-001,HMIS-RPTCOL-JH-0521,HMIS-DE-0591,M16,16.5.8.a,14.5.8.a; 15.5.8.a; 16.5.8.a,Existing observed code,2026-09-01,Retain as schema-specific occurrence; do not overwrite canonical code history
HMIS-CODELINE-JH-470,HMIS-RPTSCHEMA-JHARKHAND-20260901-001,HMIS-RPTCOL-JH-0522,HMIS-DE-0590,M16,16.5.8.b,14.5.8.b; 15.5.8.b; 16.5.8.b,Existing observed code,2026-09-01,Retain as schema-specific occurrence; do not overwrite canonical code history
HMIS-CODELINE-JH-471,HMIS-RPTSCHEMA-JHARKHAND-20260901-001,HMIS-RPTCOL-JH-0523,HMIS-DE-0582,M16,16.5.8.c,14.5.8.c; 15.5.8.c; 16.5.8.c,Existing observed code,2026-09-01,Retain as schema-specific occurrence; do not overwrite canonical code history
HMIS-CODELINE-JH-472,HMIS-RPTSCHEMA-JHARKHAND-20260901-001,HMIS-RPTCOL-JH-0524,HMIS-DE-0583,M16,16.5.8.d,14.5.8.d; 15.5.8.d; 16.5.8.d,Existing observed code,2026-09-01,Retain as schema-specific occurrence; do not overwrite canonical code history
HMIS-CODELINE-JH-473,HMIS-RPTSCHEMA-JHARKHAND-20260901-001,HMIS-RPTCOL-JH-0525,HMIS-DE-0630,M16,16.6,16.6,Existing observed code,2026-09-01,Retain as schema-specific occurrence; do not overwrite canonical code history
HMIS-CODELINE-JH-474,HMIS-RPTSCHEMA-JHARKHAND-20260901-001,HMIS-RPTCOL-JH-0526,HMIS-DE-0336,M16,16.7.1,14.6.1; 15.6.1; 16.7.1,Existing observed code,2026-09-01,Retain as schema-specific occurrence; do not overwrite canonical code history
HMIS-CODELINE-JH-475,HMIS-RPTSCHEMA-JHARKHAND-20260901-001,HMIS-RPTCOL-JH-0527,HMIS-DE-0348,M16,16.7.2,14.6.2; 15.6.2; 16.7.2,Existing observed code,2026-09-01,Retain as schema-specific occurrence; do not overwrite canonical code history
HMIS-CODELINE-JH-476,HMIS-RPTSCHEMA-JHARKHAND-20260901-001,HMIS-RPTCOL-JH-0528,HMIS-DE-0347,M16,16.7.3,14.6.3; 15.6.3; 16.7.3,Existing observed code,2026-09-01,Retain as schema-specific occurrence; do not overwrite canonical code history
HMIS-CODELINE-JH-477,HMIS-RPTSCHEMA-JHARKHAND-20260901-001,HMIS-RPTCOL-JH-0529,HMIS-DE-0346,M16,16.7.4,14.6.4; 15.6.4; 16.7.4,Existing observed code,2026-09-01,Retain as schema-specific occurrence; do not overwrite canonical code history
HMIS-CODELINE-JH-478,HMIS-RPTSCHEMA-JHARKHAND-20260901-001,HMIS-RPTCOL-JH-0530,HMIS-DE-0337,M16,16.7.5,14.6.5; 15.6.5; 16.7.5,Existing observed code,2026-09-01,Retain as schema-specific occurrence; do not overwrite canonical code history
HMIS-CODELINE-JH-479,HMIS-RPTSCHEMA-JHARKHAND-20260901-001,HMIS-RPTCOL-JH-0531,HMIS-DE-0334,M16,16.7.6,14.6.6; 15.6.6; 16.7.6,Existing observed code,2026-09-01,Retain as schema-specific occurrence; do not overwrite canonical code history
HMIS-CODELINE-JH-480,HMIS-RPTSCHEMA-JHARKHAND-20260901-001,HMIS-RPTCOL-JH-0532,HMIS-DE-0344,M16,16.7.7,14.6.7; 15.6.7; 16.7.7,Existing observed code,2026-09-01,Retain as schema-specific occurrence; do not overwrite canonical code history
HMIS-CODELINE-JH-481,HMIS-RPTSCHEMA-JHARKHAND-20260901-001,HMIS-RPTCOL-JH-0533,HMIS-DE-0331,M16,16.7.8,14.6.8; 15.6.8; 16.7.8,Existing observed code,2026-09-01,Retain as schema-specific occurrence; do not overwrite canonical code history
HMIS-CODELINE-JH-482,HMIS-RPTSCHEMA-JHARKHAND-20260901-001,HMIS-RPTCOL-JH-0534,HMIS-DE-0333,M16,16.7.9,14.6.9; 15.6.9; 16.7.9,Existing observed code,2026-09-01,Retain as schema-specific occurrence; do not overwrite canonical code history
HMIS-CODELINE-JH-483,HMIS-RPTSCHEMA-JHARKHAND-20260901-001,HMIS-RPTCOL-JH-0535,HMIS-DE-0340,M16,16.7.10,14.6.10; 15.6.10; 16.7.10,Existing observed code,2026-09-01,Retain as schema-specific occurrence; do not overwrite canonical code history
HMIS-CODELINE-JH-484,HMIS-RPTSCHEMA-JHARKHAND-20260901-001,HMIS-RPTCOL-JH-0536,HMIS-DE-0341,M16,16.7.11,14.6.11; 15.6.11; 16.7.11,Existing observed code,2026-09-01,Retain as schema-specific occurrence; do not overwrite canonical code history
HMIS-CODELINE-JH-485,HMIS-RPTSCHEMA-JHARKHAND-20260901-001,HMIS-RPTCOL-JH-0537,HMIS-DE-0345,M16,16.7.12,14.6.12; 15.6.12; 16.7.12,Existing observed code,2026-09-01,Retain as schema-specific occurrence; do not overwrite canonical code history
HMIS-CODELINE-JH-486,HMIS-RPTSCHEMA-JHARKHAND-20260901-001,HMIS-RPTCOL-JH-0538,HMIS-DE-0343,M16,16.8.1,14.7.1; 15.7.1; 16.8.1,Existing observed code,2026-09-01,Retain as schema-specific occurrence; do not overwrite canonical code history
HMIS-CODELINE-JH-487,HMIS-RPTSCHEMA-JHARKHAND-20260901-001,HMIS-RPTCOL-JH-0539,HMIS-DE-0342,M16,16.8.2,14.7.2; 15.7.2; 16.8.2,Existing observed code,2026-09-01,Retain as schema-specific occurrence; do not overwrite canonical code history
HMIS-CODELINE-JH-488,HMIS-RPTSCHEMA-JHARKHAND-20260901-001,HMIS-RPTCOL-JH-0540,HMIS-DE-0339,M16,16.8.3,15.7.3; 16.8.3,Existing observed code,2026-09-01,Retain as schema-specific occurrence; do not overwrite canonical code history
HMIS-CODELINE-JH-489,HMIS-RPTSCHEMA-JHARKHAND-20260901-001,HMIS-RPTCOL-JH-0541,HMIS-DE-0335,M16,16.8.4,15.7.4; 16.8.4,Existing observed code,2026-09-01,Retain as schema-specific occurrence; do not overwrite canonical code history
HMIS-CODELINE-JH-490,HMIS-RPTSCHEMA-JHARKHAND-20260901-001,HMIS-RPTCOL-JH-0542,HMIS-DE-0332,M16,16.8.5,15.7.5; 16.8.5,Existing observed code,2026-09-01,Retain as schema-specific occurrence; do not overwrite canonical code history
HMIS-CODELINE-JH-491,HMIS-RPTSCHEMA-JHARKHAND-20260901-001,HMIS-RPTCOL-JH-0543,HMIS-DE-0338,M16,16.8.6,15.7.6; 16.8.6,Existing observed code,2026-09-01,Retain as schema-specific occurrence; do not overwrite canonical code history
HMIS-CODELINE-JH-492,HMIS-RPTSCHEMA-JHARKHAND-20260901-001,HMIS-RPTCOL-JH-0544,HMIS-DE-0629,M16,16.9,14.8; 15.8; 16.9,Existing observed code,2026-09-01,Retain as schema-specific occurrence; do not overwrite canonical code history
HMIS-CODELINE-JH-493,HMIS-RPTSCHEMA-JHARKHAND-20260901-001,HMIS-RPTCOL-JH-0545,HMIS-DE-0002,M16,16.9.1,14.8.1; 15.8.1; 16.9.1,Existing observed code,2026-09-01,Retain as schema-specific occurrence; do not overwrite canonical code history
HMIS-CODELINE-JH-494,HMIS-RPTSCHEMA-JHARKHAND-20260901-001,HMIS-RPTCOL-JH-0546,HMIS-DE-0001,M16,16.9.2,14.8.2; 15.8.2; 16.9.2,Existing observed code,2026-09-01,Retain as schema-specific occurrence; do not overwrite canonical code history
HMIS-CODELINE-JH-495,HMIS-RPTSCHEMA-JHARKHAND-20260901-001,HMIS-RPTCOL-JH-0547,HMIS-DE-0006,M16,16.9.3,14.8.3; 15.8.3; 16.9.3,Existing observed code,2026-09-01,Retain as schema-specific occurrence; do not overwrite canonical code history
HMIS-CODELINE-JH-496,HMIS-RPTSCHEMA-JHARKHAND-20260901-001,HMIS-RPTCOL-JH-0548,HMIS-DE-0154,M16,16.10.1,14.9.1; 15.9.1; 16.10.1,Existing observed code,2026-09-01,Retain as schema-specific occurrence; do not overwrite canonical code history
HMIS-CODELINE-JH-497,HMIS-RPTSCHEMA-JHARKHAND-20260901-001,HMIS-RPTCOL-JH-0549,HMIS-DE-0156,M16,16.10.2,14.9.2; 15.9.2; 16.10.2,Existing observed code,2026-09-01,Retain as schema-specific occurrence; do not overwrite canonical code history
HMIS-CODELINE-JH-498,HMIS-RPTSCHEMA-JHARKHAND-20260901-001,HMIS-RPTCOL-JH-0550,HMIS-DE-0155,M16,16.10.3,14.9.3; 15.9.3; 16.10.3,Existing observed code,2026-09-01,Retain as schema-specific occurrence; do not overwrite canonical code history
HMIS-CODELINE-JH-499,HMIS-RPTSCHEMA-JHARKHAND-20260901-001,HMIS-RPTCOL-JH-0551,HMIS-DE-0157,M16,16.10.4,14.9.4; 15.9.4; 16.10.4,Existing observed code,2026-09-01,Retain as schema-specific occurrence; do not overwrite canonical code history
HMIS-CODELINE-JH-500,HMIS-RPTSCHEMA-JHARKHAND-20260901-001,HMIS-RPTCOL-JH-0552,HMIS-DE-0672,M17,17.1.1,16.1.1; 17.1.1,Existing observed code,2026-09-01,Retain as schema-specific occurrence; do not overwrite canonical code history
HMIS-CODELINE-JH-501,HMIS-RPTSCHEMA-JHARKHAND-20260901-001,HMIS-RPTCOL-JH-0553,HMIS-DE-0270,M17,17.1.2,16.1.2; 17.1.2,Existing observed code,2026-09-01,Retain as schema-specific occurrence; do not overwrite canonical code history
HMIS-CODELINE-JH-502,HMIS-RPTSCHEMA-JHARKHAND-20260901-001,HMIS-RPTCOL-JH-0554,HMIS-DE-0643,M17,17.1.3,16.1.3; 17.1.3,Existing observed code,2026-09-01,Retain as schema-specific occurrence; do not overwrite canonical code history
HMIS-CODELINE-JH-503,HMIS-RPTSCHEMA-JHARKHAND-20260901-001,HMIS-RPTCOL-JH-0555,HMIS-DE-0269,M17,17.1.4,16.1.4; 17.1.4,Existing observed code,2026-09-01,Retain as schema-specific occurrence; do not overwrite canonical code history
HMIS-CODELINE-JH-504,HMIS-RPTSCHEMA-JHARKHAND-20260901-001,HMIS-RPTCOL-JH-0556,HMIS-DE-0693,M17,17.1.5,15.1.1; 16.1.5; 17.1.5,Existing observed code,2026-09-01,Retain as schema-specific occurrence; do not overwrite canonical code history
HMIS-CODELINE-JH-505,HMIS-RPTSCHEMA-JHARKHAND-20260901-001,HMIS-RPTCOL-JH-0557,HMIS-DE-0694,M17,17.1.6,15.1.2; 16.1.6; 17.1.6,Existing observed code,2026-09-01,Retain as schema-specific occurrence; do not overwrite canonical code history
HMIS-CODELINE-JH-506,HMIS-RPTSCHEMA-JHARKHAND-20260901-001,HMIS-RPTCOL-JH-0558,HMIS-DE-0657,M17,17.2.1,16.2.1; 17.2.1,Existing observed code,2026-09-01,Retain as schema-specific occurrence; do not overwrite canonical code history
HMIS-CODELINE-JH-507,HMIS-RPTSCHEMA-JHARKHAND-20260901-001,HMIS-RPTCOL-JH-0559,HMIS-DE-0656,M17,17.2.2,16.2.2; 17.2.2,Existing observed code,2026-09-01,Retain as schema-specific occurrence; do not overwrite canonical code history
HMIS-CODELINE-JH-508,HMIS-RPTSCHEMA-JHARKHAND-20260901-001,HMIS-RPTCOL-JH-0560,HMIS-DE-0522,M17,17.2.3,16.2.3; 17.2.3,Existing observed code,2026-09-01,Retain as schema-specific occurrence; do not overwrite canonical code history
