occurrenceId,schemaId,columnOrdinal,moduleCode,moduleTitle,sourceCode,exactSourceLabel,canonicalElementId,canonicalElementLabel,matchMethod,labelRelation,moduleCompatibility,codeAlignment,canonicalObservedCodes,reconciliationStatus,reviewBasis,reviewStatus,candidateElementId
HMIS-RPTCOL-JH-0036,HMIS-RPTSCHEMA-JHARKHAND-20260901-001,36,M1,Ante Natal Care (ANC),1.1,Total number of NEW Pregnant Women registered for ANC,HMIS-DE-0681,Total number of NEW Pregnant Women registered for ANC,Deterministic normalized-label match,Exact source label,Compatible,Existing observed code,1.1,Accepted canonical link,"Header, controlled normalization, module context and canonical April-2025 element dictionary",Analyst-reviewed deterministic rule; custodian validation pending,
HMIS-RPTCOL-JH-0037,HMIS-RPTSCHEMA-JHARKHAND-20260901-001,37,M1,Ante Natal Care (ANC),1.1.a,Out of total number of NEW Pregnant Women registered with age less than <15 years,HMIS-DE-0593,Out of total number of NEW pregnant women registered with age less than <15 years,Deterministic normalized-label match,Controlled normalized equivalent,Compatible,Existing observed code,1.1.a,Accepted canonical link,"Header, controlled normalization, module context and canonical April-2025 element dictionary",Analyst-reviewed deterministic rule; custodian validation pending,
HMIS-RPTCOL-JH-0038,HMIS-RPTSCHEMA-JHARKHAND-20260901-001,38,M1,Ante Natal Care (ANC),1.1.b,Out of total number of NEW Pregnant Women registered with age 15-19 years,HMIS-DE-0592,Out of total number of NEW pregnant women registered with age 15-19 years,Deterministic normalized-label match,Controlled normalized equivalent,Compatible,Existing observed code,1.1.b,Accepted canonical link,"Header, controlled normalization, module context and canonical April-2025 element dictionary",Analyst-reviewed deterministic rule; custodian validation pending,
HMIS-RPTCOL-JH-0039,HMIS-RPTSCHEMA-JHARKHAND-20260901-001,39,M1,Ante Natal Care (ANC),1.1.c,Out of total number of NEW Pregnant Women registered with age more than >19 to 49 years,HMIS-DE-0594,Out of total number of NEW pregnant women registered with age more than >19 to 49 years,Deterministic normalized-label match,Controlled normalized equivalent,Compatible,Existing observed code,1.1.c,Accepted canonical link,"Header, controlled normalization, module context and canonical April-2025 element dictionary",Analyst-reviewed deterministic rule; custodian validation pending,
HMIS-RPTCOL-JH-0040,HMIS-RPTSCHEMA-JHARKHAND-20260901-001,40,M1,Ante Natal Care (ANC),1.1.d,Out of total number of NEW Pregnant Women registered with age more than >49 years,HMIS-DE-0595,Out of total number of NEW pregnant women registered with age more than >49 years,Deterministic normalized-label match,Controlled normalized equivalent,Compatible,Existing observed code,1.1.d,Accepted canonical link,"Header, controlled normalization, module context and canonical April-2025 element dictionary",Analyst-reviewed deterministic rule; custodian validation pending,
HMIS-RPTCOL-JH-0041,HMIS-RPTSCHEMA-JHARKHAND-20260901-001,41,M1,Ante Natal Care (ANC),1.1.1,"Out of the total NEW ANC registered, number registered within 1st trimester (within 12 weeks)",HMIS-DE-0573,"Out of the total NEW ANC registered, number registered within 1st trimester (within 12 weeks)",Deterministic normalized-label match,Exact source label,Compatible,Existing observed code,1.1.1,Accepted canonical link,"Header, controlled normalization, module context and canonical April-2025 element dictionary",Analyst-reviewed deterministic rule; custodian validation pending,
HMIS-RPTCOL-JH-0042,HMIS-RPTSCHEMA-JHARKHAND-20260901-001,42,M1,Ante Natal Care (ANC),1.1.2,Total ANC footfall/cases (Old cases + New Registration) attended,HMIS-DE-0624,Total ANC footfall/cases (Old cases + New Registration) attended,Deterministic normalized-label match,Exact source label,Compatible,Existing observed code,1.1.2,Accepted canonical link,"Header, controlled normalization, module context and canonical April-2025 element dictionary",Analyst-reviewed deterministic rule; custodian validation pending,
HMIS-RPTCOL-JH-0043,HMIS-RPTSCHEMA-JHARKHAND-20260901-001,43,M1,Ante Natal Care (ANC),1.2.1,Number of PW given Td1 (Tetanus Diptheria dose 1),HMIS-DE-0493,Number of PW given Td1 (Tetanus Diptheria dose 1),Deterministic normalized-label match,Exact source label,Compatible,Existing observed code,1.2.1,Accepted canonical link,"Header, controlled normalization, module context and canonical April-2025 element dictionary",Analyst-reviewed deterministic rule; custodian validation pending,
HMIS-RPTCOL-JH-0044,HMIS-RPTSCHEMA-JHARKHAND-20260901-001,44,M1,Ante Natal Care (ANC),1.2.2,Number of PW given Td2 (Tetanus Diptheria dose 2),HMIS-DE-0494,Number of PW given Td2 (Tetanus Diptheria dose 2),Deterministic normalized-label match,Exact source label,Compatible,Existing observed code,1.2.2,Accepted canonical link,"Header, controlled normalization, module context and canonical April-2025 element dictionary",Analyst-reviewed deterministic rule; custodian validation pending,
HMIS-RPTCOL-JH-0045,HMIS-RPTSCHEMA-JHARKHAND-20260901-001,45,M1,Ante Natal Care (ANC),1.2.3,Number of PW given Td Booster (Tetanus Diptheria dose booster),HMIS-DE-0492,Number of PW given Td Booster (Tetanus Diptheria dose booster),Deterministic normalized-label match,Exact source label,Compatible,Existing observed code,1.2.3,Accepted canonical link,"Header, controlled normalization, module context and canonical April-2025 element dictionary",Analyst-reviewed deterministic rule; custodian validation pending,
HMIS-RPTCOL-JH-0046,HMIS-RPTSCHEMA-JHARKHAND-20260901-001,46,M1,Ante Natal Care (ANC),1.2.4,Number of PW provided full course 180 Iron Folic Acid (IFA) tablets,HMIS-DE-0497,Number of PW provided full course 180 Iron Folic Acid (IFA) tablets,Deterministic normalized-label match,Exact source label,Compatible,Existing observed code,1.2.4,Accepted canonical link,"Header, controlled normalization, module context and canonical April-2025 element dictionary",Analyst-reviewed deterministic rule; custodian validation pending,
HMIS-RPTCOL-JH-0047,HMIS-RPTSCHEMA-JHARKHAND-20260901-001,47,M1,Ante Natal Care (ANC),1.2.5,Number of PW provided full course 360 Calcium tablets,HMIS-DE-0498,Number of PW provided full course 360 Calcium tablets,Deterministic normalized-label match,Exact source label,Compatible,Existing observed code,1.2.5,Accepted canonical link,"Header, controlled normalization, module context and canonical April-2025 element dictionary",Analyst-reviewed deterministic rule; custodian validation pending,
HMIS-RPTCOL-JH-0048,HMIS-RPTSCHEMA-JHARKHAND-20260901-001,48,M1,Ante Natal Care (ANC),1.2.6,Number of PW given one Albendazole tablet after 1st trimester,HMIS-DE-0490,Number of PW given one Albendazole tablet after 1st trimester,Deterministic normalized-label match,Exact source label,Compatible,Existing observed code,1.2.6,Accepted canonical link,"Header, controlled normalization, module context and canonical April-2025 element dictionary",Analyst-reviewed deterministic rule; custodian validation pending,
HMIS-RPTCOL-JH-0049,HMIS-RPTSCHEMA-JHARKHAND-20260901-001,49,M1,Ante Natal Care (ANC),1.2.7,Number of PW received 4 or more ANC check ups,HMIS-DE-0499,Number of PW received 4 or more ANC check ups,Deterministic normalized-label match,Exact source label,Compatible,Existing observed code,1.2.7,Accepted canonical link,"Header, controlled normalization, module context and canonical April-2025 element dictionary",Analyst-reviewed deterministic rule; custodian validation pending,
HMIS-RPTCOL-JH-0050,HMIS-RPTSCHEMA-JHARKHAND-20260901-001,50,M1,Ante Natal Care (ANC),1.2.8,Number of PW given ANC Corticosteroids in Pre-Term Labour,HMIS-DE-0489,Number of PW given ANC Corticosteroids in Pre-Term Labour,Deterministic normalized-label match,Exact source label,Compatible,Existing observed code,1.2.8,Accepted canonical link,"Header, controlled normalization, module context and canonical April-2025 element dictionary",Analyst-reviewed deterministic rule; custodian validation pending,
HMIS-RPTCOL-JH-0051,HMIS-RPTSCHEMA-JHARKHAND-20260901-001,51,M1,Ante Natal Care (ANC),1.3.1,New cases of PW with hypertension detected,HMIS-DE-0251,New cases of PW with hypertension detected,Deterministic normalized-label match,Exact source label,Compatible,Existing observed code,1.3.1,Accepted canonical link,"Header, controlled normalization, module context and canonical April-2025 element dictionary",Analyst-reviewed deterministic rule; custodian validation pending,
HMIS-RPTCOL-JH-0052,HMIS-RPTSCHEMA-JHARKHAND-20260901-001,52,M1,Ante Natal Care (ANC),1.3.2,Number of PW with hypertension managed at institution,HMIS-DE-0505,Number of PW with hypertension managed at institution,Deterministic normalized-label match,Exact source label,Compatible,Existing observed code,1.3.2,Accepted canonical link,"Header, controlled normalization, module context and canonical April-2025 element dictionary",Analyst-reviewed deterministic rule; custodian validation pending,
HMIS-RPTCOL-JH-0053,HMIS-RPTSCHEMA-JHARKHAND-20260901-001,53,M1,Ante Natal Care (ANC),1.3.3,Number of New Pre-Eclampsia/Eclampsia cases identified,HMIS-DE-0424,Number of New Pre-Eclampsia/Eclampsia cases identified,Deterministic normalized-label match,Exact source label,Compatible,Existing observed code,1.3.3,Accepted canonical link,"Header, controlled normalization, module context and canonical April-2025 element dictionary",Analyst-reviewed deterministic rule; custodian validation pending,
HMIS-RPTCOL-JH-0054,HMIS-RPTSCHEMA-JHARKHAND-20260901-001,54,M1,Ante Natal Care (ANC),1.3.4,Number of Pre-Eclampsia/Eclampsia cases managed during ANC,HMIS-DE-0457,Number of Pre-Eclampsia/Eclampsia cases managed during ANC,Deterministic normalized-label match,Exact source label,Compatible,Existing observed code,1.3.4,Accepted canonical link,"Header, controlled normalization, module context and canonical April-2025 element dictionary",Analyst-reviewed deterministic rule; custodian validation pending,
HMIS-RPTCOL-JH-0055,HMIS-RPTSCHEMA-JHARKHAND-20260901-001,55,M1,Ante Natal Care (ANC),1.3.5,Number of Eclampsia cases managed during delivery,HMIS-DE-0352,Number of Eclampsia cases managed during delivery,Deterministic normalized-label match,Exact source label,Compatible,Existing observed code,1.3.5,Accepted canonical link,"Header, controlled normalization, module context and canonical April-2025 element dictionary",Analyst-reviewed deterministic rule; custodian validation pending,
HMIS-RPTCOL-JH-0056,HMIS-RPTSCHEMA-JHARKHAND-20260901-001,56,M1,Ante Natal Care (ANC),1.4.1,Number of PW tested for Haemoglobin (Hb) 4 or more than 4 times for respective ANCs,HMIS-DE-0501,Number of PW tested for Haemoglobin (Hb ) 4 or more than 4 times for respective ANCs,Deterministic normalized-label match,Controlled normalized equivalent,Compatible,Existing observed code,1.4.1,Accepted canonical link,"Header, controlled normalization, module context and canonical April-2025 element dictionary",Analyst-reviewed deterministic rule; custodian validation pending,
HMIS-RPTCOL-JH-0057,HMIS-RPTSCHEMA-JHARKHAND-20260901-001,57,M1,Ante Natal Care (ANC),1.4.2,Number of PW tested for Haemoglobin (Hb),HMIS-DE-0502,Number of PW tested for Haemoglobin (Hb),Deterministic normalized-label match,Exact source label,Compatible,Existing observed code,1.4.2,Accepted canonical link,"Header, controlled normalization, module context and canonical April-2025 element dictionary",Analyst-reviewed deterministic rule; custodian validation pending,
HMIS-RPTCOL-JH-0058,HMIS-RPTSCHEMA-JHARKHAND-20260901-001,58,M1,Ante Natal Care (ANC),1.4.3,Number of PW having Hb level<11(7.1 to 10.9 g/dl) (Out of total tested cases),HMIS-DE-0495,Number of PW having Hb level<11(7.1 to 10.9 g/dl) (Out of total tested cases),Deterministic normalized-label match,Exact source label,Compatible,Existing observed code,1.4.3,Accepted canonical link,"Header, controlled normalization, module context and canonical April-2025 element dictionary",Analyst-reviewed deterministic rule; custodian validation pending,
HMIS-RPTCOL-JH-0059,HMIS-RPTSCHEMA-JHARKHAND-20260901-001,59,M1,Ante Natal Care (ANC),1.4.4,Number of PW having Hb level<=7 g/dl (Out of total tested cases),HMIS-DE-0496,Number of PW having Hb level<=7 g/dl (Out of total tested cases),Deterministic normalized-label match,Exact source label,Compatible,Existing observed code,1.4.4,Accepted canonical link,"Header, controlled normalization, module context and canonical April-2025 element dictionary",Analyst-reviewed deterministic rule; custodian validation pending,
HMIS-RPTCOL-JH-0060,HMIS-RPTSCHEMA-JHARKHAND-20260901-001,60,M1,Ante Natal Care (ANC),1.4.5,Number of PW treated for severe anaemia (Hb<=7g/dl) (including referred-in cases),HMIS-DE-0504,Number of PW treated for severe anaemia (Hb<=7g/dl) (including referred-in cases),Deterministic normalized-label match,Exact source label,Compatible,Existing observed code,1.4.5,Accepted canonical link,"Header, controlled normalization, module context and canonical April-2025 element dictionary",Analyst-reviewed deterministic rule; custodian validation pending,
HMIS-RPTCOL-JH-0061,HMIS-RPTSCHEMA-JHARKHAND-20260901-001,61,M1,Ante Natal Care (ANC),1.5.1,Number of PW tested for Blood Sugar using OGTT(Oral Glucose Tolerance Test),HMIS-DE-0500,Number of PW tested for Blood Sugar using OGTT(Oral Glucose Tolerance Test),Deterministic normalized-label match,Exact source label,Compatible,Existing observed code,1.5.1,Accepted canonical link,"Header, controlled normalization, module context and canonical April-2025 element dictionary",Analyst-reviewed deterministic rule; custodian validation pending,
HMIS-RPTCOL-JH-0062,HMIS-RPTSCHEMA-JHARKHAND-20260901-001,62,M1,Ante Natal Care (ANC),1.5.2,Number of PW tested positive for GDM out of total OGTT(Oral Glucose Tolerance Test) conducted,HMIS-DE-0503,Number of PW tested positive for GDM out of total OGTT(Oral Glucose Tolerance Test) conducted,Deterministic normalized-label match,Exact source label,Compatible,Existing observed code,1.5.2,Accepted canonical link,"Header, controlled normalization, module context and canonical April-2025 element dictionary",Analyst-reviewed deterministic rule; custodian validation pending,
HMIS-RPTCOL-JH-0063,HMIS-RPTSCHEMA-JHARKHAND-20260901-001,63,M1,Ante Natal Care (ANC),1.5.3,Number of GDM positive PW managed with Insulin/Metformin out of total tested positive for GDM,HMIS-DE-0358,Number of GDM positive PW managed with Insulin/Metformin out of total tested positive for GDM,Deterministic normalized-label match,Exact source label,Compatible,Existing observed code,1.5.3,Accepted canonical link,"Header, controlled normalization, module context and canonical April-2025 element dictionary",Analyst-reviewed deterministic rule; custodian validation pending,
HMIS-RPTCOL-JH-0064,HMIS-RPTSCHEMA-JHARKHAND-20260901-001,64,M1,Ante Natal Care (ANC),1.6.1.a,Number of pregnant/Direct-In-Labor (DIL) women screened/tested (with VDRL/RPR/TPHA/RDT/PoC) for Syphilis,HMIS-DE-0485,Number of pregnant/Direct-In-Labor (DIL) women screened/tested (with VDRL/RPR/TPHA/RDT/PoC) for Syphilis,Deterministic normalized-label match,Exact source label,Compatible,Existing observed code,1.6.1.a,Accepted canonical link,"Header, controlled normalization, module context and canonical April-2025 element dictionary",Analyst-reviewed deterministic rule; custodian validation pending,
HMIS-RPTCOL-JH-0065,HMIS-RPTSCHEMA-JHARKHAND-20260901-001,65,M1,Ante Natal Care (ANC),1.6.1.b,Number of pregnant/DIL women found Seropositive for Syphilis by VDRL/RPR/TPHA/RDT/PoC test,HMIS-DE-0483,Number of pregnant/DIL women found seropositive for Syphilis by VDRL/RPR/TPHA/RDT/PoC test,Deterministic normalized-label match,Controlled normalized equivalent,Compatible,Existing observed code,1.6.1.b,Accepted canonical link,"Header, controlled normalization, module context and canonical April-2025 element dictionary",Analyst-reviewed deterministic rule; custodian validation pending,
HMIS-RPTCOL-JH-0066,HMIS-RPTSCHEMA-JHARKHAND-20260901-001,66,M1,Ante Natal Care (ANC),1.6.1.c,Number of pregnant/DIL women found Syphilis-Seropositive and given treatment with injection Benzathine Penicillin (IM),HMIS-DE-0484,Number of pregnant/DIL women found Syphilis-Seropositive and given treatment with injection Benzathine Penicillin (IM),Deterministic normalized-label match,Exact source label,Compatible,Existing observed code,1.6.1.c,Accepted canonical link,"Header, controlled normalization, module context and canonical April-2025 element dictionary",Analyst-reviewed deterministic rule; custodian validation pending,
HMIS-RPTCOL-JH-0067,HMIS-RPTSCHEMA-JHARKHAND-20260901-001,67,M1,Ante Natal Care (ANC),1.6.1.d,Number of live births among Syphilis Seropositive Pregnant Women,HMIS-DE-0399,Number of live births among Syphilis seropositive Pregnant Women,Deterministic normalized-label match,Controlled normalized equivalent,Compatible,Existing observed code,1.6.1.d,Accepted canonical link,"Header, controlled normalization, module context and canonical April-2025 element dictionary",Analyst-reviewed deterministic rule; custodian validation pending,
HMIS-RPTCOL-JH-0068,HMIS-RPTSCHEMA-JHARKHAND-20260901-001,68,M1,Ante Natal Care (ANC),1.6.1.e,Number of babies born to Syphilis-Seropositive Pregnant Women tested positive/ clinically diagnosed for congenital Syphilis,HMIS-DE-0290,Number of babies born to Syphilis-Seropositive Pregnant Women tested positive/ clinically diagnosed for congenital Syphilis,Deterministic normalized-label match,Exact source label,Compatible,Existing observed code,1.6.1.e,Accepted canonical link,"Header, controlled normalization, module context and canonical April-2025 element dictionary",Analyst-reviewed deterministic rule; custodian validation pending,
HMIS-RPTCOL-JH-0069,HMIS-RPTSCHEMA-JHARKHAND-20260901-001,69,M1,Ante Natal Care (ANC),1.6.1.f,"Out of above, babies with congenital Syphilis received curative treatment",HMIS-DE-0538,"Out of above, babies with congenital Syphilis received curative treatment",Deterministic normalized-label match,Exact source label,Compatible,Existing observed code,1.6.1.f,Accepted canonical link,"Header, controlled normalization, module context and canonical April-2025 element dictionary",Analyst-reviewed deterministic rule; custodian validation pending,
HMIS-RPTCOL-JH-0070,HMIS-RPTSCHEMA-JHARKHAND-20260901-001,70,M1,Ante Natal Care (ANC),1.7.1,Number of Pregnant Women tested positive for Thyroid disorder,HMIS-DE-0478,Number of Pregnant Women tested positive for Thyroid disorder,Deterministic normalized-label match,Exact source label,Compatible,Existing observed code,1.7.1,Accepted canonical link,"Header, controlled normalization, module context and canonical April-2025 element dictionary",Analyst-reviewed deterministic rule; custodian validation pending,
HMIS-RPTCOL-JH-0071,HMIS-RPTSCHEMA-JHARKHAND-20260901-001,71,M1,Ante Natal Care (ANC),1.7.2,Number of Pregnant Women treated for thyroid disorder,HMIS-DE-0479,Number of Pregnant Women treated for thyroid disorder,Deterministic normalized-label match,Exact source label,Compatible,Existing observed code,1.7.2,Accepted canonical link,"Header, controlled normalization, module context and canonical April-2025 element dictionary",Analyst-reviewed deterministic rule; custodian validation pending,
HMIS-RPTCOL-JH-0072,HMIS-RPTSCHEMA-JHARKHAND-20260901-001,72,M1,Ante Natal Care (ANC),1.8.1,Number of Pregnant Women screened for TB,HMIS-DE-0476,Number of Pregnant Women screened for TB,Deterministic normalized-label match,Exact source label,Compatible,Existing observed code,1.8.1,Accepted canonical link,"Header, controlled normalization, module context and canonical April-2025 element dictionary",Analyst-reviewed deterministic rule; custodian validation pending,
HMIS-RPTCOL-JH-0073,HMIS-RPTSCHEMA-JHARKHAND-20260901-001,73,M1,Ante Natal Care (ANC),1.8.2,Number of Pregnant Women identified with Presumptive TB symptoms,HMIS-DE-0468,Number of Pregnant Women identified with Presumptive TB symptoms,Deterministic normalized-label match,Exact source label,Compatible,Existing observed code,1.8.2,Accepted canonical link,"Header, controlled normalization, module context and canonical April-2025 element dictionary",Analyst-reviewed deterministic rule; custodian validation pending,
HMIS-RPTCOL-JH-0074,HMIS-RPTSCHEMA-JHARKHAND-20260901-001,74,M1,Ante Natal Care (ANC),1.8.3,Number of Pregnant Women referred out of those identified with Presumptive TB symptoms,HMIS-DE-0475,Number of Pregnant Women referred out of those identified with Presumptive TB symptoms,Deterministic normalized-label match,Exact source label,Compatible,Existing observed code,1.7.3; 1.8.3,Accepted canonical link,"Header, controlled normalization, module context and canonical April-2025 element dictionary",Analyst-reviewed deterministic rule; custodian validation pending,
HMIS-RPTCOL-JH-0075,HMIS-RPTSCHEMA-JHARKHAND-20260901-001,75,M1,Ante Natal Care (ANC),1.9.1,Total High Risk Pregnancy (HRP) Intrapartum including following:,HMIS-DE-0632,Total High Risk Pregnancy (HRP) Intrapartum including following:,Deterministic normalized-label match,Exact source label,Compatible,Existing observed code,1.9.1,Accepted canonical link,"Header, controlled normalization, module context and canonical April-2025 element dictionary",Analyst-reviewed deterministic rule; custodian validation pending,
HMIS-RPTCOL-JH-0076,HMIS-RPTSCHEMA-JHARKHAND-20260901-001,76,M1,Ante Natal Care (ANC),1.9.1.a,Number of Pregnant Women only with Post-Partum Haemorrhage(Immediately after delivery) in the facility,HMIS-DE-0469,Number of Pregnant Women only with Post-Partum Haemorrhage (Immediately after delivery) in the facility,Deterministic normalized-label match,Controlled normalized equivalent,Compatible,Existing observed code,1.8.1.a; 1.9.1.a,Accepted canonical link,"Header, controlled normalization, module context and canonical April-2025 element dictionary",Analyst-reviewed deterministic rule; custodian validation pending,
HMIS-RPTCOL-JH-0077,HMIS-RPTSCHEMA-JHARKHAND-20260901-001,77,M1,Ante Natal Care (ANC),1.9.1.b,Number of Pregnant Women only with Sepsis in the facility,HMIS-DE-0470,Number of Pregnant Women only with Sepsis in the facility,Deterministic normalized-label match,Exact source label,Compatible,Existing observed code,1.8.1.b; 1.9.1.b,Accepted canonical link,"Header, controlled normalization, module context and canonical April-2025 element dictionary",Analyst-reviewed deterministic rule; custodian validation pending,
HMIS-RPTCOL-JH-0078,HMIS-RPTSCHEMA-JHARKHAND-20260901-001,78,M1,Ante Natal Care (ANC),1.9.1.c,Number of Pregnant Women identified only with Eclampsia in the facility,HMIS-DE-0465,Number of Pregnant Women identified only with Eclampsia in the facility,Deterministic normalized-label match,Exact source label,Compatible,Existing observed code,1.8.1.c; 1.9.1.c,Accepted canonical link,"Header, controlled normalization, module context and canonical April-2025 element dictionary",Analyst-reviewed deterministic rule; custodian validation pending,
HMIS-RPTCOL-JH-0079,HMIS-RPTSCHEMA-JHARKHAND-20260901-001,79,M1,Ante Natal Care (ANC),1.9.1.d,Number of Pregnant Women identified only with obstructed labour in the facility,HMIS-DE-0466,Number of Pregnant Women identified only with obstructed labour in the facility,Deterministic normalized-label match,Exact source label,Compatible,Existing observed code,1.8.1.d; 1.9.1.d,Accepted canonical link,"Header, controlled normalization, module context and canonical April-2025 element dictionary",Analyst-reviewed deterministic rule; custodian validation pending,
HMIS-RPTCOL-JH-0080,HMIS-RPTSCHEMA-JHARKHAND-20260901-001,80,M1,Ante Natal Care (ANC),1.9.1.e,Number of Pregnant Women identified with more than 1 complication listed above,HMIS-DE-0467,Number of Pregnant Women identified with more than 1 complication listed above,Deterministic normalized-label match,Exact source label,Compatible,Existing observed code,1.8.1.e; 1.9.1.e,Accepted canonical link,"Header, controlled normalization, module context and canonical April-2025 element dictionary",Analyst-reviewed deterministic rule; custodian validation pending,
HMIS-RPTCOL-JH-0081,HMIS-RPTSCHEMA-JHARKHAND-20260901-001,81,M1,Ante Natal Care (ANC),1.9.2,Total High Risk Pregnancy (HRP) Antepartum (Only New Cases are to be reported),HMIS-DE-0631,Total High Risk Pregnancy (HRP) Antepartum (Only New Cases are to be reported),Deterministic normalized-label match,Exact source label,Compatible,Existing observed code,1.9.2,Accepted canonical link,"Header, controlled normalization, module context and canonical April-2025 element dictionary",Analyst-reviewed deterministic rule; custodian validation pending,
HMIS-RPTCOL-JH-0082,HMIS-RPTSCHEMA-JHARKHAND-20260901-001,82,M1,Ante Natal Care (ANC),1.9.3,Total no. of highrisk ANC cases referred to Higher/ any other facility (Referred out),HMIS-DE-0639,Total no. of highrisk ANC cases referred to Higher/ any other facility (Referred out),Deterministic normalized-label match,Exact source label,Compatible,Existing observed code,1.9.3,Accepted canonical link,"Header, controlled normalization, module context and canonical April-2025 element dictionary",Analyst-reviewed deterministic rule; custodian validation pending,
HMIS-RPTCOL-JH-0083,HMIS-RPTSCHEMA-JHARKHAND-20260901-001,83,M1,Ante Natal Care (ANC),1.9.3.a,Total no. of Intrapartum/PNC High Risk Pregnancy cases referred to Higher/ any other facility (Referred out),HMIS-DE-0641,Total no. of Intrapartum/PNC High Risk Pregnancy cases referred to Higher/ any other facility (Referred out),Deterministic normalized-label match,Exact source label,Compatible,Existing observed code,1.8.3.a; 1.9.3.a,Accepted canonical link,"Header, controlled normalization, module context and canonical April-2025 element dictionary",Analyst-reviewed deterministic rule; custodian validation pending,
HMIS-RPTCOL-JH-0084,HMIS-RPTSCHEMA-JHARKHAND-20260901-001,84,M1,Ante Natal Care (ANC),1.9.4,Total no. of highrisk ANC cases referred in to the facility (Referred in),HMIS-DE-0638,Total no. of highrisk ANC cases referred in to the facility (Referred in),Deterministic normalized-label match,Exact source label,Compatible,Existing observed code,1.9.4,Accepted canonical link,"Header, controlled normalization, module context and canonical April-2025 element dictionary",Analyst-reviewed deterministic rule; custodian validation pending,
HMIS-RPTCOL-JH-0085,HMIS-RPTSCHEMA-JHARKHAND-20260901-001,85,M1,Ante Natal Care (ANC),1.9.4.a,Total no. of Intrapartum/PNC High Risk Pregnancy cases attended or referred into the facility (Referred in),HMIS-DE-0640,Total no. of Intrapartum/PNC High Risk Pregnancy cases attended or referred into the facility (Referred in),Deterministic normalized-label match,Exact source label,Compatible,Existing observed code,1.9.4.a,Accepted canonical link,"Header, controlled normalization, module context and canonical April-2025 element dictionary",Analyst-reviewed deterministic rule; custodian validation pending,
HMIS-RPTCOL-JH-0086,HMIS-RPTSCHEMA-JHARKHAND-20260901-001,86,M2,Deliveries,2.1.1.a,Number of Home Deliveries attended by Skill Birth Attendant(SBA) (Doctor/Nurse/ANM),HMIS-DE-0371,Number of Home Deliveries attended by Skill Birth Attendant(SBA) (Doctor/Nurse/ANM),Deterministic normalized-label match,Exact source label,Compatible,Existing observed code,2.1.1.a,Accepted canonical link,"Header, controlled normalization, module context and canonical April-2025 element dictionary",Analyst-reviewed deterministic rule; custodian validation pending,
HMIS-RPTCOL-JH-0087,HMIS-RPTSCHEMA-JHARKHAND-20260901-001,87,M2,Deliveries,2.1.1.b,Number of Home Deliveries attended by Non SBA,HMIS-DE-0370,Number of Home Deliveries attended by Non SBA,Deterministic normalized-label match,Exact source label,Compatible,Existing observed code,2.1.1.b,Accepted canonical link,"Header, controlled normalization, module context and canonical April-2025 element dictionary",Analyst-reviewed deterministic rule; custodian validation pending,
HMIS-RPTCOL-JH-0088,HMIS-RPTSCHEMA-JHARKHAND-20260901-001,88,M2,Deliveries,2.1.2,Number of PW given Tablet Misoprostol during home delivery,HMIS-DE-0491,Number of PW given Tablet Misoprostol during home delivery,Deterministic normalized-label match,Exact source label,Compatible,Existing observed code,2.1.2,Accepted canonical link,"Header, controlled normalization, module context and canonical April-2025 element dictionary",Analyst-reviewed deterministic rule; custodian validation pending,
HMIS-RPTCOL-JH-0089,HMIS-RPTSCHEMA-JHARKHAND-20260901-001,89,M2,Deliveries,2.2,Number of Institutional Deliveries conducted (Including C-Sections),HMIS-DE-0389,Number of Institutional Deliveries conducted (Including C-Sections),Deterministic normalized-label match,Exact source label,Compatible,Existing observed code,2.2,Accepted canonical link,"Header, controlled normalization, module context and canonical April-2025 element dictionary",Analyst-reviewed deterministic rule; custodian validation pending,
HMIS-RPTCOL-JH-0090,HMIS-RPTSCHEMA-JHARKHAND-20260901-001,90,M2,Deliveries,2.2.1,"Out of total institutional deliveries(excluding C-section), number of women stayed for 48 hours or more after delivery",HMIS-DE-0577,"Out of total institutional deliveries(excluding C-section), number of women stayed for 48 hours or more after delivery",Deterministic normalized-label match,Exact source label,Compatible,Existing observed code,2.2.1,Accepted canonical link,"Header, controlled normalization, module context and canonical April-2025 element dictionary",Analyst-reviewed deterministic rule; custodian validation pending,
HMIS-RPTCOL-JH-0091,HMIS-RPTSCHEMA-JHARKHAND-20260901-001,91,M2,Deliveries,2.2.2,"Out of total Institutional deliveries, number of Institutional Deliveries (Excluding C-Sections) conducted at night (8 PM- 8 AM)",HMIS-DE-0578,"Out of total Institutional deliveries, number of Institutional Deliveries (Excluding C- Sections) conducted at night (8 PM- 8 AM)",Deterministic normalized-label match,Controlled normalized equivalent,Compatible,Existing observed code,2.2.2,Accepted canonical link,"Header, controlled normalization, module context and canonical April-2025 element dictionary",Analyst-reviewed deterministic rule; custodian validation pending,
HMIS-RPTCOL-JH-0092,HMIS-RPTSCHEMA-JHARKHAND-20260901-001,92,M2,Deliveries,2.2.3,"Out of total Institutional deliveries, number of institutional deliveries conducted at Midwifery Led Care Unit (MLCU)",HMIS-DE-0579,"Out of total Institutional deliveries, number of institutional deliveries conducted at Midwifery Led Care Unit (MLCU)",Deterministic normalized-label match,Exact source label,Compatible,Existing observed code,2.1.3; 2.2.3,Accepted canonical link,"Header, controlled normalization, module context and canonical April-2025 element dictionary",Analyst-reviewed deterministic rule; custodian validation pending,
HMIS-RPTCOL-JH-0093,HMIS-RPTSCHEMA-JHARKHAND-20260901-001,93,M2,Deliveries,2.3.1,"Out of total number of delivery, PW with age less than <15 years",HMIS-DE-0585,"Out of total number of delivery, PW with age less than <15 years",Deterministic normalized-label match,Exact source label,Compatible,Existing observed code,2.3.1,Accepted canonical link,"Header, controlled normalization, module context and canonical April-2025 element dictionary",Analyst-reviewed deterministic rule; custodian validation pending,
HMIS-RPTCOL-JH-0094,HMIS-RPTSCHEMA-JHARKHAND-20260901-001,94,M2,Deliveries,2.3.2,"Out of total number of delivery, PW with age 15-19 years",HMIS-DE-0584,"Out of total number of delivery, PW with age 15-19 years",Deterministic normalized-label match,Exact source label,Compatible,Existing observed code,2.3.2,Accepted canonical link,"Header, controlled normalization, module context and canonical April-2025 element dictionary",Analyst-reviewed deterministic rule; custodian validation pending,
HMIS-RPTCOL-JH-0095,HMIS-RPTSCHEMA-JHARKHAND-20260901-001,95,M2,Deliveries,2.3.3,"Out of total number of delivery, PW with age more than >19-49 years",HMIS-DE-0587,"Out of total number of delivery, PW with age more than >19-49 years",Deterministic normalized-label match,Exact source label,Compatible,Existing observed code,2.3.3,Accepted canonical link,"Header, controlled normalization, module context and canonical April-2025 element dictionary",Analyst-reviewed deterministic rule; custodian validation pending,
HMIS-RPTCOL-JH-0096,HMIS-RPTSCHEMA-JHARKHAND-20260901-001,96,M2,Deliveries,2.3.4,"Out of total number of delivery, PW with age more than > 49 years",HMIS-DE-0586,"Out of total number of delivery, PW with age more than > 49 years",Deterministic normalized-label match,Exact source label,Compatible,Existing observed code,2.2.4; 2.3.4,Accepted canonical link,"Header, controlled normalization, module context and canonical April-2025 element dictionary",Analyst-reviewed deterministic rule; custodian validation pending,
HMIS-RPTCOL-JH-0097,HMIS-RPTSCHEMA-JHARKHAND-20260901-001,97,M2,Deliveries,2.4,Number of newborns received 6/7 HBNC visits after Delivery (Home+ Institutional),HMIS-DE-0430,Number of newborns received 6/7 HBNC visits after Delivery (Home+ Institutional),Deterministic normalized-label match,Exact source label,Compatible,Existing observed code,2.4,Accepted canonical link,"Header, controlled normalization, module context and canonical April-2025 element dictionary",Analyst-reviewed deterministic rule; custodian validation pending,
HMIS-RPTCOL-JH-0098,HMIS-RPTSCHEMA-JHARKHAND-20260901-001,98,M2,Deliveries,2.5,No. of identified Sick new-borns referred by ASHA to facility under HBNC Programme,HMIS-DE-0259,No. of identified Sick new-borns referred by ASHA to facility under HBNC Programme,Deterministic normalized-label match,Exact source label,Compatible,Existing observed code,2.5,Accepted canonical link,"Header, controlled normalization, module context and canonical April-2025 element dictionary",Analyst-reviewed deterministic rule; custodian validation pending,
HMIS-RPTCOL-JH-0099,HMIS-RPTSCHEMA-JHARKHAND-20260901-001,99,M2,Deliveries,2.6,Total number of Children received all scheduled 5 Home visits under HBYC,HMIS-DE-0663,Total number of Children received all scheduled 5 Home visits under HBYC,Deterministic normalized-label match,Exact source label,Compatible,Existing observed code,2.6,Accepted canonical link,"Header, controlled normalization, module context and canonical April-2025 element dictionary",Analyst-reviewed deterministic rule; custodian validation pending,
HMIS-RPTCOL-JH-0100,HMIS-RPTSCHEMA-JHARKHAND-20260901-001,100,M3,Number of Caesarean (C-Section) deliveries,3.1,Total number of C -Section deliveries performed,HMIS-DE-0658,Total number of C -Section deliveries performed,Deterministic normalized-label match,Exact source label,Compatible,Existing observed code,3.1,Accepted canonical link,"Header, controlled normalization, module context and canonical April-2025 element dictionary",Analyst-reviewed deterministic rule; custodian validation pending,
HMIS-RPTCOL-JH-0101,HMIS-RPTSCHEMA-JHARKHAND-20260901-001,101,M3,Number of Caesarean (C-Section) deliveries,3.1.1,"Out of total C-sections, number performed at night (8 PM- 8 AM)",HMIS-DE-0576,"Out of total C-sections, number performed at night (8 PM- 8 AM)",Deterministic normalized-label match,Exact source label,Compatible,Existing observed code,3.1.1,Accepted canonical link,"Header, controlled normalization, module context and canonical April-2025 element dictionary",Analyst-reviewed deterministic rule; custodian validation pending,
HMIS-RPTCOL-JH-0102,HMIS-RPTSCHEMA-JHARKHAND-20260901-001,102,M3,Number of Caesarean (C-Section) deliveries,3.1.2,"Out of total C-section, number of women stayed for 72 hours or more after delivery",HMIS-DE-0575,"Out of total C-section, number of women stayed for 72 hours or more after delivery",Deterministic normalized-label match,Exact source label,Compatible,Existing observed code,3.1.2,Accepted canonical link,"Header, controlled normalization, module context and canonical April-2025 element dictionary",Analyst-reviewed deterministic rule; custodian validation pending,
HMIS-RPTCOL-JH-0103,HMIS-RPTSCHEMA-JHARKHAND-20260901-001,103,M4,Pregnancy outcome & details of new-born,4.1.1.a,Live Birth - Male,HMIS-DE-0217,Live Birth - Male,Deterministic normalized-label match,Exact source label,Compatible,Existing observed code,3.1.1.a; 4.1.1.a,Accepted canonical link,"Header, controlled normalization, module context and canonical April-2025 element dictionary",Analyst-reviewed deterministic rule; custodian validation pending,
HMIS-RPTCOL-JH-0104,HMIS-RPTSCHEMA-JHARKHAND-20260901-001,104,M4,Pregnancy outcome & details of new-born,4.1.1.b,Live Birth - Female,HMIS-DE-0216,Live Birth - Female,Deterministic normalized-label match,Exact source label,Compatible,Existing observed code,3.1.1.b; 4.1.1.b,Accepted canonical link,"Header, controlled normalization, module context and canonical April-2025 element dictionary",Analyst-reviewed deterministic rule; custodian validation pending,
HMIS-RPTCOL-JH-0105,HMIS-RPTSCHEMA-JHARKHAND-20260901-001,105,M4,Pregnancy outcome & details of new-born,4.1.2,Number of Pre-term newborns ( < 37 weeks of pregnancy),HMIS-DE-0458,Number of Pre-term newborns ( < 37 weeks of pregnancy),Deterministic normalized-label match,Exact source label,Compatible,Existing observed code,4.1.2,Accepted canonical link,"Header, controlled normalization, module context and canonical April-2025 element dictionary",Analyst-reviewed deterministic rule; custodian validation pending,
HMIS-RPTCOL-JH-0106,HMIS-RPTSCHEMA-JHARKHAND-20260901-001,106,M4,Pregnancy outcome & details of new-born,4.1.3.a,Fresh Stillbirth - Intrapartum Stillbirth (28 weeks & above),HMIS-DE-0186,Intrapartum (Fresh) Still Birth,Reviewed terminology/typography alias,Reviewed alias,Compatible,Existing observed code,3.1.3.a; 4.1.3.a,Accepted canonical link,"Header, controlled normalization, module context and canonical April-2025 element dictionary",Analyst-reviewed deterministic rule; custodian validation pending,
HMIS-RPTCOL-JH-0107,HMIS-RPTSCHEMA-JHARKHAND-20260901-001,107,M4,Pregnancy outcome & details of new-born,4.1.3.b,Mascerated Stillbirth – Antepartum Stillbirth (28 weeks &above),HMIS-DE-0015,Antepartum (Macerated) Still Birth,Reviewed terminology/typography alias,Reviewed alias,Compatible,Existing observed code,3.1.3.b; 4.1.3.b,Accepted canonical link,"Header, controlled normalization, module context and canonical April-2025 element dictionary",Analyst-reviewed deterministic rule; custodian validation pending,
HMIS-RPTCOL-JH-0108,HMIS-RPTSCHEMA-JHARKHAND-20260901-001,108,M4,Pregnancy outcome & details of new-born,4.1.3.c,Foetal Death (24–27 completed weeks),,,No deterministic canonical match,Potential new or version-specific field,Not applicable until canonical review,No canonical code lineage,,Candidate new element—verification required,Header and comparison with canonical April-2025 element dictionary,Do not promote without original workbook and custodian/source confirmation,HMIS-DE-CAND-JH-001
HMIS-RPTCOL-JH-0109,HMIS-RPTSCHEMA-JHARKHAND-20260901-001,109,M4,Pregnancy outcome & details of new-born,4.2,Abortion (spontaneous),HMIS-DE-0003,Abortion (spontaneous),Deterministic normalized-label match,Exact source label,Compatible,Existing observed code,3.2; 4.2,Accepted canonical link,"Header, controlled normalization, module context and canonical April-2025 element dictionary",Analyst-reviewed deterministic rule; custodian validation pending,
HMIS-RPTCOL-JH-0110,HMIS-RPTSCHEMA-JHARKHAND-20260901-001,110,M4,Pregnancy outcome & details of new-born,4.3.1.a,Surgical MTPs upto 12 weeks of pregnancy,HMIS-DE-0620,Surgical MTPs upto 12 weeks of pregnancy,Deterministic normalized-label match,Exact source label,Compatible,Existing observed code,4.3.1.a,Accepted canonical link,"Header, controlled normalization, module context and canonical April-2025 element dictionary",Analyst-reviewed deterministic rule; custodian validation pending,
HMIS-RPTCOL-JH-0111,HMIS-RPTSCHEMA-JHARKHAND-20260901-001,111,M4,Pregnancy outcome & details of new-born,4.3.1.b,MTP more than 12 weeks of pregnancy,HMIS-DE-0235,MTP more than 12 weeks of pregnancy,Deterministic normalized-label match,Exact source label,Compatible,Existing observed code,4.3.1.b,Accepted canonical link,"Header, controlled normalization, module context and canonical April-2025 element dictionary",Analyst-reviewed deterministic rule; custodian validation pending,
HMIS-RPTCOL-JH-0112,HMIS-RPTSCHEMA-JHARKHAND-20260901-001,112,M4,Pregnancy outcome & details of new-born,4.3.1.c,MTPs completed through Medical methods of abortion (MMA),HMIS-DE-0236,MTPs completed through Medical methods of abortion (MMA),Deterministic normalized-label match,Exact source label,Compatible,Existing observed code,4.3.1.c,Accepted canonical link,"Header, controlled normalization, module context and canonical April-2025 element dictionary",Analyst-reviewed deterministic rule; custodian validation pending,
HMIS-RPTCOL-JH-0113,HMIS-RPTSCHEMA-JHARKHAND-20260901-001,113,M4,Pregnancy outcome & details of new-born,4.3.2.a,Total Post-abortion/MTP Complications Identified,HMIS-DE-0692,Total Post-abortion/MTP Complications Identified,Deterministic normalized-label match,Exact source label,Compatible,Existing observed code,3.3.1; 4.3.2.a,Accepted canonical link,"Header, controlled normalization, module context and canonical April-2025 element dictionary",Analyst-reviewed deterministic rule; custodian validation pending,
HMIS-RPTCOL-JH-0114,HMIS-RPTSCHEMA-JHARKHAND-20260901-001,114,M4,Pregnancy outcome & details of new-born,4.3.2.b,Post-abortion/MTP complications identified (where abortions were carried out in facilities other than public and accredited private health facilities),HMIS-DE-0601,Post-abortion/MTP complications identified (where abortions were carried out in facilities other than public and accredited private health facilities),Deterministic normalized-label match,Exact source label,Compatible,Existing observed code,3.3.2; 4.3.2.b,Accepted canonical link,"Header, controlled normalization, module context and canonical April-2025 element dictionary",Analyst-reviewed deterministic rule; custodian validation pending,
HMIS-RPTCOL-JH-0115,HMIS-RPTSCHEMA-JHARKHAND-20260901-001,115,M4,Pregnancy outcome & details of new-born,4.3.2.c,Post-abortion/MTP Complications treated,HMIS-DE-0602,Post-abortion/MTP Complications treated,Deterministic normalized-label match,Exact source label,Compatible,Existing observed code,4.3.2.c,Accepted canonical link,"Header, controlled normalization, module context and canonical April-2025 element dictionary",Analyst-reviewed deterministic rule; custodian validation pending,
HMIS-RPTCOL-JH-0116,HMIS-RPTSCHEMA-JHARKHAND-20260901-001,116,M4,Pregnancy outcome & details of new-born,4.3.3,Number of women provided with Post-abortion/ MTP contraception,HMIS-DE-0530,Number of women provided with Post-abortion/ MTP contraception,Deterministic normalized-label match,Exact source label,Compatible,Existing observed code,4.3.3,Accepted canonical link,"Header, controlled normalization, module context and canonical April-2025 element dictionary",Analyst-reviewed deterministic rule; custodian validation pending,
HMIS-RPTCOL-JH-0117,HMIS-RPTSCHEMA-JHARKHAND-20260901-001,117,M4,Pregnancy outcome & details of new-born,4.4.1,Number of Newborns weighed at birth,HMIS-DE-0434,Number of Newborns weighed at birth,Deterministic normalized-label match,Exact source label,Compatible,Existing observed code,3.4.1; 4.4.1,Accepted canonical link,"Header, controlled normalization, module context and canonical April-2025 element dictionary",Analyst-reviewed deterministic rule; custodian validation pending,
HMIS-RPTCOL-JH-0118,HMIS-RPTSCHEMA-JHARKHAND-20260901-001,118,M4,Pregnancy outcome & details of new-born,4.4.2,Number of Newborns having weight less than 2500 gms,HMIS-DE-0428,Number of Newborns having weight less than 2500 gms,Deterministic normalized-label match,Exact source label,Compatible,Existing observed code,3.4.2; 4.4.2,Accepted canonical link,"Header, controlled normalization, module context and canonical April-2025 element dictionary",Analyst-reviewed deterministic rule; custodian validation pending,
HMIS-RPTCOL-JH-0119,HMIS-RPTSCHEMA-JHARKHAND-20260901-001,119,M4,Pregnancy outcome & details of new-born,4.4.2.a,"Out of the above, number of Newborns having weight less than 1800 gms",HMIS-DE-0571,"Out of the above, number of Newborns having weight less than 1800 gms",Deterministic normalized-label match,Exact source label,Compatible,Existing observed code,3.4.2.a; 4.4.2.a,Accepted canonical link,"Header, controlled normalization, module context and canonical April-2025 element dictionary",Analyst-reviewed deterministic rule; custodian validation pending,
HMIS-RPTCOL-JH-0120,HMIS-RPTSCHEMA-JHARKHAND-20260901-001,120,M4,Pregnancy outcome & details of new-born,4.4.3,Number of Newborns breast fed within 1 hour of birth,HMIS-DE-0427,Number of Newborns breast fed within 1 hour of birth,Deterministic normalized-label match,Exact source label,Compatible,Existing observed code,3.4.3; 4.4.3,Accepted canonical link,"Header, controlled normalization, module context and canonical April-2025 element dictionary",Analyst-reviewed deterministic rule; custodian validation pending,
HMIS-RPTCOL-JH-0121,HMIS-RPTSCHEMA-JHARKHAND-20260901-001,121,M4,Pregnancy outcome & details of new-born,4.4.4,No. of Newborns discharged from the facility were exclusively breastfed till discharge,HMIS-DE-0266,No. of Newborns discharged from the facility were exclusively breastfed till discharge,Deterministic normalized-label match,Exact source label,Compatible,Existing observed code,3.4.4; 4.4.4,Accepted canonical link,"Header, controlled normalization, module context and canonical April-2025 element dictionary",Analyst-reviewed deterministic rule; custodian validation pending,
HMIS-RPTCOL-JH-0122,HMIS-RPTSCHEMA-JHARKHAND-20260901-001,122,M4,Pregnancy outcome & details of new-born,4.4.5,Number of Newborns received Donor Human Milk (DHM) in the facility,HMIS-DE-0431,Number of Newborns received Donor Human Milk (DHM) in the facility,Deterministic normalized-label match,Exact source label,Compatible,Existing observed code,4.4.5,Accepted canonical link,"Header, controlled normalization, module context and canonical April-2025 element dictionary",Analyst-reviewed deterministic rule; custodian validation pending,
HMIS-RPTCOL-JH-0123,HMIS-RPTSCHEMA-JHARKHAND-20260901-001,123,M4,Pregnancy outcome & details of new-born,4.5.1,"Number of Newborns screened for defects at birth (as per Comprehensive Newborn Screening, RBSK)",HMIS-DE-0432,"Number of Newborns screened for defects at birth (as per Comprehensive Newborn Screening, RBSK)",Deterministic normalized-label match,Exact source label,Compatible,Existing observed code,3.5.1; 4.5.1,Accepted canonical link,"Header, controlled normalization, module context and canonical April-2025 element dictionary",Analyst-reviewed deterministic rule; custodian validation pending,
HMIS-RPTCOL-JH-0124,HMIS-RPTSCHEMA-JHARKHAND-20260901-001,124,M4,Pregnancy outcome & details of new-born,4.5.1.a,"Number of Newborns identified with visible birth defects (including Neural tube defect, Down’s Syndrome, Cleft Lip & Palate, Club foot and Developmental dysplasia of the hip)",HMIS-DE-0429,"Number of Newborns identified with visible birth defects (including Neural tube defect, Down’s Syndrome, Cleft Lip & Palate, Club foot and Developmental dysplasia of the hip)",Deterministic normalized-label match,Exact source label,Compatible,Existing observed code,3.5.1.a; 4.5.1.a,Accepted canonical link,"Header, controlled normalization, module context and canonical April-2025 element dictionary",Analyst-reviewed deterministic rule; custodian validation pending,
HMIS-RPTCOL-JH-0125,HMIS-RPTSCHEMA-JHARKHAND-20260901-001,125,M4,Pregnancy outcome & details of new-born,4.5.3,Number of SNCU discharged babies screened in DEIC,HMIS-DE-0517,Number of SNCU discharged babies screened in DEIC,Deterministic normalized-label match,Exact source label,Compatible,New report-schema code occurrence,4.5.2,Accepted canonical link,"Header, controlled normalization, module context and canonical April-2025 element dictionary",Analyst-reviewed deterministic rule; custodian validation pending,
HMIS-RPTCOL-JH-0126,HMIS-RPTSCHEMA-JHARKHAND-20260901-001,126,M4,Pregnancy outcome & details of new-born,4.5.5,"Number of children till age 18 years (affected with selected health conditions) managed for 4 Ds (Disease, Deficiency, Developmental Delay & Defect)",HMIS-DE-0325,"Number of children till age 18 years (affected with selected health conditions) managed for 4 Ds (Disease, Deficiency, Developmental Delay & Defect)",Deterministic normalized-label match,Exact source label,Compatible,New report-schema code occurrence,4.5.3,Accepted canonical link,"Header, controlled normalization, module context and canonical April-2025 element dictionary",Analyst-reviewed deterministic rule; custodian validation pending,
HMIS-RPTCOL-JH-0127,HMIS-RPTSCHEMA-JHARKHAND-20260901-001,127,M4,Pregnancy outcome & details of new-born,4.5.6,Number of children till age 18 years (affected with selected health conditions) managed by Intervention - Surgical,HMIS-DE-0324,Number of children till age 18 years (affected with selected health conditions) managed by Intervention - Surgical,Deterministic normalized-label match,Exact source label,Compatible,New report-schema code occurrence,4.5.4,Accepted canonical link,"Header, controlled normalization, module context and canonical April-2025 element dictionary",Analyst-reviewed deterministic rule; custodian validation pending,
HMIS-RPTCOL-JH-0128,HMIS-RPTSCHEMA-JHARKHAND-20260901-001,128,M4,Pregnancy outcome & details of new-born,4.5.7,Number of children till age 18 years managed at DEIC (District Early Intervention Centre),HMIS-DE-0326,Number of children till age 18 years managed at DEIC (District Early Intervention Centre),Deterministic normalized-label match,Exact source label,Compatible,New report-schema code occurrence,4.5.5,Accepted canonical link,"Header, controlled normalization, module context and canonical April-2025 element dictionary",Analyst-reviewed deterministic rule; custodian validation pending,
HMIS-RPTCOL-JH-0129,HMIS-RPTSCHEMA-JHARKHAND-20260901-001,129,M5,Anaemia Mukt Bharat,5.1.1,"Number of women of reproductive age (WRA) 20-49 years (non-pregnant, non-lactating), provided 4 Red Iron and folic acid (IFA) tablets in a month",HMIS-DE-0528,"Number of women of reproductive age (WRA) 20-49 years (non-pregnant, non- lactating), provided 4 Red Iron and folic acid (IFA) tablets in a month",Deterministic normalized-label match,Controlled normalized equivalent,Compatible,Existing observed code,4.1.1; 5.1.1,Accepted canonical link,"Header, controlled normalization, module context and canonical April-2025 element dictionary",Analyst-reviewed deterministic rule; custodian validation pending,
HMIS-RPTCOL-JH-0130,HMIS-RPTSCHEMA-JHARKHAND-20260901-001,130,M5,Anaemia Mukt Bharat,5.1.2,Number of children (6-59 months old) provided 8-10 doses (1ml) of IFA syrup (Bi weekly),HMIS-DE-0311,Number of children (6-59 months old) provided 8-10 doses (1ml) of IFA syrup (Bi weekly),Deterministic normalized-label match,Exact source label,Compatible,Existing observed code,4.1.2; 5.1.2,Accepted canonical link,"Header, controlled normalization, module context and canonical April-2025 element dictionary",Analyst-reviewed deterministic rule; custodian validation pending,
HMIS-RPTCOL-JH-0131,HMIS-RPTSCHEMA-JHARKHAND-20260901-001,131,M5,Anaemia Mukt Bharat,5.1.3.a,Number of out of school children (5 -9 years) given 4-5 IFA Pink tablets at Anganwadi Centres,HMIS-DE-0444,Number of out of school children (5 -9 years) given 4-5 IFA Pink tablets at Anganwadi Centres,Deterministic normalized-label match,Exact source label,Compatible,Existing observed code,4.1.3.a; 5.1.3.a,Accepted canonical link,"Header, controlled normalization, module context and canonical April-2025 element dictionary",Analyst-reviewed deterministic rule; custodian validation pending,
HMIS-RPTCOL-JH-0132,HMIS-RPTSCHEMA-JHARKHAND-20260901-001,132,M5,Anaemia Mukt Bharat,5.2.1.c,Number of out of school adolescent girls (10-19 years) having anaemia (Hb 8.1-11.9 g/dl),HMIS-DE-0440,Number of out of school adolescent girls (10-19 years) having anaemia (Hb 8.1-11.9 g/dl),Deterministic normalized-label match,Exact source label,Compatible,New report-schema code occurrence,4.2.1.a; 5.2.1.a,Accepted canonical link,"Header, controlled normalization, module context and canonical April-2025 element dictionary",Analyst-reviewed deterministic rule; custodian validation pending,
HMIS-RPTCOL-JH-0133,HMIS-RPTSCHEMA-JHARKHAND-20260901-001,133,M5,Anaemia Mukt Bharat,5.2.1.e,Number of lactating mothers (of 0-6 months old child) having anaemia (Hb 8.1-11.9 g/dl),HMIS-DE-0395,Number of lactatingmothers (of 0-6 months old child) having anaemia (Hb 8.1-11.9 g/dl),Deterministic normalized-label match,Controlled normalized equivalent,Compatible,New report-schema code occurrence,4.2.1.b; 5.2.1.b,Accepted canonical link,"Header, controlled normalization, module context and canonical April-2025 element dictionary",Analyst-reviewed deterministic rule; custodian validation pending,
HMIS-RPTCOL-JH-0134,HMIS-RPTSCHEMA-JHARKHAND-20260901-001,134,M5,Anaemia Mukt Bharat,5.2.1.f,"Number of women of reproductive age (non-pregnant, non-lactating) (20-49 years) having anaemia (Hb 8.1-11.9 g/dl)",HMIS-DE-0526,"Number of women of reproductive age (non-pregnant, non-lactating) (20-49 years) having anaemia (Hb 8.1-11.9 g/dl)",Deterministic normalized-label match,Exact source label,Compatible,New report-schema code occurrence,4.2.1.c; 5.2.1.c,Accepted canonical link,"Header, controlled normalization, module context and canonical April-2025 element dictionary",Analyst-reviewed deterministic rule; custodian validation pending,
HMIS-RPTCOL-JH-0135,HMIS-RPTSCHEMA-JHARKHAND-20260901-001,135,M5,Anaemia Mukt Bharat,5.2.2.c,Number of out of school adolescent girls (10-19 years) having severe anaemia (Hb <8 g/dl),HMIS-DE-0441,Number of out of school adolescent girls (10-19 years) having severe anaemia (Hb <8 g/dl),Deterministic normalized-label match,Exact source label,Compatible,New report-schema code occurrence,4.2.2.a; 5.2.2.a,Accepted canonical link,"Header, controlled normalization, module context and canonical April-2025 element dictionary",Analyst-reviewed deterministic rule; custodian validation pending,
HMIS-RPTCOL-JH-0136,HMIS-RPTSCHEMA-JHARKHAND-20260901-001,136,M5,Anaemia Mukt Bharat,5.2.2.e,Number of lactating mothers (of 0-6 months old child) having severe anaemia (Hb <8 g/dl),HMIS-DE-0396,Number of lactatingmothers (of 0-6 months old child) having severe anaemia (Hb <8 g/dl),Deterministic normalized-label match,Controlled normalized equivalent,Compatible,New report-schema code occurrence,4.2.2.b; 5.2.2.b,Accepted canonical link,"Header, controlled normalization, module context and canonical April-2025 element dictionary",Analyst-reviewed deterministic rule; custodian validation pending,
HMIS-RPTCOL-JH-0137,HMIS-RPTSCHEMA-JHARKHAND-20260901-001,137,M5,Anaemia Mukt Bharat,5.2.2.f,"Number of women of reproductive age (non-pregnant, non-lactating) (20-49 years) having severe anaemia (Hb <8 g/dl)",HMIS-DE-0527,"Number of women of reproductive age (non-pregnant, non-lactating) (20-49 years) having severe anaemia (Hb <8 g/dl)",Deterministic normalized-label match,Exact source label,Compatible,New report-schema code occurrence,4.2.2.c; 5.2.2.c,Accepted canonical link,"Header, controlled normalization, module context and canonical April-2025 element dictionary",Analyst-reviewed deterministic rule; custodian validation pending,
HMIS-RPTCOL-JH-0138,HMIS-RPTSCHEMA-JHARKHAND-20260901-001,138,M5,Anaemia Mukt Bharat,5.2.3.a,Number of anaemic in-school Children (5-9 years) put on treatment,HMIS-DE-0284,Number of anaemic in-school Children (5-9 years) put on treatment,Deterministic normalized-label match,Exact source label,Compatible,Existing observed code,4.2.3.a; 5.2.3.a,Accepted canonical link,"Header, controlled normalization, module context and canonical April-2025 element dictionary",Analyst-reviewed deterministic rule; custodian validation pending,
HMIS-RPTCOL-JH-0139,HMIS-RPTSCHEMA-JHARKHAND-20260901-001,139,M5,Anaemia Mukt Bharat,5.2.3.b,Number of anaemic in-school adolescent girls (10-19 years) put on treatment,HMIS-DE-0283,Number of anaemic in-school adolescent girls (10-19 years) put on treatment,Deterministic normalized-label match,Exact source label,Compatible,Existing observed code,4.2.3.b; 5.2.3.b,Accepted canonical link,"Header, controlled normalization, module context and canonical April-2025 element dictionary",Analyst-reviewed deterministic rule; custodian validation pending,
HMIS-RPTCOL-JH-0140,HMIS-RPTSCHEMA-JHARKHAND-20260901-001,140,M5,Anaemia Mukt Bharat,5.2.3.c,Number of anaemic out of school adolescent girls (10-19 years) put on treatment,HMIS-DE-0286,Number of anaemic out of school adolescent girls (10-19 years) put on treatment,Deterministic normalized-label match,Exact source label,Compatible,Existing observed code,4.2.3.c; 5.2.3.c,Accepted canonical link,"Header, controlled normalization, module context and canonical April-2025 element dictionary",Analyst-reviewed deterministic rule; custodian validation pending,
HMIS-RPTCOL-JH-0141,HMIS-RPTSCHEMA-JHARKHAND-20260901-001,141,M5,Anaemia Mukt Bharat,5.2.3.d,Number of anaemic in-school adolescent boys (10-19 years) put on treatment,HMIS-DE-0282,Number of anaemic in-school adolescent boys (10-19 years) put on treatment,Deterministic normalized-label match,Exact source label,Compatible,Existing observed code,4.2.3.d; 5.2.3.d,Accepted canonical link,"Header, controlled normalization, module context and canonical April-2025 element dictionary",Analyst-reviewed deterministic rule; custodian validation pending,
HMIS-RPTCOL-JH-0142,HMIS-RPTSCHEMA-JHARKHAND-20260901-001,142,M5,Anaemia Mukt Bharat,5.2.3.e,Number of anaemic lactating mothers (of 0-6 months old child) put on treatment,HMIS-DE-0285,Number of anaemic lactatingmothers (of 0-6 months old child) put on treatment,Deterministic normalized-label match,Controlled normalized equivalent,Compatible,Existing observed code,4.2.3.e; 5.2.3.e,Accepted canonical link,"Header, controlled normalization, module context and canonical April-2025 element dictionary",Analyst-reviewed deterministic rule; custodian validation pending,
HMIS-RPTCOL-JH-0143,HMIS-RPTSCHEMA-JHARKHAND-20260901-001,143,M5,Anaemia Mukt Bharat,5.2.3.f,"Number of anaemic women of reproductive age (non-pregnant, non-lactating) (20-49 years) put on treatment",HMIS-DE-0288,"Number of anaemic women of reproductive age (non-pregnant, non-lactating) (20-49 years) put on treatment",Deterministic normalized-label match,Exact source label,Compatible,New report-schema code occurrence,4.2.3.f,Accepted canonical link,"Header, controlled normalization, module context and canonical April-2025 element dictionary",Analyst-reviewed deterministic rule; custodian validation pending,
HMIS-RPTCOL-JH-0144,HMIS-RPTSCHEMA-JHARKHAND-20260901-001,144,M5,Anaemia Mukt Bharat,5.2.4.a,Number of lactating mothers (of 0-6 months old child) diagnosed with severe anaemia and put on treatment,HMIS-DE-0394,Number of lactatingmothers (of 0-6 months old child) diagnosed with severe anaemia and put on treatment,Deterministic normalized-label match,Controlled normalized equivalent,Compatible,Existing observed code,5.1.a; 5.2.4.a,Accepted canonical link,"Header, controlled normalization, module context and canonical April-2025 element dictionary",Analyst-reviewed deterministic rule; custodian validation pending,
HMIS-RPTCOL-JH-0145,HMIS-RPTSCHEMA-JHARKHAND-20260901-001,145,M6,Post Natal Care (PNC),6.1,"In case of home delivery, number of women receiving 1st Postpartum checkups within 48 hours",HMIS-DE-0151,"In case of home delivery, number of women receiving 1st Postpartum checkups within 48 hours",Deterministic normalized-label match,Exact source label,Compatible,Existing observed code,5.1; 6.1,Accepted canonical link,"Header, controlled normalization, module context and canonical April-2025 element dictionary",Analyst-reviewed deterministic rule; custodian validation pending,
HMIS-RPTCOL-JH-0146,HMIS-RPTSCHEMA-JHARKHAND-20260901-001,146,M6,Post Natal Care (PNC),6.2,Number of women receiving Postpartum checkup between 48 hours and 14 days after Institutional delivery,HMIS-DE-0531,Number of women receiving Postpartum checkup between 48 hours and 14 days after Institutional delivery,Deterministic normalized-label match,Exact source label,Compatible,Existing observed code,5.2; 6.2,Accepted canonical link,"Header, controlled normalization, module context and canonical April-2025 element dictionary",Analyst-reviewed deterministic rule; custodian validation pending,
HMIS-RPTCOL-JH-0147,HMIS-RPTSCHEMA-JHARKHAND-20260901-001,147,M6,Post Natal Care (PNC),6.3,Number of mothers provided full course of 180 IFA tablets after delivery,HMIS-DE-0421,Number of mothers provided full course of 180 IFA tablets after delivery,Deterministic normalized-label match,Exact source label,Compatible,Existing observed code,5.3; 6.3,Accepted canonical link,"Header, controlled normalization, module context and canonical April-2025 element dictionary",Analyst-reviewed deterministic rule; custodian validation pending,
HMIS-RPTCOL-JH-0148,HMIS-RPTSCHEMA-JHARKHAND-20260901-001,148,M6,Post Natal Care (PNC),6.4,Number of mothers provided full course 360 Calcium tablets after delivery,HMIS-DE-0420,Number of mothers provided full course 360 Calcium tablets after delivery,Deterministic normalized-label match,Exact source label,Compatible,Existing observed code,5.4; 6.4,Accepted canonical link,"Header, controlled normalization, module context and canonical April-2025 element dictionary",Analyst-reviewed deterministic rule; custodian validation pending,
HMIS-RPTCOL-JH-0149,HMIS-RPTSCHEMA-JHARKHAND-20260901-001,149,M6,Post Natal Care (PNC),6.5,Total No of High Risk Mothers identified during Post Natal Period,HMIS-DE-0637,Total No of High Risk Mothers identified during Post Natal Period,Deterministic normalized-label match,Exact source label,Compatible,Existing observed code,5.5; 6.5,Accepted canonical link,"Header, controlled normalization, module context and canonical April-2025 element dictionary",Analyst-reviewed deterministic rule; custodian validation pending,
HMIS-RPTCOL-JH-0150,HMIS-RPTSCHEMA-JHARKHAND-20260901-001,150,M6,Post Natal Care (PNC),6.6,Out of above identified number of High Risk Mothers managed (including referred in cases),HMIS-DE-0537,Out of above identified number of High Risk Mothers managed (including referred in cases),Deterministic normalized-label match,Exact source label,Compatible,Existing observed code,5.6; 6.6,Accepted canonical link,"Header, controlled normalization, module context and canonical April-2025 element dictionary",Analyst-reviewed deterministic rule; custodian validation pending,
HMIS-RPTCOL-JH-0151,HMIS-RPTSCHEMA-JHARKHAND-20260901-001,151,M7,Sexually Transmitted Infections/Reproductive Tract Infections (STI/RTI) Cases,7.1.1,Number of males assessed for STI/RTI,HMIS-DE-0402,Number of males assessed for STI/RTI,Deterministic normalized-label match,Exact source label,Compatible,Existing observed code,6.1.1; 7.1.1,Accepted canonical link,"Header, controlled normalization, module context and canonical April-2025 element dictionary",Analyst-reviewed deterministic rule; custodian validation pending,
HMIS-RPTCOL-JH-0152,HMIS-RPTSCHEMA-JHARKHAND-20260901-001,152,M7,Sexually Transmitted Infections/Reproductive Tract Infections (STI/RTI) Cases,7.1.1.a,"Out of the above, number of males diagnosed with STI/RTI",HMIS-DE-0567,"Out of the above, number of males diagnosed with STI/RTI",Deterministic normalized-label match,Exact source label,Compatible,Existing observed code,6.1.1.a; 7.1.1.a,Accepted canonical link,"Header, controlled normalization, module context and canonical April-2025 element dictionary",Analyst-reviewed deterministic rule; custodian validation pending,
HMIS-RPTCOL-JH-0153,HMIS-RPTSCHEMA-JHARKHAND-20260901-001,153,M7,Sexually Transmitted Infections/Reproductive Tract Infections (STI/RTI) Cases,7.1.1.b,"Out of the above, number of males treated for STI/RTI",HMIS-DE-0569,"Out of the above, number of males treated for STI/RTI",Deterministic normalized-label match,Exact source label,Compatible,Existing observed code,6.1.1.b; 7.1.1.b,Accepted canonical link,"Header, controlled normalization, module context and canonical April-2025 element dictionary",Analyst-reviewed deterministic rule; custodian validation pending,
HMIS-RPTCOL-JH-0154,HMIS-RPTSCHEMA-JHARKHAND-20260901-001,154,M7,Sexually Transmitted Infections/Reproductive Tract Infections (STI/RTI) Cases,7.1.2,Number of females (all females) assessed for STI/RTI,HMIS-DE-0355,Number of females (all females) assessed for STI/RTI,Deterministic normalized-label match,Exact source label,Compatible,Existing observed code,6.1.2; 7.1.2,Accepted canonical link,"Header, controlled normalization, module context and canonical April-2025 element dictionary",Analyst-reviewed deterministic rule; custodian validation pending,
HMIS-RPTCOL-JH-0155,HMIS-RPTSCHEMA-JHARKHAND-20260901-001,155,M7,Sexually Transmitted Infections/Reproductive Tract Infections (STI/RTI) Cases,7.1.2.a,"Out of the above, number of females (all females) diagnosed with STI/RTI",HMIS-DE-0559,"Out of the above, number of females (all females) diagnosed with STI/RTI",Deterministic normalized-label match,Exact source label,Compatible,Existing observed code,6.1.2.a; 7.1.2.a,Accepted canonical link,"Header, controlled normalization, module context and canonical April-2025 element dictionary",Analyst-reviewed deterministic rule; custodian validation pending,
HMIS-RPTCOL-JH-0156,HMIS-RPTSCHEMA-JHARKHAND-20260901-001,156,M7,Sexually Transmitted Infections/Reproductive Tract Infections (STI/RTI) Cases,7.1.2.b,"Out of the above, number of females (all females) treated for STI/RTI",HMIS-DE-0560,"Out of the above, number of females (all females) treated for STI/RTI",Deterministic normalized-label match,Exact source label,Compatible,Existing observed code,6.1.2.b; 7.1.2.b,Accepted canonical link,"Header, controlled normalization, module context and canonical April-2025 element dictionary",Analyst-reviewed deterministic rule; custodian validation pending,
HMIS-RPTCOL-JH-0157,HMIS-RPTSCHEMA-JHARKHAND-20260901-001,157,M7,Sexually Transmitted Infections/Reproductive Tract Infections (STI/RTI) Cases,7.1.3,Number of H/TG assessed for STI/RTI,HMIS-DE-0365,Number of H/TG assessed for STI/RTI,Deterministic normalized-label match,Exact source label,Compatible,Existing observed code,6.1.3; 7.1.3,Accepted canonical link,"Header, controlled normalization, module context and canonical April-2025 element dictionary",Analyst-reviewed deterministic rule; custodian validation pending,
HMIS-RPTCOL-JH-0158,HMIS-RPTSCHEMA-JHARKHAND-20260901-001,158,M7,Sexually Transmitted Infections/Reproductive Tract Infections (STI/RTI) Cases,7.1.3.a,"Out of the above, number of H/TG people diagnosed with STI/RTI",HMIS-DE-0563,"Out of the above, number of H/TG people diagnosed with STI/RTI",Deterministic normalized-label match,Exact source label,Compatible,Existing observed code,6.1.3.a; 7.1.3.a,Accepted canonical link,"Header, controlled normalization, module context and canonical April-2025 element dictionary",Analyst-reviewed deterministic rule; custodian validation pending,
HMIS-RPTCOL-JH-0159,HMIS-RPTSCHEMA-JHARKHAND-20260901-001,159,M7,Sexually Transmitted Infections/Reproductive Tract Infections (STI/RTI) Cases,7.1.3.b,"Out of the above, number of H/TG people treated for STI/RTI",HMIS-DE-0565,"Out of the above, number of H/TG people treated for STI/RTI",Deterministic normalized-label match,Exact source label,Compatible,Existing observed code,6.1.3.b; 7.1.3.b,Accepted canonical link,"Header, controlled normalization, module context and canonical April-2025 element dictionary",Analyst-reviewed deterministic rule; custodian validation pending,
HMIS-RPTCOL-JH-0160,HMIS-RPTSCHEMA-JHARKHAND-20260901-001,160,M8,Family Planning,8.1.1,Number of Non Scalpel Vasectomy (NSV) / Conventional Vasectomy conducted,HMIS-DE-0435,Number of Non Scalpel Vasectomy (NSV) / Conventional Vasectomy conducted,Deterministic normalized-label match,Exact source label,Compatible,Existing observed code,8.1.1,Accepted canonical link,"Header, controlled normalization, module context and canonical April-2025 element dictionary",Analyst-reviewed deterministic rule; custodian validation pending,
HMIS-RPTCOL-JH-0161,HMIS-RPTSCHEMA-JHARKHAND-20260901-001,161,M8,Family Planning,8.2.1,Number of Laparoscopic sterilizations (excluding post-abortion) conducted,HMIS-DE-0397,Number of Laparoscopic sterilizations (excluding post-abortion) conducted,Deterministic normalized-label match,Exact source label,Compatible,Existing observed code,8.2.1,Accepted canonical link,"Header, controlled normalization, module context and canonical April-2025 element dictionary",Analyst-reviewed deterministic rule; custodian validation pending,
HMIS-RPTCOL-JH-0162,HMIS-RPTSCHEMA-JHARKHAND-20260901-001,162,M8,Family Planning,8.2.2,Number of Interval sterilizations (Mini-lap/Conventional) (other than post-partum and post abortion) conducted,HMIS-DE-0391,Number of Interval sterilizations (Mini-lap/Conventional) (other than post-partum and post abortion) conducted,Deterministic normalized-label match,Exact source label,Compatible,Existing observed code,8.2.2,Accepted canonical link,"Header, controlled normalization, module context and canonical April-2025 element dictionary",Analyst-reviewed deterministic rule; custodian validation pending,
HMIS-RPTCOL-JH-0163,HMIS-RPTSCHEMA-JHARKHAND-20260901-001,163,M8,Family Planning,8.2.3,Number of Postpartum sterilizations (within 7 days of delivery by minilap or concurrent with caesarean section) conducted,HMIS-DE-0456,Number of Postpartum sterilizations (within 7 days of delivery by minilap or concurrent with caesarean section) conducted,Deterministic normalized-label match,Exact source label,Compatible,Existing observed code,8.2.3,Accepted canonical link,"Header, controlled normalization, module context and canonical April-2025 element dictionary",Analyst-reviewed deterministic rule; custodian validation pending,
HMIS-RPTCOL-JH-0164,HMIS-RPTSCHEMA-JHARKHAND-20260901-001,164,M8,Family Planning,8.2.4,Number of Post-abortion sterilizations (within 7 days of spontaneous or surgical abortion) conducted,HMIS-DE-0453,Number of Post-abortion sterilizations (within 7 days of spontaneous or surgical abortion) conducted,Deterministic normalized-label match,Exact source label,Compatible,Existing observed code,8.2.4,Accepted canonical link,"Header, controlled normalization, module context and canonical April-2025 element dictionary",Analyst-reviewed deterministic rule; custodian validation pending,
HMIS-RPTCOL-JH-0165,HMIS-RPTSCHEMA-JHARKHAND-20260901-001,165,M8,Family Planning,8.3,Number of Interval IUCD Insertions (excluding PPIUCD and PAIUCD),HMIS-DE-0390,Number of Interval IUCD Insertions (excluding PPIUCD and PAIUCD),Deterministic normalized-label match,Exact source label,Compatible,Existing observed code,7.1; 8.3,Accepted canonical link,"Header, controlled normalization, module context and canonical April-2025 element dictionary",Analyst-reviewed deterministic rule; custodian validation pending,
HMIS-RPTCOL-JH-0166,HMIS-RPTSCHEMA-JHARKHAND-20260901-001,166,M8,Family Planning,8.4,Number of Postpartum (within 48 hours of delivery) IUCD insertions,HMIS-DE-0455,Number of Postpartum (within 48 hours of delivery) IUCD insertions,Deterministic normalized-label match,Exact source label,Compatible,Existing observed code,7.2; 8.4,Accepted canonical link,"Header, controlled normalization, module context and canonical April-2025 element dictionary",Analyst-reviewed deterministic rule; custodian validation pending,
HMIS-RPTCOL-JH-0167,HMIS-RPTSCHEMA-JHARKHAND-20260901-001,167,M8,Family Planning,8.5,Number of Post-abortion (within 12 days of spontaneous or surgical abortion) IUCD insertions,HMIS-DE-0452,Number of Post-abortion (within 12 days of Spontaneous or surgical abortion) IUCD insertions,Deterministic normalized-label match,Controlled normalized equivalent,Compatible,Existing observed code,8.5,Accepted canonical link,"Header, controlled normalization, module context and canonical April-2025 element dictionary",Analyst-reviewed deterministic rule; custodian validation pending,
HMIS-RPTCOL-JH-0168,HMIS-RPTSCHEMA-JHARKHAND-20260901-001,168,M8,Family Planning,8.6,Number of IUCD Removals,HMIS-DE-0392,Number of IUCD Removals,Deterministic normalized-label match,Exact source label,Compatible,Existing observed code,7.3; 8.6,Accepted canonical link,"Header, controlled normalization, module context and canonical April-2025 element dictionary",Analyst-reviewed deterministic rule; custodian validation pending,
HMIS-RPTCOL-JH-0169,HMIS-RPTSCHEMA-JHARKHAND-20260901-001,169,M8,Family Planning,8.7,Number of complications following IUCD Insertion,HMIS-DE-0329,Number of complications following IUCD Insertion,Deterministic normalized-label match,Exact source label,Compatible,Existing observed code,7.4; 8.7,Accepted canonical link,"Header, controlled normalization, module context and canonical April-2025 element dictionary",Analyst-reviewed deterministic rule; custodian validation pending,
HMIS-RPTCOL-JH-0170,HMIS-RPTSCHEMA-JHARKHAND-20260901-001,170,M8,Family Planning,8.8.1,Injectable Contraceptive MPA (Intra Muscular) - First Dose,HMIS-DE-0161,Injectable Contraceptive MPA (Intra Muscular) - First Dose,Deterministic normalized-label match,Exact source label,Compatible,Existing observed code,7.5.1; 8.8.1,Accepted canonical link,"Header, controlled normalization, module context and canonical April-2025 element dictionary",Analyst-reviewed deterministic rule; custodian validation pending,
HMIS-RPTCOL-JH-0171,HMIS-RPTSCHEMA-JHARKHAND-20260901-001,171,M8,Family Planning,8.8.2,Injectable Contraceptive MPA (Sub Cutaneous) - First Dose,HMIS-DE-0165,Injectable Contraceptive MPA (Sub Cutaneous) - First Dose,Deterministic normalized-label match,Exact source label,Compatible,Existing observed code,7.5.2; 8.8.2,Accepted canonical link,"Header, controlled normalization, module context and canonical April-2025 element dictionary",Analyst-reviewed deterministic rule; custodian validation pending,
HMIS-RPTCOL-JH-0172,HMIS-RPTSCHEMA-JHARKHAND-20260901-001,172,M8,Family Planning,8.9.1,Injectable Contraceptive MPA (Intra Muscular) - Second Dose,HMIS-DE-0163,Injectable Contraceptive MPA (Intra Muscular) - Second Dose,Deterministic normalized-label match,Exact source label,Compatible,Existing observed code,7.6.1; 8.9.1,Accepted canonical link,"Header, controlled normalization, module context and canonical April-2025 element dictionary",Analyst-reviewed deterministic rule; custodian validation pending,
HMIS-RPTCOL-JH-0173,HMIS-RPTSCHEMA-JHARKHAND-20260901-001,173,M8,Family Planning,8.9.2,Injectable Contraceptive MPA (Sub Cutaneous)- Second Dose,HMIS-DE-0167,Injectable Contraceptive MPA (Sub Cutaneous)- Second Dose,Deterministic normalized-label match,Exact source label,Compatible,Existing observed code,7.6.2; 8.9.2,Accepted canonical link,"Header, controlled normalization, module context and canonical April-2025 element dictionary",Analyst-reviewed deterministic rule; custodian validation pending,
HMIS-RPTCOL-JH-0174,HMIS-RPTSCHEMA-JHARKHAND-20260901-001,174,M8,Family Planning,8.10.1,Injectable Contraceptive MPA (Intra Muscular) - Third Dose,HMIS-DE-0164,Injectable Contraceptive MPA (Intra Muscular) - Third Dose,Deterministic normalized-label match,Exact source label,Compatible,Existing observed code,7.7.1; 8.10.1,Accepted canonical link,"Header, controlled normalization, module context and canonical April-2025 element dictionary",Analyst-reviewed deterministic rule; custodian validation pending,
HMIS-RPTCOL-JH-0175,HMIS-RPTSCHEMA-JHARKHAND-20260901-001,175,M8,Family Planning,8.10.2,Injectable Contraceptive MPA (Sub Cutaneous)- Third Dose,HMIS-DE-0168,Injectable Contraceptive MPA (Sub Cutaneous)- Third Dose,Deterministic normalized-label match,Exact source label,Compatible,Existing observed code,7.7.2; 8.10.2,Accepted canonical link,"Header, controlled normalization, module context and canonical April-2025 element dictionary",Analyst-reviewed deterministic rule; custodian validation pending,
HMIS-RPTCOL-JH-0176,HMIS-RPTSCHEMA-JHARKHAND-20260901-001,176,M8,Family Planning,8.11.1,Injectable Contraceptive MPA (Intra Muscular) - Fourth and above Dose,HMIS-DE-0162,Injectable Contraceptive MPA (Intra Muscular) - Fourth and above Dose,Deterministic normalized-label match,Exact source label,Compatible,Existing observed code,7.8.1; 8.11.1,Accepted canonical link,"Header, controlled normalization, module context and canonical April-2025 element dictionary",Analyst-reviewed deterministic rule; custodian validation pending,
HMIS-RPTCOL-JH-0177,HMIS-RPTSCHEMA-JHARKHAND-20260901-001,177,M8,Family Planning,8.11.2,Injectable Contraceptive MPA (Sub Cutaneous)- Fourth and above Dose,HMIS-DE-0166,Injectable Contraceptive MPA (Sub Cutaneous)- Fourth and above Dose,Deterministic normalized-label match,Exact source label,Compatible,Existing observed code,7.8.2; 8.11.2,Accepted canonical link,"Header, controlled normalization, module context and canonical April-2025 element dictionary",Analyst-reviewed deterministic rule; custodian validation pending,
HMIS-RPTCOL-JH-0178,HMIS-RPTSCHEMA-JHARKHAND-20260901-001,178,M8,Family Planning,8.12,Number of Combined Oral Pill cycles distributed to the beneficiary,HMIS-DE-0328,Number of Combined Oral Pill cycles distributed to the beneficiary,Deterministic normalized-label match,Exact source label,Compatible,Existing observed code,7.9; 8.12,Accepted canonical link,"Header, controlled normalization, module context and canonical April-2025 element dictionary",Analyst-reviewed deterministic rule; custodian validation pending,
HMIS-RPTCOL-JH-0179,HMIS-RPTSCHEMA-JHARKHAND-20260901-001,179,M8,Family Planning,8.13,Number of Condom pieces distributed to the beneficiary,HMIS-DE-0330,Number of Condom pieces distributed to the beneficiary,Deterministic normalized-label match,Exact source label,Compatible,Existing observed code,7.10; 8.13,Accepted canonical link,"Header, controlled normalization, module context and canonical April-2025 element dictionary",Analyst-reviewed deterministic rule; custodian validation pending,
HMIS-RPTCOL-JH-0180,HMIS-RPTSCHEMA-JHARKHAND-20260901-001,180,M8,Family Planning,8.14,Number of Centchroman (weekly) pill strips distributed to the beneficiary,HMIS-DE-0302,Number of Centchroman (weekly) pill strips distributed to the beneficiary,Deterministic normalized-label match,Exact source label,Compatible,Existing observed code,7.11; 8.14,Accepted canonical link,"Header, controlled normalization, module context and canonical April-2025 element dictionary",Analyst-reviewed deterministic rule; custodian validation pending,
HMIS-RPTCOL-JH-0181,HMIS-RPTSCHEMA-JHARKHAND-20260901-001,181,M8,Family Planning,8.15,Number of Emergency Contraceptive Pills (ECP) given to the beneficiary,HMIS-DE-0354,Number of Emergency Contraceptive Pills (ECP) given to the beneficiary,Deterministic normalized-label match,Exact source label,Compatible,Existing observed code,7.12; 8.15,Accepted canonical link,"Header, controlled normalization, module context and canonical April-2025 element dictionary",Analyst-reviewed deterministic rule; custodian validation pending,
HMIS-RPTCOL-JH-0182,HMIS-RPTSCHEMA-JHARKHAND-20260901-001,182,M8,Family Planning,8.16,Number of Pregnancy Test Kits (PTK) utilized,HMIS-DE-0460,Number of Pregnancy Test Kits (PTK) utilized,Deterministic normalized-label match,Exact source label,Compatible,Existing observed code,7.13; 8.16,Accepted canonical link,"Header, controlled normalization, module context and canonical April-2025 element dictionary",Analyst-reviewed deterministic rule; custodian validation pending,
HMIS-RPTCOL-JH-0183,HMIS-RPTSCHEMA-JHARKHAND-20260901-001,183,M8,Family Planning,8.17.1,No. of Subdermal Contraceptive Implant inserted,HMIS-DE-0272,No. of Subdermal Contraceptive Implant inserted,Deterministic normalized-label match,Exact source label,Compatible,Existing observed code,7.14.1; 8.17.1,Accepted canonical link,"Header, controlled normalization, module context and canonical April-2025 element dictionary",Analyst-reviewed deterministic rule; custodian validation pending,
HMIS-RPTCOL-JH-0184,HMIS-RPTSCHEMA-JHARKHAND-20260901-001,184,M8,Family Planning,8.17.2,No. of Subdermal Contraceptive Implant removed,HMIS-DE-0273,No. of Subdermal Contraceptive Implant removed,Deterministic normalized-label match,Exact source label,Compatible,Existing observed code,7.14.2; 8.17.2,Accepted canonical link,"Header, controlled normalization, module context and canonical April-2025 element dictionary",Analyst-reviewed deterministic rule; custodian validation pending,
HMIS-RPTCOL-JH-0185,HMIS-RPTSCHEMA-JHARKHAND-20260901-001,185,M8,Family Planning,8.18.1,Complications following male sterilization,HMIS-DE-0094,Complications followingmale sterilization,Deterministic normalized-label match,Controlled normalized equivalent,Compatible,Existing observed code,7.15.1; 8.18.1,Accepted canonical link,"Header, controlled normalization, module context and canonical April-2025 element dictionary",Analyst-reviewed deterministic rule; custodian validation pending,
HMIS-RPTCOL-JH-0186,HMIS-RPTSCHEMA-JHARKHAND-20260901-001,186,M8,Family Planning,8.18.2,Complications following female sterilization,HMIS-DE-0093,Complications following female sterilization,Deterministic normalized-label match,Exact source label,Compatible,Existing observed code,7.15.2; 8.18.2,Accepted canonical link,"Header, controlled normalization, module context and canonical April-2025 element dictionary",Analyst-reviewed deterministic rule; custodian validation pending,
HMIS-RPTCOL-JH-0187,HMIS-RPTSCHEMA-JHARKHAND-20260901-001,187,M8,Family Planning,8.18.3,Failures following male sterilization,HMIS-DE-0132,Failures followingmale sterilization,Deterministic normalized-label match,Controlled normalized equivalent,Compatible,Existing observed code,8.18.3,Accepted canonical link,"Header, controlled normalization, module context and canonical April-2025 element dictionary",Analyst-reviewed deterministic rule; custodian validation pending,
HMIS-RPTCOL-JH-0188,HMIS-RPTSCHEMA-JHARKHAND-20260901-001,188,M8,Family Planning,8.18.4,Failures following female sterilization,HMIS-DE-0131,Failures following female sterilization,Deterministic normalized-label match,Exact source label,Compatible,Existing observed code,8.18.4,Accepted canonical link,"Header, controlled normalization, module context and canonical April-2025 element dictionary",Analyst-reviewed deterministic rule; custodian validation pending,
HMIS-RPTCOL-JH-0189,HMIS-RPTSCHEMA-JHARKHAND-20260901-001,189,M8,Family Planning,8.18.5,Deaths following male sterilization,HMIS-DE-0101,Deaths followingmale sterilization,Deterministic normalized-label match,Controlled normalized equivalent,Compatible,Existing observed code,8.18.5,Accepted canonical link,"Header, controlled normalization, module context and canonical April-2025 element dictionary",Analyst-reviewed deterministic rule; custodian validation pending,
HMIS-RPTCOL-JH-0190,HMIS-RPTSCHEMA-JHARKHAND-20260901-001,190,M8,Family Planning,8.18.6,Deaths following female sterilization,HMIS-DE-0100,Deaths following female sterilization,Deterministic normalized-label match,Exact source label,Compatible,Existing observed code,8.18.6,Accepted canonical link,"Header, controlled normalization, module context and canonical April-2025 element dictionary",Analyst-reviewed deterministic rule; custodian validation pending,
HMIS-RPTCOL-JH-0191,HMIS-RPTSCHEMA-JHARKHAND-20260901-001,191,M8,Family Planning,8.19.1,Number of cases of Female Sterilization followed up (after 1 month or on the resumption of her menstrual cycle whichever is earlier),HMIS-DE-0299,Number of cases of Female Sterilization followed up (after 1 month or on the resumption of her menstrual cycle whichever is earlier),Deterministic normalized-label match,Exact source label,Compatible,Existing observed code,8.19.1,Accepted canonical link,"Header, controlled normalization, module context and canonical April-2025 element dictionary",Analyst-reviewed deterministic rule; custodian validation pending,
HMIS-RPTCOL-JH-0192,HMIS-RPTSCHEMA-JHARKHAND-20260901-001,192,M8,Family Planning,8.19.2,Number of cases of Male Sterilization followed up (after 3 months),HMIS-DE-0300,Number of cases of Male Sterilization followed up (after 3 months),Deterministic normalized-label match,Exact source label,Compatible,Existing observed code,8.19.2,Accepted canonical link,"Header, controlled normalization, module context and canonical April-2025 element dictionary",Analyst-reviewed deterministic rule; custodian validation pending,
HMIS-RPTCOL-JH-0193,HMIS-RPTSCHEMA-JHARKHAND-20260901-001,193,M9,CHILD IMMUNISATION,9.1.1,Child immunisation - Vitamin K (Birth Dose),HMIS-DE-0065,Child immunisation - Vitamin K (Birth Dose),Deterministic normalized-label match,Exact source label,Compatible,Existing observed code,8.1.1; 9.1.1,Accepted canonical link,"Header, controlled normalization, module context and canonical April-2025 element dictionary",Analyst-reviewed deterministic rule; custodian validation pending,
HMIS-RPTCOL-JH-0194,HMIS-RPTSCHEMA-JHARKHAND-20260901-001,194,M9,CHILD IMMUNISATION,9.1.2,Child immunisation - BCG,HMIS-DE-0036,Child immunisation - BCG,Deterministic normalized-label match,Exact source label,Compatible,Existing observed code,8.1.2; 9.1.2,Accepted canonical link,"Header, controlled normalization, module context and canonical April-2025 element dictionary",Analyst-reviewed deterministic rule; custodian validation pending,
HMIS-RPTCOL-JH-0195,HMIS-RPTSCHEMA-JHARKHAND-20260901-001,195,M9,CHILD IMMUNISATION,9.1.3,Child immunisation - Pentavalent 1,HMIS-DE-0056,Child immunisation - Pentavalent 1,Deterministic normalized-label match,Exact source label,Compatible,Existing observed code,8.1.3; 9.1.3,Accepted canonical link,"Header, controlled normalization, module context and canonical April-2025 element dictionary",Analyst-reviewed deterministic rule; custodian validation pending,
HMIS-RPTCOL-JH-0196,HMIS-RPTSCHEMA-JHARKHAND-20260901-001,196,M9,CHILD IMMUNISATION,9.1.4,Child immunisation - Pentavalent 2,HMIS-DE-0057,Child immunisation - Pentavalent 2,Deterministic normalized-label match,Exact source label,Compatible,Existing observed code,8.1.4; 9.1.4,Accepted canonical link,"Header, controlled normalization, module context and canonical April-2025 element dictionary",Analyst-reviewed deterministic rule; custodian validation pending,
HMIS-RPTCOL-JH-0197,HMIS-RPTSCHEMA-JHARKHAND-20260901-001,197,M9,CHILD IMMUNISATION,9.1.5,Child immunisation - Pentavalent 3,HMIS-DE-0058,Child immunisation - Pentavalent 3,Deterministic normalized-label match,Exact source label,Compatible,Existing observed code,8.1.5; 9.1.5,Accepted canonical link,"Header, controlled normalization, module context and canonical April-2025 element dictionary",Analyst-reviewed deterministic rule; custodian validation pending,
HMIS-RPTCOL-JH-0198,HMIS-RPTSCHEMA-JHARKHAND-20260901-001,198,M9,CHILD IMMUNISATION,9.1.6,Child immunisation - OPV 0 (Birth Dose),HMIS-DE-0047,Child immunisation - OPV 0 (Birth Dose),Deterministic normalized-label match,Exact source label,Compatible,Existing observed code,8.1.6; 9.1.6,Accepted canonical link,"Header, controlled normalization, module context and canonical April-2025 element dictionary",Analyst-reviewed deterministic rule; custodian validation pending,
HMIS-RPTCOL-JH-0199,HMIS-RPTSCHEMA-JHARKHAND-20260901-001,199,M9,CHILD IMMUNISATION,9.1.7,Child immunisation - OPV1,HMIS-DE-0050,Child immunisation - OPV1,Deterministic normalized-label match,Exact source label,Compatible,Existing observed code,8.1.7; 9.1.7,Accepted canonical link,"Header, controlled normalization, module context and canonical April-2025 element dictionary",Analyst-reviewed deterministic rule; custodian validation pending,
HMIS-RPTCOL-JH-0200,HMIS-RPTSCHEMA-JHARKHAND-20260901-001,200,M9,CHILD IMMUNISATION,9.1.8,Child immunisation - OPV2,HMIS-DE-0051,Child immunisation - OPV2,Deterministic normalized-label match,Exact source label,Compatible,Existing observed code,8.1.8; 9.1.8,Accepted canonical link,"Header, controlled normalization, module context and canonical April-2025 element dictionary",Analyst-reviewed deterministic rule; custodian validation pending,
HMIS-RPTCOL-JH-0201,HMIS-RPTSCHEMA-JHARKHAND-20260901-001,201,M9,CHILD IMMUNISATION,9.1.9,Child immunisation - OPV3,HMIS-DE-0052,Child immunisation - OPV3,Deterministic normalized-label match,Exact source label,Compatible,Existing observed code,8.1.9; 9.1.9,Accepted canonical link,"Header, controlled normalization, module context and canonical April-2025 element dictionary",Analyst-reviewed deterministic rule; custodian validation pending,
HMIS-RPTCOL-JH-0202,HMIS-RPTSCHEMA-JHARKHAND-20260901-001,202,M9,CHILD IMMUNISATION,9.1.10,Child immunisation - Hepatitis-B0 (Birth Dose),HMIS-DE-0042,Child immunisation - Hepatitis-B0 (Birth Dose),Deterministic normalized-label match,Exact source label,Compatible,Existing observed code,8.1.10; 9.1.10,Accepted canonical link,"Header, controlled normalization, module context and canonical April-2025 element dictionary",Analyst-reviewed deterministic rule; custodian validation pending,
HMIS-RPTCOL-JH-0203,HMIS-RPTSCHEMA-JHARKHAND-20260901-001,203,M9,CHILD IMMUNISATION,9.1.11,Child immunisation - Inactivated Injectable Polio Vaccine 1 (IPV 1),HMIS-DE-0043,Child immunisation - Inactivated Injectable Polio Vaccine 1 (IPV 1),Deterministic normalized-label match,Exact source label,Compatible,Existing observed code,8.1.11; 9.1.11,Accepted canonical link,"Header, controlled normalization, module context and canonical April-2025 element dictionary",Analyst-reviewed deterministic rule; custodian validation pending,
HMIS-RPTCOL-JH-0204,HMIS-RPTSCHEMA-JHARKHAND-20260901-001,204,M9,CHILD IMMUNISATION,9.1.12,Child immunisation - Inactivated Injectable Polio Vaccine 2 (IPV 2),HMIS-DE-0044,Child immunisation - Inactivated Injectable Polio Vaccine 2 (IPV 2),Deterministic normalized-label match,Exact source label,Compatible,Existing observed code,8.1.12; 9.1.12,Accepted canonical link,"Header, controlled normalization, module context and canonical April-2025 element dictionary",Analyst-reviewed deterministic rule; custodian validation pending,
HMIS-RPTCOL-JH-0205,HMIS-RPTSCHEMA-JHARKHAND-20260901-001,205,M9,CHILD IMMUNISATION,9.1.13,Child immunisation - Rotavirus 1,HMIS-DE-0059,Child immunisation - Rotavirus 1,Deterministic normalized-label match,Exact source label,Compatible,Existing observed code,8.1.13; 9.1.13,Accepted canonical link,"Header, controlled normalization, module context and canonical April-2025 element dictionary",Analyst-reviewed deterministic rule; custodian validation pending,
HMIS-RPTCOL-JH-0206,HMIS-RPTSCHEMA-JHARKHAND-20260901-001,206,M9,CHILD IMMUNISATION,9.1.14,Child immunisation - Rotavirus 2,HMIS-DE-0060,Child immunisation - Rotavirus 2,Deterministic normalized-label match,Exact source label,Compatible,Existing observed code,8.1.14; 9.1.14,Accepted canonical link,"Header, controlled normalization, module context and canonical April-2025 element dictionary",Analyst-reviewed deterministic rule; custodian validation pending,
HMIS-RPTCOL-JH-0207,HMIS-RPTSCHEMA-JHARKHAND-20260901-001,207,M9,CHILD IMMUNISATION,9.1.15,Child immunisation - Rotavirus 3,HMIS-DE-0061,Child immunisation - Rotavirus 3,Deterministic normalized-label match,Exact source label,Compatible,Existing observed code,8.1.15; 9.1.15,Accepted canonical link,"Header, controlled normalization, module context and canonical April-2025 element dictionary",Analyst-reviewed deterministic rule; custodian validation pending,
HMIS-RPTCOL-JH-0208,HMIS-RPTSCHEMA-JHARKHAND-20260901-001,208,M9,CHILD IMMUNISATION,9.1.16,Child immunisation - PCV1,HMIS-DE-0054,Child immunisation - PCV1,Deterministic normalized-label match,Exact source label,Compatible,Existing observed code,8.1.16; 9.1.16,Accepted canonical link,"Header, controlled normalization, module context and canonical April-2025 element dictionary",Analyst-reviewed deterministic rule; custodian validation pending,
HMIS-RPTCOL-JH-0209,HMIS-RPTSCHEMA-JHARKHAND-20260901-001,209,M9,CHILD IMMUNISATION,9.1.17,Child immunisation - PCV2,HMIS-DE-0055,Child immunisation - PCV2,Deterministic normalized-label match,Exact source label,Compatible,Existing observed code,8.1.17; 9.1.17,Accepted canonical link,"Header, controlled normalization, module context and canonical April-2025 element dictionary",Analyst-reviewed deterministic rule; custodian validation pending,
HMIS-RPTCOL-JH-0210,HMIS-RPTSCHEMA-JHARKHAND-20260901-001,210,M9,CHILD IMMUNISATION,9.2.1,Child immunisation(9 - 11 months) - Inactivated Injectable Polio Vaccine 3 (IPV 3),HMIS-DE-0066,Child immunisation(9 - 11 months) - Inactivated Injectable Polio Vaccine 3 (IPV 3),Deterministic normalized-label match,Exact source label,Compatible,Existing observed code,8.2.1; 9.2.1,Accepted canonical link,"Header, controlled normalization, module context and canonical April-2025 element dictionary",Analyst-reviewed deterministic rule; custodian validation pending,
HMIS-RPTCOL-JH-0211,HMIS-RPTSCHEMA-JHARKHAND-20260901-001,211,M9,CHILD IMMUNISATION,9.2.2,Child immunisation (9-11months) - Measles & Rubella (MR)/Measles containing vaccine(MCV) - 1st Dose,HMIS-DE-0034,Child immunisation (9-11months) - Measles & Rubella (MR)/Measles containing vaccine(MCV) - 1st Dose,Deterministic normalized-label match,Exact source label,Compatible,Existing observed code,8.2.2; 9.2.2,Accepted canonical link,"Header, controlled normalization, module context and canonical April-2025 element dictionary",Analyst-reviewed deterministic rule; custodian validation pending,
HMIS-RPTCOL-JH-0212,HMIS-RPTSCHEMA-JHARKHAND-20260901-001,212,M9,CHILD IMMUNISATION,9.2.3,Child immunisation (9-11months) - JE 1st dose,HMIS-DE-0033,Child immunisation (9-11months) - JE 1st dose,Deterministic normalized-label match,Exact source label,Compatible,Existing observed code,8.2.3; 9.2.3,Accepted canonical link,"Header, controlled normalization, module context and canonical April-2025 element dictionary",Analyst-reviewed deterministic rule; custodian validation pending,
HMIS-RPTCOL-JH-0213,HMIS-RPTSCHEMA-JHARKHAND-20260901-001,213,M9,CHILD IMMUNISATION,9.2.4,Child immunisation - PCV Booster,HMIS-DE-0053,Child immunisation - PCV Booster,Deterministic normalized-label match,Exact source label,Compatible,Existing observed code,8.2.4; 9.2.4,Accepted canonical link,"Header, controlled normalization, module context and canonical April-2025 element dictionary",Analyst-reviewed deterministic rule; custodian validation pending,
HMIS-RPTCOL-JH-0214,HMIS-RPTSCHEMA-JHARKHAND-20260901-001,214,M9,CHILD IMMUNISATION,9.2.5.a,FULLY IMMUNIZED children aged between 9 and <12 months- Male,HMIS-DE-0136,FULLY IMMUNIZED children aged between 9 and <12 months- Male,Deterministic normalized-label match,Exact source label,Compatible,Existing observed code,8.2.5.a; 9.2.5.a,Accepted canonical link,"Header, controlled normalization, module context and canonical April-2025 element dictionary",Analyst-reviewed deterministic rule; custodian validation pending,
HMIS-RPTCOL-JH-0215,HMIS-RPTSCHEMA-JHARKHAND-20260901-001,215,M9,CHILD IMMUNISATION,9.2.5.b,FULLY IMMUNIZED children aged between 9 and <12 months- Female,HMIS-DE-0135,FULLY IMMUNIZED children aged between 9 and <12 months- Female,Deterministic normalized-label match,Exact source label,Compatible,Existing observed code,8.2.5.b; 9.2.5.b,Accepted canonical link,"Header, controlled normalization, module context and canonical April-2025 element dictionary",Analyst-reviewed deterministic rule; custodian validation pending,
HMIS-RPTCOL-JH-0216,HMIS-RPTSCHEMA-JHARKHAND-20260901-001,216,M9,CHILD IMMUNISATION,9.3.1,Child immunisation(after 12 months-delayed vaccination) - Measles & Rubella (MR)/Measles containing vaccine(MCV)- 1st Dose,HMIS-DE-0067,Child immunisation(after 12 months-delayed vaccination) - Measles & Rubella (MR)/Measles containing vaccine(MCV)- 1st Dose,Deterministic normalized-label match,Exact source label,Compatible,Existing observed code,8.3.1; 9.3.1,Accepted canonical link,"Header, controlled normalization, module context and canonical April-2025 element dictionary",Analyst-reviewed deterministic rule; custodian validation pending,
HMIS-RPTCOL-JH-0217,HMIS-RPTSCHEMA-JHARKHAND-20260901-001,217,M9,CHILD IMMUNISATION,9.3.2,Child immunisation (after 12 months-delayed vaccination) - JE 1st dose,HMIS-DE-0035,Child immunisation (after 12 months-delayed vaccination) - JE 1st dose,Deterministic normalized-label match,Exact source label,Compatible,Existing observed code,8.3.2; 9.3.2,Accepted canonical link,"Header, controlled normalization, module context and canonical April-2025 element dictionary",Analyst-reviewed deterministic rule; custodian validation pending,
HMIS-RPTCOL-JH-0218,HMIS-RPTSCHEMA-JHARKHAND-20260901-001,218,M9,CHILD IMMUNISATION,9.3.3,Child immunisation - DPT 1 after 12 months of age (delayed vaccination),HMIS-DE-0037,Child immunisation - DPT 1 after 12 months of age (delayed vaccination),Deterministic normalized-label match,Exact source label,Compatible,Existing observed code,8.3.3; 9.3.3,Accepted canonical link,"Header, controlled normalization, module context and canonical April-2025 element dictionary",Analyst-reviewed deterministic rule; custodian validation pending,
HMIS-RPTCOL-JH-0219,HMIS-RPTSCHEMA-JHARKHAND-20260901-001,219,M9,CHILD IMMUNISATION,9.3.4,Child immunisation - DPT 2 after 12 months of age (delayed vaccination),HMIS-DE-0039,Child immunisation - DPT 2 after 12 months of age (delayed vaccination),Deterministic normalized-label match,Exact source label,Compatible,Existing observed code,8.3.4; 9.3.4,Accepted canonical link,"Header, controlled normalization, module context and canonical April-2025 element dictionary",Analyst-reviewed deterministic rule; custodian validation pending,
HMIS-RPTCOL-JH-0220,HMIS-RPTSCHEMA-JHARKHAND-20260901-001,220,M9,CHILD IMMUNISATION,9.3.5,Child immunisation - DPT 3 after 12 months of age (delayed vaccination),HMIS-DE-0040,Child immunisation - DPT 3 after 12 months of age (delayed vaccination),Deterministic normalized-label match,Exact source label,Compatible,Existing observed code,8.3.5; 9.3.5,Accepted canonical link,"Header, controlled normalization, module context and canonical April-2025 element dictionary",Analyst-reviewed deterministic rule; custodian validation pending,
HMIS-RPTCOL-JH-0221,HMIS-RPTSCHEMA-JHARKHAND-20260901-001,221,M9,CHILD IMMUNISATION,9.3.6,Child immunisation - DPT Booster after 24 months of age (delayed vaccination),HMIS-DE-0041,Child immunisation - DPT Booster after 24 months of age (delayed vaccination),Deterministic normalized-label match,Exact source label,Compatible,Existing observed code,8.3.6; 9.3.6,Accepted canonical link,"Header, controlled normalization, module context and canonical April-2025 element dictionary",Analyst-reviewed deterministic rule; custodian validation pending,
HMIS-RPTCOL-JH-0222,HMIS-RPTSCHEMA-JHARKHAND-20260901-001,222,M9,CHILD IMMUNISATION,9.3.7,Child immunisation - OPV Booster after 24 months of age (delayed vaccination),HMIS-DE-0049,Child immunisation - OPV Booster after 24 months of age (delayed vaccination),Deterministic normalized-label match,Exact source label,Compatible,Existing observed code,8.3.7; 9.3.7,Accepted canonical link,"Header, controlled normalization, module context and canonical April-2025 element dictionary",Analyst-reviewed deterministic rule; custodian validation pending,
HMIS-RPTCOL-JH-0223,HMIS-RPTSCHEMA-JHARKHAND-20260901-001,223,M9,CHILD IMMUNISATION,9.3.8,Child immunisation - JE Booster after 24 months of age (delayed vaccination),HMIS-DE-0045,Child immunisation - JE Booster after 24 months of age (delayed vaccination),Deterministic normalized-label match,Exact source label,Compatible,Existing observed code,8.3.8; 9.3.8,Accepted canonical link,"Header, controlled normalization, module context and canonical April-2025 element dictionary",Analyst-reviewed deterministic rule; custodian validation pending,
HMIS-RPTCOL-JH-0224,HMIS-RPTSCHEMA-JHARKHAND-20260901-001,224,M9,CHILD IMMUNISATION,9.4.1,Child immunisation - Measles & Rubella (MR)/ Measles containing vaccine(MCV)- 2nd Dose (16-24 months),HMIS-DE-0046,Child immunisation - Measles & Rubella (MR)/ Measles containing vaccine(MCV)- 2nd Dose (16-24 months),Deterministic normalized-label match,Exact source label,Compatible,Existing observed code,8.4.1; 9.4.1,Accepted canonical link,"Header, controlled normalization, module context and canonical April-2025 element dictionary",Analyst-reviewed deterministic rule; custodian validation pending,
HMIS-RPTCOL-JH-0225,HMIS-RPTSCHEMA-JHARKHAND-20260901-001,225,M9,CHILD IMMUNISATION,9.4.2,Child immunisation - DPT 1st Booster,HMIS-DE-0038,Child immunisation - DPT 1st Booster,Deterministic normalized-label match,Exact source label,Compatible,Existing observed code,8.4.2; 9.4.2,Accepted canonical link,"Header, controlled normalization, module context and canonical April-2025 element dictionary",Analyst-reviewed deterministic rule; custodian validation pending,
HMIS-RPTCOL-JH-0226,HMIS-RPTSCHEMA-JHARKHAND-20260901-001,226,M9,CHILD IMMUNISATION,9.4.3,Child immunisation - OPV Booster,HMIS-DE-0048,Child immunisation - OPV Booster,Deterministic normalized-label match,Exact source label,Compatible,Existing observed code,8.4.3; 9.4.3,Accepted canonical link,"Header, controlled normalization, module context and canonical April-2025 element dictionary",Analyst-reviewed deterministic rule; custodian validation pending,
HMIS-RPTCOL-JH-0227,HMIS-RPTSCHEMA-JHARKHAND-20260901-001,227,M9,CHILD IMMUNISATION,9.4.4,Number of children more than 16 months of age who received Japanese Encephalitis (JE) vaccine- 2nd dose (16-24 months),HMIS-DE-0321,Number of children more than 16 months of age who received Japanese Encephalitis (JE) vaccine- 2nd dose (16-24 months),Deterministic normalized-label match,Exact source label,Compatible,Existing observed code,8.4.4; 9.4.4,Accepted canonical link,"Header, controlled normalization, module context and canonical April-2025 element dictionary",Analyst-reviewed deterministic rule; custodian validation pending,
HMIS-RPTCOL-JH-0228,HMIS-RPTSCHEMA-JHARKHAND-20260901-001,228,M9,CHILD IMMUNISATION,9.5.1,Child Immunization- Typhoid,HMIS-DE-0068,Child Immunization- Typhoid,Deterministic normalized-label match,Exact source label,Compatible,Existing observed code,8.5.1; 9.5.1,Accepted canonical link,"Header, controlled normalization, module context and canonical April-2025 element dictionary",Analyst-reviewed deterministic rule; custodian validation pending,
HMIS-RPTCOL-JH-0229,HMIS-RPTSCHEMA-JHARKHAND-20260901-001,229,M9,CHILD IMMUNISATION,9.5.2,Children more than 5 years received DPT5 (2nd Booster),HMIS-DE-0091,Children more than 5 years received DPT5 (2nd Booster),Deterministic normalized-label match,Exact source label,Compatible,Existing observed code,8.5.2; 9.5.2,Accepted canonical link,"Header, controlled normalization, module context and canonical April-2025 element dictionary",Analyst-reviewed deterministic rule; custodian validation pending,
HMIS-RPTCOL-JH-0230,HMIS-RPTSCHEMA-JHARKHAND-20260901-001,230,M9,CHILD IMMUNISATION,9.5.3,Children more than 10 years received Td10 (Tetanus Diptheria10),HMIS-DE-0089,Children more than 10 years received Td10 (Tetanus Diptheria10),Deterministic normalized-label match,Exact source label,Compatible,Existing observed code,8.5.3; 9.5.3,Accepted canonical link,"Header, controlled normalization, module context and canonical April-2025 element dictionary",Analyst-reviewed deterministic rule; custodian validation pending,
HMIS-RPTCOL-JH-0231,HMIS-RPTSCHEMA-JHARKHAND-20260901-001,231,M9,CHILD IMMUNISATION,9.5.4,Children more than 16 years received Td16 (Tetanus Diptheria16),HMIS-DE-0090,Children more than 16 years received Td16 (Tetanus Diptheria16),Deterministic normalized-label match,Exact source label,Compatible,Existing observed code,8.5.4; 9.5.4,Accepted canonical link,"Header, controlled normalization, module context and canonical April-2025 element dictionary",Analyst-reviewed deterministic rule; custodian validation pending,
HMIS-RPTCOL-JH-0232,HMIS-RPTSCHEMA-JHARKHAND-20260901-001,232,M9,CHILD IMMUNISATION,9.6.1,"Number of cases of AEFI -Minor (eg.- fever, rash, pain etc)",HMIS-DE-0298,"Number of cases of AEFI -Minor (eg.- fever, rash, pain etc)",Deterministic normalized-label match,Exact source label,Compatible,Existing observed code,8.6.1; 9.6.1,Accepted canonical link,"Header, controlled normalization, module context and canonical April-2025 element dictionary",Analyst-reviewed deterministic rule; custodian validation pending,
HMIS-RPTCOL-JH-0233,HMIS-RPTSCHEMA-JHARKHAND-20260901-001,233,M9,CHILD IMMUNISATION,9.6.2,"Number of cases of AEFI - Severe (eg.- anaphylaxis, fever>102 degrees, not requiring hospitalization etc.)",HMIS-DE-0297,"Number of cases of AEFI - Severe (eg.- anaphylaxis, fever>102 degrees, not requiring hospitalization etc.)",Deterministic normalized-label match,Exact source label,Compatible,Existing observed code,8.6.2; 9.6.2,Accepted canonical link,"Header, controlled normalization, module context and canonical April-2025 element dictionary",Analyst-reviewed deterministic rule; custodian validation pending,
HMIS-RPTCOL-JH-0234,HMIS-RPTSCHEMA-JHARKHAND-20260901-001,234,M9,CHILD IMMUNISATION,9.6.3,"Number of cases of AEFI - Serious (eg.- hospitalization, death, disability , cluster etc.)",HMIS-DE-0296,"Number of cases of AEFI - Serious (eg.- hospitalization, death, disability , cluster etc.)",Deterministic normalized-label match,Exact source label,Compatible,Existing observed code,8.6.3; 9.6.3,Accepted canonical link,"Header, controlled normalization, module context and canonical April-2025 element dictionary",Analyst-reviewed deterministic rule; custodian validation pending,
HMIS-RPTCOL-JH-0235,HMIS-RPTSCHEMA-JHARKHAND-20260901-001,235,M9,CHILD IMMUNISATION,9.6.3.a,"Out of Number of cases of AEFI - Serious , total number of AEFI deaths",HMIS-DE-0546,"Out of Number of cases of AEFI - Serious , total number of AEFI deaths",Deterministic normalized-label match,Exact source label,Compatible,Existing observed code,8.6.3.a; 9.6.3.a,Accepted canonical link,"Header, controlled normalization, module context and canonical April-2025 element dictionary",Analyst-reviewed deterministic rule; custodian validation pending,
HMIS-RPTCOL-JH-0236,HMIS-RPTSCHEMA-JHARKHAND-20260901-001,236,M9,CHILD IMMUNISATION,9.7.1,Immunisation sessions planned,HMIS-DE-0150,Immunisation sessions planned,Deterministic normalized-label match,Exact source label,Compatible,Existing observed code,8.7.1; 9.7.1,Accepted canonical link,"Header, controlled normalization, module context and canonical April-2025 element dictionary",Analyst-reviewed deterministic rule; custodian validation pending,
HMIS-RPTCOL-JH-0237,HMIS-RPTSCHEMA-JHARKHAND-20260901-001,237,M9,CHILD IMMUNISATION,9.7.2,Immunisation sessions held,HMIS-DE-0149,Immunisation sessions held,Deterministic normalized-label match,Exact source label,Compatible,Existing observed code,8.7.2; 9.7.2,Accepted canonical link,"Header, controlled normalization, module context and canonical April-2025 element dictionary",Analyst-reviewed deterministic rule; custodian validation pending,
HMIS-RPTCOL-JH-0238,HMIS-RPTSCHEMA-JHARKHAND-20260901-001,238,M9,CHILD IMMUNISATION,9.8.1,Child immunisation - Vitamin A Dose - 1,HMIS-DE-0062,Child immunisation - Vitamin A Dose - 1,Deterministic normalized-label match,Exact source label,Compatible,Existing observed code,8.8.1; 9.8.1,Accepted canonical link,"Header, controlled normalization, module context and canonical April-2025 element dictionary",Analyst-reviewed deterministic rule; custodian validation pending,
HMIS-RPTCOL-JH-0239,HMIS-RPTSCHEMA-JHARKHAND-20260901-001,239,M9,CHILD IMMUNISATION,9.8.2,Child immunisation - Vitamin A Dose - 5,HMIS-DE-0063,Child immunisation - Vitamin A Dose - 5,Deterministic normalized-label match,Exact source label,Compatible,Existing observed code,8.8.2; 9.8.2,Accepted canonical link,"Header, controlled normalization, module context and canonical April-2025 element dictionary",Analyst-reviewed deterministic rule; custodian validation pending,
HMIS-RPTCOL-JH-0240,HMIS-RPTSCHEMA-JHARKHAND-20260901-001,240,M9,CHILD IMMUNISATION,9.8.3,Child immunisation - Vitamin A Dose - 9,HMIS-DE-0064,Child immunisation - Vitamin A Dose - 9,Deterministic normalized-label match,Exact source label,Compatible,Existing observed code,8.8.3; 9.7.3; 9.8.3,Accepted canonical link,"Header, controlled normalization, module context and canonical April-2025 element dictionary",Analyst-reviewed deterministic rule; custodian validation pending,
HMIS-RPTCOL-JH-0241,HMIS-RPTSCHEMA-JHARKHAND-20260901-001,241,M10,Number of cases of Childhood Diseases,10.1.1,Childhood Diseases - Pneumonia,HMIS-DE-0078,Childhood Diseases - Pneumonia,Deterministic normalized-label match,Exact source label,Compatible,Existing observed code,10.1.1,Accepted canonical link,"Header, controlled normalization, module context and canonical April-2025 element dictionary",Analyst-reviewed deterministic rule; custodian validation pending,
HMIS-RPTCOL-JH-0242,HMIS-RPTSCHEMA-JHARKHAND-20260901-001,242,M10,Number of cases of Childhood Diseases,10.1.2,Childhood Diseases - Asthma,HMIS-DE-0070,Childhood Diseases - Asthma,Deterministic normalized-label match,Exact source label,Compatible,Existing observed code,10.1.2,Accepted canonical link,"Header, controlled normalization, module context and canonical April-2025 element dictionary",Analyst-reviewed deterministic rule; custodian validation pending,
HMIS-RPTCOL-JH-0243,HMIS-RPTSCHEMA-JHARKHAND-20260901-001,243,M10,Number of cases of Childhood Diseases,10.1.3,Childhood Diseases - Sepsis,HMIS-DE-0079,Childhood Diseases - Sepsis,Deterministic normalized-label match,Exact source label,Compatible,Existing observed code,10.1.3,Accepted canonical link,"Header, controlled normalization, module context and canonical April-2025 element dictionary",Analyst-reviewed deterministic rule; custodian validation pending,
HMIS-RPTCOL-JH-0244,HMIS-RPTSCHEMA-JHARKHAND-20260901-001,244,M10,Number of cases of Childhood Diseases,10.1.4,Childhood Diseases - Diphtheria,HMIS-DE-0074,Childhood Diseases - Diphtheria,Deterministic normalized-label match,Exact source label,Compatible,Existing observed code,10.1.4,Accepted canonical link,"Header, controlled normalization, module context and canonical April-2025 element dictionary",Analyst-reviewed deterministic rule; custodian validation pending,
HMIS-RPTCOL-JH-0245,HMIS-RPTSCHEMA-JHARKHAND-20260901-001,245,M10,Number of cases of Childhood Diseases,10.1.5,Childhood Diseases - Pertussis,HMIS-DE-0077,Childhood Diseases - Pertussis,Deterministic normalized-label match,Exact source label,Compatible,Existing observed code,10.1.5,Accepted canonical link,"Header, controlled normalization, module context and canonical April-2025 element dictionary",Analyst-reviewed deterministic rule; custodian validation pending,
HMIS-RPTCOL-JH-0246,HMIS-RPTSCHEMA-JHARKHAND-20260901-001,246,M10,Number of cases of Childhood Diseases,10.1.6,Childhood Diseases - Tetanus Neonatorum,HMIS-DE-0080,Childhood Diseases - Tetanus Neonatorum,Deterministic normalized-label match,Exact source label,Compatible,Existing observed code,10.1.6,Accepted canonical link,"Header, controlled normalization, module context and canonical April-2025 element dictionary",Analyst-reviewed deterministic rule; custodian validation pending,
HMIS-RPTCOL-JH-0247,HMIS-RPTSCHEMA-JHARKHAND-20260901-001,247,M10,Number of cases of Childhood Diseases,10.1.7,Childhood Diseases - Tuberculosis (TB),HMIS-DE-0081,Childhood Diseases - Tuberculosis (TB),Deterministic normalized-label match,Exact source label,Compatible,Existing observed code,10.1.7,Accepted canonical link,"Header, controlled normalization, module context and canonical April-2025 element dictionary",Analyst-reviewed deterministic rule; custodian validation pending,
HMIS-RPTCOL-JH-0248,HMIS-RPTSCHEMA-JHARKHAND-20260901-001,248,M10,Number of cases of Childhood Diseases,10.1.8,Childhood Diseases - Acute Flaccid Paralysis(AFP),HMIS-DE-0069,Childhood Diseases - Acute Flaccid Paralysis(AFP),Deterministic normalized-label match,Exact source label,Compatible,Existing observed code,10.1.8,Accepted canonical link,"Header, controlled normalization, module context and canonical April-2025 element dictionary",Analyst-reviewed deterministic rule; custodian validation pending,
HMIS-RPTCOL-JH-0249,HMIS-RPTSCHEMA-JHARKHAND-20260901-001,249,M10,Number of cases of Childhood Diseases,10.1.9,Childhood Diseases - Measles,HMIS-DE-0076,Childhood Diseases - Measles,Deterministic normalized-label match,Exact source label,Compatible,Existing observed code,10.1.9,Accepted canonical link,"Header, controlled normalization, module context and canonical April-2025 element dictionary",Analyst-reviewed deterministic rule; custodian validation pending,
HMIS-RPTCOL-JH-0250,HMIS-RPTSCHEMA-JHARKHAND-20260901-001,250,M10,Number of cases of Childhood Diseases,10.1.10,Childhood Diseases - Malaria,HMIS-DE-0075,Childhood Diseases - Malaria,Deterministic normalized-label match,Exact source label,Compatible,Existing observed code,10.1.10; 9.1.1,Accepted canonical link,"Header, controlled normalization, module context and canonical April-2025 element dictionary",Analyst-reviewed deterministic rule; custodian validation pending,
HMIS-RPTCOL-JH-0251,HMIS-RPTSCHEMA-JHARKHAND-20260901-001,251,M10,Number of cases of Childhood Diseases,10.1.11,Childhood Diseases - Diarrhoea,HMIS-DE-0071,Childhood Diseases - Diarrhoea,Deterministic normalized-label match,Exact source label,Compatible,Existing observed code,10.1.11; 9.1.2,Accepted canonical link,"Header, controlled normalization, module context and canonical April-2025 element dictionary",Analyst-reviewed deterministic rule; custodian validation pending,
HMIS-RPTCOL-JH-0252,HMIS-RPTSCHEMA-JHARKHAND-20260901-001,252,M10,Number of cases of Childhood Diseases,10.1.12,Childhood Diseases - Diarrhoea treated with ORS,HMIS-DE-0072,Childhood Diseases - Diarrhoea treated with ORS,Deterministic normalized-label match,Exact source label,Compatible,Existing observed code,10.1.12; 9.1.3,Accepted canonical link,"Header, controlled normalization, module context and canonical April-2025 element dictionary",Analyst-reviewed deterministic rule; custodian validation pending,
HMIS-RPTCOL-JH-0253,HMIS-RPTSCHEMA-JHARKHAND-20260901-001,253,M10,Number of cases of Childhood Diseases,10.1.13,Childhood Diseases - Diarrhoea treated with Zinc for 14 days,HMIS-DE-0073,Childhood Diseases - Diarrhoea treated with Zinc for 14 days,Deterministic normalized-label match,Exact source label,Compatible,Existing observed code,10.1.13; 9.1.4,Accepted canonical link,"Header, controlled normalization, module context and canonical April-2025 element dictionary",Analyst-reviewed deterministic rule; custodian validation pending,
HMIS-RPTCOL-JH-0254,HMIS-RPTSCHEMA-JHARKHAND-20260901-001,254,M10,Number of cases of Childhood Diseases,10.1.14,Childhood Diseases -Leprosy Cases,HMIS-DE-0082,Childhood Diseases -Leprosy Cases,Deterministic normalized-label match,Exact source label,Compatible,Existing observed code,10.1.14,Accepted canonical link,"Header, controlled normalization, module context and canonical April-2025 element dictionary",Analyst-reviewed deterministic rule; custodian validation pending,
HMIS-RPTCOL-JH-0255,HMIS-RPTSCHEMA-JHARKHAND-20260901-001,255,M10,Number of cases of Childhood Diseases,10.1.15,Childhood Diseases- Leprosy with Grade II disability,HMIS-DE-0083,Childhood Diseases- Leprosy with Grade II disability,Deterministic normalized-label match,Exact source label,Compatible,Existing observed code,10.1.15,Accepted canonical link,"Header, controlled normalization, module context and canonical April-2025 element dictionary",Analyst-reviewed deterministic rule; custodian validation pending,
HMIS-RPTCOL-JH-0256,HMIS-RPTSCHEMA-JHARKHAND-20260901-001,256,M10,Number of cases of Childhood Diseases,10.2.1,Children admitted with Respiratory Infections,HMIS-DE-0087,Children admitted with Respiratory Infections,Deterministic normalized-label match,Exact source label,Compatible,Existing observed code,10.2.1,Accepted canonical link,"Header, controlled normalization, module context and canonical April-2025 element dictionary",Analyst-reviewed deterministic rule; custodian validation pending,
HMIS-RPTCOL-JH-0257,HMIS-RPTSCHEMA-JHARKHAND-20260901-001,257,M10,Number of cases of Childhood Diseases,10.2.2,Children admitted with Pneumonia,HMIS-DE-0086,Children admitted with Pneumonia,Deterministic normalized-label match,Exact source label,Compatible,Existing observed code,10.2.2,Accepted canonical link,"Header, controlled normalization, module context and canonical April-2025 element dictionary",Analyst-reviewed deterministic rule; custodian validation pending,
HMIS-RPTCOL-JH-0258,HMIS-RPTSCHEMA-JHARKHAND-20260901-001,258,M10,Number of cases of Childhood Diseases,10.2.3,Children admitted with Diarrhoea,HMIS-DE-0085,Children admitted with Diarrhoea,Deterministic normalized-label match,Exact source label,Compatible,Existing observed code,10.2.3,Accepted canonical link,"Header, controlled normalization, module context and canonical April-2025 element dictionary",Analyst-reviewed deterministic rule; custodian validation pending,
HMIS-RPTCOL-JH-0259,HMIS-RPTSCHEMA-JHARKHAND-20260901-001,259,M11,NVBDCP,11.1.1.a,Total Blood Smears Examined for Malaria,HMIS-DE-0625,Total Blood Smears Examined for Malaria,Deterministic normalized-label match,Exact source label,Compatible,Existing observed code,11.1.1.a,Accepted canonical link,"Header, controlled normalization, module context and canonical April-2025 element dictionary",Analyst-reviewed deterministic rule; custodian validation pending,
HMIS-RPTCOL-JH-0260,HMIS-RPTSCHEMA-JHARKHAND-20260901-001,260,M11,NVBDCP,11.1.1.b,Malaria (Microscopy Tests ) - Plasmodium Vivax test positive,HMIS-DE-0224,Malaria (Microscopy Tests ) - Plasmodium Vivax test positive,Deterministic normalized-label match,Exact source label,Compatible,Existing observed code,11.1.1.b,Accepted canonical link,"Header, controlled normalization, module context and canonical April-2025 element dictionary",Analyst-reviewed deterministic rule; custodian validation pending,
HMIS-RPTCOL-JH-0261,HMIS-RPTSCHEMA-JHARKHAND-20260901-001,261,M11,NVBDCP,11.1.1.c,Malaria (Microscopy Tests ) - Plasmodium Falciparum test positive,HMIS-DE-0223,Malaria (Microscopy Tests ) - Plasmodium Falciparum test positive,Deterministic normalized-label match,Exact source label,Compatible,Existing observed code,11.1.1.c,Accepted canonical link,"Header, controlled normalization, module context and canonical April-2025 element dictionary",Analyst-reviewed deterministic rule; custodian validation pending,
HMIS-RPTCOL-JH-0262,HMIS-RPTSCHEMA-JHARKHAND-20260901-001,262,M11,NVBDCP,11.1.1.d,Malaria (Microscopy Tests ) - Mixed test positive,HMIS-DE-0222,Malaria (Microscopy Tests ) - Mixed test positive,Deterministic normalized-label match,Exact source label,Compatible,Existing observed code,11.1.1.d,Accepted canonical link,"Header, controlled normalization, module context and canonical April-2025 element dictionary",Analyst-reviewed deterministic rule; custodian validation pending,
HMIS-RPTCOL-JH-0263,HMIS-RPTSCHEMA-JHARKHAND-20260901-001,263,M11,NVBDCP,11.1.2.a,RDT conducted for Malaria,HMIS-DE-0612,RDT conducted for Malaria,Deterministic normalized-label match,Exact source label,Compatible,Existing observed code,10.1.1.a; 11.1.2.a,Accepted canonical link,"Header, controlled normalization, module context and canonical April-2025 element dictionary",Analyst-reviewed deterministic rule; custodian validation pending,
HMIS-RPTCOL-JH-0264,HMIS-RPTSCHEMA-JHARKHAND-20260901-001,264,M11,NVBDCP,11.1.2.b,Malaria (RDT) - Plasmodium Vivax test positive,HMIS-DE-0227,Malaria (RDT) - Plasmodium Vivax test positive,Deterministic normalized-label match,Exact source label,Compatible,Existing observed code,10.1.1.b; 11.1.2.b,Accepted canonical link,"Header, controlled normalization, module context and canonical April-2025 element dictionary",Analyst-reviewed deterministic rule; custodian validation pending,
HMIS-RPTCOL-JH-0265,HMIS-RPTSCHEMA-JHARKHAND-20260901-001,265,M11,NVBDCP,11.1.2.c,Malaria (RDT) - Plasmodium Falciparum test positive,HMIS-DE-0226,Malaria (RDT) - Plasmodium Falciparum test positive,Deterministic normalized-label match,Exact source label,Compatible,Existing observed code,10.1.1.c; 11.1.2.c,Accepted canonical link,"Header, controlled normalization, module context and canonical April-2025 element dictionary",Analyst-reviewed deterministic rule; custodian validation pending,
HMIS-RPTCOL-JH-0266,HMIS-RPTSCHEMA-JHARKHAND-20260901-001,266,M11,NVBDCP,11.1.2.d,Malaria (RDT) - Mixed test positive,HMIS-DE-0225,Malaria (RDT) - Mixed test positive,Deterministic normalized-label match,Exact source label,Compatible,Existing observed code,10.1.1.d; 11.1.2.d,Accepted canonical link,"Header, controlled normalization, module context and canonical April-2025 element dictionary",Analyst-reviewed deterministic rule; custodian validation pending,
HMIS-RPTCOL-JH-0267,HMIS-RPTSCHEMA-JHARKHAND-20260901-001,267,M11,NVBDCP,11.2.1,Kala Azar (RDT) - Tests Conducted,HMIS-DE-0212,Kala Azar (RDT) - Tests Conducted,Deterministic normalized-label match,Exact source label,Compatible,Existing observed code,11.2.1,Accepted canonical link,"Header, controlled normalization, module context and canonical April-2025 element dictionary",Analyst-reviewed deterministic rule; custodian validation pending,
HMIS-RPTCOL-JH-0268,HMIS-RPTSCHEMA-JHARKHAND-20260901-001,268,M11,NVBDCP,11.2.2,Kala Azar Positive Cases,HMIS-DE-0213,Kala Azar Positive Cases,Deterministic normalized-label match,Exact source label,Compatible,Existing observed code,11.2.2,Accepted canonical link,"Header, controlled normalization, module context and canonical April-2025 element dictionary",Analyst-reviewed deterministic rule; custodian validation pending,
HMIS-RPTCOL-JH-0269,HMIS-RPTSCHEMA-JHARKHAND-20260901-001,269,M11,NVBDCP,11.3.1,Dengue - Enzyme- Linked Immuno Sorbent Assay (ELISA) test conducted,HMIS-DE-0106,Dengue - Enzyme- Linked Immuno Sorbent Assay (ELISA) test conducted,Deterministic normalized-label match,Exact source label,Compatible,Existing observed code,11.3.1,Accepted canonical link,"Header, controlled normalization, module context and canonical April-2025 element dictionary",Analyst-reviewed deterministic rule; custodian validation pending,
HMIS-RPTCOL-JH-0270,HMIS-RPTSCHEMA-JHARKHAND-20260901-001,270,M11,NVBDCP,11.3.2,Dengue - Enzyme- Linked Immuno Sorbent Assay (ELISA) test found positive,HMIS-DE-0107,Dengue - Enzyme- Linked Immuno Sorbent Assay (ELISA) test found positive,Deterministic normalized-label match,Exact source label,Compatible,Existing observed code,11.3.2,Accepted canonical link,"Header, controlled normalization, module context and canonical April-2025 element dictionary",Analyst-reviewed deterministic rule; custodian validation pending,
HMIS-RPTCOL-JH-0271,HMIS-RPTSCHEMA-JHARKHAND-20260901-001,271,M11,NVBDCP,11.3.3,Chikungunya Enzyme- Linked Immuno Sorbent Assay (ELISA) test conducted,HMIS-DE-0030,Chikungunya Enzyme- Linked Immuno Sorbent Assay (ELISA) test conducted,Deterministic normalized-label match,Exact source label,Compatible,Existing observed code,11.3.3,Accepted canonical link,"Header, controlled normalization, module context and canonical April-2025 element dictionary",Analyst-reviewed deterministic rule; custodian validation pending,
HMIS-RPTCOL-JH-0272,HMIS-RPTSCHEMA-JHARKHAND-20260901-001,272,M11,NVBDCP,11.3.4,Chikungunya Enzyme- Linked Immuno Sorbent Assay (ELISA) test found positive,HMIS-DE-0031,Chikungunya Enzyme- Linked Immuno Sorbent Assay (ELISA) test found positive,Deterministic normalized-label match,Exact source label,Compatible,Existing observed code,11.3.4,Accepted canonical link,"Header, controlled normalization, module context and canonical April-2025 element dictionary",Analyst-reviewed deterministic rule; custodian validation pending,
HMIS-RPTCOL-JH-0273,HMIS-RPTSCHEMA-JHARKHAND-20260901-001,273,M11,NVBDCP,11.4.1,No. of AES cases tested for JE(IgM ELISA),HMIS-DE-0252,No. of AES cases tested for JE(IgM ELISA),Deterministic normalized-label match,Exact source label,Compatible,Existing observed code,11.4.1,Accepted canonical link,"Header, controlled normalization, module context and canonical April-2025 element dictionary",Analyst-reviewed deterministic rule; custodian validation pending,
HMIS-RPTCOL-JH-0274,HMIS-RPTSCHEMA-JHARKHAND-20260901-001,274,M11,NVBDCP,11.4.2,No. of JE positive cases,HMIS-DE-0260,No. of JE positive cases,Deterministic normalized-label match,Exact source label,Compatible,Existing observed code,11.4.2,Accepted canonical link,"Header, controlled normalization, module context and canonical April-2025 element dictionary",Analyst-reviewed deterministic rule; custodian validation pending,
HMIS-RPTCOL-JH-0275,HMIS-RPTSCHEMA-JHARKHAND-20260901-001,275,M11,NVBDCP,11.5.1,Number of persons that consumed MDA(Mass Drug Administration) drugs during the MDA round,HMIS-DE-0449,Number of persons that consumed MDA(Mass Drug Administration) drugs during the MDA round,Deterministic normalized-label match,Exact source label,Compatible,Existing observed code,11.5.1,Accepted canonical link,"Header, controlled normalization, module context and canonical April-2025 element dictionary",Analyst-reviewed deterministic rule; custodian validation pending,
HMIS-RPTCOL-JH-0276,HMIS-RPTSCHEMA-JHARKHAND-20260901-001,276,M11,NVBDCP,11.5.2,Number of Lymphatic Filarisis lymphoedema patients received MMDP (Morbidity Management And Disability Prevention) kits,HMIS-DE-0400,Number of Lymphatic Filarisis lymphoedema patients received MMDP (Morbidity Management And Disability Prevention) kits,Deterministic normalized-label match,Exact source label,Compatible,Existing observed code,11.5.2,Accepted canonical link,"Header, controlled normalization, module context and canonical April-2025 element dictionary",Analyst-reviewed deterministic rule; custodian validation pending,
HMIS-RPTCOL-JH-0277,HMIS-RPTSCHEMA-JHARKHAND-20260901-001,277,M11,NVBDCP,11.5.3,Number of Hydrocele surgeries conducted in Lymphatic Filariasis (MMDP),HMIS-DE-0372,Number of Hydrocele surgeries conducted in Lymphatic Filariasis (MMDP),Deterministic normalized-label match,Exact source label,Compatible,Existing observed code,11.5.3,Accepted canonical link,"Header, controlled normalization, module context and canonical April-2025 element dictionary",Analyst-reviewed deterministic rule; custodian validation pending,
HMIS-RPTCOL-JH-0278,HMIS-RPTSCHEMA-JHARKHAND-20260901-001,278,M12,Adolescent Health,12.1.1.a,Girls registered in AFHC,HMIS-DE-0139,Girls registered in AFHC,Deterministic normalized-label match,Exact source label,Compatible,Existing observed code,12.1.1.a,Accepted canonical link,"Header, controlled normalization, module context and canonical April-2025 element dictionary",Analyst-reviewed deterministic rule; custodian validation pending,
HMIS-RPTCOL-JH-0279,HMIS-RPTSCHEMA-JHARKHAND-20260901-001,279,M12,Adolescent Health,12.1.1.b,Boys registered in AFHC,HMIS-DE-0028,Boys registered in AFHC,Deterministic normalized-label match,Exact source label,Compatible,Existing observed code,12.1.1.b,Accepted canonical link,"Header, controlled normalization, module context and canonical April-2025 element dictionary",Analyst-reviewed deterministic rule; custodian validation pending,
HMIS-RPTCOL-JH-0280,HMIS-RPTSCHEMA-JHARKHAND-20260901-001,280,M12,Adolescent Health,12.1.2.a,"Out of Girls registered, Girls received clinical services",HMIS-DE-0543,"Out of Girls registered, Girls received clinical services",Deterministic normalized-label match,Exact source label,Compatible,Existing observed code,12.1.2.a,Accepted canonical link,"Header, controlled normalization, module context and canonical April-2025 element dictionary",Analyst-reviewed deterministic rule; custodian validation pending,
HMIS-RPTCOL-JH-0281,HMIS-RPTSCHEMA-JHARKHAND-20260901-001,281,M12,Adolescent Health,12.1.2.b,"Out of Boys registered, Boys received clinical services",HMIS-DE-0541,"Out of Boys registered, Boys received clinical services",Deterministic normalized-label match,Exact source label,Compatible,Existing observed code,12.1.2.b,Accepted canonical link,"Header, controlled normalization, module context and canonical April-2025 element dictionary",Analyst-reviewed deterministic rule; custodian validation pending,
HMIS-RPTCOL-JH-0282,HMIS-RPTSCHEMA-JHARKHAND-20260901-001,282,M12,Adolescent Health,12.1.3.a,"Out of Girls registered, Girls received counselling",HMIS-DE-0544,"Out of Girls registered, Girls received counselling",Deterministic normalized-label match,Exact source label,Compatible,Existing observed code,12.1.3.a,Accepted canonical link,"Header, controlled normalization, module context and canonical April-2025 element dictionary",Analyst-reviewed deterministic rule; custodian validation pending,
HMIS-RPTCOL-JH-0283,HMIS-RPTSCHEMA-JHARKHAND-20260901-001,283,M12,Adolescent Health,12.1.3.b,"Out of Boys registered, Boys received counselling",HMIS-DE-0542,"Out of Boys registered, Boys received counselling",Deterministic normalized-label match,Exact source label,Compatible,Existing observed code,12.1.3.b,Accepted canonical link,"Header, controlled normalization, module context and canonical April-2025 element dictionary",Analyst-reviewed deterministic rule; custodian validation pending,
HMIS-RPTCOL-JH-0284,HMIS-RPTSCHEMA-JHARKHAND-20260901-001,284,M12,Adolescent Health,12.3.1,Number of adolescent girls provided sanitary napkin packs by ASHA,HMIS-DE-0278,Number of adolescent girls provided sanitary napkin packs by ASHA,Deterministic normalized-label match,Exact source label,Compatible,New report-schema code occurrence,11.1.1; 12.2.1,Accepted canonical link,"Header, controlled normalization, module context and canonical April-2025 element dictionary",Analyst-reviewed deterministic rule; custodian validation pending,
HMIS-RPTCOL-JH-0285,HMIS-RPTSCHEMA-JHARKHAND-20260901-001,285,M12,Adolescent Health,12.3.2,Number of sanitary napkin packs distributed free to ASHA (for her personal use),HMIS-DE-0508,Number of sanitary napkin packs distributed free to ASHA (for her personal use),Deterministic normalized-label match,Exact source label,Compatible,New report-schema code occurrence,11.1.2; 12.2.2,Accepted canonical link,"Header, controlled normalization, module context and canonical April-2025 element dictionary",Analyst-reviewed deterministic rule; custodian validation pending,
HMIS-RPTCOL-JH-0286,HMIS-RPTSCHEMA-JHARKHAND-20260901-001,286,M12,Adolescent Health,12.3.3,Number of adolescent girls attended monthly meeting,HMIS-DE-0277,Number of adolescent girls attended monthly meeting,Deterministic normalized-label match,Exact source label,Compatible,New report-schema code occurrence,11.1.3; 12.2.3,Accepted canonical link,"Header, controlled normalization, module context and canonical April-2025 element dictionary",Analyst-reviewed deterministic rule; custodian validation pending,
HMIS-RPTCOL-JH-0287,HMIS-RPTSCHEMA-JHARKHAND-20260901-001,287,M12,Adolescent Health,12.3.4,Number of adolescent girls provided sanitary napkin packs by State/UT supported Menstrual Hygiene Scheme (MHS),HMIS-DE-0279,Number of adolescent girls provided sanitary napkin packs by State/UT supported Menstrual Hygiene Scheme (MHS),Deterministic normalized-label match,Exact source label,Compatible,New report-schema code occurrence,11.1.4; 12.2.4,Accepted canonical link,"Header, controlled normalization, module context and canonical April-2025 element dictionary",Analyst-reviewed deterministic rule; custodian validation pending,
HMIS-RPTCOL-JH-0288,HMIS-RPTSCHEMA-JHARKHAND-20260901-001,288,M12,Adolescent Health,12.4.1,Number of Peer Educators selected,HMIS-DE-0447,Number of Peer Educators selected,Deterministic normalized-label match,Exact source label,Compatible,New report-schema code occurrence,11.2.1,Accepted canonical link,"Header, controlled normalization, module context and canonical April-2025 element dictionary",Analyst-reviewed deterministic rule; custodian validation pending,
HMIS-RPTCOL-JH-0289,HMIS-RPTSCHEMA-JHARKHAND-20260901-001,289,M12,Adolescent Health,12.4.2,"Out of the selected Peer Educators, numbers trained",HMIS-DE-0572,"Out of the selected Peer Educators, numbers trained",Deterministic normalized-label match,Exact source label,Compatible,New report-schema code occurrence,11.2.2; 12.3.2,Accepted canonical link,"Header, controlled normalization, module context and canonical April-2025 element dictionary",Analyst-reviewed deterministic rule; custodian validation pending,
HMIS-RPTCOL-JH-0290,HMIS-RPTSCHEMA-JHARKHAND-20260901-001,290,M12,Adolescent Health,12.4.3,Number of Adolescent Health & Wellness Days organized,HMIS-DE-0280,Number of Adolescent Health & Wellness Days organized,Deterministic normalized-label match,Exact source label,Compatible,New report-schema code occurrence,11.2.3; 12.3.1; 12.3.3,Accepted canonical link,"Header, controlled normalization, module context and canonical April-2025 element dictionary",Analyst-reviewed deterministic rule; custodian validation pending,
HMIS-RPTCOL-JH-0291,HMIS-RPTSCHEMA-JHARKHAND-20260901-001,291,M12,Adolescent Health,12.4.4,Number of Adolescent Friendly Club Meetings organized,HMIS-DE-0276,Number of Adolescent Friendly Club Meetings organized,Deterministic normalized-label match,Exact source label,Compatible,New report-schema code occurrence,11.2.4; 12.3.4,Accepted canonical link,"Header, controlled normalization, module context and canonical April-2025 element dictionary",Analyst-reviewed deterministic rule; custodian validation pending,
HMIS-RPTCOL-JH-0292,HMIS-RPTSCHEMA-JHARKHAND-20260901-001,292,M13,National TB Elimination Programme (NTEP),13.1,Number of beneficiaries who are registered at the ICTC centre.,HMIS-DE-0291,Number of beneficiaries who are registered at the ICTC centre,Deterministic normalized-label match,Controlled normalized equivalent,Compatible,Existing observed code,13.1,Accepted canonical link,"Header, controlled normalization, module context and canonical April-2025 element dictionary",Analyst-reviewed deterministic rule; custodian validation pending,
HMIS-RPTCOL-JH-0293,HMIS-RPTSCHEMA-JHARKHAND-20260901-001,293,M13,National TB Elimination Programme (NTEP),13.2,"Of the number registered at ICTC centre, the number of presumptive TB cases identified and referred for TB testing and diagnosis",HMIS-DE-0533,"Of the number registered at ICTC centre, the number of presumptive TB cases identified and referred for TB testing and diagnosis",Deterministic normalized-label match,Exact source label,Compatible,Existing observed code,13.2,Accepted canonical link,"Header, controlled normalization, module context and canonical April-2025 element dictionary",Analyst-reviewed deterministic rule; custodian validation pending,
HMIS-RPTCOL-JH-0294,HMIS-RPTSCHEMA-JHARKHAND-20260901-001,294,M13,National TB Elimination Programme (NTEP),13.3,Number of beneficiaries who are registered at the NCD clinic.,HMIS-DE-0292,Number of beneficiaries who are registered at the NCD clinic,Deterministic normalized-label match,Controlled normalized equivalent,Compatible,Existing observed code,13.3,Accepted canonical link,"Header, controlled normalization, module context and canonical April-2025 element dictionary",Analyst-reviewed deterministic rule; custodian validation pending,
HMIS-RPTCOL-JH-0295,HMIS-RPTSCHEMA-JHARKHAND-20260901-001,295,M13,National TB Elimination Programme (NTEP),13.4,The number registered at the NCD clinic includes the number of presumptive TB cases identified and referred for TB testing and diagnosis,HMIS-DE-0622,The number registered at the NCD clinic includes the number of presumptive TB cases identified and referred for TB testing and diagnosis,Deterministic normalized-label match,Exact source label,Compatible,Existing observed code,13.4,Accepted canonical link,"Header, controlled normalization, module context and canonical April-2025 element dictionary",Analyst-reviewed deterministic rule; custodian validation pending,
HMIS-RPTCOL-JH-0296,HMIS-RPTSCHEMA-JHARKHAND-20260901-001,296,M14,Patient Services,14.1.1.a,Total number of geriatric/elderly patients (age>=60 yrs) Registered,HMIS-DE-0670,Total number of geriatric/elderly patients (age>=60 yrs) Registered,Deterministic normalized-label match,Exact source label,Compatible,Existing observed code,12.1.1.a; 13.1.1.a; 14.1.1.a,Accepted canonical link,"Header, controlled normalization, module context and canonical April-2025 element dictionary",Analyst-reviewed deterministic rule; custodian validation pending,
HMIS-RPTCOL-JH-0297,HMIS-RPTSCHEMA-JHARKHAND-20260901-001,297,M14,Patient Services,14.1.1.b,Geriatric (age>=60 yrs) patients footfall,HMIS-DE-0137,Geriatric (age>=60 yrs) patients footfall,Deterministic normalized-label match,Exact source label,Compatible,Existing observed code,12.1.1.b; 13.1.1.b; 14.1.1.b,Accepted canonical link,"Header, controlled normalization, module context and canonical April-2025 element dictionary",Analyst-reviewed deterministic rule; custodian validation pending,
HMIS-RPTCOL-JH-0298,HMIS-RPTSCHEMA-JHARKHAND-20260901-001,298,M14,Patient Services,14.1.1.c,Number of geriatric/elderly persons who underwent Comprehensive Geriatric Assessment by CHO,HMIS-DE-0362,Number of geriatric/elderly persons who underwent Comprehensive Geriatric Assessment by CHO,Deterministic normalized-label match,Exact source label,Compatible,New report-schema code occurrence,12.1.1.c; 13.1.1.c,Accepted canonical link,"Header, controlled normalization, module context and canonical April-2025 element dictionary",Analyst-reviewed deterministic rule; custodian validation pending,
HMIS-RPTCOL-JH-0299,HMIS-RPTSCHEMA-JHARKHAND-20260901-001,299,M14,Patient Services,14.1.1.d,Number of geriatric/elderly persons managed for any elderly conditions,HMIS-DE-0361,Number of geriatric/elderly persons managed for any elderly conditions,Deterministic normalized-label match,Exact source label,Compatible,New report-schema code occurrence,12.1.1.d; 13.1.1.d; 14.1.1.c,Accepted canonical link,"Header, controlled normalization, module context and canonical April-2025 element dictionary",Analyst-reviewed deterministic rule; custodian validation pending,
HMIS-RPTCOL-JH-0300,HMIS-RPTSCHEMA-JHARKHAND-20260901-001,300,M14,Patient Services,14.1.1.e,Number of geriatric/elderly persons followed-up for any elderly conditions,HMIS-DE-0360,Number of geriatric/elderly persons followed-up for any elderly conditions,Deterministic normalized-label match,Exact source label,Compatible,New report-schema code occurrence,12.1.1.e; 13.1.1.e; 14.1.1.d,Accepted canonical link,"Header, controlled normalization, module context and canonical April-2025 element dictionary",Analyst-reviewed deterministic rule; custodian validation pending,
HMIS-RPTCOL-JH-0301,HMIS-RPTSCHEMA-JHARKHAND-20260901-001,301,M14,Patient Services,14.1.1.f,Number of geriatric/elderly patients (age>=60 yrs) provided physiotherapy services,HMIS-DE-0359,Number of geriatric/elderly patients (age>=60 yrs) provided physiotherapy services,Deterministic normalized-label match,Exact source label,Compatible,New report-schema code occurrence,12.1.1.f; 13.1.1.f; 14.1.1.e,Accepted canonical link,"Header, controlled normalization, module context and canonical April-2025 element dictionary",Analyst-reviewed deterministic rule; custodian validation pending,
HMIS-RPTCOL-JH-0302,HMIS-RPTSCHEMA-JHARKHAND-20260901-001,302,M14,Patient Services,14.1.1.g,Number of home bound (bed bound & restricted mobility) elderly and single elderly visited by ASHA & ANM/MPW-M during the month,HMIS-DE-0368,Number of home bound (bed bound & restricted mobility) elderly and single elderly visited by ASHA & ANM/MPW-M during the month,Deterministic normalized-label match,Exact source label,Compatible,New report-schema code occurrence,12.1.1.g; 13.1.1.g; 14.1.1.f,Accepted canonical link,"Header, controlled normalization, module context and canonical April-2025 element dictionary",Analyst-reviewed deterministic rule; custodian validation pending,
HMIS-RPTCOL-JH-0303,HMIS-RPTSCHEMA-JHARKHAND-20260901-001,303,M14,Patient Services,14.1.1.h,Number of elderly support groups-‘Sanjeevini’ created during the month,HMIS-DE-0353,Number of elderly support groups-‘Sanjeevini’ created during the month,Deterministic normalized-label match,Exact source label,Compatible,New report-schema code occurrence,12.1.1.h; 13.1.1.h,Accepted canonical link,"Header, controlled normalization, module context and canonical April-2025 element dictionary",Analyst-reviewed deterministic rule; custodian validation pending,
HMIS-RPTCOL-JH-0304,HMIS-RPTSCHEMA-JHARKHAND-20260901-001,304,M14,Patient Services,14.1.1.i,Number of weekly geriatric clinics organized during the month,HMIS-DE-0524,Number of weekly geriatric clinics organized during the month,Deterministic normalized-label match,Exact source label,Compatible,New report-schema code occurrence,12.1.1.i; 13.1.1.i,Accepted canonical link,"Header, controlled normalization, module context and canonical April-2025 element dictionary",Analyst-reviewed deterministic rule; custodian validation pending,
HMIS-RPTCOL-JH-0305,HMIS-RPTSCHEMA-JHARKHAND-20260901-001,305,M14,Patient Services,14.1.1.j,Number of fixed day rehabilitation services provided during the month,HMIS-DE-0357,Number of fixed day rehabilitation services provided during the month,Deterministic normalized-label match,Exact source label,Compatible,New report-schema code occurrence,12.1.1.j; 13.1.1.j,Accepted canonical link,"Header, controlled normalization, module context and canonical April-2025 element dictionary",Analyst-reviewed deterministic rule; custodian validation pending,
HMIS-RPTCOL-JH-0306,HMIS-RPTSCHEMA-JHARKHAND-20260901-001,306,M14,Patient Services,14.1.2.a,Number of patients provided physiotherapy services,HMIS-DE-0446,Number of patients provided physiotherapy services,Deterministic normalized-label match,Exact source label,Compatible,Existing observed code,13.1.2.a; 14.1.2.a,Accepted canonical link,"Header, controlled normalization, module context and canonical April-2025 element dictionary",Analyst-reviewed deterministic rule; custodian validation pending,
HMIS-RPTCOL-JH-0307,HMIS-RPTSCHEMA-JHARKHAND-20260901-001,307,M14,Patient Services,14.1.2.b,Number of Palliative Patients visited at home,HMIS-DE-0445,Number of Palliative Patients visited at home,Deterministic normalized-label match,Exact source label,Compatible,Existing observed code,12.1.2.a; 13.1.2.b; 14.1.2.b,Accepted canonical link,"Header, controlled normalization, module context and canonical April-2025 element dictionary",Analyst-reviewed deterministic rule; custodian validation pending,
HMIS-RPTCOL-JH-0308,HMIS-RPTSCHEMA-JHARKHAND-20260901-001,308,M14,Patient Services,14.1.2.c,Number of visits for home care/ end of life care provided by AAM-PHC team,HMIS-DE-0523,Number of visits for home care/ end of life care provided by AAM-PHC team,Deterministic normalized-label match,Exact source label,Compatible,New report-schema code occurrence,13.1.2.c,Accepted canonical link,"Header, controlled normalization, module context and canonical April-2025 element dictionary",Analyst-reviewed deterministic rule; custodian validation pending,
HMIS-RPTCOL-JH-0309,HMIS-RPTSCHEMA-JHARKHAND-20260901-001,309,M14,Patient Services,14.1.2.d,Number of weekly palliative care OPD conducted at AAM-PHC,HMIS-DE-0525,Number of weekly palliative care OPD conducted at AAM-PHC,Deterministic normalized-label match,Exact source label,Compatible,New report-schema code occurrence,12.1.2.b; 13.1.2.d,Accepted canonical link,"Header, controlled normalization, module context and canonical April-2025 element dictionary",Analyst-reviewed deterministic rule; custodian validation pending,
HMIS-RPTCOL-JH-0310,HMIS-RPTSCHEMA-JHARKHAND-20260901-001,310,M14,Patient Services,14.1.2.e,Number of cases reported for Self Harm,HMIS-DE-0301,Number of cases reported for Self Harm,Deterministic normalized-label match,Exact source label,Compatible,New report-schema code occurrence,12.1.2.c; 13.1.2.e; 14.1.2.b; 14.1.2.c,Accepted canonical link,"Header, controlled normalization, module context and canonical April-2025 element dictionary",Analyst-reviewed deterministic rule; custodian validation pending,
HMIS-RPTCOL-JH-0311,HMIS-RPTSCHEMA-JHARKHAND-20260901-001,311,M14,Patient Services,14.1.3.a,Total number of footfall in outreach camps/sessions,HMIS-DE-0669,Total number of footfall in outreach camps/sessions,Deterministic normalized-label match,Exact source label,Compatible,Existing observed code,12.1.3.a; 13.1.3.a; 14.1.3.a,Accepted canonical link,"Header, controlled normalization, module context and canonical April-2025 element dictionary",Analyst-reviewed deterministic rule; custodian validation pending,
HMIS-RPTCOL-JH-0312,HMIS-RPTSCHEMA-JHARKHAND-20260901-001,312,M14,Patient Services,14.1.3.b,Total number cases examined in outreach camps for Mental illness,HMIS-DE-0642,Total number cases examined in outreach camps for Mental illness,Deterministic normalized-label match,Exact source label,Compatible,Existing observed code,12.1.3.b; 13.1.3.b; 14.1.3.b,Accepted canonical link,"Header, controlled normalization, module context and canonical April-2025 element dictionary",Analyst-reviewed deterministic rule; custodian validation pending,
HMIS-RPTCOL-JH-0313,HMIS-RPTSCHEMA-JHARKHAND-20260901-001,313,M14,Patient Services,14.1.4,Number of psychoeducation sessions conducted at the Ayushman Arogya Mandir during the month,HMIS-DE-0486,Number of psychoeducation sessions conducted at the Ayushman Arogya Mandir during the month,Deterministic normalized-label match,Exact source label,Compatible,New report-schema code occurrence,12.1.4; 13.1.3.c,Accepted canonical link,"Header, controlled normalization, module context and canonical April-2025 element dictionary",Analyst-reviewed deterministic rule; custodian validation pending,
HMIS-RPTCOL-JH-0314,HMIS-RPTSCHEMA-JHARKHAND-20260901-001,314,M14,Patient Services,14.2.1,Allopathic- Outpatient attendance,HMIS-DE-0012,Allopathic- Outpatient attendance,Deterministic normalized-label match,Exact source label,Compatible,Existing observed code,12.2.1; 13.2.1; 14.2.1,Accepted canonical link,"Header, controlled normalization, module context and canonical April-2025 element dictionary",Analyst-reviewed deterministic rule; custodian validation pending,
HMIS-RPTCOL-JH-0315,HMIS-RPTSCHEMA-JHARKHAND-20260901-001,315,M14,Patient Services,14.2.1.a,"Out of above, number of specialist Allopathic OPD services provided",HMIS-DE-0539,"Out of above, number of specialist Allopathic OPD services provided",Deterministic normalized-label match,Exact source label,Compatible,Existing observed code,12.2.1.a; 13.2.1.a; 14.2.1.a,Accepted canonical link,"Header, controlled normalization, module context and canonical April-2025 element dictionary",Analyst-reviewed deterministic rule; custodian validation pending,
HMIS-RPTCOL-JH-0316,HMIS-RPTSCHEMA-JHARKHAND-20260901-001,316,M14,Patient Services,14.2.2,Ayush - Outpatient attendance,HMIS-DE-0022,Ayush - Outpatient attendance,Deterministic normalized-label match,Exact source label,Compatible,Existing observed code,12.2.2; 13.2.2; 14.2.2,Accepted canonical link,"Header, controlled normalization, module context and canonical April-2025 element dictionary",Analyst-reviewed deterministic rule; custodian validation pending,
HMIS-RPTCOL-JH-0317,HMIS-RPTSCHEMA-JHARKHAND-20260901-001,317,M14,Patient Services,14.2.2.b,"Out of above, number of specialist AYUSH OPD services provided",HMIS-DE-0540,"Out of above, number of specialist AYUSH OPD services provided",Deterministic normalized-label match,Exact source label,Compatible,New report-schema code occurrence,12.2.2.a; 13.2.2.a; 14.2.2.a,Accepted canonical link,"Header, controlled normalization, module context and canonical April-2025 element dictionary",Analyst-reviewed deterministic rule; custodian validation pending,
HMIS-RPTCOL-JH-0318,HMIS-RPTSCHEMA-JHARKHAND-20260901-001,318,M14,Patient Services,14.3.1.a,IPD Admission Male- Children<18yrs,HMIS-DE-0192,IPD Admission Male- Children<18yrs,Deterministic normalized-label match,Exact source label,Compatible,Existing observed code,13.3.1.a; 14.3.1.a,Accepted canonical link,"Header, controlled normalization, module context and canonical April-2025 element dictionary",Analyst-reviewed deterministic rule; custodian validation pending,
HMIS-RPTCOL-JH-0319,HMIS-RPTSCHEMA-JHARKHAND-20260901-001,319,M14,Patient Services,14.3.1.b,IPD Admission Male- Adults <60yrs,HMIS-DE-0191,IPD Admission Male- Adults <60yrs,Deterministic normalized-label match,Exact source label,Compatible,Existing observed code,13.3.1.b; 14.3.1.b,Accepted canonical link,"Header, controlled normalization, module context and canonical April-2025 element dictionary",Analyst-reviewed deterministic rule; custodian validation pending,
HMIS-RPTCOL-JH-0320,HMIS-RPTSCHEMA-JHARKHAND-20260901-001,320,M14,Patient Services,14.3.1.c,IPD Admission Female- Children<18yrs,HMIS-DE-0189,IPD Admission Female- Children<18yrs,Deterministic normalized-label match,Exact source label,Compatible,Existing observed code,13.3.1.c; 14.3.1.c,Accepted canonical link,"Header, controlled normalization, module context and canonical April-2025 element dictionary",Analyst-reviewed deterministic rule; custodian validation pending,
HMIS-RPTCOL-JH-0321,HMIS-RPTSCHEMA-JHARKHAND-20260901-001,321,M14,Patient Services,14.3.1.d,IPD Admission Female- Adults<60yrs,HMIS-DE-0188,IPD Admission Female- Adults<60yrs,Deterministic normalized-label match,Exact source label,Compatible,Existing observed code,13.3.1.d; 14.3.1.d,Accepted canonical link,"Header, controlled normalization, module context and canonical April-2025 element dictionary",Analyst-reviewed deterministic rule; custodian validation pending,
HMIS-RPTCOL-JH-0322,HMIS-RPTSCHEMA-JHARKHAND-20260901-001,322,M14,Patient Services,14.3.1.e,IPD Admission Geriatric->=60yrs,HMIS-DE-0190,IPD Admission Geriatric->=60yrs,Deterministic normalized-label match,Exact source label,Compatible,Existing observed code,13.3.1.e; 14.3.1.e,Accepted canonical link,"Header, controlled normalization, module context and canonical April-2025 element dictionary",Analyst-reviewed deterministic rule; custodian validation pending,
HMIS-RPTCOL-JH-0323,HMIS-RPTSCHEMA-JHARKHAND-20260901-001,323,M14,Patient Services,14.3.2.a,IPD Discharge Male- Children<18yrs,HMIS-DE-0204,IPD Discharge Male- Children<18yrs,Deterministic normalized-label match,Exact source label,Compatible,Existing observed code,13.3.2.a; 14.3.2.a,Accepted canonical link,"Header, controlled normalization, module context and canonical April-2025 element dictionary",Analyst-reviewed deterministic rule; custodian validation pending,
HMIS-RPTCOL-JH-0324,HMIS-RPTSCHEMA-JHARKHAND-20260901-001,324,M14,Patient Services,14.3.2.b,IPD Discharge Male- Adults<60yrs,HMIS-DE-0203,IPD Discharge Male- Adults<60yrs,Deterministic normalized-label match,Exact source label,Compatible,Existing observed code,13.3.2.b; 14.3.2.b,Accepted canonical link,"Header, controlled normalization, module context and canonical April-2025 element dictionary",Analyst-reviewed deterministic rule; custodian validation pending,
HMIS-RPTCOL-JH-0325,HMIS-RPTSCHEMA-JHARKHAND-20260901-001,325,M14,Patient Services,14.3.2.c,IPD Discharge Female- Children<18yrs,HMIS-DE-0201,IPD Discharge Female- Children<18yrs,Deterministic normalized-label match,Exact source label,Compatible,Existing observed code,13.3.2.c; 14.3.2.c,Accepted canonical link,"Header, controlled normalization, module context and canonical April-2025 element dictionary",Analyst-reviewed deterministic rule; custodian validation pending,
HMIS-RPTCOL-JH-0326,HMIS-RPTSCHEMA-JHARKHAND-20260901-001,326,M14,Patient Services,14.3.2.d,IPD Discharge Female- Adults<60yrs,HMIS-DE-0200,IPD Discharge Female- Adults<60yrs,Deterministic normalized-label match,Exact source label,Compatible,Existing observed code,13.3.2.d; 14.3.2.d,Accepted canonical link,"Header, controlled normalization, module context and canonical April-2025 element dictionary",Analyst-reviewed deterministic rule; custodian validation pending,
HMIS-RPTCOL-JH-0327,HMIS-RPTSCHEMA-JHARKHAND-20260901-001,327,M14,Patient Services,14.3.2.e,IPD Discharge Geriatric->=60yrs,HMIS-DE-0202,IPD Discharge Geriatric->=60yrs,Deterministic normalized-label match,Exact source label,Compatible,Existing observed code,13.3.2.e; 14.3.2.e,Accepted canonical link,"Header, controlled normalization, module context and canonical April-2025 element dictionary",Analyst-reviewed deterministic rule; custodian validation pending,
HMIS-RPTCOL-JH-0328,HMIS-RPTSCHEMA-JHARKHAND-20260901-001,328,M14,Patient Services,14.3.3.a,IPD Referred Male- Children<18yrs,HMIS-DE-0209,IPD Referred Male- Children<18yrs,Deterministic normalized-label match,Exact source label,Compatible,Existing observed code,13.3.3.a; 14.3.3.a,Accepted canonical link,"Header, controlled normalization, module context and canonical April-2025 element dictionary",Analyst-reviewed deterministic rule; custodian validation pending,
HMIS-RPTCOL-JH-0329,HMIS-RPTSCHEMA-JHARKHAND-20260901-001,329,M14,Patient Services,14.3.3.b,IPD Referred Male- Adults<60yrs,HMIS-DE-0208,IPD Referred Male- Adults<60yrs,Deterministic normalized-label match,Exact source label,Compatible,Existing observed code,13.3.3.b; 14.3.3.b,Accepted canonical link,"Header, controlled normalization, module context and canonical April-2025 element dictionary",Analyst-reviewed deterministic rule; custodian validation pending,
HMIS-RPTCOL-JH-0330,HMIS-RPTSCHEMA-JHARKHAND-20260901-001,330,M14,Patient Services,14.3.3.c,IPD Referred Female- Children<18yrs,HMIS-DE-0206,IPD Referred Female- Children<18yrs,Deterministic normalized-label match,Exact source label,Compatible,Existing observed code,13.3.3.c; 14.3.3.c,Accepted canonical link,"Header, controlled normalization, module context and canonical April-2025 element dictionary",Analyst-reviewed deterministic rule; custodian validation pending,
HMIS-RPTCOL-JH-0331,HMIS-RPTSCHEMA-JHARKHAND-20260901-001,331,M14,Patient Services,14.3.3.d,IPD Referred Female- Adults<60yrs,HMIS-DE-0205,IPD Referred Female- Adults<60yrs,Deterministic normalized-label match,Exact source label,Compatible,Existing observed code,13.3.3.d; 14.3.3.d,Accepted canonical link,"Header, controlled normalization, module context and canonical April-2025 element dictionary",Analyst-reviewed deterministic rule; custodian validation pending,
HMIS-RPTCOL-JH-0332,HMIS-RPTSCHEMA-JHARKHAND-20260901-001,332,M14,Patient Services,14.3.3.e,IPD Referred Geriatric->=60yrs,HMIS-DE-0207,IPD Referred Geriatric->=60yrs,Deterministic normalized-label match,Exact source label,Compatible,Existing observed code,13.3.3.e; 14.3.3.e,Accepted canonical link,"Header, controlled normalization, module context and canonical April-2025 element dictionary",Analyst-reviewed deterministic rule; custodian validation pending,
HMIS-RPTCOL-JH-0333,HMIS-RPTSCHEMA-JHARKHAND-20260901-001,333,M14,Patient Services,14.3.4.a,IPD Deaths Male- Children<18yrs,HMIS-DE-0198,IPD Deaths Male- Children<18yrs,Deterministic normalized-label match,Exact source label,Compatible,Existing observed code,13.3.4.a; 14.3.4.a,Accepted canonical link,"Header, controlled normalization, module context and canonical April-2025 element dictionary",Analyst-reviewed deterministic rule; custodian validation pending,
HMIS-RPTCOL-JH-0334,HMIS-RPTSCHEMA-JHARKHAND-20260901-001,334,M14,Patient Services,14.3.4.b,IPD Deaths Male- Adults<60yrs,HMIS-DE-0197,IPD Deaths Male- Adults<60yrs,Deterministic normalized-label match,Exact source label,Compatible,Existing observed code,13.3.4.b; 14.3.4.b,Accepted canonical link,"Header, controlled normalization, module context and canonical April-2025 element dictionary",Analyst-reviewed deterministic rule; custodian validation pending,
HMIS-RPTCOL-JH-0335,HMIS-RPTSCHEMA-JHARKHAND-20260901-001,335,M14,Patient Services,14.3.4.c,IPD Deaths Female- Children<18yrs,HMIS-DE-0195,IPD Deaths Female- Children<18yrs,Deterministic normalized-label match,Exact source label,Compatible,Existing observed code,13.3.4.c; 14.3.4.c,Accepted canonical link,"Header, controlled normalization, module context and canonical April-2025 element dictionary",Analyst-reviewed deterministic rule; custodian validation pending,
HMIS-RPTCOL-JH-0336,HMIS-RPTSCHEMA-JHARKHAND-20260901-001,336,M14,Patient Services,14.3.4.d,IPD Deaths Female- Adults<60yrs,HMIS-DE-0194,IPD Deaths Female- Adults<60yrs,Deterministic normalized-label match,Exact source label,Compatible,Existing observed code,13.3.4.d; 14.3.4.d,Accepted canonical link,"Header, controlled normalization, module context and canonical April-2025 element dictionary",Analyst-reviewed deterministic rule; custodian validation pending,
HMIS-RPTCOL-JH-0337,HMIS-RPTSCHEMA-JHARKHAND-20260901-001,337,M14,Patient Services,14.3.4.e,IPD Deaths Geriatric->=60yrs,HMIS-DE-0196,IPD Deaths Geriatric->=60yrs,Deterministic normalized-label match,Exact source label,Compatible,Existing observed code,13.3.4.e; 14.3.4.e,Accepted canonical link,"Header, controlled normalization, module context and canonical April-2025 element dictionary",Analyst-reviewed deterministic rule; custodian validation pending,
HMIS-RPTCOL-JH-0338,HMIS-RPTSCHEMA-JHARKHAND-20260901-001,338,M14,Patient Services,14.3.5.a,Total cases Referred out (OPD+IPD+Emergency)-During Day,HMIS-DE-0628,Total cases Referred out (OPD+IPD+Emergency)-During Day,Deterministic normalized-label match,Exact source label,Compatible,Existing observed code,13.3.5.a; 14.3.5.a,Accepted canonical link,"Header, controlled normalization, module context and canonical April-2025 element dictionary",Analyst-reviewed deterministic rule; custodian validation pending,
HMIS-RPTCOL-JH-0339,HMIS-RPTSCHEMA-JHARKHAND-20260901-001,339,M14,Patient Services,14.3.5.b,Total cases Referred out (OPD+IPD+Emergency)-At Night (8 PM- 8 AM),HMIS-DE-0627,Total cases Referred out (OPD+IPD+Emergency)-At Night (8 PM- 8 AM),Deterministic normalized-label match,Exact source label,Compatible,Existing observed code,13.3.5.b; 14.3.5.b,Accepted canonical link,"Header, controlled normalization, module context and canonical April-2025 element dictionary",Analyst-reviewed deterministic rule; custodian validation pending,
HMIS-RPTCOL-JH-0340,HMIS-RPTSCHEMA-JHARKHAND-20260901-001,340,M14,Patient Services,14.3.6,Day Care Admissions,HMIS-DE-0098,Day Care Admissions,Deterministic normalized-label match,Exact source label,Compatible,Existing observed code,12.4; 13.3.6; 14.3.6,Accepted canonical link,"Header, controlled normalization, module context and canonical April-2025 element dictionary",Analyst-reviewed deterministic rule; custodian validation pending,
HMIS-RPTCOL-JH-0341,HMIS-RPTSCHEMA-JHARKHAND-20260901-001,341,M14,Patient Services,14.3.7.a,Number of Total Left Against Medical Advice (LAMA) cases reported at the facility,HMIS-DE-0521,Number of Total Left Against Medical Advice (LAMA) cases reported at the facility,Deterministic normalized-label match,Exact source label,Compatible,Existing observed code,13.3.7.a; 14.3.7.a,Accepted canonical link,"Header, controlled normalization, module context and canonical April-2025 element dictionary",Analyst-reviewed deterministic rule; custodian validation pending,
HMIS-RPTCOL-JH-0342,HMIS-RPTSCHEMA-JHARKHAND-20260901-001,342,M14,Patient Services,14.3.7.b,Number of delivery LAMA cases reported at the facility,HMIS-DE-0350,Number of delivery LAMA cases reported at the facility,Deterministic normalized-label match,Exact source label,Compatible,Existing observed code,13.3.7.b; 14.3.7.b,Accepted canonical link,"Header, controlled normalization, module context and canonical April-2025 element dictionary",Analyst-reviewed deterministic rule; custodian validation pending,
HMIS-RPTCOL-JH-0343,HMIS-RPTSCHEMA-JHARKHAND-20260901-001,343,M14,Patient Services,14.3.8,Total number of Medico Legal Cases reported at the facility,HMIS-DE-0680,Total number of Medico Legal Cases reported at the facility,Deterministic normalized-label match,Exact source label,Compatible,Existing observed code,13.3.8; 14.3.8,Accepted canonical link,"Header, controlled normalization, module context and canonical April-2025 element dictionary",Analyst-reviewed deterministic rule; custodian validation pending,
HMIS-RPTCOL-JH-0344,HMIS-RPTSCHEMA-JHARKHAND-20260901-001,344,M14,Patient Services,14.3.9,Total number of postmortem conducted at the facility,HMIS-DE-0689,Total number of postmortem conducted at the facility,Deterministic normalized-label match,Exact source label,Compatible,Existing observed code,14.3.9,Accepted canonical link,"Header, controlled normalization, module context and canonical April-2025 element dictionary",Analyst-reviewed deterministic rule; custodian validation pending,
HMIS-RPTCOL-JH-0345,HMIS-RPTSCHEMA-JHARKHAND-20260901-001,345,M14,Patient Services,14.3.10,Total number of telemedicine consultation provided,HMIS-DE-0690,Total number of telemedicine consultation provided,Deterministic normalized-label match,Exact source label,Compatible,Existing observed code,12.5; 13.3.9; 14.3.10,Accepted canonical link,"Header, controlled normalization, module context and canonical April-2025 element dictionary",Analyst-reviewed deterministic rule; custodian validation pending,
HMIS-RPTCOL-JH-0346,HMIS-RPTSCHEMA-JHARKHAND-20260901-001,346,M14,Patient Services,14.4.1,Inpatient - Malaria,HMIS-DE-0176,Inpatient - Malaria,Deterministic normalized-label match,Exact source label,Compatible,Existing observed code,13.4.1; 14.4.1,Accepted canonical link,"Header, controlled normalization, module context and canonical April-2025 element dictionary",Analyst-reviewed deterministic rule; custodian validation pending,
HMIS-RPTCOL-JH-0347,HMIS-RPTSCHEMA-JHARKHAND-20260901-001,347,M14,Patient Services,14.4.2,Inpatient - Dengue,HMIS-DE-0174,Inpatient - Dengue,Deterministic normalized-label match,Exact source label,Compatible,Existing observed code,13.4.2; 14.4.2,Accepted canonical link,"Header, controlled normalization, module context and canonical April-2025 element dictionary",Analyst-reviewed deterministic rule; custodian validation pending,
HMIS-RPTCOL-JH-0348,HMIS-RPTSCHEMA-JHARKHAND-20260901-001,348,M14,Patient Services,14.4.3,Inpatient - Typhoid,HMIS-DE-0179,Inpatient - Typhoid,Deterministic normalized-label match,Exact source label,Compatible,Existing observed code,13.4.3; 14.4.3,Accepted canonical link,"Header, controlled normalization, module context and canonical April-2025 element dictionary",Analyst-reviewed deterministic rule; custodian validation pending,
HMIS-RPTCOL-JH-0349,HMIS-RPTSCHEMA-JHARKHAND-20260901-001,349,M14,Patient Services,14.4.4,"Inpatient - Asthma, Chronic Obstructive Pulmonary Disease (COPD), Respiratory infections",HMIS-DE-0173,"Inpatient - Asthma, Chronic Obstructive Pulmonary Disease (COPD), Respiratory infections",Deterministic normalized-label match,Exact source label,Compatible,Existing observed code,13.4.4; 14.4.4,Accepted canonical link,"Header, controlled normalization, module context and canonical April-2025 element dictionary",Analyst-reviewed deterministic rule; custodian validation pending,
HMIS-RPTCOL-JH-0350,HMIS-RPTSCHEMA-JHARKHAND-20260901-001,350,M14,Patient Services,14.4.5,Inpatient - Tuberculosis,HMIS-DE-0178,Inpatient - Tuberculosis,Deterministic normalized-label match,Exact source label,Compatible,Existing observed code,13.4.5; 14.4.5,Accepted canonical link,"Header, controlled normalization, module context and canonical April-2025 element dictionary",Analyst-reviewed deterministic rule; custodian validation pending,
HMIS-RPTCOL-JH-0351,HMIS-RPTSCHEMA-JHARKHAND-20260901-001,351,M14,Patient Services,14.4.6,Inpatient - Pyrexia of unknown origin (PUO),HMIS-DE-0177,Inpatient - Pyrexia of Unknown Origin (PUO),Deterministic normalized-label match,Controlled normalized equivalent,Compatible,Existing observed code,13.4.6; 14.4.6,Accepted canonical link,"Header, controlled normalization, module context and canonical April-2025 element dictionary",Analyst-reviewed deterministic rule; custodian validation pending,
HMIS-RPTCOL-JH-0352,HMIS-RPTSCHEMA-JHARKHAND-20260901-001,352,M14,Patient Services,14.4.7,Inpatient - Diarrhoea with dehydration,HMIS-DE-0175,Inpatient - Diarrhoea with dehydration,Deterministic normalized-label match,Exact source label,Compatible,Existing observed code,13.4.7; 14.4.7,Accepted canonical link,"Header, controlled normalization, module context and canonical April-2025 element dictionary",Analyst-reviewed deterministic rule; custodian validation pending,
HMIS-RPTCOL-JH-0353,HMIS-RPTSCHEMA-JHARKHAND-20260901-001,353,M14,Patient Services,14.4.8,Inpatient – Leprosy (Reconstructive Surgery),HMIS-DE-0182,Inpatient – Leprosy (Reconstructive Surgery),Deterministic normalized-label match,Exact source label,Compatible,Existing observed code,14.4.8,Accepted canonical link,"Header, controlled normalization, module context and canonical April-2025 element dictionary",Analyst-reviewed deterministic rule; custodian validation pending,
HMIS-RPTCOL-JH-0354,HMIS-RPTSCHEMA-JHARKHAND-20260901-001,354,M14,Patient Services,14.4.9,Inpatient – Operated for Cataract,HMIS-DE-0184,Inpatient – Operated for Cataract,Deterministic normalized-label match,Exact source label,Compatible,Existing observed code,14.4.9,Accepted canonical link,"Header, controlled normalization, module context and canonical April-2025 element dictionary",Analyst-reviewed deterministic rule; custodian validation pending,
HMIS-RPTCOL-JH-0355,HMIS-RPTSCHEMA-JHARKHAND-20260901-001,355,M14,Patient Services,14.4.10,Inpatient – Palliative Care,HMIS-DE-0185,Inpatient – Palliative Care,Deterministic normalized-label match,Exact source label,Compatible,Existing observed code,13.4.8; 14.4.10,Accepted canonical link,"Header, controlled normalization, module context and canonical April-2025 element dictionary",Analyst-reviewed deterministic rule; custodian validation pending,
HMIS-RPTCOL-JH-0356,HMIS-RPTSCHEMA-JHARKHAND-20260901-001,356,M14,Patient Services,14.4.11,Inpatient – Mental illness,HMIS-DE-0183,Inpatient – Mental illness,Deterministic normalized-label match,Exact source label,Compatible,Existing observed code,14.4.11,Accepted canonical link,"Header, controlled normalization, module context and canonical April-2025 element dictionary",Analyst-reviewed deterministic rule; custodian validation pending,
HMIS-RPTCOL-JH-0357,HMIS-RPTSCHEMA-JHARKHAND-20260901-001,357,M14,Patient Services,14.5.1,Patients registered at Emergency Department,HMIS-DE-0598,Patients registered at Emergency Department,Deterministic normalized-label match,Exact source label,Compatible,Existing observed code,13.5.1; 14.5.1,Accepted canonical link,"Header, controlled normalization, module context and canonical April-2025 element dictionary",Analyst-reviewed deterministic rule; custodian validation pending,
HMIS-RPTCOL-JH-0358,HMIS-RPTSCHEMA-JHARKHAND-20260901-001,358,M14,Patient Services,14.5.2,No. of Emergencies managed at night (8 PM- 8 AM),HMIS-DE-0255,No. of Emergencies managed at night (8 PM- 8 AM),Deterministic normalized-label match,Exact source label,Compatible,Existing observed code,13.5.2; 14.5.2,Accepted canonical link,"Header, controlled normalization, module context and canonical April-2025 element dictionary",Analyst-reviewed deterministic rule; custodian validation pending,
HMIS-RPTCOL-JH-0359,HMIS-RPTSCHEMA-JHARKHAND-20260901-001,359,M14,Patient Services,14.5.3,Total Number of Emergency cases managed,HMIS-DE-0666,Total Number of Emergency cases managed,Deterministic normalized-label match,Exact source label,Compatible,Existing observed code,12.6.1; 13.5.3; 14.5.3,Accepted canonical link,"Header, controlled normalization, module context and canonical April-2025 element dictionary",Analyst-reviewed deterministic rule; custodian validation pending,
HMIS-RPTCOL-JH-0360,HMIS-RPTSCHEMA-JHARKHAND-20260901-001,360,M14,Patient Services,14.5.4,Total Number of Emergency cases referred out,HMIS-DE-0667,Total Number of Emergency cases referred out,Deterministic normalized-label match,Exact source label,Compatible,Existing observed code,13.5.4; 14.5.4,Accepted canonical link,"Header, controlled normalization, module context and canonical April-2025 element dictionary",Analyst-reviewed deterministic rule; custodian validation pending,
HMIS-RPTCOL-JH-0361,HMIS-RPTSCHEMA-JHARKHAND-20260901-001,361,M14,Patient Services,14.5.5,Total Number of CPR performed in the emergency,HMIS-DE-0664,Total Number of CPR performed in the emergency,Deterministic normalized-label match,Exact source label,Compatible,Existing observed code,12.6.2; 13.5.5; 14.5.5,Accepted canonical link,"Header, controlled normalization, module context and canonical April-2025 element dictionary",Analyst-reviewed deterministic rule; custodian validation pending,
HMIS-RPTCOL-JH-0362,HMIS-RPTSCHEMA-JHARKHAND-20260901-001,362,M14,Patient Services,14.6.1.a,"Emergency - Trauma ( accident, injury, poisoning etc) -Admission",HMIS-DE-0127,"Emergency - Trauma ( accident, injury, poisoning etc) -Admission",Deterministic normalized-label match,Exact source label,Compatible,Existing observed code,13.6.1.a; 14.6.1.a,Accepted canonical link,"Header, controlled normalization, module context and canonical April-2025 element dictionary",Analyst-reviewed deterministic rule; custodian validation pending,
HMIS-RPTCOL-JH-0363,HMIS-RPTSCHEMA-JHARKHAND-20260901-001,363,M14,Patient Services,14.6.1.b,"Emergency - Trauma ( accident, injury, poisoning etc) -Deaths",HMIS-DE-0128,"Emergency - Trauma ( accident, injury, poisoning etc) -Deaths",Deterministic normalized-label match,Exact source label,Compatible,Existing observed code,13.6.1.b; 14.6.1.b,Accepted canonical link,"Header, controlled normalization, module context and canonical April-2025 element dictionary",Analyst-reviewed deterministic rule; custodian validation pending,
HMIS-RPTCOL-JH-0364,HMIS-RPTSCHEMA-JHARKHAND-20260901-001,364,M14,Patient Services,14.6.2.a,Emergency - Burn -Admission,HMIS-DE-0117,Emergency - Burn -Admission,Deterministic normalized-label match,Exact source label,Compatible,Existing observed code,13.6.2.a; 14.6.2.a,Accepted canonical link,"Header, controlled normalization, module context and canonical April-2025 element dictionary",Analyst-reviewed deterministic rule; custodian validation pending,
HMIS-RPTCOL-JH-0365,HMIS-RPTSCHEMA-JHARKHAND-20260901-001,365,M14,Patient Services,14.6.2.b,Emergency - Burn -Deaths,HMIS-DE-0118,Emergency - Burn -Deaths,Deterministic normalized-label match,Exact source label,Compatible,Existing observed code,13.6.2.b; 14.6.2.b,Accepted canonical link,"Header, controlled normalization, module context and canonical April-2025 element dictionary",Analyst-reviewed deterministic rule; custodian validation pending,
HMIS-RPTCOL-JH-0366,HMIS-RPTSCHEMA-JHARKHAND-20260901-001,366,M14,Patient Services,14.6.3.a,Emergency - Obstetrics complications -Admission,HMIS-DE-0123,Emergency - Obstetrics complications -Admission,Deterministic normalized-label match,Exact source label,Compatible,Existing observed code,13.6.3.a; 14.6.3.a,Accepted canonical link,"Header, controlled normalization, module context and canonical April-2025 element dictionary",Analyst-reviewed deterministic rule; custodian validation pending,
HMIS-RPTCOL-JH-0367,HMIS-RPTSCHEMA-JHARKHAND-20260901-001,367,M14,Patient Services,14.6.3.b,Emergency - Obstetrics complications -Deaths,HMIS-DE-0124,Emergency - Obstetrics complications -Deaths,Deterministic normalized-label match,Exact source label,Compatible,Existing observed code,13.6.3.b; 14.6.3.b,Accepted canonical link,"Header, controlled normalization, module context and canonical April-2025 element dictionary",Analyst-reviewed deterministic rule; custodian validation pending,
HMIS-RPTCOL-JH-0368,HMIS-RPTSCHEMA-JHARKHAND-20260901-001,368,M14,Patient Services,14.6.4.a,Emergency - Snake Bite -Admission,HMIS-DE-0125,Emergency - Snake Bite -Admission,Deterministic normalized-label match,Exact source label,Compatible,Existing observed code,13.6.4.a; 14.6.4.a,Accepted canonical link,"Header, controlled normalization, module context and canonical April-2025 element dictionary",Analyst-reviewed deterministic rule; custodian validation pending,
HMIS-RPTCOL-JH-0369,HMIS-RPTSCHEMA-JHARKHAND-20260901-001,369,M14,Patient Services,14.6.4.b,Emergency - Snake Bite -Deaths,HMIS-DE-0126,Emergency - Snake Bite -Deaths,Deterministic normalized-label match,Exact source label,Compatible,Existing observed code,13.6.4.b; 14.6.4.b,Accepted canonical link,"Header, controlled normalization, module context and canonical April-2025 element dictionary",Analyst-reviewed deterministic rule; custodian validation pending,
HMIS-RPTCOL-JH-0370,HMIS-RPTSCHEMA-JHARKHAND-20260901-001,370,M14,Patient Services,14.6.5.a,Emergency - Acute Cardiac Emergencies -Admission,HMIS-DE-0115,Emergency - Acute Cardiac Emergencies -Admission,Deterministic normalized-label match,Exact source label,Compatible,Existing observed code,13.6.5.a; 14.6.5.a,Accepted canonical link,"Header, controlled normalization, module context and canonical April-2025 element dictionary",Analyst-reviewed deterministic rule; custodian validation pending,
HMIS-RPTCOL-JH-0371,HMIS-RPTSCHEMA-JHARKHAND-20260901-001,371,M14,Patient Services,14.6.5.b,Emergency - Acute Cardiac Emergencies -Deaths,HMIS-DE-0116,Emergency - Acute Cardiac Emergencies -Deaths,Deterministic normalized-label match,Exact source label,Compatible,Existing observed code,13.6.5.b; 14.6.5.b,Accepted canonical link,"Header, controlled normalization, module context and canonical April-2025 element dictionary",Analyst-reviewed deterministic rule; custodian validation pending,
HMIS-RPTCOL-JH-0372,HMIS-RPTSCHEMA-JHARKHAND-20260901-001,372,M14,Patient Services,14.6.6.a,Emergency - CVA (Cerebrovascular Disease)/Stroke -Admission,HMIS-DE-0119,Emergency - CVA (Cerebrovascular Disease)/Stroke -Admission,Deterministic normalized-label match,Exact source label,Compatible,Existing observed code,13.6.6.a; 14.6.6.a,Accepted canonical link,"Header, controlled normalization, module context and canonical April-2025 element dictionary",Analyst-reviewed deterministic rule; custodian validation pending,
HMIS-RPTCOL-JH-0373,HMIS-RPTSCHEMA-JHARKHAND-20260901-001,373,M14,Patient Services,14.6.6.b,Emergency - CVA (Cerebrovascular Disease)/Stroke -Deaths,HMIS-DE-0120,Emergency - CVA (Cerebrovascular Disease)/Stroke -Deaths,Deterministic normalized-label match,Exact source label,Compatible,Existing observed code,13.6.6.b; 14.6.6.b,Accepted canonical link,"Header, controlled normalization, module context and canonical April-2025 element dictionary",Analyst-reviewed deterministic rule; custodian validation pending,
HMIS-RPTCOL-JH-0374,HMIS-RPTSCHEMA-JHARKHAND-20260901-001,374,M14,Patient Services,14.6.7.a,Emergency - Dog Bite -Admission,HMIS-DE-0121,Emergency - Dog Bite -Admission,Deterministic normalized-label match,Exact source label,Compatible,Existing observed code,13.6.7.a; 14.6.7.a,Accepted canonical link,"Header, controlled normalization, module context and canonical April-2025 element dictionary",Analyst-reviewed deterministic rule; custodian validation pending,
HMIS-RPTCOL-JH-0375,HMIS-RPTSCHEMA-JHARKHAND-20260901-001,375,M14,Patient Services,14.6.7.b,Emergency - Dog Bite -Deaths,HMIS-DE-0122,Emergency - Dog Bite -Deaths,Deterministic normalized-label match,Exact source label,Compatible,Existing observed code,13.6.7.b; 14.6.7.b,Accepted canonical link,"Header, controlled normalization, module context and canonical April-2025 element dictionary",Analyst-reviewed deterministic rule; custodian validation pending,
HMIS-RPTCOL-JH-0376,HMIS-RPTSCHEMA-JHARKHAND-20260901-001,376,M14,Patient Services,14.7,Total number of deaths occurring at Emergency Department,HMIS-DE-0665,Total number of deaths occurring at Emergency Department,Deterministic normalized-label match,Exact source label,Compatible,Existing observed code,13.7; 14.7,Accepted canonical link,"Header, controlled normalization, module context and canonical April-2025 element dictionary",Analyst-reviewed deterministic rule; custodian validation pending,
HMIS-RPTCOL-JH-0377,HMIS-RPTSCHEMA-JHARKHAND-20260901-001,377,M14,Patient Services,14.8.1.a,Total number of Major Operations conducted excluding C-Section (General and spinal anaesthesia),HMIS-DE-0678,Total number of Major Operations conducted excluding C-Section (General and spinal anaesthesia),Deterministic normalized-label match,Exact source label,Compatible,Existing observed code,14.8.1.a,Accepted canonical link,"Header, controlled normalization, module context and canonical April-2025 element dictionary",Analyst-reviewed deterministic rule; custodian validation pending,
HMIS-RPTCOL-JH-0378,HMIS-RPTSCHEMA-JHARKHAND-20260901-001,378,M14,Patient Services,14.8.1.b,"Out of Major Operation, Gynecology- Hysterectomy surgeries",HMIS-DE-0545,"Out of Major Operation, Gynecology- Hysterectomy surgeries",Deterministic normalized-label match,Exact source label,Compatible,Existing observed code,14.8.1.b,Accepted canonical link,"Header, controlled normalization, module context and canonical April-2025 element dictionary",Analyst-reviewed deterministic rule; custodian validation pending,
HMIS-RPTCOL-JH-0379,HMIS-RPTSCHEMA-JHARKHAND-20260901-001,379,M14,Patient Services,14.8.1.c,"Major Surgeries excluding Obstetrics, Gynaecology and Opthalmology.",HMIS-DE-0220,"Major Surgeries excluding Obstetrics, Gynaecology and Opthalmology",Deterministic normalized-label match,Controlled normalized equivalent,Compatible,Existing observed code,14.8.1.c,Accepted canonical link,"Header, controlled normalization, module context and canonical April-2025 element dictionary",Analyst-reviewed deterministic rule; custodian validation pending,
HMIS-RPTCOL-JH-0380,HMIS-RPTSCHEMA-JHARKHAND-20260901-001,380,M14,Patient Services,14.8.1.d,No. of Major Surgeries done at night (8PM to 8 AM) (Excluding C section),HMIS-DE-0262,No. of Major Surgeries done at night (8PM to 8 AM) (Excluding C section),Deterministic normalized-label match,Exact source label,Compatible,Existing observed code,14.8.1.d,Accepted canonical link,"Header, controlled normalization, module context and canonical April-2025 element dictionary",Analyst-reviewed deterministic rule; custodian validation pending,
HMIS-RPTCOL-JH-0381,HMIS-RPTSCHEMA-JHARKHAND-20260901-001,381,M14,Patient Services,14.8.2,Minor Operations (No or local anaesthesia),HMIS-DE-0233,Minor Operations (No or local anaesthesia),Deterministic normalized-label match,Exact source label,Compatible,Existing observed code,13.8; 14.8.2,Accepted canonical link,"Header, controlled normalization, module context and canonical April-2025 element dictionary",Analyst-reviewed deterministic rule; custodian validation pending,
HMIS-RPTCOL-JH-0382,HMIS-RPTSCHEMA-JHARKHAND-20260901-001,382,M14,Patient Services,14.9,Number of post operative Surgical Site infection,HMIS-DE-0451,Number of post operative Surgical Site infection,Deterministic normalized-label match,Exact source label,Compatible,New report-schema code occurrence,14.8.3,Accepted canonical link,"Header, controlled normalization, module context and canonical April-2025 element dictionary",Analyst-reviewed deterministic rule; custodian validation pending,
HMIS-RPTCOL-JH-0383,HMIS-RPTSCHEMA-JHARKHAND-20260901-001,383,M14,Patient Services,14.10,In-Patient Head Count at midnight,HMIS-DE-0152,In-Patient Head Count at midnight,Deterministic normalized-label match,Exact source label,Compatible,New report-schema code occurrence,13.9; 14.9,Accepted canonical link,"Header, controlled normalization, module context and canonical April-2025 element dictionary",Analyst-reviewed deterministic rule; custodian validation pending,
HMIS-RPTCOL-JH-0384,HMIS-RPTSCHEMA-JHARKHAND-20260901-001,384,M14,Patient Services,14.11.1,Number of Admission in NBSU ( New Born Stabilisation Unit),HMIS-DE-0274,Number of Admission in NBSU ( New Born Stabilisation Unit),Deterministic normalized-label match,Exact source label,Compatible,New report-schema code occurrence,13.10.1; 14.10.1,Accepted canonical link,"Header, controlled normalization, module context and canonical April-2025 element dictionary",Analyst-reviewed deterministic rule; custodian validation pending,
HMIS-RPTCOL-JH-0385,HMIS-RPTSCHEMA-JHARKHAND-20260901-001,385,M14,Patient Services,14.11.2,Number of total admissions in Special Newborn Care Unit (SNCU Admissions),HMIS-DE-0520,Number of total admissions in Special Newborn Care Unit (SNCU Admissions),Deterministic normalized-label match,Exact source label,Compatible,New report-schema code occurrence,14.10.1; 14.10.2,Accepted canonical link,"Header, controlled normalization, module context and canonical April-2025 element dictionary",Analyst-reviewed deterministic rule; custodian validation pending,
HMIS-RPTCOL-JH-0386,HMIS-RPTSCHEMA-JHARKHAND-20260901-001,386,M14,Patient Services,14.12.1,Number of deaths occurred at SNCU,HMIS-DE-0349,Number of deaths occurred at SNCU,Deterministic normalized-label match,Exact source label,Compatible,New report-schema code occurrence,14.11.1,Accepted canonical link,"Header, controlled normalization, module context and canonical April-2025 element dictionary",Analyst-reviewed deterministic rule; custodian validation pending,
HMIS-RPTCOL-JH-0387,HMIS-RPTSCHEMA-JHARKHAND-20260901-001,387,M14,Patient Services,14.12.2,Number of Newborns successfully discharged from SNCU,HMIS-DE-0433,Number of Newborns successfully discharged from SNCU,Deterministic normalized-label match,Exact source label,Compatible,New report-schema code occurrence,14.11.2,Accepted canonical link,"Header, controlled normalization, module context and canonical April-2025 element dictionary",Analyst-reviewed deterministic rule; custodian validation pending,
HMIS-RPTCOL-JH-0388,HMIS-RPTSCHEMA-JHARKHAND-20260901-001,388,M14,Patient Services,14.13.1.a.i,Number of pregnant women provided free medicines during ANC period under JSSK,HMIS-DE-0474,Number of pregnant women provided free medicines during ANC period under JSSK,Deterministic normalized-label match,Exact source label,Compatible,New report-schema code occurrence,12.7.1.a.i; 13.11.1.a.i; 14.12.1.a.i,Accepted canonical link,"Header, controlled normalization, module context and canonical April-2025 element dictionary",Analyst-reviewed deterministic rule; custodian validation pending,
HMIS-RPTCOL-JH-0389,HMIS-RPTSCHEMA-JHARKHAND-20260901-001,389,M14,Patient Services,14.13.1.a.ii,Number of Pregnant women provided free medicines during delivery under JSSK,,,No deterministic canonical match,Potential new or version-specific field,Not applicable until canonical review,No canonical code lineage,,Candidate new element—verification required,Header and comparison with canonical April-2025 element dictionary,Do not promote without original workbook and custodian/source confirmation,HMIS-DE-CAND-JH-002
HMIS-RPTCOL-JH-0390,HMIS-RPTSCHEMA-JHARKHAND-20260901-001,390,M14,Patient Services,14.13.1.a.iii,Number of PNC mothers provided free medicines under JSSK,,,No deterministic canonical match,Potential new or version-specific field,Not applicable until canonical review,No canonical code lineage,,Candidate new element—verification required,Header and comparison with canonical April-2025 element dictionary,Do not promote without original workbook and custodian/source confirmation,HMIS-DE-CAND-JH-003
HMIS-RPTCOL-JH-0391,HMIS-RPTSCHEMA-JHARKHAND-20260901-001,391,M14,Patient Services,14.13.1.b,Number of women provided - Free Diet under JSSK,HMIS-DE-0529,Number of women provided - Free Diet under JSSK,Deterministic normalized-label match,Exact source label,Compatible,New report-schema code occurrence,12.7.1.b; 13.11.1.b; 14.12.1.b,Accepted canonical link,"Header, controlled normalization, module context and canonical April-2025 element dictionary",Analyst-reviewed deterministic rule; custodian validation pending,
HMIS-RPTCOL-JH-0392,HMIS-RPTSCHEMA-JHARKHAND-20260901-001,392,M14,Patient Services,14.13.1.c.i,Number of pregnant women provided free diagnostics during ANC period under JSSK,HMIS-DE-0473,Number of pregnant women provided free diagnostics during ANC period under JSSK,Deterministic normalized-label match,Exact source label,Compatible,New report-schema code occurrence,12.7.1.c.i; 13.11.1.c.i; 14.12.1.c.i,Accepted canonical link,"Header, controlled normalization, module context and canonical April-2025 element dictionary",Analyst-reviewed deterministic rule; custodian validation pending,
HMIS-RPTCOL-JH-0393,HMIS-RPTSCHEMA-JHARKHAND-20260901-001,393,M14,Patient Services,14.13.1.c.ii,Number of Pregnant women provided free diagnostics during delivery under JSSK,,,No deterministic canonical match,Potential new or version-specific field,Not applicable until canonical review,No canonical code lineage,,Candidate new element—verification required,Header and comparison with canonical April-2025 element dictionary,Do not promote without original workbook and custodian/source confirmation,HMIS-DE-CAND-JH-004
HMIS-RPTCOL-JH-0394,HMIS-RPTSCHEMA-JHARKHAND-20260901-001,394,M14,Patient Services,14.13.1.c.iii,Number of PNC mothers provided free diagnostics under JSSK,,,No deterministic canonical match,Potential new or version-specific field,Not applicable until canonical review,No canonical code lineage,,Candidate new element—verification required,Header and comparison with canonical April-2025 element dictionary,Do not promote without original workbook and custodian/source confirmation,HMIS-DE-CAND-JH-005
HMIS-RPTCOL-JH-0395,HMIS-RPTSCHEMA-JHARKHAND-20260901-001,395,M14,Patient Services,14.13.1.d,Number ofpregnant women provided - Free Home to facility transport for conducting delivery under JSSK,HMIS-DE-0471,Number of pregnant women provided - Free Home to facility transport for conducting delivery under JSSK,Reviewed terminology/typography alias,Reviewed alias,Compatible,New report-schema code occurrence,12.7.1.d; 13.11.1.d; 14.12.1.d,Accepted canonical link,"Header, controlled normalization, module context and canonical April-2025 element dictionary",Analyst-reviewed deterministic rule; custodian validation pending,
HMIS-RPTCOL-JH-0396,HMIS-RPTSCHEMA-JHARKHAND-20260901-001,396,M14,Patient Services,14.13.1.e,Number of pregnant women provided - Interfacility transfers when needed during delivery under JSSK(in case of referral),HMIS-DE-0472,Number of pregnant women provided - Interfacility transfers when needed during delivery under JSSK(in case of referral),Deterministic normalized-label match,Exact source label,Compatible,New report-schema code occurrence,12.7.1.e; 13.11.1.e; 14.12.1.e,Accepted canonical link,"Header, controlled normalization, module context and canonical April-2025 element dictionary",Analyst-reviewed deterministic rule; custodian validation pending,
HMIS-RPTCOL-JH-0397,HMIS-RPTSCHEMA-JHARKHAND-20260901-001,397,M14,Patient Services,14.13.1.f,Number of PNC mothers provided - Free Drop Back home after delivery under JSSK,HMIS-DE-0450,Number of PNC mothers provided - Free Drop Back home after delivery under JSSK,Deterministic normalized-label match,Exact source label,Compatible,New report-schema code occurrence,12.7.1.f; 13.11.1.f; 14.12.1.f,Accepted canonical link,"Header, controlled normalization, module context and canonical April-2025 element dictionary",Analyst-reviewed deterministic rule; custodian validation pending,
HMIS-RPTCOL-JH-0398,HMIS-RPTSCHEMA-JHARKHAND-20260901-001,398,M14,Patient Services,14.13.2.a,Number of infants admitted at facility due to any sickness- JSSK Beneficiaries,HMIS-DE-0387,Number of infants admitted at facility due to any sickness- JSSK Beneficiaries,Deterministic normalized-label match,Exact source label,Compatible,New report-schema code occurrence,12.7.2.a; 13.11.2.a; 14.12.2.a,Accepted canonical link,"Header, controlled normalization, module context and canonical April-2025 element dictionary",Analyst-reviewed deterministic rule; custodian validation pending,
HMIS-RPTCOL-JH-0399,HMIS-RPTSCHEMA-JHARKHAND-20260901-001,399,M14,Patient Services,14.13.2.b,Number of sick infants provided - Free Medicines under JSSK,HMIS-DE-0512,Number of sick infants provided - Free Medicines under JSSK,Deterministic normalized-label match,Exact source label,Compatible,New report-schema code occurrence,12.7.2.b; 13.11.2.b; 14.12.2.b,Accepted canonical link,"Header, controlled normalization, module context and canonical April-2025 element dictionary",Analyst-reviewed deterministic rule; custodian validation pending,
HMIS-RPTCOL-JH-0400,HMIS-RPTSCHEMA-JHARKHAND-20260901-001,400,M14,Patient Services,14.13.2.c,Number of sick infants provided - Free Diagnostics under JSSK,HMIS-DE-0510,Number of sick infants provided - Free Diagnostics under JSSK,Deterministic normalized-label match,Exact source label,Compatible,New report-schema code occurrence,13.11.2.c; 14.12.2.c,Accepted canonical link,"Header, controlled normalization, module context and canonical April-2025 element dictionary",Analyst-reviewed deterministic rule; custodian validation pending,
HMIS-RPTCOL-JH-0401,HMIS-RPTSCHEMA-JHARKHAND-20260901-001,401,M14,Patient Services,14.13.2.d,Number of sick infants provided - Free Home to facility transport under JSSK,HMIS-DE-0511,Number of sick infants provided - Free Home to facility transport under JSSK,Deterministic normalized-label match,Exact source label,Compatible,New report-schema code occurrence,12.7.2.c; 13.11.2.d; 14.12.2.d,Accepted canonical link,"Header, controlled normalization, module context and canonical April-2025 element dictionary",Analyst-reviewed deterministic rule; custodian validation pending,
HMIS-RPTCOL-JH-0402,HMIS-RPTSCHEMA-JHARKHAND-20260901-001,402,M14,Patient Services,14.13.2.e,Number of infants received free referral transport under JSSK,HMIS-DE-0388,Number of infants received free referral transport under JSSK,Deterministic normalized-label match,Exact source label,Compatible,New report-schema code occurrence,12.7.2.d; 13.11.2.e; 14.12.2.e,Accepted canonical link,"Header, controlled normalization, module context and canonical April-2025 element dictionary",Analyst-reviewed deterministic rule; custodian validation pending,
HMIS-RPTCOL-JH-0403,HMIS-RPTSCHEMA-JHARKHAND-20260901-001,403,M14,Patient Services,14.14.1,Number of sick SAM children admitted in standalone/ integrated NRC,HMIS-DE-0513,Number of sick SAM children admitted in standalone/ integrated NRC,Deterministic normalized-label match,Exact source label,Compatible,New report-schema code occurrence,13.12.1; 14.13.1,Accepted canonical link,"Header, controlled normalization, module context and canonical April-2025 element dictionary",Analyst-reviewed deterministic rule; custodian validation pending,
HMIS-RPTCOL-JH-0404,HMIS-RPTSCHEMA-JHARKHAND-20260901-001,404,M14,Patient Services,14.14.2,Number of sick SAM children referred to standalone/ integrated NRC by Frontline Workers (AWW/ ASHA/ ANM),HMIS-DE-0514,Number of sick SAM children referred to standalone/ integrated NRC by Frontline Workers (AWW/ ASHA/ ANM),Deterministic normalized-label match,Exact source label,Compatible,New report-schema code occurrence,13.12.2; 14.13.2,Accepted canonical link,"Header, controlled normalization, module context and canonical April-2025 element dictionary",Analyst-reviewed deterministic rule; custodian validation pending,
HMIS-RPTCOL-JH-0405,HMIS-RPTSCHEMA-JHARKHAND-20260901-001,405,M14,Patient Services,14.14.3,Number of sick SAM children referred to standalone/ integrated NRC from IPD/OPD of other Health Facility (PHC/CHC/SDH/DH/other NRC),HMIS-DE-0515,Number of sick SAM children referred to standalone/ integrated NRC from IPD/OPD of other Health Facility (PHC/CHC/SDH/DH/other NRC),Deterministic normalized-label match,Exact source label,Compatible,New report-schema code occurrence,13.12.3; 14.13.3,Accepted canonical link,"Header, controlled normalization, module context and canonical April-2025 element dictionary",Analyst-reviewed deterministic rule; custodian validation pending,
HMIS-RPTCOL-JH-0406,HMIS-RPTSCHEMA-JHARKHAND-20260901-001,406,M14,Patient Services,14.14.4,Number of children Referred to standalone/ integrated NRC by RBSK Team,HMIS-DE-0323,Number of children Referred to standalone/ integrated NRC by RBSK Team,Deterministic normalized-label match,Exact source label,Compatible,New report-schema code occurrence,13.12.4; 14.13.4,Accepted canonical link,"Header, controlled normalization, module context and canonical April-2025 element dictionary",Analyst-reviewed deterministic rule; custodian validation pending,
HMIS-RPTCOL-JH-0407,HMIS-RPTSCHEMA-JHARKHAND-20260901-001,407,M14,Patient Services,14.14.5,Number of SAM children discharged from standalone/ integrated NRC who met the discharge criteria,HMIS-DE-0507,Number of SAM children discharged from standalone/ integrated NRC who met the discharge criteria,Deterministic normalized-label match,Exact source label,Compatible,New report-schema code occurrence,13.12.5; 14.13.5,Accepted canonical link,"Header, controlled normalization, module context and canonical April-2025 element dictionary",Analyst-reviewed deterministic rule; custodian validation pending,
HMIS-RPTCOL-JH-0408,HMIS-RPTSCHEMA-JHARKHAND-20260901-001,408,M14,Patient Services,14.14.6,Number of admitted children left against medical advice (LAMA) / defaulter,HMIS-DE-0275,Number of admitted children left against medical advice (LAMA) / defaulter,Deterministic normalized-label match,Exact source label,Compatible,New report-schema code occurrence,13.12.6; 14.13.6,Accepted canonical link,"Header, controlled normalization, module context and canonical April-2025 element dictionary",Analyst-reviewed deterministic rule; custodian validation pending,
HMIS-RPTCOL-JH-0409,HMIS-RPTSCHEMA-JHARKHAND-20260901-001,409,M14,Patient Services,14.14.7,Number of children died while admitted in standalone/ intergrated NRC,HMIS-DE-0315,Number of children died while admitted in standalone/ intergrated NRC,Deterministic normalized-label match,Exact source label,Compatible,New report-schema code occurrence,13.12.7; 14.13.7,Accepted canonical link,"Header, controlled normalization, module context and canonical April-2025 element dictionary",Analyst-reviewed deterministic rule; custodian validation pending,
HMIS-RPTCOL-JH-0410,HMIS-RPTSCHEMA-JHARKHAND-20260901-001,410,M14,Patient Services,14.14.8,Number of children who completed all four post discharge follow-ups,HMIS-DE-0327,Number of children who completed all four post discharge follow-ups,Deterministic normalized-label match,Exact source label,Compatible,New report-schema code occurrence,13.12.8; 14.13.8,Accepted canonical link,"Header, controlled normalization, module context and canonical April-2025 element dictionary",Analyst-reviewed deterministic rule; custodian validation pending,
HMIS-RPTCOL-JH-0411,HMIS-RPTSCHEMA-JHARKHAND-20260901-001,411,M14,Patient Services,14.14.9,Number of sick SAM children treated and admitted in the pediatric facility (other than standalone/ integrated NRC),HMIS-DE-0516,Number of sick SAM children treated and admitted in the pediatric facility (other than standalone/ integrated NRC),Deterministic normalized-label match,Exact source label,Compatible,New report-schema code occurrence,13.12.9; 14.13.9,Accepted canonical link,"Header, controlled normalization, module context and canonical April-2025 element dictionary",Analyst-reviewed deterministic rule; custodian validation pending,
HMIS-RPTCOL-JH-0412,HMIS-RPTSCHEMA-JHARKHAND-20260901-001,412,M14,Patient Services,14.14.10,In-Patient Head Count at midnight for standalone/ integrated NRC,HMIS-DE-0153,In-Patient Head Count at midnight for standalone/ integrated NRC,Deterministic normalized-label match,Exact source label,Compatible,New report-schema code occurrence,13.12.10; 14.13.10,Accepted canonical link,"Header, controlled normalization, module context and canonical April-2025 element dictionary",Analyst-reviewed deterministic rule; custodian validation pending,
HMIS-RPTCOL-JH-0413,HMIS-RPTSCHEMA-JHARKHAND-20260901-001,413,M14,Patient Services,14.15.1,Number of Rogi Kalyan Samiti (RKS) meetings held,HMIS-DE-0506,Number of Rogi Kalyan Samiti (RKS) meetings held,Deterministic normalized-label match,Exact source label,Compatible,New report-schema code occurrence,13.13.1; 14.14,Accepted canonical link,"Header, controlled normalization, module context and canonical April-2025 element dictionary",Analyst-reviewed deterministic rule; custodian validation pending,
HMIS-RPTCOL-JH-0414,HMIS-RPTSCHEMA-JHARKHAND-20260901-001,414,M14,Patient Services,14.15.2,Number of Jan Arogya Samiti (JAS) meetings held,HMIS-DE-0393,Number of Jan Arogya Samiti (JAS) meetings held,Deterministic normalized-label match,Exact source label,Compatible,New report-schema code occurrence,12.8; 13.13.2,Accepted canonical link,"Header, controlled normalization, module context and canonical April-2025 element dictionary",Analyst-reviewed deterministic rule; custodian validation pending,
HMIS-RPTCOL-JH-0415,HMIS-RPTSCHEMA-JHARKHAND-20260901-001,415,M14,Patient Services,14.16,Number of Anganwadi centres reported to have conducted atleast one Village Health & Nutrition Day (VHNDs)/UHND/ Outreach / Special Outreach sessions,HMIS-DE-0289,Number of Anganwadi centres reported to have conducted atleast one Village Health & Nutrition Day (VHNDs)/UHND/ Outreach / Special Outreach sessions,Deterministic normalized-label match,Exact source label,Compatible,New report-schema code occurrence,12.9; 13.14; 14.15,Accepted canonical link,"Header, controlled normalization, module context and canonical April-2025 element dictionary",Analyst-reviewed deterministic rule; custodian validation pending,
HMIS-RPTCOL-JH-0416,HMIS-RPTSCHEMA-JHARKHAND-20260901-001,416,M14,Patient Services,14.17,Total number of UHND/VHND sessions conducted in the reporting month,HMIS-DE-0691,Total number of UHND/VHND sessions conducted in the reportingmonth,Deterministic normalized-label match,Controlled normalized equivalent,Compatible,New report-schema code occurrence,12.10; 13.15; 14.16,Accepted canonical link,"Header, controlled normalization, module context and canonical April-2025 element dictionary",Analyst-reviewed deterministic rule; custodian validation pending,
HMIS-RPTCOL-JH-0417,HMIS-RPTSCHEMA-JHARKHAND-20260901-001,417,M14,Patient Services,14.18,Total number of Outreach/Special Outreach camps conducted in the reporting month,HMIS-DE-0686,Total number of Outreach/Special Outreach camps conducted in the reportingmonth,Deterministic normalized-label match,Controlled normalized equivalent,Compatible,New report-schema code occurrence,12.11; 13.16; 14.17,Accepted canonical link,"Header, controlled normalization, module context and canonical April-2025 element dictionary",Analyst-reviewed deterministic rule; custodian validation pending,
HMIS-RPTCOL-JH-0418,HMIS-RPTSCHEMA-JHARKHAND-20260901-001,418,M14,Patient Services,14.18.1,Total number of outreach visits conducted by staff,HMIS-DE-0684,Total number of outreach visits conducted by staff,Deterministic normalized-label match,Exact source label,Compatible,New report-schema code occurrence,12.11.1; 13.16.1; 14.17.1,Accepted canonical link,"Header, controlled normalization, module context and canonical April-2025 element dictionary",Analyst-reviewed deterministic rule; custodian validation pending,
HMIS-RPTCOL-JH-0419,HMIS-RPTSCHEMA-JHARKHAND-20260901-001,419,M14,Patient Services,14.18.2,Total number of outreach visits made by DMHP team,HMIS-DE-0685,Total number of outreach visits made by DMHP team,Deterministic normalized-label match,Exact source label,Compatible,New report-schema code occurrence,14.15; 14.17.2,Accepted canonical link,"Header, controlled normalization, module context and canonical April-2025 element dictionary",Analyst-reviewed deterministic rule; custodian validation pending,
HMIS-RPTCOL-JH-0420,HMIS-RPTSCHEMA-JHARKHAND-20260901-001,420,M14,Patient Services,14.18.3,Total number of awareness campaigns/camps conducted for Mental Health,,,No deterministic canonical match,Potential new or version-specific field,Not applicable until canonical review,No canonical code lineage,,Candidate new element—verification required,Header and comparison with canonical April-2025 element dictionary,Do not promote without original workbook and custodian/source confirmation,HMIS-DE-CAND-JH-006
HMIS-RPTCOL-JH-0421,HMIS-RPTSCHEMA-JHARKHAND-20260901-001,421,M14,Patient Services,14.19,Patient Satisfaction Score of the facility in percentage (from Mera Aspatal),HMIS-DE-0597,Patient Satisfaction Score of the facility in percentage (from Mera Aspatal),Deterministic normalized-label match,Exact source label,Compatible,New report-schema code occurrence,12.12; 13.17; 14.16; 14.18,Accepted canonical link,"Header, controlled normalization, module context and canonical April-2025 element dictionary",Analyst-reviewed deterministic rule; custodian validation pending,
HMIS-RPTCOL-JH-0422,HMIS-RPTSCHEMA-JHARKHAND-20260901-001,422,M14,Patient Services,14.20.1.a,Total number of blood samples screened by ELISA/Rapid tests for viral hepatitis A (IgM Anti- HAV),HMIS-DE-0645,Total number of blood samples screened by ELISA/Rapid tests for viral hepatitis A (IgM Anti- HAV),Deterministic normalized-label match,Exact source label,Requires review,New report-schema code occurrence,14.17.1.a,Provisional link—module review required,"Header, controlled normalization, module context and canonical April-2025 element dictionary",Analyst-reviewed deterministic rule; custodian validation pending,
HMIS-RPTCOL-JH-0423,HMIS-RPTSCHEMA-JHARKHAND-20260901-001,423,M14,Patient Services,14.20.1.b,Total number of blood samples screened by ELISA/Rapid tests for viral hepatitis B i.e. HBsAg (excluding pregnant women),HMIS-DE-0646,Total number of blood samples screened by ELISA/Rapid tests for viral hepatitis B i.e. HBsAg (excluding pregnant women),Deterministic normalized-label match,Exact source label,Compatible,New report-schema code occurrence,12.13.1.a; 13.18.1.a; 14.17.1.b; 14.19.1.a,Accepted canonical link,"Header, controlled normalization, module context and canonical April-2025 element dictionary",Analyst-reviewed deterministic rule; custodian validation pending,
HMIS-RPTCOL-JH-0424,HMIS-RPTSCHEMA-JHARKHAND-20260901-001,424,M14,Patient Services,14.20.1.c,Total number of blood samples screened by ELISA/Rapid tests for viral hepatitis C(Anti- HCV),HMIS-DE-0648,Total number of blood samples screened by ELISA/Rapid tests for viral hepatitis C(Anti- HCV),Deterministic normalized-label match,Exact source label,Compatible,New report-schema code occurrence,13.18.1.b; 14.17.1.c; 14.19.1.b; 14.19.1.c,Accepted canonical link,"Header, controlled normalization, module context and canonical April-2025 element dictionary",Analyst-reviewed deterministic rule; custodian validation pending,
HMIS-RPTCOL-JH-0425,HMIS-RPTSCHEMA-JHARKHAND-20260901-001,425,M14,Patient Services,14.20.1.d,Total number of blood samples screened by ELISA/Rapid tests for viral hepatitis E(i.e. IgM Anti-HEV),HMIS-DE-0650,Total number of blood samples screened by ELISA/Rapid tests for viral hepatitis E(i.e. IgM Anti-HEV),Deterministic normalized-label match,Exact source label,Compatible,New report-schema code occurrence,14.19.1.d,Accepted canonical link,"Header, controlled normalization, module context and canonical April-2025 element dictionary",Analyst-reviewed deterministic rule; custodian validation pending,
HMIS-RPTCOL-JH-0426,HMIS-RPTSCHEMA-JHARKHAND-20260901-001,426,M14,Patient Services,14.20.2.a,Total number of blood samples tested positive by ELISA/ Rapid tests for Hepatitis A (out of those tested for IgM Anti- HAV),HMIS-DE-0651,Total number of blood samples tested positive by ELISA/ Rapid tests for Hepatitis A (out of those tested for IgM Anti- HAV),Deterministic normalized-label match,Exact source label,Requires review,New report-schema code occurrence,14.17.2.a,Provisional link—module review required,"Header, controlled normalization, module context and canonical April-2025 element dictionary",Analyst-reviewed deterministic rule; custodian validation pending,
HMIS-RPTCOL-JH-0427,HMIS-RPTSCHEMA-JHARKHAND-20260901-001,427,M14,Patient Services,14.20.2.b,Total number of blood samples tested positive by ELISA/ Rapid tests for Hepatitis B (out of those tested for HBsAg excluding pregnant women),HMIS-DE-0652,Total number of blood samples tested positive by ELISA/ Rapid tests for Hepatitis B (out of those tested for HBsAg excluding pregnant women),Deterministic normalized-label match,Exact source label,Compatible,New report-schema code occurrence,12.13.2.a; 13.18.2.a; 14.17.2.b; 14.19.2.a,Accepted canonical link,"Header, controlled normalization, module context and canonical April-2025 element dictionary",Analyst-reviewed deterministic rule; custodian validation pending,
HMIS-RPTCOL-JH-0428,HMIS-RPTSCHEMA-JHARKHAND-20260901-001,428,M14,Patient Services,14.20.2.b.i,Total number of positive blood samples for hepatitis B by ELISA/ Rapid tests tested for HBV DNA(out of those tested positive for HBsAg excluding pregnant women),HMIS-DE-0687,Total number of positive blood samples for hepatitis B by ELISA/ Rapid tests tested for HBV DNA(out of those tested positive for HBsAg excluding pregnant women),Deterministic normalized-label match,Exact source label,Compatible,New report-schema code occurrence,13.18.2.a.i; 14.17.2.b.i; 14.19.2.a.i,Accepted canonical link,"Header, controlled normalization, module context and canonical April-2025 element dictionary",Analyst-reviewed deterministic rule; custodian validation pending,
HMIS-RPTCOL-JH-0429,HMIS-RPTSCHEMA-JHARKHAND-20260901-001,429,M14,Patient Services,14.20.2.b.ii,Total number of patients found positive for HBsAg eligible for treatment for hepatitis B (excluding pregnant women),,,No deterministic canonical match,Potential new or version-specific field,Not applicable until canonical review,No canonical code lineage,,Candidate new element—verification required,Header and comparison with canonical April-2025 element dictionary,Do not promote without original workbook and custodian/source confirmation,HMIS-DE-CAND-JH-007
HMIS-RPTCOL-JH-0430,HMIS-RPTSCHEMA-JHARKHAND-20260901-001,430,M14,Patient Services,14.20.2.b.iii,Total number of patients eligible for treatment for Hepatitis B put on treatment(out of those eligible for treatment excluding pregnant women),,,No deterministic canonical match,Potential new or version-specific field,Not applicable until canonical review,No canonical code lineage,,Candidate new element—verification required,Header and comparison with canonical April-2025 element dictionary,Do not promote without original workbook and custodian/source confirmation,HMIS-DE-CAND-JH-008
HMIS-RPTCOL-JH-0431,HMIS-RPTSCHEMA-JHARKHAND-20260901-001,431,M14,Patient Services,14.20.2.c,Total number of blood samples tested positive by ELISA/ Rapid tests for Hepatitis C (out of those tested for Anti-HCV),HMIS-DE-0653,Total number of blood samples tested positive by ELISA/ Rapid tests for Hepatitis C (out of those tested for Anti-HCV),Deterministic normalized-label match,Exact source label,Compatible,New report-schema code occurrence,12.13.2.b; 13.18.2.b; 14.17.2.c; 14.19.2.b; 14.19.2.c,Accepted canonical link,"Header, controlled normalization, module context and canonical April-2025 element dictionary",Analyst-reviewed deterministic rule; custodian validation pending,
HMIS-RPTCOL-JH-0432,HMIS-RPTSCHEMA-JHARKHAND-20260901-001,432,M14,Patient Services,14.20.2.c.i,Total number of positive blood samples for Hepatitis C screened by test (ELISA/ Rapid tests) confirmed by HCV RNA testing (out of those positive for anti-HCV),HMIS-DE-0688,Total number of positive blood samples for Hepatitis C screened by test (ELISA/ Rapid tests) confirmed by HCV RNA testing (out of those positive for anti-HCV),Deterministic normalized-label match,Exact source label,Compatible,New report-schema code occurrence,13.18.2.b.i; 14.17.2.c.i; 14.19.2.b.i; 14.19.2.c.i,Accepted canonical link,"Header, controlled normalization, module context and canonical April-2025 element dictionary",Analyst-reviewed deterministic rule; custodian validation pending,
HMIS-RPTCOL-JH-0433,HMIS-RPTSCHEMA-JHARKHAND-20260901-001,433,M14,Patient Services,14.20.2.c.ii,Total number of patients put on treatment for Hepatitis C (out of those confirmed by HCV RNA i.e. HCV RNA detected),,,No deterministic canonical match,Potential new or version-specific field,Not applicable until canonical review,No canonical code lineage,,Candidate new element—verification required,Header and comparison with canonical April-2025 element dictionary,Do not promote without original workbook and custodian/source confirmation,HMIS-DE-CAND-JH-009
HMIS-RPTCOL-JH-0434,HMIS-RPTSCHEMA-JHARKHAND-20260901-001,434,M14,Patient Services,14.20.2.c.iii,Total number of positive Hepatitis C patients who have completed treatment,,,No deterministic canonical match,Potential new or version-specific field,Not applicable until canonical review,No canonical code lineage,,Candidate new element—verification required,Header and comparison with canonical April-2025 element dictionary,Do not promote without original workbook and custodian/source confirmation,HMIS-DE-CAND-JH-010
HMIS-RPTCOL-JH-0435,HMIS-RPTSCHEMA-JHARKHAND-20260901-001,435,M14,Patient Services,14.20.2.c.iv,Total number of patients cleared for HCV RNA on sustained virological response at 12 weeks (SVR12),,,No deterministic canonical match,Potential new or version-specific field,Not applicable until canonical review,No canonical code lineage,,Candidate new element—verification required,Header and comparison with canonical April-2025 element dictionary,Do not promote without original workbook and custodian/source confirmation,HMIS-DE-CAND-JH-011
HMIS-RPTCOL-JH-0436,HMIS-RPTSCHEMA-JHARKHAND-20260901-001,436,M14,Patient Services,14.20.2.d,Total number of blood samples tested positive by ELISA/ Rapid tests for Hepatitis E(out of those tested for IgM Anti-HEV),HMIS-DE-0654,Total number of blood samples tested positive by ELISA/ Rapid tests for Hepatitis E(out of those tested for IgM Anti-HEV),Deterministic normalized-label match,Exact source label,Compatible,New report-schema code occurrence,14.17.2.d; 14.19.2.d,Accepted canonical link,"Header, controlled normalization, module context and canonical April-2025 element dictionary",Analyst-reviewed deterministic rule; custodian validation pending,
HMIS-RPTCOL-JH-0437,HMIS-RPTSCHEMA-JHARKHAND-20260901-001,437,M14,Patient Services,14.20.3.a,Number of Pregnant Women tested for HBsAg,HMIS-DE-0477,Number of Pregnant Women tested for HBsAg,Deterministic normalized-label match,Exact source label,Compatible,New report-schema code occurrence,12.13.3.a; 13.18.3.a; 14.17.3.a; 14.19.3.a,Accepted canonical link,"Header, controlled normalization, module context and canonical April-2025 element dictionary",Analyst-reviewed deterministic rule; custodian validation pending,
HMIS-RPTCOL-JH-0438,HMIS-RPTSCHEMA-JHARKHAND-20260901-001,438,M14,Patient Services,14.20.3.b,Number of Pregnant Women who are HBsAg positive(out of those tested for Hepatitis B i.e. HBsAg),HMIS-DE-0481,Number of Pregnant Women who are HBsAg positive(out of those tested for Hepatitis B i.e. HBsAg),Deterministic normalized-label match,Exact source label,Compatible,New report-schema code occurrence,13.18.3.b; 14.17.3.b; 14.19.3.b,Accepted canonical link,"Header, controlled normalization, module context and canonical April-2025 element dictionary",Analyst-reviewed deterministic rule; custodian validation pending,
HMIS-RPTCOL-JH-0439,HMIS-RPTSCHEMA-JHARKHAND-20260901-001,439,M14,Patient Services,14.20.3.c,Number of Pregnant Women found positive for HBsAg referred out to higher centre for institutional delivery,HMIS-DE-0464,Number of Pregnant Women found positive for HBsAg referred out to higher centre for institutional delivery,Deterministic normalized-label match,Exact source label,Compatible,New report-schema code occurrence,12.13.3.c; 13.18.3.c; 14.17.3.c; 14.19.3.c,Accepted canonical link,"Header, controlled normalization, module context and canonical April-2025 element dictionary",Analyst-reviewed deterministic rule; custodian validation pending,
HMIS-RPTCOL-JH-0440,HMIS-RPTSCHEMA-JHARKHAND-20260901-001,440,M14,Patient Services,14.20.3.d,Number of Pregnant Women found positive for HBsAg delivered in an institution,HMIS-DE-0463,Number of Pregnant Women found positive for HBsAg delivered in an institution,Deterministic normalized-label match,Exact source label,Compatible,New report-schema code occurrence,13.18.3.d; 14.17.3.d; 14.19.3.d,Accepted canonical link,"Header, controlled normalization, module context and canonical April-2025 element dictionary",Analyst-reviewed deterministic rule; custodian validation pending,
HMIS-RPTCOL-JH-0441,HMIS-RPTSCHEMA-JHARKHAND-20260901-001,441,M14,Patient Services,14.20.3.e,Number of newborn who received birth dose of Hepatitis B vaccine born to HBsAg positive pregnant women,HMIS-DE-0426,Number of newborn who received birth dose of Hepatitis B vaccine born to HBsAg positive pregnant women,Deterministic normalized-label match,Exact source label,Compatible,New report-schema code occurrence,12.13.3.d; 13.18.3.e; 14.17.3.e; 14.19.3.e,Accepted canonical link,"Header, controlled normalization, module context and canonical April-2025 element dictionary",Analyst-reviewed deterministic rule; custodian validation pending,
HMIS-RPTCOL-JH-0442,HMIS-RPTSCHEMA-JHARKHAND-20260901-001,442,M14,Patient Services,14.20.3.f,Number of New Borns to Pregnant Women (found positive for HBsAg) received Hepatitis B Immunoglobulin (HBIG) (within 24 hours of birth),HMIS-DE-0423,Number of New Borns to Pregnant Women (found positive for HBsAg) received Hepatitis B Immunoglobulin (HBIG) (within 24 hours of birth),Deterministic normalized-label match,Exact source label,Compatible,New report-schema code occurrence,13.18.3.f; 14.17.3.f; 14.19.3.f,Accepted canonical link,"Header, controlled normalization, module context and canonical April-2025 element dictionary",Analyst-reviewed deterministic rule; custodian validation pending,
HMIS-RPTCOL-JH-0443,HMIS-RPTSCHEMA-JHARKHAND-20260901-001,443,M15,Laboratory Testing,15.1.1,Total Number of Lab Tests done- Inhouse (including kits tests conducted in Laboratory),HMIS-DE-0676,Total Number of Lab Tests done- Inhouse (including kits tests conducted in Laboratory),Deterministic normalized-label match,Exact source label,Compatible,Existing observed code,13.1.1; 14.1.1; 15.1.1,Accepted canonical link,"Header, controlled normalization, module context and canonical April-2025 element dictionary",Analyst-reviewed deterministic rule; custodian validation pending,
HMIS-RPTCOL-JH-0444,HMIS-RPTSCHEMA-JHARKHAND-20260901-001,444,M15,Laboratory Testing,15.1.2,Total Number of Lab Tests done- Outsourced (including kits tests conducted in Laboratory),HMIS-DE-0677,Total Number of Lab Tests done- Outsourced (including kits tests conducted in Laboratory),Deterministic normalized-label match,Exact source label,Compatible,Existing observed code,13.1.2; 14.1.2; 15.1.2,Accepted canonical link,"Header, controlled normalization, module context and canonical April-2025 element dictionary",Analyst-reviewed deterministic rule; custodian validation pending,
HMIS-RPTCOL-JH-0445,HMIS-RPTSCHEMA-JHARKHAND-20260901-001,445,M15,Laboratory Testing,15.1.3,Total Number of Kit Tests conducted in Outreach areas/Camps/in-facility(outside lab),HMIS-DE-0674,Total Number of Kit Tests conducted in Outreach areas/Camps/in-facility(outside lab),Deterministic normalized-label match,Exact source label,Compatible,Existing observed code,14.1.3; 15.1.3,Accepted canonical link,"Header, controlled normalization, module context and canonical April-2025 element dictionary",Analyst-reviewed deterministic rule; custodian validation pending,
HMIS-RPTCOL-JH-0446,HMIS-RPTSCHEMA-JHARKHAND-20260901-001,446,M15,Laboratory Testing,15.2.1,Number of Hb tests conducted including kit tests,HMIS-DE-0367,Number of Hb tests conducted including kit tests,Deterministic normalized-label match,Exact source label,Compatible,Existing observed code,13.2.1; 14.2.1; 15.2.1,Accepted canonical link,"Header, controlled normalization, module context and canonical April-2025 element dictionary",Analyst-reviewed deterministic rule; custodian validation pending,
HMIS-RPTCOL-JH-0447,HMIS-RPTSCHEMA-JHARKHAND-20260901-001,447,M15,Laboratory Testing,15.2.2,"Out of the total number of Hb tests done, Number having Hb < 7 mg",HMIS-DE-0574,"Out of the total number of Hb tests done, Number having Hb < 7 mg",Deterministic normalized-label match,Exact source label,Compatible,Existing observed code,13.2.2; 14.2.2; 15.2.2,Accepted canonical link,"Header, controlled normalization, module context and canonical April-2025 element dictionary",Analyst-reviewed deterministic rule; custodian validation pending,
HMIS-RPTCOL-JH-0448,HMIS-RPTSCHEMA-JHARKHAND-20260901-001,448,M15,Laboratory Testing,15.3.1.a,Number of males screened for HIV by Whole Blood Finger Prick/RDT test/POC test,HMIS-DE-0403,Number of males screened for HIV by Whole Blood Finger Prick/RDT test/POC test,Deterministic normalized-label match,Exact source label,Compatible,Existing observed code,13.3.1.a; 14.3.1.a; 15.3.1.a,Accepted canonical link,"Header, controlled normalization, module context and canonical April-2025 element dictionary",Analyst-reviewed deterministic rule; custodian validation pending,
HMIS-RPTCOL-JH-0449,HMIS-RPTSCHEMA-JHARKHAND-20260901-001,449,M15,Laboratory Testing,15.3.1.b,"Out of the above, No. of males found reactive for HIV",HMIS-DE-0556,"Out of the above, No. of males found reactive for HIV",Deterministic normalized-label match,Exact source label,Compatible,Existing observed code,13.3.1.b; 14.3.1.b; 15.3.1.b,Accepted canonical link,"Header, controlled normalization, module context and canonical April-2025 element dictionary",Analyst-reviewed deterministic rule; custodian validation pending,
HMIS-RPTCOL-JH-0450,HMIS-RPTSCHEMA-JHARKHAND-20260901-001,450,M15,Laboratory Testing,15.3.1.c,No. of males subjected to HIV test at Confirmatory Centre/Stand Alone-ICTC,HMIS-DE-0263,No. of males subjected to HIV test at Confirmatory Centre/Stand Alone-ICTC,Deterministic normalized-label match,Exact source label,Compatible,Existing observed code,13.3.1.c; 14.3.1.c; 15.3.1.c,Accepted canonical link,"Header, controlled normalization, module context and canonical April-2025 element dictionary",Analyst-reviewed deterministic rule; custodian validation pending,
HMIS-RPTCOL-JH-0451,HMIS-RPTSCHEMA-JHARKHAND-20260901-001,451,M15,Laboratory Testing,15.3.1.d,"Out of the above, No. of males confirmed as HIV Positive",HMIS-DE-0555,"Out of the above, No. of males confirmed as HIV Positive",Deterministic normalized-label match,Exact source label,Compatible,Existing observed code,13.3.1.d; 14.3.1.d; 15.3.1.d,Accepted canonical link,"Header, controlled normalization, module context and canonical April-2025 element dictionary",Analyst-reviewed deterministic rule; custodian validation pending,
HMIS-RPTCOL-JH-0452,HMIS-RPTSCHEMA-JHARKHAND-20260901-001,452,M15,Laboratory Testing,15.3.2.a,Number of females (non-ANC) screened for HIV by Whole Blood Finger Prick/RDT test/POC test,HMIS-DE-0356,Number of females (non-ANC) screened for HIV by Whole Blood Finger Prick/RDT test/POC test,Deterministic normalized-label match,Exact source label,Compatible,Existing observed code,13.3.2.a; 14.3.2.a; 15.3.2.a,Accepted canonical link,"Header, controlled normalization, module context and canonical April-2025 element dictionary",Analyst-reviewed deterministic rule; custodian validation pending,
HMIS-RPTCOL-JH-0453,HMIS-RPTSCHEMA-JHARKHAND-20260901-001,453,M15,Laboratory Testing,15.3.2.b,"Out of the above, No. of females (non-ANC) found reactive for HIV",HMIS-DE-0552,"Out of the above, No. of females (non-ANC) found reactive for HIV",Deterministic normalized-label match,Exact source label,Compatible,Existing observed code,13.3.2.b; 14.3.2.b; 15.3.2.b,Accepted canonical link,"Header, controlled normalization, module context and canonical April-2025 element dictionary",Analyst-reviewed deterministic rule; custodian validation pending,
HMIS-RPTCOL-JH-0454,HMIS-RPTSCHEMA-JHARKHAND-20260901-001,454,M15,Laboratory Testing,15.3.2.c,No. of females (non-ANC) subjected to HIV test at Confirmatory Centre/Stand Alone-ICTC,HMIS-DE-0256,No. of females (non-ANC) subjected to HIV test at Confirmatory Centre/Stand Alone- ICTC,Deterministic normalized-label match,Controlled normalized equivalent,Compatible,Existing observed code,13.3.2.c; 14.3.2.c; 15.3.2.c,Accepted canonical link,"Header, controlled normalization, module context and canonical April-2025 element dictionary",Analyst-reviewed deterministic rule; custodian validation pending,
HMIS-RPTCOL-JH-0455,HMIS-RPTSCHEMA-JHARKHAND-20260901-001,455,M15,Laboratory Testing,15.3.2.d,"Out of the above, No. of females (non-ANC) confirmed as HIV Positive",HMIS-DE-0551,"Out of the above, No. of females (non-ANC) confirmed as HIV Positive",Deterministic normalized-label match,Exact source label,Compatible,Existing observed code,13.3.2.d; 14.3.2.d; 15.3.2.d,Accepted canonical link,"Header, controlled normalization, module context and canonical April-2025 element dictionary",Analyst-reviewed deterministic rule; custodian validation pending,
HMIS-RPTCOL-JH-0456,HMIS-RPTSCHEMA-JHARKHAND-20260901-001,456,M15,Laboratory Testing,15.3.3.a,Number of Pregnant Women (PW-ANC) screened for HIV by Whole Blood Finger Prick/RDT test/POC test,HMIS-DE-0462,Number of Pregnant Women (PW-ANC) screened for HIV by Whole Blood Finger Prick/RDT test/POC test,Deterministic normalized-label match,Exact source label,Compatible,Existing observed code,13.3.3.a; 14.3.3.a; 15.3.3.a,Accepted canonical link,"Header, controlled normalization, module context and canonical April-2025 element dictionary",Analyst-reviewed deterministic rule; custodian validation pending,
HMIS-RPTCOL-JH-0457,HMIS-RPTSCHEMA-JHARKHAND-20260901-001,457,M15,Laboratory Testing,15.3.3.b,"Out of the above, No. of PW(ANC) found reactive for HIV",HMIS-DE-0558,"Out of the above, No. of PW(ANC) found reactive for HIV",Deterministic normalized-label match,Exact source label,Compatible,Existing observed code,13.3.3.b; 14.3.3.b; 15.3.3.b,Accepted canonical link,"Header, controlled normalization, module context and canonical April-2025 element dictionary",Analyst-reviewed deterministic rule; custodian validation pending,
HMIS-RPTCOL-JH-0458,HMIS-RPTSCHEMA-JHARKHAND-20260901-001,458,M15,Laboratory Testing,15.3.3.c,No. of PW(ANC) subjected to HIV test at Confirmatory Centre/Stand Alone-ICTC,HMIS-DE-0268,No. of PW(ANC) subjected to HIV test at Confirmatory Centre/Stand Alone-ICTC,Deterministic normalized-label match,Exact source label,Compatible,Existing observed code,14.3.3.c; 15.3.3.c,Accepted canonical link,"Header, controlled normalization, module context and canonical April-2025 element dictionary",Analyst-reviewed deterministic rule; custodian validation pending,
HMIS-RPTCOL-JH-0459,HMIS-RPTSCHEMA-JHARKHAND-20260901-001,459,M15,Laboratory Testing,15.3.3.d,"Out of the above, No. of PW(ANC) confirmed as HIV Positive",HMIS-DE-0557,"Out of the above, No. of PW(ANC) confirmed as HIV Positive",Deterministic normalized-label match,Exact source label,Compatible,Existing observed code,13.3.3.d; 14.3.3.d; 15.3.3.d,Accepted canonical link,"Header, controlled normalization, module context and canonical April-2025 element dictionary",Analyst-reviewed deterministic rule; custodian validation pending,
HMIS-RPTCOL-JH-0460,HMIS-RPTSCHEMA-JHARKHAND-20260901-001,460,M15,Laboratory Testing,15.3.3.e,Number of DIL women screened for HIV by Whole Blood Finger Prick/RDT test/POC test,HMIS-DE-0351,Number of DIL women screened for HIV by Whole Blood Finger Prick/RDT test/POC test,Deterministic normalized-label match,Exact source label,Compatible,Existing observed code,14.3.3.e; 15.3.3.e,Accepted canonical link,"Header, controlled normalization, module context and canonical April-2025 element dictionary",Analyst-reviewed deterministic rule; custodian validation pending,
HMIS-RPTCOL-JH-0461,HMIS-RPTSCHEMA-JHARKHAND-20260901-001,461,M15,Laboratory Testing,15.3.3.f,"Out of the above, No. of DIL women found reactive for HIV",HMIS-DE-0550,"Out of the above, No. of DIL women found reactive for HIV",Deterministic normalized-label match,Exact source label,Compatible,Existing observed code,14.3.3.f; 15.3.3.f,Accepted canonical link,"Header, controlled normalization, module context and canonical April-2025 element dictionary",Analyst-reviewed deterministic rule; custodian validation pending,
HMIS-RPTCOL-JH-0462,HMIS-RPTSCHEMA-JHARKHAND-20260901-001,462,M15,Laboratory Testing,15.3.3.g,No. of DIL women subjected to HIV test at Confirmatory Centre/Stand Alone-ICTC,HMIS-DE-0254,No. of DIL women subjected to HIV test at Confirmatory Centre/Stand Alone-ICTC,Deterministic normalized-label match,Exact source label,Compatible,Existing observed code,15.3.3.g,Accepted canonical link,"Header, controlled normalization, module context and canonical April-2025 element dictionary",Analyst-reviewed deterministic rule; custodian validation pending,
HMIS-RPTCOL-JH-0463,HMIS-RPTSCHEMA-JHARKHAND-20260901-001,463,M15,Laboratory Testing,15.3.3.h,"Out of the above, No. of DIL women confirmed as HIV Positive",HMIS-DE-0549,"Out of the above, No. of DIL women confirmed as HIV Positive",Deterministic normalized-label match,Exact source label,Compatible,Existing observed code,15.3.3.h,Accepted canonical link,"Header, controlled normalization, module context and canonical April-2025 element dictionary",Analyst-reviewed deterministic rule; custodian validation pending,
HMIS-RPTCOL-JH-0464,HMIS-RPTSCHEMA-JHARKHAND-20260901-001,464,M15,Laboratory Testing,15.3.3.i,Number of Pregnant Women (ANC&DIL) screened for HIV more than once(Repeated testing),HMIS-DE-0461,Number of Pregnant Women (ANC&DIL) screened for HIV more than once(Repeated testing),Deterministic normalized-label match,Exact source label,Compatible,Existing observed code,13.3.3.e; 14.3.3.g; 15.3.3.i,Accepted canonical link,"Header, controlled normalization, module context and canonical April-2025 element dictionary",Analyst-reviewed deterministic rule; custodian validation pending,
HMIS-RPTCOL-JH-0465,HMIS-RPTSCHEMA-JHARKHAND-20260901-001,465,M15,Laboratory Testing,15.3.4.a,Number of H/TG people screened for HIV by Whole Blood Finger Prick/RDT test/POC test,HMIS-DE-0366,Number of H/TG people screened for HIV by Whole Blood Finger Prick/RDT test/POC test,Deterministic normalized-label match,Exact source label,Compatible,Existing observed code,13.3.4.a; 14.3.4.a; 15.3.4.a,Accepted canonical link,"Header, controlled normalization, module context and canonical April-2025 element dictionary",Analyst-reviewed deterministic rule; custodian validation pending,
HMIS-RPTCOL-JH-0466,HMIS-RPTSCHEMA-JHARKHAND-20260901-001,466,M15,Laboratory Testing,15.3.4.b,"Out of the above, No. of H/TG people found reactive for HIV",HMIS-DE-0554,"Out of the above, No. of H/TG people found reactive for HIV",Deterministic normalized-label match,Exact source label,Compatible,Existing observed code,13.3.4.b; 14.3.4.b; 15.3.4.b,Accepted canonical link,"Header, controlled normalization, module context and canonical April-2025 element dictionary",Analyst-reviewed deterministic rule; custodian validation pending,
HMIS-RPTCOL-JH-0467,HMIS-RPTSCHEMA-JHARKHAND-20260901-001,467,M15,Laboratory Testing,15.3.4.c,No. of H/TG people subjected to HIV test at Confirmatory Centre/Stand Alone-ICTC,HMIS-DE-0258,No. of H/TG people subjected to HIV test at Confirmatory Centre/Stand Alone-ICTC,Deterministic normalized-label match,Exact source label,Compatible,New report-schema code occurrence,13.3.4.c; 14.3.4.c,Accepted canonical link,"Header, controlled normalization, module context and canonical April-2025 element dictionary",Analyst-reviewed deterministic rule; custodian validation pending,
HMIS-RPTCOL-JH-0468,HMIS-RPTSCHEMA-JHARKHAND-20260901-001,468,M15,Laboratory Testing,15.3.4.d,"Out of the above, No. of H/TG people confirmed as HIV Positive",HMIS-DE-0553,"Out of the above, No. of H/TG people confirmed as HIV Positive",Deterministic normalized-label match,Exact source label,Compatible,Existing observed code,13.3.4.d; 14.3.4.d; 15.3.4.d,Accepted canonical link,"Header, controlled normalization, module context and canonical April-2025 element dictionary",Analyst-reviewed deterministic rule; custodian validation pending,
HMIS-RPTCOL-JH-0469,HMIS-RPTSCHEMA-JHARKHAND-20260901-001,469,M15,Laboratory Testing,15.4.1.a,Total number of males tested for Syphilis (RPR/VDRL/PoC/ RDT/TPHA),HMIS-DE-0679,Total number of males tested for Syphilis (RPR/VDRL/PoC/ RDT/TPHA),Deterministic normalized-label match,Exact source label,Compatible,Existing observed code,13.4.1.a; 14.4.1.a; 15.4.1.a,Accepted canonical link,"Header, controlled normalization, module context and canonical April-2025 element dictionary",Analyst-reviewed deterministic rule; custodian validation pending,
HMIS-RPTCOL-JH-0470,HMIS-RPTSCHEMA-JHARKHAND-20260901-001,470,M15,Laboratory Testing,15.4.1.b,"Out of the above, number of males tested reactive for Syphilis (RPR/VDRL/PoC/ RDT/TPHA)",HMIS-DE-0568,"Out of the above, number of males tested reactive for Syphilis (RPR/VDRL/PoC/ RDT/TPHA)",Deterministic normalized-label match,Exact source label,Compatible,Existing observed code,13.4.1.b; 14.4.1.b; 15.4.1.b,Accepted canonical link,"Header, controlled normalization, module context and canonical April-2025 element dictionary",Analyst-reviewed deterministic rule; custodian validation pending,
HMIS-RPTCOL-JH-0471,HMIS-RPTSCHEMA-JHARKHAND-20260901-001,471,M15,Laboratory Testing,15.4.1.c,"Out of the above, number of males treated for Syphilis",HMIS-DE-0570,"Out of the above, number of males treated for Syphilis",Deterministic normalized-label match,Exact source label,Compatible,Existing observed code,13.4.1.c; 14.4.1.c; 15.4.1.c,Accepted canonical link,"Header, controlled normalization, module context and canonical April-2025 element dictionary",Analyst-reviewed deterministic rule; custodian validation pending,
HMIS-RPTCOL-JH-0472,HMIS-RPTSCHEMA-JHARKHAND-20260901-001,472,M15,Laboratory Testing,15.4.2.a,Total number of female (non-ANC) tested for Syphilis (RPR/VDRL/PoC/ RDT/TPHA),HMIS-DE-0668,Total number of female (non-ANC) tested for Syphilis (RPR/VDRL/PoC/ RDT/TPHA),Deterministic normalized-label match,Exact source label,Compatible,Existing observed code,13.4.2.a; 14.4.2.a; 15.4.2.a,Accepted canonical link,"Header, controlled normalization, module context and canonical April-2025 element dictionary",Analyst-reviewed deterministic rule; custodian validation pending,
HMIS-RPTCOL-JH-0473,HMIS-RPTSCHEMA-JHARKHAND-20260901-001,473,M15,Laboratory Testing,15.4.2.b,"Out of the above, number of females (non-ANC) tested reactive for Syphilis (RPR/VDRL/PoC/ RDT/TPHA)",HMIS-DE-0561,"Out of the above, number of females (non-ANC) tested reactive for Syphilis (RPR/VDRL/PoC/ RDT/TPHA)",Deterministic normalized-label match,Exact source label,Compatible,Existing observed code,13.4.2.b; 14.4.2.b; 15.4.2.b,Accepted canonical link,"Header, controlled normalization, module context and canonical April-2025 element dictionary",Analyst-reviewed deterministic rule; custodian validation pending,
HMIS-RPTCOL-JH-0474,HMIS-RPTSCHEMA-JHARKHAND-20260901-001,474,M15,Laboratory Testing,15.4.2.c,"Out of the above, number of females (non-ANC) treated for Syphilis",HMIS-DE-0562,"Out of the above, number of females (non-ANC) treated for Syphilis",Deterministic normalized-label match,Exact source label,Compatible,Existing observed code,13.4.2.c; 14.4.2.c; 15.4.2.c,Accepted canonical link,"Header, controlled normalization, module context and canonical April-2025 element dictionary",Analyst-reviewed deterministic rule; custodian validation pending,
HMIS-RPTCOL-JH-0475,HMIS-RPTSCHEMA-JHARKHAND-20260901-001,475,M15,Laboratory Testing,15.4.3.a,Total number of H/TG people tested for Syphilis (RPR/VDRL/PoC/ RDT/TPHA),HMIS-DE-0671,Total number of H/TG people tested for Syphilis (RPR/VDRL/PoC/ RDT/TPHA),Deterministic normalized-label match,Exact source label,Compatible,Existing observed code,13.4.3.a; 14.4.3.a; 15.4.3.a,Accepted canonical link,"Header, controlled normalization, module context and canonical April-2025 element dictionary",Analyst-reviewed deterministic rule; custodian validation pending,
HMIS-RPTCOL-JH-0476,HMIS-RPTSCHEMA-JHARKHAND-20260901-001,476,M15,Laboratory Testing,15.4.3.b,"Out of the above, number of H/TG people tested reactive for Syphilis (RPR/VDRL/PoC/ RDT/TPHA)",HMIS-DE-0564,"Out of the above, number of H/TG people tested reactive for Syphilis (RPR/VDRL/PoC/ RDT/TPHA)",Deterministic normalized-label match,Exact source label,Compatible,Existing observed code,13.4.3.b; 14.4.3.b; 15.4.3.b,Accepted canonical link,"Header, controlled normalization, module context and canonical April-2025 element dictionary",Analyst-reviewed deterministic rule; custodian validation pending,
HMIS-RPTCOL-JH-0477,HMIS-RPTSCHEMA-JHARKHAND-20260901-001,477,M15,Laboratory Testing,15.4.3.c,"Out of the above, number of H/TG people treated for Syphilis",HMIS-DE-0566,"Out of the above, number of H/TG people treated for Syphilis",Deterministic normalized-label match,Exact source label,Compatible,Existing observed code,13.4.3.c; 14.4.3.c; 15.4.3.c,Accepted canonical link,"Header, controlled normalization, module context and canonical April-2025 element dictionary",Analyst-reviewed deterministic rule; custodian validation pending,
HMIS-RPTCOL-JH-0478,HMIS-RPTSCHEMA-JHARKHAND-20260901-001,478,M15,Laboratory Testing,15.5.1,Widal tests- Number Tested,HMIS-DE-0699,Widal tests- Number Tested,Deterministic normalized-label match,Exact source label,Compatible,Existing observed code,14.5.1; 15.5.1,Accepted canonical link,"Header, controlled normalization, module context and canonical April-2025 element dictionary",Analyst-reviewed deterministic rule; custodian validation pending,
HMIS-RPTCOL-JH-0479,HMIS-RPTSCHEMA-JHARKHAND-20260901-001,479,M15,Laboratory Testing,15.5.2,Widal tests- Number Positive,HMIS-DE-0698,Widal tests- Number Positive,Deterministic normalized-label match,Exact source label,Compatible,Existing observed code,14.5.2; 15.5.2,Accepted canonical link,"Header, controlled normalization, module context and canonical April-2025 element dictionary",Analyst-reviewed deterministic rule; custodian validation pending,
HMIS-RPTCOL-JH-0480,HMIS-RPTSCHEMA-JHARKHAND-20260901-001,480,M15,Laboratory Testing,15.6.1.a.i,X-ray(Inhouse),HMIS-DE-0700,X-ray(Inhouse),Deterministic normalized-label match,Exact source label,Compatible,Existing observed code,14.6.1.a.i; 15.6.1.a.i,Accepted canonical link,"Header, controlled normalization, module context and canonical April-2025 element dictionary",Analyst-reviewed deterministic rule; custodian validation pending,
HMIS-RPTCOL-JH-0481,HMIS-RPTSCHEMA-JHARKHAND-20260901-001,481,M15,Laboratory Testing,15.6.1.a.i.1,"X-ray(Inhouse)-No. of chest X-rays done on patients with health risks- Diabetes, HIV, Smoking, Alcoholism, low BMI, geriatric population (>60),history of TB, contacts of TB",,,No deterministic canonical match,Potential new or version-specific field,Not applicable until canonical review,No canonical code lineage,,Candidate new element—verification required,Header and comparison with canonical April-2025 element dictionary,Do not promote without original workbook and custodian/source confirmation,HMIS-DE-CAND-JH-012
HMIS-RPTCOL-JH-0482,HMIS-RPTSCHEMA-JHARKHAND-20260901-001,482,M15,Laboratory Testing,15.6.1.a.ii,X-ray(Outsource),,,No deterministic canonical match,Potential new or version-specific field,Not applicable until canonical review,No canonical code lineage,,Candidate new element—verification required,Header and comparison with canonical April-2025 element dictionary,Do not promote without original workbook and custodian/source confirmation,HMIS-DE-CAND-JH-013
HMIS-RPTCOL-JH-0483,HMIS-RPTSCHEMA-JHARKHAND-20260901-001,483,M15,Laboratory Testing,15.6.1.b.i,Ultrasonography (USG) (Inhouse),HMIS-DE-0696,Ultrasonography (USG) (Inhouse),Deterministic normalized-label match,Exact source label,Compatible,Existing observed code,14.6.1.b.i; 15.6.1.b.i,Accepted canonical link,"Header, controlled normalization, module context and canonical April-2025 element dictionary",Analyst-reviewed deterministic rule; custodian validation pending,
HMIS-RPTCOL-JH-0484,HMIS-RPTSCHEMA-JHARKHAND-20260901-001,484,M15,Laboratory Testing,15.6.1.b.ii,Ultrasonography (USG)(Outsource),,,No deterministic canonical match,Potential new or version-specific field,Not applicable until canonical review,No canonical code lineage,,Candidate new element—verification required,Header and comparison with canonical April-2025 element dictionary,Do not promote without original workbook and custodian/source confirmation,HMIS-DE-CAND-JH-014
HMIS-RPTCOL-JH-0485,HMIS-RPTSCHEMA-JHARKHAND-20260901-001,485,M15,Laboratory Testing,15.6.1.c.i,CT scan (Inhouse),HMIS-DE-0097,CT scan (Inhouse),Deterministic normalized-label match,Exact source label,Compatible,Existing observed code,15.6.1.c.i,Accepted canonical link,"Header, controlled normalization, module context and canonical April-2025 element dictionary",Analyst-reviewed deterministic rule; custodian validation pending,
HMIS-RPTCOL-JH-0486,HMIS-RPTSCHEMA-JHARKHAND-20260901-001,486,M15,Laboratory Testing,15.6.1.c.ii,CT scan (Outsource),,,No deterministic canonical match,Potential new or version-specific field,Not applicable until canonical review,No canonical code lineage,,Candidate new element—verification required,Header and comparison with canonical April-2025 element dictionary,Do not promote without original workbook and custodian/source confirmation,HMIS-DE-CAND-JH-015
HMIS-RPTCOL-JH-0487,HMIS-RPTSCHEMA-JHARKHAND-20260901-001,487,M15,Laboratory Testing,15.6.1.d.i,MRI (Inhouse),HMIS-DE-0234,MRI (Inhouse),Deterministic normalized-label match,Exact source label,Compatible,Existing observed code,15.6.1.d.i,Accepted canonical link,"Header, controlled normalization, module context and canonical April-2025 element dictionary",Analyst-reviewed deterministic rule; custodian validation pending,
HMIS-RPTCOL-JH-0488,HMIS-RPTSCHEMA-JHARKHAND-20260901-001,488,M15,Laboratory Testing,15.6.1.d.ii,MRI (Outsource),,,No deterministic canonical match,Potential new or version-specific field,Not applicable until canonical review,No canonical code lineage,,Candidate new element—verification required,Header and comparison with canonical April-2025 element dictionary,Do not promote without original workbook and custodian/source confirmation,HMIS-DE-CAND-JH-016
HMIS-RPTCOL-JH-0489,HMIS-RPTSCHEMA-JHARKHAND-20260901-001,489,M15,Laboratory Testing,15.6.1.e.i,ECG (Inhouse),HMIS-DE-0113,ECG (Inhouse),Deterministic normalized-label match,Exact source label,Compatible,Existing observed code,14.6.1.c.i; 15.6.1.e.i,Accepted canonical link,"Header, controlled normalization, module context and canonical April-2025 element dictionary",Analyst-reviewed deterministic rule; custodian validation pending,
HMIS-RPTCOL-JH-0490,HMIS-RPTSCHEMA-JHARKHAND-20260901-001,490,M15,Laboratory Testing,15.6.1.e.ii,ECG (Outsource),,,No deterministic canonical match,Potential new or version-specific field,Not applicable until canonical review,No canonical code lineage,,Candidate new element—verification required,Header and comparison with canonical April-2025 element dictionary,Do not promote without original workbook and custodian/source confirmation,HMIS-DE-CAND-JH-017
HMIS-RPTCOL-JH-0491,HMIS-RPTSCHEMA-JHARKHAND-20260901-001,491,M16,Details of deaths reported,16.1.1a,New born deaths within 24 hrs(1 to 23 Hrs 59 minutes) of birth at Facility/Facility to facility in transit,HMIS-DE-0246,New born deaths within 24 hrs(1 to 23 Hrs 59 minutes) of birth at Facility/Facility to facility in transit,Deterministic normalized-label match,Exact source label,Compatible,New report-schema code occurrence,14.1.1.a; 16.1.1.a,Accepted canonical link,"Header, controlled normalization, module context and canonical April-2025 element dictionary",Analyst-reviewed deterministic rule; custodian validation pending,
HMIS-RPTCOL-JH-0492,HMIS-RPTSCHEMA-JHARKHAND-20260901-001,492,M16,Details of deaths reported,16.1.1.b,New born deaths within 24 hrs(1 to 23 Hrs 59 minutes) of birth in Community (at home or home to facility transit),HMIS-DE-0247,New born deaths within 24 hrs(1 to 23 Hrs 59 minutes) of birth in Community (at home or home to facility transit),Deterministic normalized-label match,Exact source label,Compatible,Existing observed code,14.1.1.b; 15.1.1.b; 16.1.1.b,Accepted canonical link,"Header, controlled normalization, module context and canonical April-2025 element dictionary",Analyst-reviewed deterministic rule; custodian validation pending,
HMIS-RPTCOL-JH-0493,HMIS-RPTSCHEMA-JHARKHAND-20260901-001,493,M16,Details of deaths reported,16.1.2.a,New born deaths within 1 week (1 to 7 days) at Facility/Facility to facility in transit,HMIS-DE-0244,New born deaths within 1 week (1 to 7 days) at Facility/Facility to facility in transit,Deterministic normalized-label match,Exact source label,Compatible,Existing observed code,14.1.2.a; 15.1.2.a; 16.1.2.a,Accepted canonical link,"Header, controlled normalization, module context and canonical April-2025 element dictionary",Analyst-reviewed deterministic rule; custodian validation pending,
HMIS-RPTCOL-JH-0494,HMIS-RPTSCHEMA-JHARKHAND-20260901-001,494,M16,Details of deaths reported,16.1.2.b,New born deaths within 1 week (1 to 7 days) At Community (at home or home to facility transit),HMIS-DE-0243,New born deaths within 1 week (1 to 7 days) At Community (at home or home to facility transit),Deterministic normalized-label match,Exact source label,Compatible,Existing observed code,14.1.2.b; 15.1.2.b; 16.1.2.b,Accepted canonical link,"Header, controlled normalization, module context and canonical April-2025 element dictionary",Analyst-reviewed deterministic rule; custodian validation pending,
HMIS-RPTCOL-JH-0495,HMIS-RPTSCHEMA-JHARKHAND-20260901-001,495,M16,Details of deaths reported,16.1.3.a,New born deaths within 8 to 28 days at Facility/Facility to facility in transit,HMIS-DE-0249,New born deaths within 8 to 28 days at Facility/Facility to facility in transit,Deterministic normalized-label match,Exact source label,Compatible,Existing observed code,14.1.3.a; 15.1.3.a; 16.1.3.a,Accepted canonical link,"Header, controlled normalization, module context and canonical April-2025 element dictionary",Analyst-reviewed deterministic rule; custodian validation pending,
HMIS-RPTCOL-JH-0496,HMIS-RPTSCHEMA-JHARKHAND-20260901-001,496,M16,Details of deaths reported,16.1.3.b,New born deaths within 8 to 28 days At Community (at home or home to facility transit),HMIS-DE-0248,New born deaths within 8 to 28 days At Community (at home or home to facility transit),Deterministic normalized-label match,Exact source label,Compatible,Existing observed code,14.1.3.b; 15.1.3.b; 16.1.3.b,Accepted canonical link,"Header, controlled normalization, module context and canonical April-2025 element dictionary",Analyst-reviewed deterministic rule; custodian validation pending,
HMIS-RPTCOL-JH-0497,HMIS-RPTSCHEMA-JHARKHAND-20260901-001,497,M16,Details of deaths reported,16.1.4.a,Infant Deaths (>28 days to below 12 months) at Facility/Facility to facility in transit,HMIS-DE-0159,Infant Deaths (>28 days to below 12 months) at Facility/Facility to facility in transit,Deterministic normalized-label match,Exact source label,Compatible,Existing observed code,14.1.4.a; 15.1.4.a; 16.1.4.a,Accepted canonical link,"Header, controlled normalization, module context and canonical April-2025 element dictionary",Analyst-reviewed deterministic rule; custodian validation pending,
HMIS-RPTCOL-JH-0498,HMIS-RPTSCHEMA-JHARKHAND-20260901-001,498,M16,Details of deaths reported,16.1.4.b,Infant Deaths (>28 days to below 12 months) At Community (at home or home to facility transit),HMIS-DE-0158,Infant Deaths (>28 days to below 12 months) At Community (at home or home to facility transit),Deterministic normalized-label match,Exact source label,Compatible,Existing observed code,14.1.4.b; 15.1.4.b; 16.1.4.b,Accepted canonical link,"Header, controlled normalization, module context and canonical April-2025 element dictionary",Analyst-reviewed deterministic rule; custodian validation pending,
HMIS-RPTCOL-JH-0499,HMIS-RPTSCHEMA-JHARKHAND-20260901-001,499,M16,Details of deaths reported,16.2.1,Neonatal Deaths up to 4 weeks (0 to 28 days) due to Sepsis,HMIS-DE-0242,Neonatal Deaths up to 4 weeks (0 to 28 days) due to Sepsis,Deterministic normalized-label match,Exact source label,Compatible,Existing observed code,14.2.1; 15.2.1; 16.2.1,Accepted canonical link,"Header, controlled normalization, module context and canonical April-2025 element dictionary",Analyst-reviewed deterministic rule; custodian validation pending,
HMIS-RPTCOL-JH-0500,HMIS-RPTSCHEMA-JHARKHAND-20260901-001,500,M16,Details of deaths reported,16.2.2,Neonatal Deaths up to 4 weeks (0 to 28 days) due to Asphyxia,HMIS-DE-0239,Neonatal Deaths up to 4 weeks (0 to 28 days) due to Asphyxia,Deterministic normalized-label match,Exact source label,Compatible,Existing observed code,14.2.2; 15.2.2; 16.2.2,Accepted canonical link,"Header, controlled normalization, module context and canonical April-2025 element dictionary",Analyst-reviewed deterministic rule; custodian validation pending,
HMIS-RPTCOL-JH-0501,HMIS-RPTSCHEMA-JHARKHAND-20260901-001,501,M16,Details of deaths reported,16.2.3,Neonatal Deaths up to 4 weeks (0 to 28 days) due to complications of Prematurity,HMIS-DE-0240,Neonatal Deaths up to 4 weeks (0 to 28 days) due to complications of Prematurity,Deterministic normalized-label match,Exact source label,Compatible,Existing observed code,14.2.3; 15.2.3; 16.2.3,Accepted canonical link,"Header, controlled normalization, module context and canonical April-2025 element dictionary",Analyst-reviewed deterministic rule; custodian validation pending,
HMIS-RPTCOL-JH-0502,HMIS-RPTSCHEMA-JHARKHAND-20260901-001,502,M16,Details of deaths reported,16.2.4,Neonatal Deaths up to 4 weeks (0 to 28 days) due to Other causes,HMIS-DE-0241,Neonatal Deaths up to 4 weeks (0 to 28 days) due to Other causes,Deterministic normalized-label match,Exact source label,Compatible,Existing observed code,14.2.4; 15.2.4; 16.2.4,Accepted canonical link,"Header, controlled normalization, module context and canonical April-2025 element dictionary",Analyst-reviewed deterministic rule; custodian validation pending,
HMIS-RPTCOL-JH-0503,HMIS-RPTSCHEMA-JHARKHAND-20260901-001,503,M16,Details of deaths reported,16.3.1,Number of Infant Deaths (>28 days - below 12 months) due to Pneumonia,HMIS-DE-0381,Number of Infant Deaths (>28 days - below 12 months) due to Pneumonia,Deterministic normalized-label match,Exact source label,Compatible,Existing observed code,14.3.1; 15.3.1; 16.3.1,Accepted canonical link,"Header, controlled normalization, module context and canonical April-2025 element dictionary",Analyst-reviewed deterministic rule; custodian validation pending,
HMIS-RPTCOL-JH-0504,HMIS-RPTSCHEMA-JHARKHAND-20260901-001,504,M16,Details of deaths reported,16.3.2,Number of Infant Deaths (>28 days - below 12 months) due to Diarrhoea,HMIS-DE-0382,Number of Infant Deaths (>28 days -below 12 months) due to Diarrhoea,Deterministic normalized-label match,Controlled normalized equivalent,Compatible,Existing observed code,14.3.2; 15.3.2; 16.3.2,Accepted canonical link,"Header, controlled normalization, module context and canonical April-2025 element dictionary",Analyst-reviewed deterministic rule; custodian validation pending,
HMIS-RPTCOL-JH-0505,HMIS-RPTSCHEMA-JHARKHAND-20260901-001,505,M16,Details of deaths reported,16.3.3,Number of Infant Deaths (>28 days - below 12 months) due to Fever related,HMIS-DE-0383,Number of Infant Deaths (>28 days -below 12 months) due to Fever related,Deterministic normalized-label match,Controlled normalized equivalent,Compatible,Existing observed code,14.3.3; 15.3.3; 16.3.3,Accepted canonical link,"Header, controlled normalization, module context and canonical April-2025 element dictionary",Analyst-reviewed deterministic rule; custodian validation pending,
HMIS-RPTCOL-JH-0506,HMIS-RPTSCHEMA-JHARKHAND-20260901-001,506,M16,Details of deaths reported,16.3.4,Number of Infant Deaths (>28 days - below 12 months) due to Measles,HMIS-DE-0384,Number of Infant Deaths (>28 days -below 12 months) due to Measles,Deterministic normalized-label match,Controlled normalized equivalent,Compatible,Existing observed code,14.3.4; 15.3.4; 16.3.4,Accepted canonical link,"Header, controlled normalization, module context and canonical April-2025 element dictionary",Analyst-reviewed deterministic rule; custodian validation pending,
HMIS-RPTCOL-JH-0507,HMIS-RPTSCHEMA-JHARKHAND-20260901-001,507,M16,Details of deaths reported,16.3.5,Number of Infant Deaths (>28 days - below 12 months) due to Others,HMIS-DE-0385,Number of Infant Deaths (>28 days -below 12 months) due to Others,Deterministic normalized-label match,Controlled normalized equivalent,Compatible,Existing observed code,14.3.5; 15.3.5; 16.3.5,Accepted canonical link,"Header, controlled normalization, module context and canonical April-2025 element dictionary",Analyst-reviewed deterministic rule; custodian validation pending,
HMIS-RPTCOL-JH-0508,HMIS-RPTSCHEMA-JHARKHAND-20260901-001,508,M16,Details of deaths reported,16.4.1,Number of Child Deaths (1 - below 5 years) due to Pneumonia,HMIS-DE-0307,Number of Child Deaths (1 -below 5 years) due to Pneumonia,Deterministic normalized-label match,Controlled normalized equivalent,Compatible,Existing observed code,14.4.1; 15.4.1; 16.4.1,Accepted canonical link,"Header, controlled normalization, module context and canonical April-2025 element dictionary",Analyst-reviewed deterministic rule; custodian validation pending,
HMIS-RPTCOL-JH-0509,HMIS-RPTSCHEMA-JHARKHAND-20260901-001,509,M16,Details of deaths reported,16.4.2,Number of Child Deaths (1 - below 5 years) due to Diarrhoea,HMIS-DE-0303,Number of Child Deaths (1 -below 5 years) due to Diarrhoea,Deterministic normalized-label match,Controlled normalized equivalent,Compatible,Existing observed code,14.4.2; 15.4.2; 16.4.2,Accepted canonical link,"Header, controlled normalization, module context and canonical April-2025 element dictionary",Analyst-reviewed deterministic rule; custodian validation pending,
HMIS-RPTCOL-JH-0510,HMIS-RPTSCHEMA-JHARKHAND-20260901-001,510,M16,Details of deaths reported,16.4.3,Number of Child Deaths (1 - below 5 years) due to Fever related,HMIS-DE-0304,Number of Child Deaths (1 -below 5 years) due to Fever related,Deterministic normalized-label match,Controlled normalized equivalent,Compatible,Existing observed code,14.4.3; 15.4.3; 16.4.3,Accepted canonical link,"Header, controlled normalization, module context and canonical April-2025 element dictionary",Analyst-reviewed deterministic rule; custodian validation pending,
HMIS-RPTCOL-JH-0511,HMIS-RPTSCHEMA-JHARKHAND-20260901-001,511,M16,Details of deaths reported,16.4.4,Number of Child Deaths (1 - below 5 years) due to Measles,HMIS-DE-0305,Number of Child Deaths (1 -below 5 years) due to Measles,Deterministic normalized-label match,Controlled normalized equivalent,Compatible,Existing observed code,14.4.4; 15.4.4; 16.4.4,Accepted canonical link,"Header, controlled normalization, module context and canonical April-2025 element dictionary",Analyst-reviewed deterministic rule; custodian validation pending,
HMIS-RPTCOL-JH-0512,HMIS-RPTSCHEMA-JHARKHAND-20260901-001,512,M16,Details of deaths reported,16.4.5,Number of Child Deaths (1 - below 5 years) due to Others,HMIS-DE-0306,Number of Child Deaths (1 -below 5 years) due to Others,Deterministic normalized-label match,Controlled normalized equivalent,Compatible,Existing observed code,14.4.5; 15.4.5; 16.4.5,Accepted canonical link,"Header, controlled normalization, module context and canonical April-2025 element dictionary",Analyst-reviewed deterministic rule; custodian validation pending,
HMIS-RPTCOL-JH-0513,HMIS-RPTSCHEMA-JHARKHAND-20260901-001,513,M16,Details of deaths reported,16.5.1,Number of Maternal Deaths at facility due to APH (Antepartum Haemmorhage),HMIS-DE-0412,Number of Maternal Deaths at facility due to APH (Antepartum Haemmorhage),Deterministic normalized-label match,Exact source label,Compatible,Existing observed code,14.5.1; 15.5.1; 16.5.1,Accepted canonical link,"Header, controlled normalization, module context and canonical April-2025 element dictionary",Analyst-reviewed deterministic rule; custodian validation pending,
HMIS-RPTCOL-JH-0514,HMIS-RPTSCHEMA-JHARKHAND-20260901-001,514,M16,Details of deaths reported,16.5.2,Number of Maternal Deaths at facility due to PPH (Post-Partum Haemmorhage),HMIS-DE-0415,Number of Maternal Deaths at facility due to PPH (Post-Partum Haemmorhage),Deterministic normalized-label match,Exact source label,Compatible,Existing observed code,14.5.2; 15.5.2; 16.5.2,Accepted canonical link,"Header, controlled normalization, module context and canonical April-2025 element dictionary",Analyst-reviewed deterministic rule; custodian validation pending,
HMIS-RPTCOL-JH-0515,HMIS-RPTSCHEMA-JHARKHAND-20260901-001,515,M16,Details of deaths reported,16.5.3,"Number of Maternal Deaths at facility due to Pregnancy related infection and sepsis, Fever",HMIS-DE-0416,"Number of Maternal Deaths at facility due to Pregnancy related infection and sepsis, Fever",Deterministic normalized-label match,Exact source label,Compatible,Existing observed code,14.5.3; 15.5.3; 16.5.3,Accepted canonical link,"Header, controlled normalization, module context and canonical April-2025 element dictionary",Analyst-reviewed deterministic rule; custodian validation pending,
HMIS-RPTCOL-JH-0516,HMIS-RPTSCHEMA-JHARKHAND-20260901-001,516,M16,Details of deaths reported,16.5.4,Number of Maternal Deaths at facility due to Abortion and/ or its complication,HMIS-DE-0411,Number of Maternal Deaths at facility due to Abortion and/ or its complication,Deterministic normalized-label match,Exact source label,Compatible,Existing observed code,14.5.4; 15.5.4; 16.5.4,Accepted canonical link,"Header, controlled normalization, module context and canonical April-2025 element dictionary",Analyst-reviewed deterministic rule; custodian validation pending,
HMIS-RPTCOL-JH-0517,HMIS-RPTSCHEMA-JHARKHAND-20260901-001,517,M16,Details of deaths reported,16.5.5,Number of Maternal Deaths at facility due to Obstructed/prolonged labour,HMIS-DE-0413,Number of Maternal Deaths at facility due to Obstructed/prolonged labour,Deterministic normalized-label match,Exact source label,Compatible,Existing observed code,14.5.5; 15.5.5; 16.5.5,Accepted canonical link,"Header, controlled normalization, module context and canonical April-2025 element dictionary",Analyst-reviewed deterministic rule; custodian validation pending,
HMIS-RPTCOL-JH-0518,HMIS-RPTSCHEMA-JHARKHAND-20260901-001,518,M16,Details of deaths reported,16.5.6,"Number of Maternal Deaths at facility due to Severe hypertension/fits/Pre Eclampsia/Eclampsia in pregnancy, during delivery and puerperium",HMIS-DE-0418,"Number of Maternal Deaths at facility due to Severe hypertension/fits/Pre Eclampsia/Eclampsia in pregnancy, during delivery and puerperium",Deterministic normalized-label match,Exact source label,Compatible,Existing observed code,16.5.6,Accepted canonical link,"Header, controlled normalization, module context and canonical April-2025 element dictionary",Analyst-reviewed deterministic rule; custodian validation pending,
HMIS-RPTCOL-JH-0519,HMIS-RPTSCHEMA-JHARKHAND-20260901-001,519,M16,Details of deaths reported,16.5.7,Number of Maternal Deaths at facility due to Other/Unknown Causes,HMIS-DE-0414,Number of Maternal Deaths at facility due to Other/Unknown Causes,Deterministic normalized-label match,Exact source label,Compatible,Existing observed code,14.5.7; 15.5.7; 16.5.7,Accepted canonical link,"Header, controlled normalization, module context and canonical April-2025 element dictionary",Analyst-reviewed deterministic rule; custodian validation pending,
HMIS-RPTCOL-JH-0520,HMIS-RPTSCHEMA-JHARKHAND-20260901-001,520,M16,Details of deaths reported,16.5.8,"Age wise total Maternal Deaths, occurred at Facility",HMIS-DE-0009,"Age wise total Maternal Deaths, occurred at Facility",Deterministic normalized-label match,Exact source label,Compatible,Existing observed code,14.5.8; 15.5.8; 16.5.8,Accepted canonical link,"Header, controlled normalization, module context and canonical April-2025 element dictionary",Analyst-reviewed deterministic rule; custodian validation pending,
HMIS-RPTCOL-JH-0521,HMIS-RPTSCHEMA-JHARKHAND-20260901-001,521,M16,Details of deaths reported,16.5.8.a,"Out of total number of maternal deaths at facility, deaths with age less than <15 years",HMIS-DE-0591,"Out of total number of maternal deaths at facility, deaths with age less than <15 years",Deterministic normalized-label match,Exact source label,Compatible,Existing observed code,14.5.8.a; 15.5.8.a; 16.5.8.a,Accepted canonical link,"Header, controlled normalization, module context and canonical April-2025 element dictionary",Analyst-reviewed deterministic rule; custodian validation pending,
HMIS-RPTCOL-JH-0522,HMIS-RPTSCHEMA-JHARKHAND-20260901-001,522,M16,Details of deaths reported,16.5.8.b,"Out of total number of maternal deaths at facility, deaths with age 15-19 years",HMIS-DE-0590,"Out of total number of maternal deaths at facility, deaths with age 15-19 years",Deterministic normalized-label match,Exact source label,Compatible,Existing observed code,14.5.8.b; 15.5.8.b; 16.5.8.b,Accepted canonical link,"Header, controlled normalization, module context and canonical April-2025 element dictionary",Analyst-reviewed deterministic rule; custodian validation pending,
HMIS-RPTCOL-JH-0523,HMIS-RPTSCHEMA-JHARKHAND-20260901-001,523,M16,Details of deaths reported,16.5.8.c,"Out of total number maternal deaths at facility, deaths with age more than >19-49 years",HMIS-DE-0582,"Out of total number maternal deaths at facility, deaths with age more than >19-49 years",Deterministic normalized-label match,Exact source label,Compatible,Existing observed code,14.5.8.c; 15.5.8.c; 16.5.8.c,Accepted canonical link,"Header, controlled normalization, module context and canonical April-2025 element dictionary",Analyst-reviewed deterministic rule; custodian validation pending,
HMIS-RPTCOL-JH-0524,HMIS-RPTSCHEMA-JHARKHAND-20260901-001,524,M16,Details of deaths reported,16.5.8.d,"Out of total number maternal deaths at facility, deaths with age more than >49 years",HMIS-DE-0583,"Out of total number maternal deaths at facility, deaths with age more than >49 years",Deterministic normalized-label match,Exact source label,Compatible,Existing observed code,14.5.8.d; 15.5.8.d; 16.5.8.d,Accepted canonical link,"Header, controlled normalization, module context and canonical April-2025 element dictionary",Analyst-reviewed deterministic rule; custodian validation pending,
HMIS-RPTCOL-JH-0525,HMIS-RPTSCHEMA-JHARKHAND-20260901-001,525,M16,Details of deaths reported,16.6,Total Facility Based Maternal Death Reviews (FBMDR) done,HMIS-DE-0630,Total Facility Based Maternal Death Reviews (FBMDR) done,Deterministic normalized-label match,Exact source label,Compatible,Existing observed code,16.6,Accepted canonical link,"Header, controlled normalization, module context and canonical April-2025 element dictionary",Analyst-reviewed deterministic rule; custodian validation pending,
HMIS-RPTCOL-JH-0526,HMIS-RPTSCHEMA-JHARKHAND-20260901-001,526,M16,Details of deaths reported,16.7.1,Number of deaths due to Diarrhoeal diseases,HMIS-DE-0336,Number of deaths due to Diarrhoeal diseases,Deterministic normalized-label match,Exact source label,Compatible,Existing observed code,14.6.1; 15.6.1; 16.7.1,Accepted canonical link,"Header, controlled normalization, module context and canonical April-2025 element dictionary",Analyst-reviewed deterministic rule; custodian validation pending,
HMIS-RPTCOL-JH-0527,HMIS-RPTSCHEMA-JHARKHAND-20260901-001,527,M16,Details of deaths reported,16.7.2,Number of deaths due to Tuberculosis,HMIS-DE-0348,Number of deaths due to Tuberculosis,Deterministic normalized-label match,Exact source label,Compatible,Existing observed code,14.6.2; 15.6.2; 16.7.2,Accepted canonical link,"Header, controlled normalization, module context and canonical April-2025 element dictionary",Analyst-reviewed deterministic rule; custodian validation pending,
HMIS-RPTCOL-JH-0528,HMIS-RPTSCHEMA-JHARKHAND-20260901-001,528,M16,Details of deaths reported,16.7.3,Number of deaths due to Respiratory diseases including infections (other than TB),HMIS-DE-0347,Number of deaths due to Respiratory diseases including infections (other than TB),Deterministic normalized-label match,Exact source label,Compatible,Existing observed code,14.6.3; 15.6.3; 16.7.3,Accepted canonical link,"Header, controlled normalization, module context and canonical April-2025 element dictionary",Analyst-reviewed deterministic rule; custodian validation pending,
HMIS-RPTCOL-JH-0529,HMIS-RPTSCHEMA-JHARKHAND-20260901-001,529,M16,Details of deaths reported,16.7.4,Number of deaths due to Other Fever Related,HMIS-DE-0346,Number of deaths due to Other Fever Related,Deterministic normalized-label match,Exact source label,Compatible,Existing observed code,14.6.4; 15.6.4; 16.7.4,Accepted canonical link,"Header, controlled normalization, module context and canonical April-2025 element dictionary",Analyst-reviewed deterministic rule; custodian validation pending,
HMIS-RPTCOL-JH-0530,HMIS-RPTSCHEMA-JHARKHAND-20260901-001,530,M16,Details of deaths reported,16.7.5,Number of deaths due to Heart disease/Hypertension related,HMIS-DE-0337,Number of deaths due to Heart disease/Hypertension related,Deterministic normalized-label match,Exact source label,Compatible,Existing observed code,14.6.5; 15.6.5; 16.7.5,Accepted canonical link,"Header, controlled normalization, module context and canonical April-2025 element dictionary",Analyst-reviewed deterministic rule; custodian validation pending,
HMIS-RPTCOL-JH-0531,HMIS-RPTSCHEMA-JHARKHAND-20260901-001,531,M16,Details of deaths reported,16.7.6,Number of deaths due to Cancer,HMIS-DE-0334,Number of deaths due to Cancer,Deterministic normalized-label match,Exact source label,Compatible,Existing observed code,14.6.6; 15.6.6; 16.7.6,Accepted canonical link,"Header, controlled normalization, module context and canonical April-2025 element dictionary",Analyst-reviewed deterministic rule; custodian validation pending,
HMIS-RPTCOL-JH-0532,HMIS-RPTSCHEMA-JHARKHAND-20260901-001,532,M16,Details of deaths reported,16.7.7,Number of deaths due to Neurological disease including strokes,HMIS-DE-0344,Number of deaths due to Neurological disease including strokes,Deterministic normalized-label match,Exact source label,Compatible,Existing observed code,14.6.7; 15.6.7; 16.7.7,Accepted canonical link,"Header, controlled normalization, module context and canonical April-2025 element dictionary",Analyst-reviewed deterministic rule; custodian validation pending,
HMIS-RPTCOL-JH-0533,HMIS-RPTSCHEMA-JHARKHAND-20260901-001,533,M16,Details of deaths reported,16.7.8,Number of deaths due to Accidents/Burn cases,HMIS-DE-0331,Number of deaths due to Accidents/Burn cases,Deterministic normalized-label match,Exact source label,Compatible,Existing observed code,14.6.8; 15.6.8; 16.7.8,Accepted canonical link,"Header, controlled normalization, module context and canonical April-2025 element dictionary",Analyst-reviewed deterministic rule; custodian validation pending,
HMIS-RPTCOL-JH-0534,HMIS-RPTSCHEMA-JHARKHAND-20260901-001,534,M16,Details of deaths reported,16.7.9,Number of deaths due to Animal bites and stings,HMIS-DE-0333,Number of deaths due to Animal bites and stings,Deterministic normalized-label match,Exact source label,Compatible,Existing observed code,14.6.9; 15.6.9; 16.7.9,Accepted canonical link,"Header, controlled normalization, module context and canonical April-2025 element dictionary",Analyst-reviewed deterministic rule; custodian validation pending,
HMIS-RPTCOL-JH-0535,HMIS-RPTSCHEMA-JHARKHAND-20260901-001,535,M16,Details of deaths reported,16.7.10,Number of deaths due to Known Acute Disease,HMIS-DE-0340,Number of deaths due to Known Acute Disease,Deterministic normalized-label match,Exact source label,Compatible,Existing observed code,14.6.10; 15.6.10; 16.7.10,Accepted canonical link,"Header, controlled normalization, module context and canonical April-2025 element dictionary",Analyst-reviewed deterministic rule; custodian validation pending,
HMIS-RPTCOL-JH-0536,HMIS-RPTSCHEMA-JHARKHAND-20260901-001,536,M16,Details of deaths reported,16.7.11,Number of deaths due to Known Chronic Disease,HMIS-DE-0341,Number of deaths due to Known Chronic Disease,Deterministic normalized-label match,Exact source label,Compatible,Existing observed code,14.6.11; 15.6.11; 16.7.11,Accepted canonical link,"Header, controlled normalization, module context and canonical April-2025 element dictionary",Analyst-reviewed deterministic rule; custodian validation pending,
HMIS-RPTCOL-JH-0537,HMIS-RPTSCHEMA-JHARKHAND-20260901-001,537,M16,Details of deaths reported,16.7.12,Number of deaths due to Other Causes,HMIS-DE-0345,Number of deaths due to Other Causes,Deterministic normalized-label match,Exact source label,Compatible,Existing observed code,14.6.12; 15.6.12; 16.7.12,Accepted canonical link,"Header, controlled normalization, module context and canonical April-2025 element dictionary",Analyst-reviewed deterministic rule; custodian validation pending,
HMIS-RPTCOL-JH-0538,HMIS-RPTSCHEMA-JHARKHAND-20260901-001,538,M16,Details of deaths reported,16.8.1,Number of Deaths due to Malaria- Plasmodium Vivax,HMIS-DE-0343,Number of Deaths due to Malaria- Plasmodium Vivax,Deterministic normalized-label match,Exact source label,Compatible,Existing observed code,14.7.1; 15.7.1; 16.8.1,Accepted canonical link,"Header, controlled normalization, module context and canonical April-2025 element dictionary",Analyst-reviewed deterministic rule; custodian validation pending,
HMIS-RPTCOL-JH-0539,HMIS-RPTSCHEMA-JHARKHAND-20260901-001,539,M16,Details of deaths reported,16.8.2,Number of Deaths due to Malaria- Plasmodium Falciparum,HMIS-DE-0342,Number of Deaths due to Malaria- Plasmodium Falciparum,Deterministic normalized-label match,Exact source label,Compatible,Existing observed code,14.7.2; 15.7.2; 16.8.2,Accepted canonical link,"Header, controlled normalization, module context and canonical April-2025 element dictionary",Analyst-reviewed deterministic rule; custodian validation pending,
HMIS-RPTCOL-JH-0540,HMIS-RPTSCHEMA-JHARKHAND-20260901-001,540,M16,Details of deaths reported,16.8.3,Number of Deaths due to Kala Azar,HMIS-DE-0339,Number of Deaths due to Kala Azar,Deterministic normalized-label match,Exact source label,Compatible,Existing observed code,15.7.3; 16.8.3,Accepted canonical link,"Header, controlled normalization, module context and canonical April-2025 element dictionary",Analyst-reviewed deterministic rule; custodian validation pending,
HMIS-RPTCOL-JH-0541,HMIS-RPTSCHEMA-JHARKHAND-20260901-001,541,M16,Details of deaths reported,16.8.4,Number of Deaths due to Dengue,HMIS-DE-0335,Number of Deaths due to Dengue,Deterministic normalized-label match,Exact source label,Compatible,Existing observed code,15.7.4; 16.8.4,Accepted canonical link,"Header, controlled normalization, module context and canonical April-2025 element dictionary",Analyst-reviewed deterministic rule; custodian validation pending,
HMIS-RPTCOL-JH-0542,HMIS-RPTSCHEMA-JHARKHAND-20260901-001,542,M16,Details of deaths reported,16.8.5,Number of Deaths due to Acute Encephelitis Syndrome (AES),HMIS-DE-0332,Number of Deaths due to Acute Encephelitis Syndrome (AES),Deterministic normalized-label match,Exact source label,Compatible,Existing observed code,15.7.5; 16.8.5,Accepted canonical link,"Header, controlled normalization, module context and canonical April-2025 element dictionary",Analyst-reviewed deterministic rule; custodian validation pending,
HMIS-RPTCOL-JH-0543,HMIS-RPTSCHEMA-JHARKHAND-20260901-001,543,M16,Details of deaths reported,16.8.6,Number of Deaths due to Japanese Encephalitis (JE),HMIS-DE-0338,Number of Deaths due to Japanese Encephalitis (JE),Deterministic normalized-label match,Exact source label,Compatible,Existing observed code,15.7.6; 16.8.6,Accepted canonical link,"Header, controlled normalization, module context and canonical April-2025 element dictionary",Analyst-reviewed deterministic rule; custodian validation pending,
HMIS-RPTCOL-JH-0544,HMIS-RPTSCHEMA-JHARKHAND-20260901-001,544,M16,Details of deaths reported,16.9,Total Deaths (5 years and above of age): Excluding in-transit & maternal deaths,HMIS-DE-0629,Total Deaths (5 years and above of age): Excluding in-transit & maternal deaths,Deterministic normalized-label match,Exact source label,Compatible,Existing observed code,14.8; 15.8; 16.9,Accepted canonical link,"Header, controlled normalization, module context and canonical April-2025 element dictionary",Analyst-reviewed deterministic rule; custodian validation pending,
HMIS-RPTCOL-JH-0545,HMIS-RPTSCHEMA-JHARKHAND-20260901-001,545,M16,Details of deaths reported,16.9.1,5 years and above to below 10 years,HMIS-DE-0002,5 years and above to below 10 years,Deterministic normalized-label match,Exact source label,Compatible,Existing observed code,14.8.1; 15.8.1; 16.9.1,Accepted canonical link,"Header, controlled normalization, module context and canonical April-2025 element dictionary",Analyst-reviewed deterministic rule; custodian validation pending,
HMIS-RPTCOL-JH-0546,HMIS-RPTSCHEMA-JHARKHAND-20260901-001,546,M16,Details of deaths reported,16.9.2,10 year and above to below 19 years,HMIS-DE-0001,10 year and above to below 19 years,Deterministic normalized-label match,Exact source label,Compatible,Existing observed code,14.8.2; 15.8.2; 16.9.2,Accepted canonical link,"Header, controlled normalization, module context and canonical April-2025 element dictionary",Analyst-reviewed deterministic rule; custodian validation pending,
HMIS-RPTCOL-JH-0547,HMIS-RPTSCHEMA-JHARKHAND-20260901-001,547,M16,Details of deaths reported,16.9.3,Adult 19 years and above,HMIS-DE-0006,Adult 19 years and above,Deterministic normalized-label match,Exact source label,Compatible,Existing observed code,14.8.3; 15.8.3; 16.9.3,Accepted canonical link,"Header, controlled normalization, module context and canonical April-2025 element dictionary",Analyst-reviewed deterministic rule; custodian validation pending,
HMIS-RPTCOL-JH-0548,HMIS-RPTSCHEMA-JHARKHAND-20260901-001,548,M16,Details of deaths reported,16.10.1,In-transit Deaths: 1 year and below 5 years,HMIS-DE-0154,In-transit Deaths: 1 year and below 5 years,Deterministic normalized-label match,Exact source label,Compatible,Existing observed code,14.9.1; 15.9.1; 16.10.1,Accepted canonical link,"Header, controlled normalization, module context and canonical April-2025 element dictionary",Analyst-reviewed deterministic rule; custodian validation pending,
HMIS-RPTCOL-JH-0549,HMIS-RPTSCHEMA-JHARKHAND-20260901-001,549,M16,Details of deaths reported,16.10.2,In-transit Deaths: 5 years and above to below 10 years,HMIS-DE-0156,In-transit Deaths: 5 years and above to below 10 years,Deterministic normalized-label match,Exact source label,Compatible,Existing observed code,14.9.2; 15.9.2; 16.10.2,Accepted canonical link,"Header, controlled normalization, module context and canonical April-2025 element dictionary",Analyst-reviewed deterministic rule; custodian validation pending,
HMIS-RPTCOL-JH-0550,HMIS-RPTSCHEMA-JHARKHAND-20260901-001,550,M16,Details of deaths reported,16.10.3,In-transit Deaths: 10 year and above to below 19 years,HMIS-DE-0155,In-transit Deaths: 10 year and above to below 19 years,Deterministic normalized-label match,Exact source label,Compatible,Existing observed code,14.9.3; 15.9.3; 16.10.3,Accepted canonical link,"Header, controlled normalization, module context and canonical April-2025 element dictionary",Analyst-reviewed deterministic rule; custodian validation pending,
HMIS-RPTCOL-JH-0551,HMIS-RPTSCHEMA-JHARKHAND-20260901-001,551,M16,Details of deaths reported,16.10.4,In-transit Deaths: Adult 19 years and above,HMIS-DE-0157,In-transit Deaths: Adult 19 years and above,Deterministic normalized-label match,Exact source label,Compatible,Existing observed code,14.9.4; 15.9.4; 16.10.4,Accepted canonical link,"Header, controlled normalization, module context and canonical April-2025 element dictionary",Analyst-reviewed deterministic rule; custodian validation pending,
HMIS-RPTCOL-JH-0552,HMIS-RPTSCHEMA-JHARKHAND-20260901-001,552,M17,QA & BEMMP,17.1.1,Total number of Haematology tests registered under External Quality Assurance Scheme (EQAS),HMIS-DE-0672,Total number of Haematology tests registered under External Quality Assurance Scheme (EQAS),Deterministic normalized-label match,Exact source label,Compatible,Existing observed code,16.1.1; 17.1.1,Accepted canonical link,"Header, controlled normalization, module context and canonical April-2025 element dictionary",Analyst-reviewed deterministic rule; custodian validation pending,
HMIS-RPTCOL-JH-0553,HMIS-RPTSCHEMA-JHARKHAND-20260901-001,553,M17,QA & BEMMP,17.1.2,No. of registered Haematology tests reported EQAS Compliant,HMIS-DE-0270,No. of registered Haematology tests reported EQAS Compliant,Deterministic normalized-label match,Exact source label,Compatible,Existing observed code,16.1.2; 17.1.2,Accepted canonical link,"Header, controlled normalization, module context and canonical April-2025 element dictionary",Analyst-reviewed deterministic rule; custodian validation pending,
HMIS-RPTCOL-JH-0554,HMIS-RPTSCHEMA-JHARKHAND-20260901-001,554,M17,QA & BEMMP,17.1.3,Total number of Biochemistry tests registered under External Quality Assurance Scheme (EQAS),HMIS-DE-0643,Total number of Biochemistry tests registered under External Quality Assurance Scheme (EQAS),Deterministic normalized-label match,Exact source label,Compatible,Existing observed code,16.1.3; 17.1.3,Accepted canonical link,"Header, controlled normalization, module context and canonical April-2025 element dictionary",Analyst-reviewed deterministic rule; custodian validation pending,
HMIS-RPTCOL-JH-0555,HMIS-RPTSCHEMA-JHARKHAND-20260901-001,555,M17,QA & BEMMP,17.1.4,No. of registered Bio chemistry tests report EQAS Compliant,HMIS-DE-0269,No. of registered Bio chemistry tests report EQAS Compliant,Deterministic normalized-label match,Exact source label,Compatible,Existing observed code,16.1.4; 17.1.4,Accepted canonical link,"Header, controlled normalization, module context and canonical April-2025 element dictionary",Analyst-reviewed deterministic rule; custodian validation pending,
HMIS-RPTCOL-JH-0556,HMIS-RPTSCHEMA-JHARKHAND-20260901-001,556,M17,QA & BEMMP,17.1.5,"Total Quantity of Bio medical waste generated in Kg for the month - (All Yellow, Red, white & Blue)",HMIS-DE-0693,"Total Quantity of Bio medical waste generated in Kg for the month - (All Yellow, Red, white & Blue)",Deterministic normalized-label match,Exact source label,Compatible,Existing observed code,15.1.1; 16.1.5; 17.1.5,Accepted canonical link,"Header, controlled normalization, module context and canonical April-2025 element dictionary",Analyst-reviewed deterministic rule; custodian validation pending,
HMIS-RPTCOL-JH-0557,HMIS-RPTSCHEMA-JHARKHAND-20260901-001,557,M17,QA & BEMMP,17.1.6,Total Quantity of General waste generated in Kg for the month,HMIS-DE-0694,Total Quantity of General waste generated in Kg for the month,Deterministic normalized-label match,Exact source label,Compatible,Existing observed code,15.1.2; 16.1.6; 17.1.6,Accepted canonical link,"Header, controlled normalization, module context and canonical April-2025 element dictionary",Analyst-reviewed deterministic rule; custodian validation pending,
HMIS-RPTCOL-JH-0558,HMIS-RPTSCHEMA-JHARKHAND-20260901-001,558,M17,QA & BEMMP,17.2.1,Total number of breakdown calls reported for the month,HMIS-DE-0657,Total number of breakdown calls reported for the month,Deterministic normalized-label match,Exact source label,Compatible,Existing observed code,16.2.1; 17.2.1,Accepted canonical link,"Header, controlled normalization, module context and canonical April-2025 element dictionary",Analyst-reviewed deterministic rule; custodian validation pending,
HMIS-RPTCOL-JH-0559,HMIS-RPTSCHEMA-JHARKHAND-20260901-001,559,M17,QA & BEMMP,17.2.2,Total number of breakdown attended for the month,HMIS-DE-0656,Total number of breakdown attended for the month,Deterministic normalized-label match,Exact source label,Compatible,Existing observed code,16.2.2; 17.2.2,Accepted canonical link,"Header, controlled normalization, module context and canonical April-2025 element dictionary",Analyst-reviewed deterministic rule; custodian validation pending,
HMIS-RPTCOL-JH-0560,HMIS-RPTSCHEMA-JHARKHAND-20260901-001,560,M17,QA & BEMMP,17.2.3,Number of visit made by the service engineer/ BME for the month,HMIS-DE-0522,Number of visit made by the service engineer/ BME for the month,Deterministic normalized-label match,Exact source label,Compatible,Existing observed code,16.2.3; 17.2.3,Accepted canonical link,"Header, controlled normalization, module context and canonical April-2025 element dictionary",Analyst-reviewed deterministic rule; custodian validation pending,
