occurrenceId,sourceCode,sourceLabel,canonicalElementId,reportFacilityApplicability,reportFormatApplicability,reportServiceContext,canonicalCandidateFacilityTypes,applicabilityDecision,doubleCountingGuard
HMIS-RPTCOL-JH-0036,1.1,Total number of NEW Pregnant Women registered for ANC,HMIS-DE-0681,Row-dependent; Facility Type column must be evaluated from data rows,Row-dependent; Format Type column must be evaluated from data rows,Row-dependent; In-facility/Outreach/Total column must be evaluated from data rows,CHC; Civil Hospital / SDH; District Hospital; HWC-PHC; HWC-SC; Medical College,Do not infer from headers alone,Do not combine Total rows with corresponding in-facility/outreach component rows
HMIS-RPTCOL-JH-0037,1.1.a,Out of total number of NEW Pregnant Women registered with age less than <15 years,HMIS-DE-0593,Row-dependent; Facility Type column must be evaluated from data rows,Row-dependent; Format Type column must be evaluated from data rows,Row-dependent; In-facility/Outreach/Total column must be evaluated from data rows,CHC; Civil Hospital / SDH; District Hospital; HWC-PHC; HWC-SC; Medical College,Do not infer from headers alone,Do not combine Total rows with corresponding in-facility/outreach component rows
HMIS-RPTCOL-JH-0038,1.1.b,Out of total number of NEW Pregnant Women registered with age 15-19 years,HMIS-DE-0592,Row-dependent; Facility Type column must be evaluated from data rows,Row-dependent; Format Type column must be evaluated from data rows,Row-dependent; In-facility/Outreach/Total column must be evaluated from data rows,CHC; Civil Hospital / SDH; District Hospital; HWC-PHC; HWC-SC; Medical College,Do not infer from headers alone,Do not combine Total rows with corresponding in-facility/outreach component rows
HMIS-RPTCOL-JH-0039,1.1.c,Out of total number of NEW Pregnant Women registered with age more than >19 to 49 years,HMIS-DE-0594,Row-dependent; Facility Type column must be evaluated from data rows,Row-dependent; Format Type column must be evaluated from data rows,Row-dependent; In-facility/Outreach/Total column must be evaluated from data rows,CHC; Civil Hospital / SDH; District Hospital; HWC-PHC; HWC-SC; Medical College,Do not infer from headers alone,Do not combine Total rows with corresponding in-facility/outreach component rows
HMIS-RPTCOL-JH-0040,1.1.d,Out of total number of NEW Pregnant Women registered with age more than >49 years,HMIS-DE-0595,Row-dependent; Facility Type column must be evaluated from data rows,Row-dependent; Format Type column must be evaluated from data rows,Row-dependent; In-facility/Outreach/Total column must be evaluated from data rows,CHC; Civil Hospital / SDH; District Hospital; HWC-PHC; HWC-SC; Medical College,Do not infer from headers alone,Do not combine Total rows with corresponding in-facility/outreach component rows
HMIS-RPTCOL-JH-0041,1.1.1,"Out of the total NEW ANC registered, number registered within 1st trimester (within 12 weeks)",HMIS-DE-0573,Row-dependent; Facility Type column must be evaluated from data rows,Row-dependent; Format Type column must be evaluated from data rows,Row-dependent; In-facility/Outreach/Total column must be evaluated from data rows,CHC; Civil Hospital / SDH; District Hospital; HWC-PHC; HWC-SC; Medical College,Do not infer from headers alone,Do not combine Total rows with corresponding in-facility/outreach component rows
HMIS-RPTCOL-JH-0042,1.1.2,Total ANC footfall/cases (Old cases + New Registration) attended,HMIS-DE-0624,Row-dependent; Facility Type column must be evaluated from data rows,Row-dependent; Format Type column must be evaluated from data rows,Row-dependent; In-facility/Outreach/Total column must be evaluated from data rows,CHC; Civil Hospital / SDH; District Hospital; HWC-PHC; HWC-SC; Medical College,Do not infer from headers alone,Do not combine Total rows with corresponding in-facility/outreach component rows
HMIS-RPTCOL-JH-0043,1.2.1,Number of PW given Td1 (Tetanus Diptheria dose 1),HMIS-DE-0493,Row-dependent; Facility Type column must be evaluated from data rows,Row-dependent; Format Type column must be evaluated from data rows,Row-dependent; In-facility/Outreach/Total column must be evaluated from data rows,CHC; Civil Hospital / SDH; District Hospital; HWC-PHC; HWC-SC; Medical College,Do not infer from headers alone,Do not combine Total rows with corresponding in-facility/outreach component rows
HMIS-RPTCOL-JH-0044,1.2.2,Number of PW given Td2 (Tetanus Diptheria dose 2),HMIS-DE-0494,Row-dependent; Facility Type column must be evaluated from data rows,Row-dependent; Format Type column must be evaluated from data rows,Row-dependent; In-facility/Outreach/Total column must be evaluated from data rows,CHC; Civil Hospital / SDH; District Hospital; HWC-PHC; HWC-SC; Medical College,Do not infer from headers alone,Do not combine Total rows with corresponding in-facility/outreach component rows
HMIS-RPTCOL-JH-0045,1.2.3,Number of PW given Td Booster (Tetanus Diptheria dose booster),HMIS-DE-0492,Row-dependent; Facility Type column must be evaluated from data rows,Row-dependent; Format Type column must be evaluated from data rows,Row-dependent; In-facility/Outreach/Total column must be evaluated from data rows,CHC; Civil Hospital / SDH; District Hospital; HWC-PHC; HWC-SC; Medical College,Do not infer from headers alone,Do not combine Total rows with corresponding in-facility/outreach component rows
HMIS-RPTCOL-JH-0046,1.2.4,Number of PW provided full course 180 Iron Folic Acid (IFA) tablets,HMIS-DE-0497,Row-dependent; Facility Type column must be evaluated from data rows,Row-dependent; Format Type column must be evaluated from data rows,Row-dependent; In-facility/Outreach/Total column must be evaluated from data rows,CHC; Civil Hospital / SDH; District Hospital; HWC-PHC; HWC-SC; Medical College,Do not infer from headers alone,Do not combine Total rows with corresponding in-facility/outreach component rows
HMIS-RPTCOL-JH-0047,1.2.5,Number of PW provided full course 360 Calcium tablets,HMIS-DE-0498,Row-dependent; Facility Type column must be evaluated from data rows,Row-dependent; Format Type column must be evaluated from data rows,Row-dependent; In-facility/Outreach/Total column must be evaluated from data rows,CHC; Civil Hospital / SDH; District Hospital; HWC-PHC; HWC-SC; Medical College,Do not infer from headers alone,Do not combine Total rows with corresponding in-facility/outreach component rows
HMIS-RPTCOL-JH-0048,1.2.6,Number of PW given one Albendazole tablet after 1st trimester,HMIS-DE-0490,Row-dependent; Facility Type column must be evaluated from data rows,Row-dependent; Format Type column must be evaluated from data rows,Row-dependent; In-facility/Outreach/Total column must be evaluated from data rows,CHC; Civil Hospital / SDH; District Hospital; HWC-PHC; HWC-SC; Medical College,Do not infer from headers alone,Do not combine Total rows with corresponding in-facility/outreach component rows
HMIS-RPTCOL-JH-0049,1.2.7,Number of PW received 4 or more ANC check ups,HMIS-DE-0499,Row-dependent; Facility Type column must be evaluated from data rows,Row-dependent; Format Type column must be evaluated from data rows,Row-dependent; In-facility/Outreach/Total column must be evaluated from data rows,CHC; Civil Hospital / SDH; District Hospital; HWC-PHC; HWC-SC; Medical College,Do not infer from headers alone,Do not combine Total rows with corresponding in-facility/outreach component rows
HMIS-RPTCOL-JH-0050,1.2.8,Number of PW given ANC Corticosteroids in Pre-Term Labour,HMIS-DE-0489,Row-dependent; Facility Type column must be evaluated from data rows,Row-dependent; Format Type column must be evaluated from data rows,Row-dependent; In-facility/Outreach/Total column must be evaluated from data rows,CHC; Civil Hospital / SDH; District Hospital; HWC-PHC; HWC-SC; Medical College,Do not infer from headers alone,Do not combine Total rows with corresponding in-facility/outreach component rows
HMIS-RPTCOL-JH-0051,1.3.1,New cases of PW with hypertension detected,HMIS-DE-0251,Row-dependent; Facility Type column must be evaluated from data rows,Row-dependent; Format Type column must be evaluated from data rows,Row-dependent; In-facility/Outreach/Total column must be evaluated from data rows,CHC; Civil Hospital / SDH; District Hospital; HWC-PHC; HWC-SC; Medical College,Do not infer from headers alone,Do not combine Total rows with corresponding in-facility/outreach component rows
HMIS-RPTCOL-JH-0052,1.3.2,Number of PW with hypertension managed at institution,HMIS-DE-0505,Row-dependent; Facility Type column must be evaluated from data rows,Row-dependent; Format Type column must be evaluated from data rows,Row-dependent; In-facility/Outreach/Total column must be evaluated from data rows,CHC; Civil Hospital / SDH; District Hospital; HWC-PHC; HWC-SC; Medical College,Do not infer from headers alone,Do not combine Total rows with corresponding in-facility/outreach component rows
HMIS-RPTCOL-JH-0053,1.3.3,Number of New Pre-Eclampsia/Eclampsia cases identified,HMIS-DE-0424,Row-dependent; Facility Type column must be evaluated from data rows,Row-dependent; Format Type column must be evaluated from data rows,Row-dependent; In-facility/Outreach/Total column must be evaluated from data rows,CHC; Civil Hospital / SDH; District Hospital; HWC-PHC; Medical College,Do not infer from headers alone,Do not combine Total rows with corresponding in-facility/outreach component rows
HMIS-RPTCOL-JH-0054,1.3.4,Number of Pre-Eclampsia/Eclampsia cases managed during ANC,HMIS-DE-0457,Row-dependent; Facility Type column must be evaluated from data rows,Row-dependent; Format Type column must be evaluated from data rows,Row-dependent; In-facility/Outreach/Total column must be evaluated from data rows,CHC; Civil Hospital / SDH; District Hospital; HWC-PHC; Medical College,Do not infer from headers alone,Do not combine Total rows with corresponding in-facility/outreach component rows
HMIS-RPTCOL-JH-0055,1.3.5,Number of Eclampsia cases managed during delivery,HMIS-DE-0352,Row-dependent; Facility Type column must be evaluated from data rows,Row-dependent; Format Type column must be evaluated from data rows,Row-dependent; In-facility/Outreach/Total column must be evaluated from data rows,CHC; Civil Hospital / SDH; District Hospital; HWC-PHC; Medical College,Do not infer from headers alone,Do not combine Total rows with corresponding in-facility/outreach component rows
HMIS-RPTCOL-JH-0056,1.4.1,Number of PW tested for Haemoglobin (Hb) 4 or more than 4 times for respective ANCs,HMIS-DE-0501,Row-dependent; Facility Type column must be evaluated from data rows,Row-dependent; Format Type column must be evaluated from data rows,Row-dependent; In-facility/Outreach/Total column must be evaluated from data rows,CHC; Civil Hospital / SDH; District Hospital; HWC-PHC; HWC-SC; Medical College,Do not infer from headers alone,Do not combine Total rows with corresponding in-facility/outreach component rows
HMIS-RPTCOL-JH-0057,1.4.2,Number of PW tested for Haemoglobin (Hb),HMIS-DE-0502,Row-dependent; Facility Type column must be evaluated from data rows,Row-dependent; Format Type column must be evaluated from data rows,Row-dependent; In-facility/Outreach/Total column must be evaluated from data rows,CHC; Civil Hospital / SDH; District Hospital; HWC-PHC; HWC-SC; Medical College,Do not infer from headers alone,Do not combine Total rows with corresponding in-facility/outreach component rows
HMIS-RPTCOL-JH-0058,1.4.3,Number of PW having Hb level<11(7.1 to 10.9 g/dl) (Out of total tested cases),HMIS-DE-0495,Row-dependent; Facility Type column must be evaluated from data rows,Row-dependent; Format Type column must be evaluated from data rows,Row-dependent; In-facility/Outreach/Total column must be evaluated from data rows,CHC; Civil Hospital / SDH; District Hospital; HWC-PHC; HWC-SC; Medical College,Do not infer from headers alone,Do not combine Total rows with corresponding in-facility/outreach component rows
HMIS-RPTCOL-JH-0059,1.4.4,Number of PW having Hb level<=7 g/dl (Out of total tested cases),HMIS-DE-0496,Row-dependent; Facility Type column must be evaluated from data rows,Row-dependent; Format Type column must be evaluated from data rows,Row-dependent; In-facility/Outreach/Total column must be evaluated from data rows,CHC; Civil Hospital / SDH; District Hospital; HWC-PHC; HWC-SC; Medical College,Do not infer from headers alone,Do not combine Total rows with corresponding in-facility/outreach component rows
HMIS-RPTCOL-JH-0060,1.4.5,Number of PW treated for severe anaemia (Hb<=7g/dl) (including referred-in cases),HMIS-DE-0504,Row-dependent; Facility Type column must be evaluated from data rows,Row-dependent; Format Type column must be evaluated from data rows,Row-dependent; In-facility/Outreach/Total column must be evaluated from data rows,CHC; Civil Hospital / SDH; District Hospital; HWC-PHC; Medical College,Do not infer from headers alone,Do not combine Total rows with corresponding in-facility/outreach component rows
HMIS-RPTCOL-JH-0061,1.5.1,Number of PW tested for Blood Sugar using OGTT(Oral Glucose Tolerance Test),HMIS-DE-0500,Row-dependent; Facility Type column must be evaluated from data rows,Row-dependent; Format Type column must be evaluated from data rows,Row-dependent; In-facility/Outreach/Total column must be evaluated from data rows,CHC; Civil Hospital / SDH; District Hospital; HWC-PHC; HWC-SC; Medical College,Do not infer from headers alone,Do not combine Total rows with corresponding in-facility/outreach component rows
HMIS-RPTCOL-JH-0062,1.5.2,Number of PW tested positive for GDM out of total OGTT(Oral Glucose Tolerance Test) conducted,HMIS-DE-0503,Row-dependent; Facility Type column must be evaluated from data rows,Row-dependent; Format Type column must be evaluated from data rows,Row-dependent; In-facility/Outreach/Total column must be evaluated from data rows,CHC; Civil Hospital / SDH; District Hospital; HWC-PHC; HWC-SC; Medical College,Do not infer from headers alone,Do not combine Total rows with corresponding in-facility/outreach component rows
HMIS-RPTCOL-JH-0063,1.5.3,Number of GDM positive PW managed with Insulin/Metformin out of total tested positive for GDM,HMIS-DE-0358,Row-dependent; Facility Type column must be evaluated from data rows,Row-dependent; Format Type column must be evaluated from data rows,Row-dependent; In-facility/Outreach/Total column must be evaluated from data rows,CHC; Civil Hospital / SDH; District Hospital; HWC-PHC; Medical College,Do not infer from headers alone,Do not combine Total rows with corresponding in-facility/outreach component rows
HMIS-RPTCOL-JH-0064,1.6.1.a,Number of pregnant/Direct-In-Labor (DIL) women screened/tested (with VDRL/RPR/TPHA/RDT/PoC) for Syphilis,HMIS-DE-0485,Row-dependent; Facility Type column must be evaluated from data rows,Row-dependent; Format Type column must be evaluated from data rows,Row-dependent; In-facility/Outreach/Total column must be evaluated from data rows,CHC; Civil Hospital / SDH; District Hospital; HWC-PHC; HWC-SC; Medical College,Do not infer from headers alone,Do not combine Total rows with corresponding in-facility/outreach component rows
HMIS-RPTCOL-JH-0065,1.6.1.b,Number of pregnant/DIL women found Seropositive for Syphilis by VDRL/RPR/TPHA/RDT/PoC test,HMIS-DE-0483,Row-dependent; Facility Type column must be evaluated from data rows,Row-dependent; Format Type column must be evaluated from data rows,Row-dependent; In-facility/Outreach/Total column must be evaluated from data rows,CHC; Civil Hospital / SDH; District Hospital; HWC-PHC; HWC-SC; Medical College,Do not infer from headers alone,Do not combine Total rows with corresponding in-facility/outreach component rows
HMIS-RPTCOL-JH-0066,1.6.1.c,Number of pregnant/DIL women found Syphilis-Seropositive and given treatment with injection Benzathine Penicillin (IM),HMIS-DE-0484,Row-dependent; Facility Type column must be evaluated from data rows,Row-dependent; Format Type column must be evaluated from data rows,Row-dependent; In-facility/Outreach/Total column must be evaluated from data rows,CHC; Civil Hospital / SDH; District Hospital; HWC-PHC; HWC-SC; Medical College,Do not infer from headers alone,Do not combine Total rows with corresponding in-facility/outreach component rows
HMIS-RPTCOL-JH-0067,1.6.1.d,Number of live births among Syphilis Seropositive Pregnant Women,HMIS-DE-0399,Row-dependent; Facility Type column must be evaluated from data rows,Row-dependent; Format Type column must be evaluated from data rows,Row-dependent; In-facility/Outreach/Total column must be evaluated from data rows,CHC; Civil Hospital / SDH; District Hospital; HWC-PHC; HWC-SC; Medical College,Do not infer from headers alone,Do not combine Total rows with corresponding in-facility/outreach component rows
HMIS-RPTCOL-JH-0068,1.6.1.e,Number of babies born to Syphilis-Seropositive Pregnant Women tested positive/ clinically diagnosed for congenital Syphilis,HMIS-DE-0290,Row-dependent; Facility Type column must be evaluated from data rows,Row-dependent; Format Type column must be evaluated from data rows,Row-dependent; In-facility/Outreach/Total column must be evaluated from data rows,CHC; Civil Hospital / SDH; District Hospital; HWC-PHC; HWC-SC; Medical College,Do not infer from headers alone,Do not combine Total rows with corresponding in-facility/outreach component rows
HMIS-RPTCOL-JH-0069,1.6.1.f,"Out of above, babies with congenital Syphilis received curative treatment",HMIS-DE-0538,Row-dependent; Facility Type column must be evaluated from data rows,Row-dependent; Format Type column must be evaluated from data rows,Row-dependent; In-facility/Outreach/Total column must be evaluated from data rows,CHC; Civil Hospital / SDH; District Hospital; HWC-PHC; HWC-SC; Medical College,Do not infer from headers alone,Do not combine Total rows with corresponding in-facility/outreach component rows
HMIS-RPTCOL-JH-0070,1.7.1,Number of Pregnant Women tested positive for Thyroid disorder,HMIS-DE-0478,Row-dependent; Facility Type column must be evaluated from data rows,Row-dependent; Format Type column must be evaluated from data rows,Row-dependent; In-facility/Outreach/Total column must be evaluated from data rows,CHC; Civil Hospital / SDH; District Hospital; HWC-PHC; HWC-SC; Medical College,Do not infer from headers alone,Do not combine Total rows with corresponding in-facility/outreach component rows
HMIS-RPTCOL-JH-0071,1.7.2,Number of Pregnant Women treated for thyroid disorder,HMIS-DE-0479,Row-dependent; Facility Type column must be evaluated from data rows,Row-dependent; Format Type column must be evaluated from data rows,Row-dependent; In-facility/Outreach/Total column must be evaluated from data rows,CHC; Civil Hospital / SDH; District Hospital; HWC-PHC; HWC-SC; Medical College,Do not infer from headers alone,Do not combine Total rows with corresponding in-facility/outreach component rows
HMIS-RPTCOL-JH-0072,1.8.1,Number of Pregnant Women screened for TB,HMIS-DE-0476,Row-dependent; Facility Type column must be evaluated from data rows,Row-dependent; Format Type column must be evaluated from data rows,Row-dependent; In-facility/Outreach/Total column must be evaluated from data rows,CHC; Civil Hospital / SDH; District Hospital; HWC-PHC; HWC-SC; Medical College,Do not infer from headers alone,Do not combine Total rows with corresponding in-facility/outreach component rows
HMIS-RPTCOL-JH-0073,1.8.2,Number of Pregnant Women identified with Presumptive TB symptoms,HMIS-DE-0468,Row-dependent; Facility Type column must be evaluated from data rows,Row-dependent; Format Type column must be evaluated from data rows,Row-dependent; In-facility/Outreach/Total column must be evaluated from data rows,CHC; Civil Hospital / SDH; District Hospital; HWC-PHC; HWC-SC; Medical College,Do not infer from headers alone,Do not combine Total rows with corresponding in-facility/outreach component rows
HMIS-RPTCOL-JH-0074,1.8.3,Number of Pregnant Women referred out of those identified with Presumptive TB symptoms,HMIS-DE-0475,Row-dependent; Facility Type column must be evaluated from data rows,Row-dependent; Format Type column must be evaluated from data rows,Row-dependent; In-facility/Outreach/Total column must be evaluated from data rows,CHC; Civil Hospital / SDH; District Hospital; HWC-PHC; HWC-SC; Medical College,Do not infer from headers alone,Do not combine Total rows with corresponding in-facility/outreach component rows
HMIS-RPTCOL-JH-0075,1.9.1,Total High Risk Pregnancy (HRP) Intrapartum including following:,HMIS-DE-0632,Row-dependent; Facility Type column must be evaluated from data rows,Row-dependent; Format Type column must be evaluated from data rows,Row-dependent; In-facility/Outreach/Total column must be evaluated from data rows,CHC; Civil Hospital / SDH; District Hospital; HWC-PHC; Medical College,Do not infer from headers alone,Do not combine Total rows with corresponding in-facility/outreach component rows
HMIS-RPTCOL-JH-0076,1.9.1.a,Number of Pregnant Women only with Post-Partum Haemorrhage(Immediately after delivery) in the facility,HMIS-DE-0469,Row-dependent; Facility Type column must be evaluated from data rows,Row-dependent; Format Type column must be evaluated from data rows,Row-dependent; In-facility/Outreach/Total column must be evaluated from data rows,CHC; Civil Hospital / SDH; District Hospital; HWC-PHC; HWC-SC; Medical College,Do not infer from headers alone,Do not combine Total rows with corresponding in-facility/outreach component rows
HMIS-RPTCOL-JH-0077,1.9.1.b,Number of Pregnant Women only with Sepsis in the facility,HMIS-DE-0470,Row-dependent; Facility Type column must be evaluated from data rows,Row-dependent; Format Type column must be evaluated from data rows,Row-dependent; In-facility/Outreach/Total column must be evaluated from data rows,CHC; Civil Hospital / SDH; District Hospital; HWC-PHC; HWC-SC; Medical College,Do not infer from headers alone,Do not combine Total rows with corresponding in-facility/outreach component rows
HMIS-RPTCOL-JH-0078,1.9.1.c,Number of Pregnant Women identified only with Eclampsia in the facility,HMIS-DE-0465,Row-dependent; Facility Type column must be evaluated from data rows,Row-dependent; Format Type column must be evaluated from data rows,Row-dependent; In-facility/Outreach/Total column must be evaluated from data rows,CHC; Civil Hospital / SDH; District Hospital; HWC-PHC; HWC-SC; Medical College,Do not infer from headers alone,Do not combine Total rows with corresponding in-facility/outreach component rows
HMIS-RPTCOL-JH-0079,1.9.1.d,Number of Pregnant Women identified only with obstructed labour in the facility,HMIS-DE-0466,Row-dependent; Facility Type column must be evaluated from data rows,Row-dependent; Format Type column must be evaluated from data rows,Row-dependent; In-facility/Outreach/Total column must be evaluated from data rows,CHC; Civil Hospital / SDH; District Hospital; HWC-PHC; HWC-SC; Medical College,Do not infer from headers alone,Do not combine Total rows with corresponding in-facility/outreach component rows
HMIS-RPTCOL-JH-0080,1.9.1.e,Number of Pregnant Women identified with more than 1 complication listed above,HMIS-DE-0467,Row-dependent; Facility Type column must be evaluated from data rows,Row-dependent; Format Type column must be evaluated from data rows,Row-dependent; In-facility/Outreach/Total column must be evaluated from data rows,CHC; Civil Hospital / SDH; District Hospital; HWC-PHC; HWC-SC; Medical College,Do not infer from headers alone,Do not combine Total rows with corresponding in-facility/outreach component rows
HMIS-RPTCOL-JH-0081,1.9.2,Total High Risk Pregnancy (HRP) Antepartum (Only New Cases are to be reported),HMIS-DE-0631,Row-dependent; Facility Type column must be evaluated from data rows,Row-dependent; Format Type column must be evaluated from data rows,Row-dependent; In-facility/Outreach/Total column must be evaluated from data rows,CHC; Civil Hospital / SDH; District Hospital; HWC-PHC; Medical College,Do not infer from headers alone,Do not combine Total rows with corresponding in-facility/outreach component rows
HMIS-RPTCOL-JH-0082,1.9.3,Total no. of highrisk ANC cases referred to Higher/ any other facility (Referred out),HMIS-DE-0639,Row-dependent; Facility Type column must be evaluated from data rows,Row-dependent; Format Type column must be evaluated from data rows,Row-dependent; In-facility/Outreach/Total column must be evaluated from data rows,CHC; Civil Hospital / SDH; District Hospital; HWC-PHC; Medical College,Do not infer from headers alone,Do not combine Total rows with corresponding in-facility/outreach component rows
HMIS-RPTCOL-JH-0083,1.9.3.a,Total no. of Intrapartum/PNC High Risk Pregnancy cases referred to Higher/ any other facility (Referred out),HMIS-DE-0641,Row-dependent; Facility Type column must be evaluated from data rows,Row-dependent; Format Type column must be evaluated from data rows,Row-dependent; In-facility/Outreach/Total column must be evaluated from data rows,CHC; Civil Hospital / SDH; District Hospital; HWC-PHC; HWC-SC; Medical College,Do not infer from headers alone,Do not combine Total rows with corresponding in-facility/outreach component rows
HMIS-RPTCOL-JH-0084,1.9.4,Total no. of highrisk ANC cases referred in to the facility (Referred in),HMIS-DE-0638,Row-dependent; Facility Type column must be evaluated from data rows,Row-dependent; Format Type column must be evaluated from data rows,Row-dependent; In-facility/Outreach/Total column must be evaluated from data rows,CHC; Civil Hospital / SDH; District Hospital; HWC-PHC; Medical College,Do not infer from headers alone,Do not combine Total rows with corresponding in-facility/outreach component rows
HMIS-RPTCOL-JH-0085,1.9.4.a,Total no. of Intrapartum/PNC High Risk Pregnancy cases attended or referred into the facility (Referred in),HMIS-DE-0640,Row-dependent; Facility Type column must be evaluated from data rows,Row-dependent; Format Type column must be evaluated from data rows,Row-dependent; In-facility/Outreach/Total column must be evaluated from data rows,CHC; Civil Hospital / SDH; District Hospital; HWC-PHC; Medical College,Do not infer from headers alone,Do not combine Total rows with corresponding in-facility/outreach component rows
HMIS-RPTCOL-JH-0086,2.1.1.a,Number of Home Deliveries attended by Skill Birth Attendant(SBA) (Doctor/Nurse/ANM),HMIS-DE-0371,Row-dependent; Facility Type column must be evaluated from data rows,Row-dependent; Format Type column must be evaluated from data rows,Row-dependent; In-facility/Outreach/Total column must be evaluated from data rows,CHC; Civil Hospital / SDH; District Hospital; HWC-PHC; HWC-SC,Do not infer from headers alone,Do not combine Total rows with corresponding in-facility/outreach component rows
HMIS-RPTCOL-JH-0087,2.1.1.b,Number of Home Deliveries attended by Non SBA,HMIS-DE-0370,Row-dependent; Facility Type column must be evaluated from data rows,Row-dependent; Format Type column must be evaluated from data rows,Row-dependent; In-facility/Outreach/Total column must be evaluated from data rows,CHC; Civil Hospital / SDH; District Hospital; HWC-PHC; HWC-SC,Do not infer from headers alone,Do not combine Total rows with corresponding in-facility/outreach component rows
HMIS-RPTCOL-JH-0088,2.1.2,Number of PW given Tablet Misoprostol during home delivery,HMIS-DE-0491,Row-dependent; Facility Type column must be evaluated from data rows,Row-dependent; Format Type column must be evaluated from data rows,Row-dependent; In-facility/Outreach/Total column must be evaluated from data rows,CHC; Civil Hospital / SDH; District Hospital; HWC-PHC; HWC-SC; Medical College,Do not infer from headers alone,Do not combine Total rows with corresponding in-facility/outreach component rows
HMIS-RPTCOL-JH-0089,2.2,Number of Institutional Deliveries conducted (Including C-Sections),HMIS-DE-0389,Row-dependent; Facility Type column must be evaluated from data rows,Row-dependent; Format Type column must be evaluated from data rows,Row-dependent; In-facility/Outreach/Total column must be evaluated from data rows,CHC; Civil Hospital / SDH; District Hospital; HWC-PHC; HWC-SC; Medical College,Do not infer from headers alone,Do not combine Total rows with corresponding in-facility/outreach component rows
HMIS-RPTCOL-JH-0090,2.2.1,"Out of total institutional deliveries(excluding C-section), number of women stayed for 48 hours or more after delivery",HMIS-DE-0577,Row-dependent; Facility Type column must be evaluated from data rows,Row-dependent; Format Type column must be evaluated from data rows,Row-dependent; In-facility/Outreach/Total column must be evaluated from data rows,CHC; Civil Hospital / SDH; District Hospital; HWC-PHC; HWC-SC; Medical College,Do not infer from headers alone,Do not combine Total rows with corresponding in-facility/outreach component rows
HMIS-RPTCOL-JH-0091,2.2.2,"Out of total Institutional deliveries, number of Institutional Deliveries (Excluding C-Sections) conducted at night (8 PM- 8 AM)",HMIS-DE-0578,Row-dependent; Facility Type column must be evaluated from data rows,Row-dependent; Format Type column must be evaluated from data rows,Row-dependent; In-facility/Outreach/Total column must be evaluated from data rows,CHC; Civil Hospital / SDH; District Hospital; HWC-PHC; HWC-SC; Medical College,Do not infer from headers alone,Do not combine Total rows with corresponding in-facility/outreach component rows
HMIS-RPTCOL-JH-0092,2.2.3,"Out of total Institutional deliveries, number of institutional deliveries conducted at Midwifery Led Care Unit (MLCU)",HMIS-DE-0579,Row-dependent; Facility Type column must be evaluated from data rows,Row-dependent; Format Type column must be evaluated from data rows,Row-dependent; In-facility/Outreach/Total column must be evaluated from data rows,CHC; Civil Hospital / SDH; District Hospital; Medical College,Do not infer from headers alone,Do not combine Total rows with corresponding in-facility/outreach component rows
HMIS-RPTCOL-JH-0093,2.3.1,"Out of total number of delivery, PW with age less than <15 years",HMIS-DE-0585,Row-dependent; Facility Type column must be evaluated from data rows,Row-dependent; Format Type column must be evaluated from data rows,Row-dependent; In-facility/Outreach/Total column must be evaluated from data rows,CHC; Civil Hospital / SDH; District Hospital; HWC-PHC; HWC-SC,Do not infer from headers alone,Do not combine Total rows with corresponding in-facility/outreach component rows
HMIS-RPTCOL-JH-0094,2.3.2,"Out of total number of delivery, PW with age 15-19 years",HMIS-DE-0584,Row-dependent; Facility Type column must be evaluated from data rows,Row-dependent; Format Type column must be evaluated from data rows,Row-dependent; In-facility/Outreach/Total column must be evaluated from data rows,CHC; Civil Hospital / SDH; District Hospital; HWC-PHC; HWC-SC,Do not infer from headers alone,Do not combine Total rows with corresponding in-facility/outreach component rows
HMIS-RPTCOL-JH-0095,2.3.3,"Out of total number of delivery, PW with age more than >19-49 years",HMIS-DE-0587,Row-dependent; Facility Type column must be evaluated from data rows,Row-dependent; Format Type column must be evaluated from data rows,Row-dependent; In-facility/Outreach/Total column must be evaluated from data rows,CHC; Civil Hospital / SDH; District Hospital; HWC-PHC; HWC-SC,Do not infer from headers alone,Do not combine Total rows with corresponding in-facility/outreach component rows
HMIS-RPTCOL-JH-0096,2.3.4,"Out of total number of delivery, PW with age more than > 49 years",HMIS-DE-0586,Row-dependent; Facility Type column must be evaluated from data rows,Row-dependent; Format Type column must be evaluated from data rows,Row-dependent; In-facility/Outreach/Total column must be evaluated from data rows,CHC; Civil Hospital / SDH; District Hospital; HWC-PHC; HWC-SC; Medical College,Do not infer from headers alone,Do not combine Total rows with corresponding in-facility/outreach component rows
HMIS-RPTCOL-JH-0097,2.4,Number of newborns received 6/7 HBNC visits after Delivery (Home+ Institutional),HMIS-DE-0430,Row-dependent; Facility Type column must be evaluated from data rows,Row-dependent; Format Type column must be evaluated from data rows,Row-dependent; In-facility/Outreach/Total column must be evaluated from data rows,CHC; Civil Hospital / SDH; District Hospital; HWC-PHC; HWC-SC,Do not infer from headers alone,Do not combine Total rows with corresponding in-facility/outreach component rows
HMIS-RPTCOL-JH-0098,2.5,No. of identified Sick new-borns referred by ASHA to facility under HBNC Programme,HMIS-DE-0259,Row-dependent; Facility Type column must be evaluated from data rows,Row-dependent; Format Type column must be evaluated from data rows,Row-dependent; In-facility/Outreach/Total column must be evaluated from data rows,CHC; Civil Hospital / SDH; District Hospital; HWC-PHC; HWC-SC,Do not infer from headers alone,Do not combine Total rows with corresponding in-facility/outreach component rows
HMIS-RPTCOL-JH-0099,2.6,Total number of Children received all scheduled 5 Home visits under HBYC,HMIS-DE-0663,Row-dependent; Facility Type column must be evaluated from data rows,Row-dependent; Format Type column must be evaluated from data rows,Row-dependent; In-facility/Outreach/Total column must be evaluated from data rows,CHC; Civil Hospital / SDH; District Hospital; HWC-PHC; HWC-SC,Do not infer from headers alone,Do not combine Total rows with corresponding in-facility/outreach component rows
HMIS-RPTCOL-JH-0100,3.1,Total number of C -Section deliveries performed,HMIS-DE-0658,Row-dependent; Facility Type column must be evaluated from data rows,Row-dependent; Format Type column must be evaluated from data rows,Row-dependent; In-facility/Outreach/Total column must be evaluated from data rows,CHC; Civil Hospital / SDH; District Hospital; HWC-PHC; Medical College,Do not infer from headers alone,Do not combine Total rows with corresponding in-facility/outreach component rows
HMIS-RPTCOL-JH-0101,3.1.1,"Out of total C-sections, number performed at night (8 PM- 8 AM)",HMIS-DE-0576,Row-dependent; Facility Type column must be evaluated from data rows,Row-dependent; Format Type column must be evaluated from data rows,Row-dependent; In-facility/Outreach/Total column must be evaluated from data rows,CHC; Civil Hospital / SDH; District Hospital; HWC-PHC; Medical College,Do not infer from headers alone,Do not combine Total rows with corresponding in-facility/outreach component rows
HMIS-RPTCOL-JH-0102,3.1.2,"Out of total C-section, number of women stayed for 72 hours or more after delivery",HMIS-DE-0575,Row-dependent; Facility Type column must be evaluated from data rows,Row-dependent; Format Type column must be evaluated from data rows,Row-dependent; In-facility/Outreach/Total column must be evaluated from data rows,CHC; Civil Hospital / SDH; District Hospital; HWC-PHC; Medical College,Do not infer from headers alone,Do not combine Total rows with corresponding in-facility/outreach component rows
HMIS-RPTCOL-JH-0103,4.1.1.a,Live Birth - Male,HMIS-DE-0217,Row-dependent; Facility Type column must be evaluated from data rows,Row-dependent; Format Type column must be evaluated from data rows,Row-dependent; In-facility/Outreach/Total column must be evaluated from data rows,CHC; Civil Hospital / SDH; District Hospital; HWC-PHC; HWC-SC; Medical College,Do not infer from headers alone,Do not combine Total rows with corresponding in-facility/outreach component rows
HMIS-RPTCOL-JH-0104,4.1.1.b,Live Birth - Female,HMIS-DE-0216,Row-dependent; Facility Type column must be evaluated from data rows,Row-dependent; Format Type column must be evaluated from data rows,Row-dependent; In-facility/Outreach/Total column must be evaluated from data rows,CHC; Civil Hospital / SDH; District Hospital; HWC-PHC; HWC-SC; Medical College,Do not infer from headers alone,Do not combine Total rows with corresponding in-facility/outreach component rows
HMIS-RPTCOL-JH-0105,4.1.2,Number of Pre-term newborns ( < 37 weeks of pregnancy),HMIS-DE-0458,Row-dependent; Facility Type column must be evaluated from data rows,Row-dependent; Format Type column must be evaluated from data rows,Row-dependent; In-facility/Outreach/Total column must be evaluated from data rows,CHC; Civil Hospital / SDH; District Hospital; HWC-PHC; Medical College,Do not infer from headers alone,Do not combine Total rows with corresponding in-facility/outreach component rows
HMIS-RPTCOL-JH-0106,4.1.3.a,Fresh Stillbirth - Intrapartum Stillbirth (28 weeks & above),HMIS-DE-0186,Row-dependent; Facility Type column must be evaluated from data rows,Row-dependent; Format Type column must be evaluated from data rows,Row-dependent; In-facility/Outreach/Total column must be evaluated from data rows,CHC; Civil Hospital / SDH; District Hospital; HWC-PHC; HWC-SC; Medical College,Do not infer from headers alone,Do not combine Total rows with corresponding in-facility/outreach component rows
HMIS-RPTCOL-JH-0107,4.1.3.b,Mascerated Stillbirth – Antepartum Stillbirth (28 weeks &above),HMIS-DE-0015,Row-dependent; Facility Type column must be evaluated from data rows,Row-dependent; Format Type column must be evaluated from data rows,Row-dependent; In-facility/Outreach/Total column must be evaluated from data rows,CHC; Civil Hospital / SDH; District Hospital; HWC-PHC; HWC-SC; Medical College,Do not infer from headers alone,Do not combine Total rows with corresponding in-facility/outreach component rows
HMIS-RPTCOL-JH-0108,4.1.3.c,Foetal Death (24–27 completed weeks),,Row-dependent; Facility Type column must be evaluated from data rows,Row-dependent; Format Type column must be evaluated from data rows,Row-dependent; In-facility/Outreach/Total column must be evaluated from data rows,,Do not infer from headers alone,Do not combine Total rows with corresponding in-facility/outreach component rows
HMIS-RPTCOL-JH-0109,4.2,Abortion (spontaneous),HMIS-DE-0003,Row-dependent; Facility Type column must be evaluated from data rows,Row-dependent; Format Type column must be evaluated from data rows,Row-dependent; In-facility/Outreach/Total column must be evaluated from data rows,CHC; Civil Hospital / SDH; District Hospital; HWC-PHC; HWC-SC; Medical College,Do not infer from headers alone,Do not combine Total rows with corresponding in-facility/outreach component rows
HMIS-RPTCOL-JH-0110,4.3.1.a,Surgical MTPs upto 12 weeks of pregnancy,HMIS-DE-0620,Row-dependent; Facility Type column must be evaluated from data rows,Row-dependent; Format Type column must be evaluated from data rows,Row-dependent; In-facility/Outreach/Total column must be evaluated from data rows,CHC; Civil Hospital / SDH; District Hospital; HWC-PHC; Medical College,Do not infer from headers alone,Do not combine Total rows with corresponding in-facility/outreach component rows
HMIS-RPTCOL-JH-0111,4.3.1.b,MTP more than 12 weeks of pregnancy,HMIS-DE-0235,Row-dependent; Facility Type column must be evaluated from data rows,Row-dependent; Format Type column must be evaluated from data rows,Row-dependent; In-facility/Outreach/Total column must be evaluated from data rows,CHC; Civil Hospital / SDH; District Hospital; HWC-PHC; Medical College,Do not infer from headers alone,Do not combine Total rows with corresponding in-facility/outreach component rows
HMIS-RPTCOL-JH-0112,4.3.1.c,MTPs completed through Medical methods of abortion (MMA),HMIS-DE-0236,Row-dependent; Facility Type column must be evaluated from data rows,Row-dependent; Format Type column must be evaluated from data rows,Row-dependent; In-facility/Outreach/Total column must be evaluated from data rows,CHC; Civil Hospital / SDH; District Hospital; HWC-PHC; Medical College,Do not infer from headers alone,Do not combine Total rows with corresponding in-facility/outreach component rows
HMIS-RPTCOL-JH-0113,4.3.2.a,Total Post-abortion/MTP Complications Identified,HMIS-DE-0692,Row-dependent; Facility Type column must be evaluated from data rows,Row-dependent; Format Type column must be evaluated from data rows,Row-dependent; In-facility/Outreach/Total column must be evaluated from data rows,CHC; Civil Hospital / SDH; District Hospital; HWC-PHC; HWC-SC; Medical College,Do not infer from headers alone,Do not combine Total rows with corresponding in-facility/outreach component rows
HMIS-RPTCOL-JH-0114,4.3.2.b,Post-abortion/MTP complications identified (where abortions were carried out in facilities other than public and accredited private health facilities),HMIS-DE-0601,Row-dependent; Facility Type column must be evaluated from data rows,Row-dependent; Format Type column must be evaluated from data rows,Row-dependent; In-facility/Outreach/Total column must be evaluated from data rows,CHC; Civil Hospital / SDH; District Hospital; HWC-PHC; HWC-SC; Medical College,Do not infer from headers alone,Do not combine Total rows with corresponding in-facility/outreach component rows
HMIS-RPTCOL-JH-0115,4.3.2.c,Post-abortion/MTP Complications treated,HMIS-DE-0602,Row-dependent; Facility Type column must be evaluated from data rows,Row-dependent; Format Type column must be evaluated from data rows,Row-dependent; In-facility/Outreach/Total column must be evaluated from data rows,CHC; Civil Hospital / SDH; District Hospital; HWC-PHC; Medical College,Do not infer from headers alone,Do not combine Total rows with corresponding in-facility/outreach component rows
HMIS-RPTCOL-JH-0116,4.3.3,Number of women provided with Post-abortion/ MTP contraception,HMIS-DE-0530,Row-dependent; Facility Type column must be evaluated from data rows,Row-dependent; Format Type column must be evaluated from data rows,Row-dependent; In-facility/Outreach/Total column must be evaluated from data rows,CHC; Civil Hospital / SDH; District Hospital; HWC-PHC; Medical College,Do not infer from headers alone,Do not combine Total rows with corresponding in-facility/outreach component rows
HMIS-RPTCOL-JH-0117,4.4.1,Number of Newborns weighed at birth,HMIS-DE-0434,Row-dependent; Facility Type column must be evaluated from data rows,Row-dependent; Format Type column must be evaluated from data rows,Row-dependent; In-facility/Outreach/Total column must be evaluated from data rows,CHC; Civil Hospital / SDH; District Hospital; HWC-PHC; HWC-SC; Medical College,Do not infer from headers alone,Do not combine Total rows with corresponding in-facility/outreach component rows
HMIS-RPTCOL-JH-0118,4.4.2,Number of Newborns having weight less than 2500 gms,HMIS-DE-0428,Row-dependent; Facility Type column must be evaluated from data rows,Row-dependent; Format Type column must be evaluated from data rows,Row-dependent; In-facility/Outreach/Total column must be evaluated from data rows,CHC; Civil Hospital / SDH; District Hospital; HWC-PHC; HWC-SC; Medical College,Do not infer from headers alone,Do not combine Total rows with corresponding in-facility/outreach component rows
HMIS-RPTCOL-JH-0119,4.4.2.a,"Out of the above, number of Newborns having weight less than 1800 gms",HMIS-DE-0571,Row-dependent; Facility Type column must be evaluated from data rows,Row-dependent; Format Type column must be evaluated from data rows,Row-dependent; In-facility/Outreach/Total column must be evaluated from data rows,CHC; Civil Hospital / SDH; District Hospital; HWC-PHC; HWC-SC; Medical College,Do not infer from headers alone,Do not combine Total rows with corresponding in-facility/outreach component rows
HMIS-RPTCOL-JH-0120,4.4.3,Number of Newborns breast fed within 1 hour of birth,HMIS-DE-0427,Row-dependent; Facility Type column must be evaluated from data rows,Row-dependent; Format Type column must be evaluated from data rows,Row-dependent; In-facility/Outreach/Total column must be evaluated from data rows,CHC; Civil Hospital / SDH; District Hospital; HWC-PHC; HWC-SC; Medical College,Do not infer from headers alone,Do not combine Total rows with corresponding in-facility/outreach component rows
HMIS-RPTCOL-JH-0121,4.4.4,No. of Newborns discharged from the facility were exclusively breastfed till discharge,HMIS-DE-0266,Row-dependent; Facility Type column must be evaluated from data rows,Row-dependent; Format Type column must be evaluated from data rows,Row-dependent; In-facility/Outreach/Total column must be evaluated from data rows,CHC; Civil Hospital / SDH; District Hospital; HWC-PHC; HWC-SC; Medical College,Do not infer from headers alone,Do not combine Total rows with corresponding in-facility/outreach component rows
HMIS-RPTCOL-JH-0122,4.4.5,Number of Newborns received Donor Human Milk (DHM) in the facility,HMIS-DE-0431,Row-dependent; Facility Type column must be evaluated from data rows,Row-dependent; Format Type column must be evaluated from data rows,Row-dependent; In-facility/Outreach/Total column must be evaluated from data rows,District Hospital; Medical College,Do not infer from headers alone,Do not combine Total rows with corresponding in-facility/outreach component rows
HMIS-RPTCOL-JH-0123,4.5.1,"Number of Newborns screened for defects at birth (as per Comprehensive Newborn Screening, RBSK)",HMIS-DE-0432,Row-dependent; Facility Type column must be evaluated from data rows,Row-dependent; Format Type column must be evaluated from data rows,Row-dependent; In-facility/Outreach/Total column must be evaluated from data rows,CHC; Civil Hospital / SDH; District Hospital; HWC-PHC; HWC-SC; Medical College,Do not infer from headers alone,Do not combine Total rows with corresponding in-facility/outreach component rows
HMIS-RPTCOL-JH-0124,4.5.1.a,"Number of Newborns identified with visible birth defects (including Neural tube defect, Down’s Syndrome, Cleft Lip & Palate, Club foot and Developmental dysplasia of the hip)",HMIS-DE-0429,Row-dependent; Facility Type column must be evaluated from data rows,Row-dependent; Format Type column must be evaluated from data rows,Row-dependent; In-facility/Outreach/Total column must be evaluated from data rows,CHC; Civil Hospital / SDH; District Hospital; HWC-PHC; HWC-SC; Medical College,Do not infer from headers alone,Do not combine Total rows with corresponding in-facility/outreach component rows
HMIS-RPTCOL-JH-0125,4.5.3,Number of SNCU discharged babies screened in DEIC,HMIS-DE-0517,Row-dependent; Facility Type column must be evaluated from data rows,Row-dependent; Format Type column must be evaluated from data rows,Row-dependent; In-facility/Outreach/Total column must be evaluated from data rows,CHC; Civil Hospital / SDH; District Hospital; HWC-PHC; Medical College,Do not infer from headers alone,Do not combine Total rows with corresponding in-facility/outreach component rows
HMIS-RPTCOL-JH-0126,4.5.5,"Number of children till age 18 years (affected with selected health conditions) managed for 4 Ds (Disease, Deficiency, Developmental Delay & Defect)",HMIS-DE-0325,Row-dependent; Facility Type column must be evaluated from data rows,Row-dependent; Format Type column must be evaluated from data rows,Row-dependent; In-facility/Outreach/Total column must be evaluated from data rows,Civil Hospital / SDH; District Hospital; Medical College,Do not infer from headers alone,Do not combine Total rows with corresponding in-facility/outreach component rows
HMIS-RPTCOL-JH-0127,4.5.6,Number of children till age 18 years (affected with selected health conditions) managed by Intervention - Surgical,HMIS-DE-0324,Row-dependent; Facility Type column must be evaluated from data rows,Row-dependent; Format Type column must be evaluated from data rows,Row-dependent; In-facility/Outreach/Total column must be evaluated from data rows,Civil Hospital / SDH; District Hospital; Medical College,Do not infer from headers alone,Do not combine Total rows with corresponding in-facility/outreach component rows
HMIS-RPTCOL-JH-0128,4.5.7,Number of children till age 18 years managed at DEIC (District Early Intervention Centre),HMIS-DE-0326,Row-dependent; Facility Type column must be evaluated from data rows,Row-dependent; Format Type column must be evaluated from data rows,Row-dependent; In-facility/Outreach/Total column must be evaluated from data rows,District Hospital; Medical College,Do not infer from headers alone,Do not combine Total rows with corresponding in-facility/outreach component rows
HMIS-RPTCOL-JH-0129,5.1.1,"Number of women of reproductive age (WRA) 20-49 years (non-pregnant, non-lactating), provided 4 Red Iron and folic acid (IFA) tablets in a month",HMIS-DE-0528,Row-dependent; Facility Type column must be evaluated from data rows,Row-dependent; Format Type column must be evaluated from data rows,Row-dependent; In-facility/Outreach/Total column must be evaluated from data rows,CHC; Civil Hospital / SDH; District Hospital; HWC-PHC; HWC-SC,Do not infer from headers alone,Do not combine Total rows with corresponding in-facility/outreach component rows
HMIS-RPTCOL-JH-0130,5.1.2,Number of children (6-59 months old) provided 8-10 doses (1ml) of IFA syrup (Bi weekly),HMIS-DE-0311,Row-dependent; Facility Type column must be evaluated from data rows,Row-dependent; Format Type column must be evaluated from data rows,Row-dependent; In-facility/Outreach/Total column must be evaluated from data rows,CHC; Civil Hospital / SDH; District Hospital; HWC-PHC; HWC-SC,Do not infer from headers alone,Do not combine Total rows with corresponding in-facility/outreach component rows
HMIS-RPTCOL-JH-0131,5.1.3.a,Number of out of school children (5 -9 years) given 4-5 IFA Pink tablets at Anganwadi Centres,HMIS-DE-0444,Row-dependent; Facility Type column must be evaluated from data rows,Row-dependent; Format Type column must be evaluated from data rows,Row-dependent; In-facility/Outreach/Total column must be evaluated from data rows,CHC; Civil Hospital / SDH; District Hospital; HWC-PHC; HWC-SC,Do not infer from headers alone,Do not combine Total rows with corresponding in-facility/outreach component rows
HMIS-RPTCOL-JH-0132,5.2.1.c,Number of out of school adolescent girls (10-19 years) having anaemia (Hb 8.1-11.9 g/dl),HMIS-DE-0440,Row-dependent; Facility Type column must be evaluated from data rows,Row-dependent; Format Type column must be evaluated from data rows,Row-dependent; In-facility/Outreach/Total column must be evaluated from data rows,CHC; Civil Hospital / SDH; District Hospital; HWC-PHC; HWC-SC,Do not infer from headers alone,Do not combine Total rows with corresponding in-facility/outreach component rows
HMIS-RPTCOL-JH-0133,5.2.1.e,Number of lactating mothers (of 0-6 months old child) having anaemia (Hb 8.1-11.9 g/dl),HMIS-DE-0395,Row-dependent; Facility Type column must be evaluated from data rows,Row-dependent; Format Type column must be evaluated from data rows,Row-dependent; In-facility/Outreach/Total column must be evaluated from data rows,CHC; Civil Hospital / SDH; District Hospital; HWC-PHC; HWC-SC,Do not infer from headers alone,Do not combine Total rows with corresponding in-facility/outreach component rows
HMIS-RPTCOL-JH-0134,5.2.1.f,"Number of women of reproductive age (non-pregnant, non-lactating) (20-49 years) having anaemia (Hb 8.1-11.9 g/dl)",HMIS-DE-0526,Row-dependent; Facility Type column must be evaluated from data rows,Row-dependent; Format Type column must be evaluated from data rows,Row-dependent; In-facility/Outreach/Total column must be evaluated from data rows,CHC; Civil Hospital / SDH; District Hospital; HWC-PHC; HWC-SC,Do not infer from headers alone,Do not combine Total rows with corresponding in-facility/outreach component rows
HMIS-RPTCOL-JH-0135,5.2.2.c,Number of out of school adolescent girls (10-19 years) having severe anaemia (Hb <8 g/dl),HMIS-DE-0441,Row-dependent; Facility Type column must be evaluated from data rows,Row-dependent; Format Type column must be evaluated from data rows,Row-dependent; In-facility/Outreach/Total column must be evaluated from data rows,CHC; Civil Hospital / SDH; District Hospital; HWC-PHC; HWC-SC,Do not infer from headers alone,Do not combine Total rows with corresponding in-facility/outreach component rows
HMIS-RPTCOL-JH-0136,5.2.2.e,Number of lactating mothers (of 0-6 months old child) having severe anaemia (Hb <8 g/dl),HMIS-DE-0396,Row-dependent; Facility Type column must be evaluated from data rows,Row-dependent; Format Type column must be evaluated from data rows,Row-dependent; In-facility/Outreach/Total column must be evaluated from data rows,CHC; Civil Hospital / SDH; District Hospital; HWC-PHC; HWC-SC,Do not infer from headers alone,Do not combine Total rows with corresponding in-facility/outreach component rows
HMIS-RPTCOL-JH-0137,5.2.2.f,"Number of women of reproductive age (non-pregnant, non-lactating) (20-49 years) having severe anaemia (Hb <8 g/dl)",HMIS-DE-0527,Row-dependent; Facility Type column must be evaluated from data rows,Row-dependent; Format Type column must be evaluated from data rows,Row-dependent; In-facility/Outreach/Total column must be evaluated from data rows,CHC; Civil Hospital / SDH; District Hospital; HWC-PHC; HWC-SC,Do not infer from headers alone,Do not combine Total rows with corresponding in-facility/outreach component rows
HMIS-RPTCOL-JH-0138,5.2.3.a,Number of anaemic in-school Children (5-9 years) put on treatment,HMIS-DE-0284,Row-dependent; Facility Type column must be evaluated from data rows,Row-dependent; Format Type column must be evaluated from data rows,Row-dependent; In-facility/Outreach/Total column must be evaluated from data rows,CHC; Civil Hospital / SDH; District Hospital; HWC-PHC; HWC-SC,Do not infer from headers alone,Do not combine Total rows with corresponding in-facility/outreach component rows
HMIS-RPTCOL-JH-0139,5.2.3.b,Number of anaemic in-school adolescent girls (10-19 years) put on treatment,HMIS-DE-0283,Row-dependent; Facility Type column must be evaluated from data rows,Row-dependent; Format Type column must be evaluated from data rows,Row-dependent; In-facility/Outreach/Total column must be evaluated from data rows,CHC; Civil Hospital / SDH; District Hospital; HWC-PHC; HWC-SC,Do not infer from headers alone,Do not combine Total rows with corresponding in-facility/outreach component rows
HMIS-RPTCOL-JH-0140,5.2.3.c,Number of anaemic out of school adolescent girls (10-19 years) put on treatment,HMIS-DE-0286,Row-dependent; Facility Type column must be evaluated from data rows,Row-dependent; Format Type column must be evaluated from data rows,Row-dependent; In-facility/Outreach/Total column must be evaluated from data rows,CHC; Civil Hospital / SDH; District Hospital; HWC-PHC; HWC-SC,Do not infer from headers alone,Do not combine Total rows with corresponding in-facility/outreach component rows
HMIS-RPTCOL-JH-0141,5.2.3.d,Number of anaemic in-school adolescent boys (10-19 years) put on treatment,HMIS-DE-0282,Row-dependent; Facility Type column must be evaluated from data rows,Row-dependent; Format Type column must be evaluated from data rows,Row-dependent; In-facility/Outreach/Total column must be evaluated from data rows,CHC; Civil Hospital / SDH; District Hospital; HWC-PHC; HWC-SC,Do not infer from headers alone,Do not combine Total rows with corresponding in-facility/outreach component rows
HMIS-RPTCOL-JH-0142,5.2.3.e,Number of anaemic lactating mothers (of 0-6 months old child) put on treatment,HMIS-DE-0285,Row-dependent; Facility Type column must be evaluated from data rows,Row-dependent; Format Type column must be evaluated from data rows,Row-dependent; In-facility/Outreach/Total column must be evaluated from data rows,CHC; Civil Hospital / SDH; District Hospital; HWC-PHC; HWC-SC,Do not infer from headers alone,Do not combine Total rows with corresponding in-facility/outreach component rows
HMIS-RPTCOL-JH-0143,5.2.3.f,"Number of anaemic women of reproductive age (non-pregnant, non-lactating) (20-49 years) put on treatment",HMIS-DE-0288,Row-dependent; Facility Type column must be evaluated from data rows,Row-dependent; Format Type column must be evaluated from data rows,Row-dependent; In-facility/Outreach/Total column must be evaluated from data rows,HWC-SC,Do not infer from headers alone,Do not combine Total rows with corresponding in-facility/outreach component rows
HMIS-RPTCOL-JH-0144,5.2.4.a,Number of lactating mothers (of 0-6 months old child) diagnosed with severe anaemia and put on treatment,HMIS-DE-0394,Row-dependent; Facility Type column must be evaluated from data rows,Row-dependent; Format Type column must be evaluated from data rows,Row-dependent; In-facility/Outreach/Total column must be evaluated from data rows,CHC; Civil Hospital / SDH; District Hospital; Medical College,Do not infer from headers alone,Do not combine Total rows with corresponding in-facility/outreach component rows
HMIS-RPTCOL-JH-0145,6.1,"In case of home delivery, number of women receiving 1st Postpartum checkups within 48 hours",HMIS-DE-0151,Row-dependent; Facility Type column must be evaluated from data rows,Row-dependent; Format Type column must be evaluated from data rows,Row-dependent; In-facility/Outreach/Total column must be evaluated from data rows,CHC; Civil Hospital / SDH; District Hospital; HWC-PHC; HWC-SC; Medical College,Do not infer from headers alone,Do not combine Total rows with corresponding in-facility/outreach component rows
HMIS-RPTCOL-JH-0146,6.2,Number of women receiving Postpartum checkup between 48 hours and 14 days after Institutional delivery,HMIS-DE-0531,Row-dependent; Facility Type column must be evaluated from data rows,Row-dependent; Format Type column must be evaluated from data rows,Row-dependent; In-facility/Outreach/Total column must be evaluated from data rows,CHC; Civil Hospital / SDH; District Hospital; HWC-PHC; HWC-SC; Medical College,Do not infer from headers alone,Do not combine Total rows with corresponding in-facility/outreach component rows
HMIS-RPTCOL-JH-0147,6.3,Number of mothers provided full course of 180 IFA tablets after delivery,HMIS-DE-0421,Row-dependent; Facility Type column must be evaluated from data rows,Row-dependent; Format Type column must be evaluated from data rows,Row-dependent; In-facility/Outreach/Total column must be evaluated from data rows,CHC; Civil Hospital / SDH; District Hospital; HWC-PHC; HWC-SC; Medical College,Do not infer from headers alone,Do not combine Total rows with corresponding in-facility/outreach component rows
HMIS-RPTCOL-JH-0148,6.4,Number of mothers provided full course 360 Calcium tablets after delivery,HMIS-DE-0420,Row-dependent; Facility Type column must be evaluated from data rows,Row-dependent; Format Type column must be evaluated from data rows,Row-dependent; In-facility/Outreach/Total column must be evaluated from data rows,CHC; Civil Hospital / SDH; District Hospital; HWC-PHC; HWC-SC; Medical College,Do not infer from headers alone,Do not combine Total rows with corresponding in-facility/outreach component rows
HMIS-RPTCOL-JH-0149,6.5,Total No of High Risk Mothers identified during Post Natal Period,HMIS-DE-0637,Row-dependent; Facility Type column must be evaluated from data rows,Row-dependent; Format Type column must be evaluated from data rows,Row-dependent; In-facility/Outreach/Total column must be evaluated from data rows,CHC; Civil Hospital / SDH; District Hospital; HWC-PHC; HWC-SC; Medical College,Do not infer from headers alone,Do not combine Total rows with corresponding in-facility/outreach component rows
HMIS-RPTCOL-JH-0150,6.6,Out of above identified number of High Risk Mothers managed (including referred in cases),HMIS-DE-0537,Row-dependent; Facility Type column must be evaluated from data rows,Row-dependent; Format Type column must be evaluated from data rows,Row-dependent; In-facility/Outreach/Total column must be evaluated from data rows,CHC; Civil Hospital / SDH; District Hospital; HWC-PHC; HWC-SC,Do not infer from headers alone,Do not combine Total rows with corresponding in-facility/outreach component rows
HMIS-RPTCOL-JH-0151,7.1.1,Number of males assessed for STI/RTI,HMIS-DE-0402,Row-dependent; Facility Type column must be evaluated from data rows,Row-dependent; Format Type column must be evaluated from data rows,Row-dependent; In-facility/Outreach/Total column must be evaluated from data rows,CHC; Civil Hospital / SDH; District Hospital; HWC-PHC; HWC-SC; Medical College,Do not infer from headers alone,Do not combine Total rows with corresponding in-facility/outreach component rows
HMIS-RPTCOL-JH-0152,7.1.1.a,"Out of the above, number of males diagnosed with STI/RTI",HMIS-DE-0567,Row-dependent; Facility Type column must be evaluated from data rows,Row-dependent; Format Type column must be evaluated from data rows,Row-dependent; In-facility/Outreach/Total column must be evaluated from data rows,CHC; Civil Hospital / SDH; District Hospital; HWC-PHC; HWC-SC; Medical College,Do not infer from headers alone,Do not combine Total rows with corresponding in-facility/outreach component rows
HMIS-RPTCOL-JH-0153,7.1.1.b,"Out of the above, number of males treated for STI/RTI",HMIS-DE-0569,Row-dependent; Facility Type column must be evaluated from data rows,Row-dependent; Format Type column must be evaluated from data rows,Row-dependent; In-facility/Outreach/Total column must be evaluated from data rows,CHC; Civil Hospital / SDH; District Hospital; HWC-PHC; HWC-SC; Medical College,Do not infer from headers alone,Do not combine Total rows with corresponding in-facility/outreach component rows
HMIS-RPTCOL-JH-0154,7.1.2,Number of females (all females) assessed for STI/RTI,HMIS-DE-0355,Row-dependent; Facility Type column must be evaluated from data rows,Row-dependent; Format Type column must be evaluated from data rows,Row-dependent; In-facility/Outreach/Total column must be evaluated from data rows,CHC; Civil Hospital / SDH; District Hospital; HWC-PHC; HWC-SC; Medical College,Do not infer from headers alone,Do not combine Total rows with corresponding in-facility/outreach component rows
HMIS-RPTCOL-JH-0155,7.1.2.a,"Out of the above, number of females (all females) diagnosed with STI/RTI",HMIS-DE-0559,Row-dependent; Facility Type column must be evaluated from data rows,Row-dependent; Format Type column must be evaluated from data rows,Row-dependent; In-facility/Outreach/Total column must be evaluated from data rows,CHC; Civil Hospital / SDH; District Hospital; HWC-PHC; HWC-SC; Medical College,Do not infer from headers alone,Do not combine Total rows with corresponding in-facility/outreach component rows
HMIS-RPTCOL-JH-0156,7.1.2.b,"Out of the above, number of females (all females) treated for STI/RTI",HMIS-DE-0560,Row-dependent; Facility Type column must be evaluated from data rows,Row-dependent; Format Type column must be evaluated from data rows,Row-dependent; In-facility/Outreach/Total column must be evaluated from data rows,CHC; Civil Hospital / SDH; District Hospital; HWC-PHC; HWC-SC; Medical College,Do not infer from headers alone,Do not combine Total rows with corresponding in-facility/outreach component rows
HMIS-RPTCOL-JH-0157,7.1.3,Number of H/TG assessed for STI/RTI,HMIS-DE-0365,Row-dependent; Facility Type column must be evaluated from data rows,Row-dependent; Format Type column must be evaluated from data rows,Row-dependent; In-facility/Outreach/Total column must be evaluated from data rows,CHC; Civil Hospital / SDH; District Hospital; HWC-PHC; HWC-SC; Medical College,Do not infer from headers alone,Do not combine Total rows with corresponding in-facility/outreach component rows
HMIS-RPTCOL-JH-0158,7.1.3.a,"Out of the above, number of H/TG people diagnosed with STI/RTI",HMIS-DE-0563,Row-dependent; Facility Type column must be evaluated from data rows,Row-dependent; Format Type column must be evaluated from data rows,Row-dependent; In-facility/Outreach/Total column must be evaluated from data rows,CHC; Civil Hospital / SDH; District Hospital; HWC-PHC; HWC-SC; Medical College,Do not infer from headers alone,Do not combine Total rows with corresponding in-facility/outreach component rows
HMIS-RPTCOL-JH-0159,7.1.3.b,"Out of the above, number of H/TG people treated for STI/RTI",HMIS-DE-0565,Row-dependent; Facility Type column must be evaluated from data rows,Row-dependent; Format Type column must be evaluated from data rows,Row-dependent; In-facility/Outreach/Total column must be evaluated from data rows,CHC; Civil Hospital / SDH; District Hospital; HWC-PHC; HWC-SC; Medical College,Do not infer from headers alone,Do not combine Total rows with corresponding in-facility/outreach component rows
HMIS-RPTCOL-JH-0160,8.1.1,Number of Non Scalpel Vasectomy (NSV) / Conventional Vasectomy conducted,HMIS-DE-0435,Row-dependent; Facility Type column must be evaluated from data rows,Row-dependent; Format Type column must be evaluated from data rows,Row-dependent; In-facility/Outreach/Total column must be evaluated from data rows,CHC; Civil Hospital / SDH; District Hospital; HWC-PHC; Medical College,Do not infer from headers alone,Do not combine Total rows with corresponding in-facility/outreach component rows
HMIS-RPTCOL-JH-0161,8.2.1,Number of Laparoscopic sterilizations (excluding post-abortion) conducted,HMIS-DE-0397,Row-dependent; Facility Type column must be evaluated from data rows,Row-dependent; Format Type column must be evaluated from data rows,Row-dependent; In-facility/Outreach/Total column must be evaluated from data rows,CHC; Civil Hospital / SDH; District Hospital; HWC-PHC; Medical College,Do not infer from headers alone,Do not combine Total rows with corresponding in-facility/outreach component rows
HMIS-RPTCOL-JH-0162,8.2.2,Number of Interval sterilizations (Mini-lap/Conventional) (other than post-partum and post abortion) conducted,HMIS-DE-0391,Row-dependent; Facility Type column must be evaluated from data rows,Row-dependent; Format Type column must be evaluated from data rows,Row-dependent; In-facility/Outreach/Total column must be evaluated from data rows,CHC; Civil Hospital / SDH; District Hospital; HWC-PHC; Medical College,Do not infer from headers alone,Do not combine Total rows with corresponding in-facility/outreach component rows
HMIS-RPTCOL-JH-0163,8.2.3,Number of Postpartum sterilizations (within 7 days of delivery by minilap or concurrent with caesarean section) conducted,HMIS-DE-0456,Row-dependent; Facility Type column must be evaluated from data rows,Row-dependent; Format Type column must be evaluated from data rows,Row-dependent; In-facility/Outreach/Total column must be evaluated from data rows,CHC; Civil Hospital / SDH; District Hospital; HWC-PHC; Medical College,Do not infer from headers alone,Do not combine Total rows with corresponding in-facility/outreach component rows
HMIS-RPTCOL-JH-0164,8.2.4,Number of Post-abortion sterilizations (within 7 days of spontaneous or surgical abortion) conducted,HMIS-DE-0453,Row-dependent; Facility Type column must be evaluated from data rows,Row-dependent; Format Type column must be evaluated from data rows,Row-dependent; In-facility/Outreach/Total column must be evaluated from data rows,CHC; Civil Hospital / SDH; District Hospital; HWC-PHC; Medical College,Do not infer from headers alone,Do not combine Total rows with corresponding in-facility/outreach component rows
HMIS-RPTCOL-JH-0165,8.3,Number of Interval IUCD Insertions (excluding PPIUCD and PAIUCD),HMIS-DE-0390,Row-dependent; Facility Type column must be evaluated from data rows,Row-dependent; Format Type column must be evaluated from data rows,Row-dependent; In-facility/Outreach/Total column must be evaluated from data rows,CHC; Civil Hospital / SDH; District Hospital; HWC-PHC; HWC-SC; Medical College,Do not infer from headers alone,Do not combine Total rows with corresponding in-facility/outreach component rows
HMIS-RPTCOL-JH-0166,8.4,Number of Postpartum (within 48 hours of delivery) IUCD insertions,HMIS-DE-0455,Row-dependent; Facility Type column must be evaluated from data rows,Row-dependent; Format Type column must be evaluated from data rows,Row-dependent; In-facility/Outreach/Total column must be evaluated from data rows,CHC; Civil Hospital / SDH; District Hospital; HWC-PHC; HWC-SC; Medical College,Do not infer from headers alone,Do not combine Total rows with corresponding in-facility/outreach component rows
HMIS-RPTCOL-JH-0167,8.5,Number of Post-abortion (within 12 days of spontaneous or surgical abortion) IUCD insertions,HMIS-DE-0452,Row-dependent; Facility Type column must be evaluated from data rows,Row-dependent; Format Type column must be evaluated from data rows,Row-dependent; In-facility/Outreach/Total column must be evaluated from data rows,CHC; Civil Hospital / SDH; District Hospital; HWC-PHC; Medical College,Do not infer from headers alone,Do not combine Total rows with corresponding in-facility/outreach component rows
HMIS-RPTCOL-JH-0168,8.6,Number of IUCD Removals,HMIS-DE-0392,Row-dependent; Facility Type column must be evaluated from data rows,Row-dependent; Format Type column must be evaluated from data rows,Row-dependent; In-facility/Outreach/Total column must be evaluated from data rows,CHC; Civil Hospital / SDH; District Hospital; HWC-PHC; HWC-SC; Medical College,Do not infer from headers alone,Do not combine Total rows with corresponding in-facility/outreach component rows
HMIS-RPTCOL-JH-0169,8.7,Number of complications following IUCD Insertion,HMIS-DE-0329,Row-dependent; Facility Type column must be evaluated from data rows,Row-dependent; Format Type column must be evaluated from data rows,Row-dependent; In-facility/Outreach/Total column must be evaluated from data rows,CHC; Civil Hospital / SDH; District Hospital; HWC-PHC; HWC-SC; Medical College,Do not infer from headers alone,Do not combine Total rows with corresponding in-facility/outreach component rows
HMIS-RPTCOL-JH-0170,8.8.1,Injectable Contraceptive MPA (Intra Muscular) - First Dose,HMIS-DE-0161,Row-dependent; Facility Type column must be evaluated from data rows,Row-dependent; Format Type column must be evaluated from data rows,Row-dependent; In-facility/Outreach/Total column must be evaluated from data rows,CHC; Civil Hospital / SDH; District Hospital; HWC-PHC; HWC-SC; Medical College,Do not infer from headers alone,Do not combine Total rows with corresponding in-facility/outreach component rows
HMIS-RPTCOL-JH-0171,8.8.2,Injectable Contraceptive MPA (Sub Cutaneous) - First Dose,HMIS-DE-0165,Row-dependent; Facility Type column must be evaluated from data rows,Row-dependent; Format Type column must be evaluated from data rows,Row-dependent; In-facility/Outreach/Total column must be evaluated from data rows,CHC; Civil Hospital / SDH; District Hospital; HWC-PHC; HWC-SC; Medical College,Do not infer from headers alone,Do not combine Total rows with corresponding in-facility/outreach component rows
HMIS-RPTCOL-JH-0172,8.9.1,Injectable Contraceptive MPA (Intra Muscular) - Second Dose,HMIS-DE-0163,Row-dependent; Facility Type column must be evaluated from data rows,Row-dependent; Format Type column must be evaluated from data rows,Row-dependent; In-facility/Outreach/Total column must be evaluated from data rows,CHC; Civil Hospital / SDH; District Hospital; HWC-PHC; HWC-SC; Medical College,Do not infer from headers alone,Do not combine Total rows with corresponding in-facility/outreach component rows
HMIS-RPTCOL-JH-0173,8.9.2,Injectable Contraceptive MPA (Sub Cutaneous)- Second Dose,HMIS-DE-0167,Row-dependent; Facility Type column must be evaluated from data rows,Row-dependent; Format Type column must be evaluated from data rows,Row-dependent; In-facility/Outreach/Total column must be evaluated from data rows,CHC; Civil Hospital / SDH; District Hospital; HWC-PHC; HWC-SC; Medical College,Do not infer from headers alone,Do not combine Total rows with corresponding in-facility/outreach component rows
HMIS-RPTCOL-JH-0174,8.10.1,Injectable Contraceptive MPA (Intra Muscular) - Third Dose,HMIS-DE-0164,Row-dependent; Facility Type column must be evaluated from data rows,Row-dependent; Format Type column must be evaluated from data rows,Row-dependent; In-facility/Outreach/Total column must be evaluated from data rows,CHC; Civil Hospital / SDH; District Hospital; HWC-PHC; HWC-SC; Medical College,Do not infer from headers alone,Do not combine Total rows with corresponding in-facility/outreach component rows
HMIS-RPTCOL-JH-0175,8.10.2,Injectable Contraceptive MPA (Sub Cutaneous)- Third Dose,HMIS-DE-0168,Row-dependent; Facility Type column must be evaluated from data rows,Row-dependent; Format Type column must be evaluated from data rows,Row-dependent; In-facility/Outreach/Total column must be evaluated from data rows,CHC; Civil Hospital / SDH; District Hospital; HWC-PHC; HWC-SC; Medical College,Do not infer from headers alone,Do not combine Total rows with corresponding in-facility/outreach component rows
HMIS-RPTCOL-JH-0176,8.11.1,Injectable Contraceptive MPA (Intra Muscular) - Fourth and above Dose,HMIS-DE-0162,Row-dependent; Facility Type column must be evaluated from data rows,Row-dependent; Format Type column must be evaluated from data rows,Row-dependent; In-facility/Outreach/Total column must be evaluated from data rows,CHC; Civil Hospital / SDH; District Hospital; HWC-PHC; HWC-SC; Medical College,Do not infer from headers alone,Do not combine Total rows with corresponding in-facility/outreach component rows
HMIS-RPTCOL-JH-0177,8.11.2,Injectable Contraceptive MPA (Sub Cutaneous)- Fourth and above Dose,HMIS-DE-0166,Row-dependent; Facility Type column must be evaluated from data rows,Row-dependent; Format Type column must be evaluated from data rows,Row-dependent; In-facility/Outreach/Total column must be evaluated from data rows,CHC; Civil Hospital / SDH; District Hospital; HWC-PHC; HWC-SC; Medical College,Do not infer from headers alone,Do not combine Total rows with corresponding in-facility/outreach component rows
HMIS-RPTCOL-JH-0178,8.12,Number of Combined Oral Pill cycles distributed to the beneficiary,HMIS-DE-0328,Row-dependent; Facility Type column must be evaluated from data rows,Row-dependent; Format Type column must be evaluated from data rows,Row-dependent; In-facility/Outreach/Total column must be evaluated from data rows,CHC; Civil Hospital / SDH; District Hospital; HWC-PHC; HWC-SC; Medical College,Do not infer from headers alone,Do not combine Total rows with corresponding in-facility/outreach component rows
HMIS-RPTCOL-JH-0179,8.13,Number of Condom pieces distributed to the beneficiary,HMIS-DE-0330,Row-dependent; Facility Type column must be evaluated from data rows,Row-dependent; Format Type column must be evaluated from data rows,Row-dependent; In-facility/Outreach/Total column must be evaluated from data rows,CHC; Civil Hospital / SDH; District Hospital; HWC-PHC; HWC-SC; Medical College,Do not infer from headers alone,Do not combine Total rows with corresponding in-facility/outreach component rows
HMIS-RPTCOL-JH-0180,8.14,Number of Centchroman (weekly) pill strips distributed to the beneficiary,HMIS-DE-0302,Row-dependent; Facility Type column must be evaluated from data rows,Row-dependent; Format Type column must be evaluated from data rows,Row-dependent; In-facility/Outreach/Total column must be evaluated from data rows,CHC; Civil Hospital / SDH; District Hospital; HWC-PHC; HWC-SC; Medical College,Do not infer from headers alone,Do not combine Total rows with corresponding in-facility/outreach component rows
HMIS-RPTCOL-JH-0181,8.15,Number of Emergency Contraceptive Pills (ECP) given to the beneficiary,HMIS-DE-0354,Row-dependent; Facility Type column must be evaluated from data rows,Row-dependent; Format Type column must be evaluated from data rows,Row-dependent; In-facility/Outreach/Total column must be evaluated from data rows,CHC; Civil Hospital / SDH; District Hospital; HWC-PHC; HWC-SC; Medical College,Do not infer from headers alone,Do not combine Total rows with corresponding in-facility/outreach component rows
HMIS-RPTCOL-JH-0182,8.16,Number of Pregnancy Test Kits (PTK) utilized,HMIS-DE-0460,Row-dependent; Facility Type column must be evaluated from data rows,Row-dependent; Format Type column must be evaluated from data rows,Row-dependent; In-facility/Outreach/Total column must be evaluated from data rows,CHC; Civil Hospital / SDH; District Hospital; HWC-PHC; HWC-SC; Medical College,Do not infer from headers alone,Do not combine Total rows with corresponding in-facility/outreach component rows
HMIS-RPTCOL-JH-0183,8.17.1,No. of Subdermal Contraceptive Implant inserted,HMIS-DE-0272,Row-dependent; Facility Type column must be evaluated from data rows,Row-dependent; Format Type column must be evaluated from data rows,Row-dependent; In-facility/Outreach/Total column must be evaluated from data rows,CHC; Civil Hospital / SDH; District Hospital; HWC-PHC; HWC-SC; Medical College,Do not infer from headers alone,Do not combine Total rows with corresponding in-facility/outreach component rows
HMIS-RPTCOL-JH-0184,8.17.2,No. of Subdermal Contraceptive Implant removed,HMIS-DE-0273,Row-dependent; Facility Type column must be evaluated from data rows,Row-dependent; Format Type column must be evaluated from data rows,Row-dependent; In-facility/Outreach/Total column must be evaluated from data rows,CHC; Civil Hospital / SDH; District Hospital; HWC-PHC; HWC-SC; Medical College,Do not infer from headers alone,Do not combine Total rows with corresponding in-facility/outreach component rows
HMIS-RPTCOL-JH-0185,8.18.1,Complications following male sterilization,HMIS-DE-0094,Row-dependent; Facility Type column must be evaluated from data rows,Row-dependent; Format Type column must be evaluated from data rows,Row-dependent; In-facility/Outreach/Total column must be evaluated from data rows,CHC; Civil Hospital / SDH; District Hospital; HWC-PHC; HWC-SC; Medical College,Do not infer from headers alone,Do not combine Total rows with corresponding in-facility/outreach component rows
HMIS-RPTCOL-JH-0186,8.18.2,Complications following female sterilization,HMIS-DE-0093,Row-dependent; Facility Type column must be evaluated from data rows,Row-dependent; Format Type column must be evaluated from data rows,Row-dependent; In-facility/Outreach/Total column must be evaluated from data rows,CHC; Civil Hospital / SDH; District Hospital; HWC-PHC; HWC-SC; Medical College,Do not infer from headers alone,Do not combine Total rows with corresponding in-facility/outreach component rows
HMIS-RPTCOL-JH-0187,8.18.3,Failures following male sterilization,HMIS-DE-0132,Row-dependent; Facility Type column must be evaluated from data rows,Row-dependent; Format Type column must be evaluated from data rows,Row-dependent; In-facility/Outreach/Total column must be evaluated from data rows,CHC; Civil Hospital / SDH; District Hospital; HWC-PHC; Medical College,Do not infer from headers alone,Do not combine Total rows with corresponding in-facility/outreach component rows
HMIS-RPTCOL-JH-0188,8.18.4,Failures following female sterilization,HMIS-DE-0131,Row-dependent; Facility Type column must be evaluated from data rows,Row-dependent; Format Type column must be evaluated from data rows,Row-dependent; In-facility/Outreach/Total column must be evaluated from data rows,CHC; Civil Hospital / SDH; District Hospital; HWC-PHC; Medical College,Do not infer from headers alone,Do not combine Total rows with corresponding in-facility/outreach component rows
HMIS-RPTCOL-JH-0189,8.18.5,Deaths following male sterilization,HMIS-DE-0101,Row-dependent; Facility Type column must be evaluated from data rows,Row-dependent; Format Type column must be evaluated from data rows,Row-dependent; In-facility/Outreach/Total column must be evaluated from data rows,CHC; Civil Hospital / SDH; District Hospital; HWC-PHC; Medical College,Do not infer from headers alone,Do not combine Total rows with corresponding in-facility/outreach component rows
HMIS-RPTCOL-JH-0190,8.18.6,Deaths following female sterilization,HMIS-DE-0100,Row-dependent; Facility Type column must be evaluated from data rows,Row-dependent; Format Type column must be evaluated from data rows,Row-dependent; In-facility/Outreach/Total column must be evaluated from data rows,CHC; Civil Hospital / SDH; District Hospital; HWC-PHC; Medical College,Do not infer from headers alone,Do not combine Total rows with corresponding in-facility/outreach component rows
HMIS-RPTCOL-JH-0191,8.19.1,Number of cases of Female Sterilization followed up (after 1 month or on the resumption of her menstrual cycle whichever is earlier),HMIS-DE-0299,Row-dependent; Facility Type column must be evaluated from data rows,Row-dependent; Format Type column must be evaluated from data rows,Row-dependent; In-facility/Outreach/Total column must be evaluated from data rows,CHC; Civil Hospital / SDH; District Hospital; HWC-PHC; Medical College,Do not infer from headers alone,Do not combine Total rows with corresponding in-facility/outreach component rows
HMIS-RPTCOL-JH-0192,8.19.2,Number of cases of Male Sterilization followed up (after 3 months),HMIS-DE-0300,Row-dependent; Facility Type column must be evaluated from data rows,Row-dependent; Format Type column must be evaluated from data rows,Row-dependent; In-facility/Outreach/Total column must be evaluated from data rows,CHC; Civil Hospital / SDH; District Hospital; HWC-PHC; Medical College,Do not infer from headers alone,Do not combine Total rows with corresponding in-facility/outreach component rows
HMIS-RPTCOL-JH-0193,9.1.1,Child immunisation - Vitamin K (Birth Dose),HMIS-DE-0065,Row-dependent; Facility Type column must be evaluated from data rows,Row-dependent; Format Type column must be evaluated from data rows,Row-dependent; In-facility/Outreach/Total column must be evaluated from data rows,CHC; Civil Hospital / SDH; District Hospital; HWC-PHC; HWC-SC; Medical College,Do not infer from headers alone,Do not combine Total rows with corresponding in-facility/outreach component rows
HMIS-RPTCOL-JH-0194,9.1.2,Child immunisation - BCG,HMIS-DE-0036,Row-dependent; Facility Type column must be evaluated from data rows,Row-dependent; Format Type column must be evaluated from data rows,Row-dependent; In-facility/Outreach/Total column must be evaluated from data rows,CHC; Civil Hospital / SDH; District Hospital; HWC-PHC; HWC-SC; Medical College,Do not infer from headers alone,Do not combine Total rows with corresponding in-facility/outreach component rows
HMIS-RPTCOL-JH-0195,9.1.3,Child immunisation - Pentavalent 1,HMIS-DE-0056,Row-dependent; Facility Type column must be evaluated from data rows,Row-dependent; Format Type column must be evaluated from data rows,Row-dependent; In-facility/Outreach/Total column must be evaluated from data rows,CHC; Civil Hospital / SDH; District Hospital; HWC-PHC; HWC-SC; Medical College,Do not infer from headers alone,Do not combine Total rows with corresponding in-facility/outreach component rows
HMIS-RPTCOL-JH-0196,9.1.4,Child immunisation - Pentavalent 2,HMIS-DE-0057,Row-dependent; Facility Type column must be evaluated from data rows,Row-dependent; Format Type column must be evaluated from data rows,Row-dependent; In-facility/Outreach/Total column must be evaluated from data rows,CHC; Civil Hospital / SDH; District Hospital; HWC-PHC; HWC-SC; Medical College,Do not infer from headers alone,Do not combine Total rows with corresponding in-facility/outreach component rows
HMIS-RPTCOL-JH-0197,9.1.5,Child immunisation - Pentavalent 3,HMIS-DE-0058,Row-dependent; Facility Type column must be evaluated from data rows,Row-dependent; Format Type column must be evaluated from data rows,Row-dependent; In-facility/Outreach/Total column must be evaluated from data rows,CHC; Civil Hospital / SDH; District Hospital; HWC-PHC; HWC-SC; Medical College,Do not infer from headers alone,Do not combine Total rows with corresponding in-facility/outreach component rows
HMIS-RPTCOL-JH-0198,9.1.6,Child immunisation - OPV 0 (Birth Dose),HMIS-DE-0047,Row-dependent; Facility Type column must be evaluated from data rows,Row-dependent; Format Type column must be evaluated from data rows,Row-dependent; In-facility/Outreach/Total column must be evaluated from data rows,CHC; Civil Hospital / SDH; District Hospital; HWC-PHC; HWC-SC; Medical College,Do not infer from headers alone,Do not combine Total rows with corresponding in-facility/outreach component rows
HMIS-RPTCOL-JH-0199,9.1.7,Child immunisation - OPV1,HMIS-DE-0050,Row-dependent; Facility Type column must be evaluated from data rows,Row-dependent; Format Type column must be evaluated from data rows,Row-dependent; In-facility/Outreach/Total column must be evaluated from data rows,CHC; Civil Hospital / SDH; District Hospital; HWC-PHC; HWC-SC; Medical College,Do not infer from headers alone,Do not combine Total rows with corresponding in-facility/outreach component rows
HMIS-RPTCOL-JH-0200,9.1.8,Child immunisation - OPV2,HMIS-DE-0051,Row-dependent; Facility Type column must be evaluated from data rows,Row-dependent; Format Type column must be evaluated from data rows,Row-dependent; In-facility/Outreach/Total column must be evaluated from data rows,CHC; Civil Hospital / SDH; District Hospital; HWC-PHC; HWC-SC; Medical College,Do not infer from headers alone,Do not combine Total rows with corresponding in-facility/outreach component rows
HMIS-RPTCOL-JH-0201,9.1.9,Child immunisation - OPV3,HMIS-DE-0052,Row-dependent; Facility Type column must be evaluated from data rows,Row-dependent; Format Type column must be evaluated from data rows,Row-dependent; In-facility/Outreach/Total column must be evaluated from data rows,CHC; Civil Hospital / SDH; District Hospital; HWC-PHC; HWC-SC; Medical College,Do not infer from headers alone,Do not combine Total rows with corresponding in-facility/outreach component rows
HMIS-RPTCOL-JH-0202,9.1.10,Child immunisation - Hepatitis-B0 (Birth Dose),HMIS-DE-0042,Row-dependent; Facility Type column must be evaluated from data rows,Row-dependent; Format Type column must be evaluated from data rows,Row-dependent; In-facility/Outreach/Total column must be evaluated from data rows,CHC; Civil Hospital / SDH; District Hospital; HWC-PHC; HWC-SC; Medical College,Do not infer from headers alone,Do not combine Total rows with corresponding in-facility/outreach component rows
HMIS-RPTCOL-JH-0203,9.1.11,Child immunisation - Inactivated Injectable Polio Vaccine 1 (IPV 1),HMIS-DE-0043,Row-dependent; Facility Type column must be evaluated from data rows,Row-dependent; Format Type column must be evaluated from data rows,Row-dependent; In-facility/Outreach/Total column must be evaluated from data rows,CHC; Civil Hospital / SDH; District Hospital; HWC-PHC; HWC-SC; Medical College,Do not infer from headers alone,Do not combine Total rows with corresponding in-facility/outreach component rows
HMIS-RPTCOL-JH-0204,9.1.12,Child immunisation - Inactivated Injectable Polio Vaccine 2 (IPV 2),HMIS-DE-0044,Row-dependent; Facility Type column must be evaluated from data rows,Row-dependent; Format Type column must be evaluated from data rows,Row-dependent; In-facility/Outreach/Total column must be evaluated from data rows,CHC; Civil Hospital / SDH; District Hospital; HWC-PHC; HWC-SC; Medical College,Do not infer from headers alone,Do not combine Total rows with corresponding in-facility/outreach component rows
HMIS-RPTCOL-JH-0205,9.1.13,Child immunisation - Rotavirus 1,HMIS-DE-0059,Row-dependent; Facility Type column must be evaluated from data rows,Row-dependent; Format Type column must be evaluated from data rows,Row-dependent; In-facility/Outreach/Total column must be evaluated from data rows,CHC; Civil Hospital / SDH; District Hospital; HWC-PHC; HWC-SC; Medical College,Do not infer from headers alone,Do not combine Total rows with corresponding in-facility/outreach component rows
HMIS-RPTCOL-JH-0206,9.1.14,Child immunisation - Rotavirus 2,HMIS-DE-0060,Row-dependent; Facility Type column must be evaluated from data rows,Row-dependent; Format Type column must be evaluated from data rows,Row-dependent; In-facility/Outreach/Total column must be evaluated from data rows,CHC; Civil Hospital / SDH; District Hospital; HWC-PHC; HWC-SC; Medical College,Do not infer from headers alone,Do not combine Total rows with corresponding in-facility/outreach component rows
HMIS-RPTCOL-JH-0207,9.1.15,Child immunisation - Rotavirus 3,HMIS-DE-0061,Row-dependent; Facility Type column must be evaluated from data rows,Row-dependent; Format Type column must be evaluated from data rows,Row-dependent; In-facility/Outreach/Total column must be evaluated from data rows,CHC; Civil Hospital / SDH; District Hospital; HWC-PHC; HWC-SC; Medical College,Do not infer from headers alone,Do not combine Total rows with corresponding in-facility/outreach component rows
HMIS-RPTCOL-JH-0208,9.1.16,Child immunisation - PCV1,HMIS-DE-0054,Row-dependent; Facility Type column must be evaluated from data rows,Row-dependent; Format Type column must be evaluated from data rows,Row-dependent; In-facility/Outreach/Total column must be evaluated from data rows,CHC; Civil Hospital / SDH; District Hospital; HWC-PHC; HWC-SC; Medical College,Do not infer from headers alone,Do not combine Total rows with corresponding in-facility/outreach component rows
HMIS-RPTCOL-JH-0209,9.1.17,Child immunisation - PCV2,HMIS-DE-0055,Row-dependent; Facility Type column must be evaluated from data rows,Row-dependent; Format Type column must be evaluated from data rows,Row-dependent; In-facility/Outreach/Total column must be evaluated from data rows,CHC; Civil Hospital / SDH; District Hospital; HWC-PHC; HWC-SC; Medical College,Do not infer from headers alone,Do not combine Total rows with corresponding in-facility/outreach component rows
HMIS-RPTCOL-JH-0210,9.2.1,Child immunisation(9 - 11 months) - Inactivated Injectable Polio Vaccine 3 (IPV 3),HMIS-DE-0066,Row-dependent; Facility Type column must be evaluated from data rows,Row-dependent; Format Type column must be evaluated from data rows,Row-dependent; In-facility/Outreach/Total column must be evaluated from data rows,CHC; Civil Hospital / SDH; District Hospital; HWC-PHC; HWC-SC; Medical College,Do not infer from headers alone,Do not combine Total rows with corresponding in-facility/outreach component rows
HMIS-RPTCOL-JH-0211,9.2.2,Child immunisation (9-11months) - Measles & Rubella (MR)/Measles containing vaccine(MCV) - 1st Dose,HMIS-DE-0034,Row-dependent; Facility Type column must be evaluated from data rows,Row-dependent; Format Type column must be evaluated from data rows,Row-dependent; In-facility/Outreach/Total column must be evaluated from data rows,CHC; Civil Hospital / SDH; District Hospital; HWC-PHC; HWC-SC; Medical College,Do not infer from headers alone,Do not combine Total rows with corresponding in-facility/outreach component rows
HMIS-RPTCOL-JH-0212,9.2.3,Child immunisation (9-11months) - JE 1st dose,HMIS-DE-0033,Row-dependent; Facility Type column must be evaluated from data rows,Row-dependent; Format Type column must be evaluated from data rows,Row-dependent; In-facility/Outreach/Total column must be evaluated from data rows,CHC; Civil Hospital / SDH; District Hospital; HWC-PHC; HWC-SC; Medical College,Do not infer from headers alone,Do not combine Total rows with corresponding in-facility/outreach component rows
HMIS-RPTCOL-JH-0213,9.2.4,Child immunisation - PCV Booster,HMIS-DE-0053,Row-dependent; Facility Type column must be evaluated from data rows,Row-dependent; Format Type column must be evaluated from data rows,Row-dependent; In-facility/Outreach/Total column must be evaluated from data rows,CHC; Civil Hospital / SDH; District Hospital; HWC-PHC; HWC-SC; Medical College,Do not infer from headers alone,Do not combine Total rows with corresponding in-facility/outreach component rows
HMIS-RPTCOL-JH-0214,9.2.5.a,FULLY IMMUNIZED children aged between 9 and <12 months- Male,HMIS-DE-0136,Row-dependent; Facility Type column must be evaluated from data rows,Row-dependent; Format Type column must be evaluated from data rows,Row-dependent; In-facility/Outreach/Total column must be evaluated from data rows,CHC; Civil Hospital / SDH; District Hospital; HWC-PHC; HWC-SC; Medical College,Do not infer from headers alone,Do not combine Total rows with corresponding in-facility/outreach component rows
HMIS-RPTCOL-JH-0215,9.2.5.b,FULLY IMMUNIZED children aged between 9 and <12 months- Female,HMIS-DE-0135,Row-dependent; Facility Type column must be evaluated from data rows,Row-dependent; Format Type column must be evaluated from data rows,Row-dependent; In-facility/Outreach/Total column must be evaluated from data rows,CHC; Civil Hospital / SDH; District Hospital; HWC-PHC; HWC-SC; Medical College,Do not infer from headers alone,Do not combine Total rows with corresponding in-facility/outreach component rows
HMIS-RPTCOL-JH-0216,9.3.1,Child immunisation(after 12 months-delayed vaccination) - Measles & Rubella (MR)/Measles containing vaccine(MCV)- 1st Dose,HMIS-DE-0067,Row-dependent; Facility Type column must be evaluated from data rows,Row-dependent; Format Type column must be evaluated from data rows,Row-dependent; In-facility/Outreach/Total column must be evaluated from data rows,CHC; Civil Hospital / SDH; District Hospital; HWC-PHC; HWC-SC; Medical College,Do not infer from headers alone,Do not combine Total rows with corresponding in-facility/outreach component rows
HMIS-RPTCOL-JH-0217,9.3.2,Child immunisation (after 12 months-delayed vaccination) - JE 1st dose,HMIS-DE-0035,Row-dependent; Facility Type column must be evaluated from data rows,Row-dependent; Format Type column must be evaluated from data rows,Row-dependent; In-facility/Outreach/Total column must be evaluated from data rows,CHC; Civil Hospital / SDH; District Hospital; HWC-PHC; HWC-SC; Medical College,Do not infer from headers alone,Do not combine Total rows with corresponding in-facility/outreach component rows
HMIS-RPTCOL-JH-0218,9.3.3,Child immunisation - DPT 1 after 12 months of age (delayed vaccination),HMIS-DE-0037,Row-dependent; Facility Type column must be evaluated from data rows,Row-dependent; Format Type column must be evaluated from data rows,Row-dependent; In-facility/Outreach/Total column must be evaluated from data rows,CHC; Civil Hospital / SDH; District Hospital; HWC-PHC; HWC-SC; Medical College,Do not infer from headers alone,Do not combine Total rows with corresponding in-facility/outreach component rows
HMIS-RPTCOL-JH-0219,9.3.4,Child immunisation - DPT 2 after 12 months of age (delayed vaccination),HMIS-DE-0039,Row-dependent; Facility Type column must be evaluated from data rows,Row-dependent; Format Type column must be evaluated from data rows,Row-dependent; In-facility/Outreach/Total column must be evaluated from data rows,CHC; Civil Hospital / SDH; District Hospital; HWC-PHC; HWC-SC; Medical College,Do not infer from headers alone,Do not combine Total rows with corresponding in-facility/outreach component rows
HMIS-RPTCOL-JH-0220,9.3.5,Child immunisation - DPT 3 after 12 months of age (delayed vaccination),HMIS-DE-0040,Row-dependent; Facility Type column must be evaluated from data rows,Row-dependent; Format Type column must be evaluated from data rows,Row-dependent; In-facility/Outreach/Total column must be evaluated from data rows,CHC; Civil Hospital / SDH; District Hospital; HWC-PHC; HWC-SC; Medical College,Do not infer from headers alone,Do not combine Total rows with corresponding in-facility/outreach component rows
HMIS-RPTCOL-JH-0221,9.3.6,Child immunisation - DPT Booster after 24 months of age (delayed vaccination),HMIS-DE-0041,Row-dependent; Facility Type column must be evaluated from data rows,Row-dependent; Format Type column must be evaluated from data rows,Row-dependent; In-facility/Outreach/Total column must be evaluated from data rows,CHC; Civil Hospital / SDH; District Hospital; HWC-PHC; HWC-SC; Medical College,Do not infer from headers alone,Do not combine Total rows with corresponding in-facility/outreach component rows
HMIS-RPTCOL-JH-0222,9.3.7,Child immunisation - OPV Booster after 24 months of age (delayed vaccination),HMIS-DE-0049,Row-dependent; Facility Type column must be evaluated from data rows,Row-dependent; Format Type column must be evaluated from data rows,Row-dependent; In-facility/Outreach/Total column must be evaluated from data rows,CHC; Civil Hospital / SDH; District Hospital; HWC-PHC; HWC-SC; Medical College,Do not infer from headers alone,Do not combine Total rows with corresponding in-facility/outreach component rows
HMIS-RPTCOL-JH-0223,9.3.8,Child immunisation - JE Booster after 24 months of age (delayed vaccination),HMIS-DE-0045,Row-dependent; Facility Type column must be evaluated from data rows,Row-dependent; Format Type column must be evaluated from data rows,Row-dependent; In-facility/Outreach/Total column must be evaluated from data rows,CHC; Civil Hospital / SDH; District Hospital; HWC-PHC; HWC-SC; Medical College,Do not infer from headers alone,Do not combine Total rows with corresponding in-facility/outreach component rows
HMIS-RPTCOL-JH-0224,9.4.1,Child immunisation - Measles & Rubella (MR)/ Measles containing vaccine(MCV)- 2nd Dose (16-24 months),HMIS-DE-0046,Row-dependent; Facility Type column must be evaluated from data rows,Row-dependent; Format Type column must be evaluated from data rows,Row-dependent; In-facility/Outreach/Total column must be evaluated from data rows,CHC; Civil Hospital / SDH; District Hospital; HWC-PHC; HWC-SC; Medical College,Do not infer from headers alone,Do not combine Total rows with corresponding in-facility/outreach component rows
HMIS-RPTCOL-JH-0225,9.4.2,Child immunisation - DPT 1st Booster,HMIS-DE-0038,Row-dependent; Facility Type column must be evaluated from data rows,Row-dependent; Format Type column must be evaluated from data rows,Row-dependent; In-facility/Outreach/Total column must be evaluated from data rows,CHC; Civil Hospital / SDH; District Hospital; HWC-PHC; HWC-SC; Medical College,Do not infer from headers alone,Do not combine Total rows with corresponding in-facility/outreach component rows
HMIS-RPTCOL-JH-0226,9.4.3,Child immunisation - OPV Booster,HMIS-DE-0048,Row-dependent; Facility Type column must be evaluated from data rows,Row-dependent; Format Type column must be evaluated from data rows,Row-dependent; In-facility/Outreach/Total column must be evaluated from data rows,CHC; Civil Hospital / SDH; District Hospital; HWC-PHC; HWC-SC; Medical College,Do not infer from headers alone,Do not combine Total rows with corresponding in-facility/outreach component rows
HMIS-RPTCOL-JH-0227,9.4.4,Number of children more than 16 months of age who received Japanese Encephalitis (JE) vaccine- 2nd dose (16-24 months),HMIS-DE-0321,Row-dependent; Facility Type column must be evaluated from data rows,Row-dependent; Format Type column must be evaluated from data rows,Row-dependent; In-facility/Outreach/Total column must be evaluated from data rows,CHC; Civil Hospital / SDH; District Hospital; HWC-PHC; HWC-SC; Medical College,Do not infer from headers alone,Do not combine Total rows with corresponding in-facility/outreach component rows
HMIS-RPTCOL-JH-0228,9.5.1,Child Immunization- Typhoid,HMIS-DE-0068,Row-dependent; Facility Type column must be evaluated from data rows,Row-dependent; Format Type column must be evaluated from data rows,Row-dependent; In-facility/Outreach/Total column must be evaluated from data rows,CHC; Civil Hospital / SDH; District Hospital; HWC-PHC; HWC-SC; Medical College,Do not infer from headers alone,Do not combine Total rows with corresponding in-facility/outreach component rows
HMIS-RPTCOL-JH-0229,9.5.2,Children more than 5 years received DPT5 (2nd Booster),HMIS-DE-0091,Row-dependent; Facility Type column must be evaluated from data rows,Row-dependent; Format Type column must be evaluated from data rows,Row-dependent; In-facility/Outreach/Total column must be evaluated from data rows,CHC; Civil Hospital / SDH; District Hospital; HWC-PHC; HWC-SC; Medical College,Do not infer from headers alone,Do not combine Total rows with corresponding in-facility/outreach component rows
HMIS-RPTCOL-JH-0230,9.5.3,Children more than 10 years received Td10 (Tetanus Diptheria10),HMIS-DE-0089,Row-dependent; Facility Type column must be evaluated from data rows,Row-dependent; Format Type column must be evaluated from data rows,Row-dependent; In-facility/Outreach/Total column must be evaluated from data rows,CHC; Civil Hospital / SDH; District Hospital; HWC-PHC; HWC-SC; Medical College,Do not infer from headers alone,Do not combine Total rows with corresponding in-facility/outreach component rows
HMIS-RPTCOL-JH-0231,9.5.4,Children more than 16 years received Td16 (Tetanus Diptheria16),HMIS-DE-0090,Row-dependent; Facility Type column must be evaluated from data rows,Row-dependent; Format Type column must be evaluated from data rows,Row-dependent; In-facility/Outreach/Total column must be evaluated from data rows,CHC; Civil Hospital / SDH; District Hospital; HWC-PHC; HWC-SC; Medical College,Do not infer from headers alone,Do not combine Total rows with corresponding in-facility/outreach component rows
HMIS-RPTCOL-JH-0232,9.6.1,"Number of cases of AEFI -Minor (eg.- fever, rash, pain etc)",HMIS-DE-0298,Row-dependent; Facility Type column must be evaluated from data rows,Row-dependent; Format Type column must be evaluated from data rows,Row-dependent; In-facility/Outreach/Total column must be evaluated from data rows,CHC; Civil Hospital / SDH; District Hospital; HWC-PHC; HWC-SC; Medical College,Do not infer from headers alone,Do not combine Total rows with corresponding in-facility/outreach component rows
HMIS-RPTCOL-JH-0233,9.6.2,"Number of cases of AEFI - Severe (eg.- anaphylaxis, fever>102 degrees, not requiring hospitalization etc.)",HMIS-DE-0297,Row-dependent; Facility Type column must be evaluated from data rows,Row-dependent; Format Type column must be evaluated from data rows,Row-dependent; In-facility/Outreach/Total column must be evaluated from data rows,CHC; Civil Hospital / SDH; District Hospital; HWC-PHC; HWC-SC; Medical College,Do not infer from headers alone,Do not combine Total rows with corresponding in-facility/outreach component rows
HMIS-RPTCOL-JH-0234,9.6.3,"Number of cases of AEFI - Serious (eg.- hospitalization, death, disability , cluster etc.)",HMIS-DE-0296,Row-dependent; Facility Type column must be evaluated from data rows,Row-dependent; Format Type column must be evaluated from data rows,Row-dependent; In-facility/Outreach/Total column must be evaluated from data rows,CHC; Civil Hospital / SDH; District Hospital; HWC-PHC; HWC-SC; Medical College,Do not infer from headers alone,Do not combine Total rows with corresponding in-facility/outreach component rows
HMIS-RPTCOL-JH-0235,9.6.3.a,"Out of Number of cases of AEFI - Serious , total number of AEFI deaths",HMIS-DE-0546,Row-dependent; Facility Type column must be evaluated from data rows,Row-dependent; Format Type column must be evaluated from data rows,Row-dependent; In-facility/Outreach/Total column must be evaluated from data rows,CHC; Civil Hospital / SDH; District Hospital; HWC-PHC; HWC-SC; Medical College,Do not infer from headers alone,Do not combine Total rows with corresponding in-facility/outreach component rows
HMIS-RPTCOL-JH-0236,9.7.1,Immunisation sessions planned,HMIS-DE-0150,Row-dependent; Facility Type column must be evaluated from data rows,Row-dependent; Format Type column must be evaluated from data rows,Row-dependent; In-facility/Outreach/Total column must be evaluated from data rows,CHC; Civil Hospital / SDH; District Hospital; HWC-PHC; HWC-SC; Medical College,Do not infer from headers alone,Do not combine Total rows with corresponding in-facility/outreach component rows
HMIS-RPTCOL-JH-0237,9.7.2,Immunisation sessions held,HMIS-DE-0149,Row-dependent; Facility Type column must be evaluated from data rows,Row-dependent; Format Type column must be evaluated from data rows,Row-dependent; In-facility/Outreach/Total column must be evaluated from data rows,CHC; Civil Hospital / SDH; District Hospital; HWC-PHC; HWC-SC; Medical College,Do not infer from headers alone,Do not combine Total rows with corresponding in-facility/outreach component rows
HMIS-RPTCOL-JH-0238,9.8.1,Child immunisation - Vitamin A Dose - 1,HMIS-DE-0062,Row-dependent; Facility Type column must be evaluated from data rows,Row-dependent; Format Type column must be evaluated from data rows,Row-dependent; In-facility/Outreach/Total column must be evaluated from data rows,CHC; Civil Hospital / SDH; District Hospital; HWC-PHC; HWC-SC,Do not infer from headers alone,Do not combine Total rows with corresponding in-facility/outreach component rows
HMIS-RPTCOL-JH-0239,9.8.2,Child immunisation - Vitamin A Dose - 5,HMIS-DE-0063,Row-dependent; Facility Type column must be evaluated from data rows,Row-dependent; Format Type column must be evaluated from data rows,Row-dependent; In-facility/Outreach/Total column must be evaluated from data rows,CHC; Civil Hospital / SDH; District Hospital; HWC-PHC; HWC-SC,Do not infer from headers alone,Do not combine Total rows with corresponding in-facility/outreach component rows
HMIS-RPTCOL-JH-0240,9.8.3,Child immunisation - Vitamin A Dose - 9,HMIS-DE-0064,Row-dependent; Facility Type column must be evaluated from data rows,Row-dependent; Format Type column must be evaluated from data rows,Row-dependent; In-facility/Outreach/Total column must be evaluated from data rows,CHC; Civil Hospital / SDH; District Hospital; HWC-PHC; HWC-SC; Medical College,Do not infer from headers alone,Do not combine Total rows with corresponding in-facility/outreach component rows
HMIS-RPTCOL-JH-0241,10.1.1,Childhood Diseases - Pneumonia,HMIS-DE-0078,Row-dependent; Facility Type column must be evaluated from data rows,Row-dependent; Format Type column must be evaluated from data rows,Row-dependent; In-facility/Outreach/Total column must be evaluated from data rows,CHC; Civil Hospital / SDH; District Hospital; HWC-PHC; Medical College,Do not infer from headers alone,Do not combine Total rows with corresponding in-facility/outreach component rows
HMIS-RPTCOL-JH-0242,10.1.2,Childhood Diseases - Asthma,HMIS-DE-0070,Row-dependent; Facility Type column must be evaluated from data rows,Row-dependent; Format Type column must be evaluated from data rows,Row-dependent; In-facility/Outreach/Total column must be evaluated from data rows,CHC; Civil Hospital / SDH; District Hospital; HWC-PHC; Medical College,Do not infer from headers alone,Do not combine Total rows with corresponding in-facility/outreach component rows
HMIS-RPTCOL-JH-0243,10.1.3,Childhood Diseases - Sepsis,HMIS-DE-0079,Row-dependent; Facility Type column must be evaluated from data rows,Row-dependent; Format Type column must be evaluated from data rows,Row-dependent; In-facility/Outreach/Total column must be evaluated from data rows,CHC; Civil Hospital / SDH; District Hospital; HWC-PHC; Medical College,Do not infer from headers alone,Do not combine Total rows with corresponding in-facility/outreach component rows
HMIS-RPTCOL-JH-0244,10.1.4,Childhood Diseases - Diphtheria,HMIS-DE-0074,Row-dependent; Facility Type column must be evaluated from data rows,Row-dependent; Format Type column must be evaluated from data rows,Row-dependent; In-facility/Outreach/Total column must be evaluated from data rows,CHC; Civil Hospital / SDH; District Hospital; HWC-PHC; Medical College,Do not infer from headers alone,Do not combine Total rows with corresponding in-facility/outreach component rows
HMIS-RPTCOL-JH-0245,10.1.5,Childhood Diseases - Pertussis,HMIS-DE-0077,Row-dependent; Facility Type column must be evaluated from data rows,Row-dependent; Format Type column must be evaluated from data rows,Row-dependent; In-facility/Outreach/Total column must be evaluated from data rows,CHC; Civil Hospital / SDH; District Hospital; HWC-PHC; Medical College,Do not infer from headers alone,Do not combine Total rows with corresponding in-facility/outreach component rows
HMIS-RPTCOL-JH-0246,10.1.6,Childhood Diseases - Tetanus Neonatorum,HMIS-DE-0080,Row-dependent; Facility Type column must be evaluated from data rows,Row-dependent; Format Type column must be evaluated from data rows,Row-dependent; In-facility/Outreach/Total column must be evaluated from data rows,CHC; Civil Hospital / SDH; District Hospital; HWC-PHC; Medical College,Do not infer from headers alone,Do not combine Total rows with corresponding in-facility/outreach component rows
HMIS-RPTCOL-JH-0247,10.1.7,Childhood Diseases - Tuberculosis (TB),HMIS-DE-0081,Row-dependent; Facility Type column must be evaluated from data rows,Row-dependent; Format Type column must be evaluated from data rows,Row-dependent; In-facility/Outreach/Total column must be evaluated from data rows,CHC; Civil Hospital / SDH; District Hospital; HWC-PHC; Medical College,Do not infer from headers alone,Do not combine Total rows with corresponding in-facility/outreach component rows
HMIS-RPTCOL-JH-0248,10.1.8,Childhood Diseases - Acute Flaccid Paralysis(AFP),HMIS-DE-0069,Row-dependent; Facility Type column must be evaluated from data rows,Row-dependent; Format Type column must be evaluated from data rows,Row-dependent; In-facility/Outreach/Total column must be evaluated from data rows,CHC; Civil Hospital / SDH; District Hospital; HWC-PHC; Medical College,Do not infer from headers alone,Do not combine Total rows with corresponding in-facility/outreach component rows
HMIS-RPTCOL-JH-0249,10.1.9,Childhood Diseases - Measles,HMIS-DE-0076,Row-dependent; Facility Type column must be evaluated from data rows,Row-dependent; Format Type column must be evaluated from data rows,Row-dependent; In-facility/Outreach/Total column must be evaluated from data rows,CHC; Civil Hospital / SDH; District Hospital; HWC-PHC; Medical College,Do not infer from headers alone,Do not combine Total rows with corresponding in-facility/outreach component rows
HMIS-RPTCOL-JH-0250,10.1.10,Childhood Diseases - Malaria,HMIS-DE-0075,Row-dependent; Facility Type column must be evaluated from data rows,Row-dependent; Format Type column must be evaluated from data rows,Row-dependent; In-facility/Outreach/Total column must be evaluated from data rows,CHC; Civil Hospital / SDH; District Hospital; HWC-PHC; HWC-SC; Medical College,Do not infer from headers alone,Do not combine Total rows with corresponding in-facility/outreach component rows
HMIS-RPTCOL-JH-0251,10.1.11,Childhood Diseases - Diarrhoea,HMIS-DE-0071,Row-dependent; Facility Type column must be evaluated from data rows,Row-dependent; Format Type column must be evaluated from data rows,Row-dependent; In-facility/Outreach/Total column must be evaluated from data rows,CHC; Civil Hospital / SDH; District Hospital; HWC-PHC; HWC-SC; Medical College,Do not infer from headers alone,Do not combine Total rows with corresponding in-facility/outreach component rows
HMIS-RPTCOL-JH-0252,10.1.12,Childhood Diseases - Diarrhoea treated with ORS,HMIS-DE-0072,Row-dependent; Facility Type column must be evaluated from data rows,Row-dependent; Format Type column must be evaluated from data rows,Row-dependent; In-facility/Outreach/Total column must be evaluated from data rows,CHC; Civil Hospital / SDH; District Hospital; HWC-PHC; HWC-SC; Medical College,Do not infer from headers alone,Do not combine Total rows with corresponding in-facility/outreach component rows
HMIS-RPTCOL-JH-0253,10.1.13,Childhood Diseases - Diarrhoea treated with Zinc for 14 days,HMIS-DE-0073,Row-dependent; Facility Type column must be evaluated from data rows,Row-dependent; Format Type column must be evaluated from data rows,Row-dependent; In-facility/Outreach/Total column must be evaluated from data rows,CHC; Civil Hospital / SDH; District Hospital; HWC-PHC; HWC-SC; Medical College,Do not infer from headers alone,Do not combine Total rows with corresponding in-facility/outreach component rows
HMIS-RPTCOL-JH-0254,10.1.14,Childhood Diseases -Leprosy Cases,HMIS-DE-0082,Row-dependent; Facility Type column must be evaluated from data rows,Row-dependent; Format Type column must be evaluated from data rows,Row-dependent; In-facility/Outreach/Total column must be evaluated from data rows,CHC; Civil Hospital / SDH; District Hospital; HWC-PHC; Medical College,Do not infer from headers alone,Do not combine Total rows with corresponding in-facility/outreach component rows
HMIS-RPTCOL-JH-0255,10.1.15,Childhood Diseases- Leprosy with Grade II disability,HMIS-DE-0083,Row-dependent; Facility Type column must be evaluated from data rows,Row-dependent; Format Type column must be evaluated from data rows,Row-dependent; In-facility/Outreach/Total column must be evaluated from data rows,CHC; Civil Hospital / SDH; District Hospital; HWC-PHC; Medical College,Do not infer from headers alone,Do not combine Total rows with corresponding in-facility/outreach component rows
HMIS-RPTCOL-JH-0256,10.2.1,Children admitted with Respiratory Infections,HMIS-DE-0087,Row-dependent; Facility Type column must be evaluated from data rows,Row-dependent; Format Type column must be evaluated from data rows,Row-dependent; In-facility/Outreach/Total column must be evaluated from data rows,CHC; Civil Hospital / SDH; District Hospital; HWC-PHC; Medical College,Do not infer from headers alone,Do not combine Total rows with corresponding in-facility/outreach component rows
HMIS-RPTCOL-JH-0257,10.2.2,Children admitted with Pneumonia,HMIS-DE-0086,Row-dependent; Facility Type column must be evaluated from data rows,Row-dependent; Format Type column must be evaluated from data rows,Row-dependent; In-facility/Outreach/Total column must be evaluated from data rows,CHC; Civil Hospital / SDH; District Hospital; HWC-PHC; Medical College,Do not infer from headers alone,Do not combine Total rows with corresponding in-facility/outreach component rows
HMIS-RPTCOL-JH-0258,10.2.3,Children admitted with Diarrhoea,HMIS-DE-0085,Row-dependent; Facility Type column must be evaluated from data rows,Row-dependent; Format Type column must be evaluated from data rows,Row-dependent; In-facility/Outreach/Total column must be evaluated from data rows,CHC; Civil Hospital / SDH; District Hospital; HWC-PHC; Medical College,Do not infer from headers alone,Do not combine Total rows with corresponding in-facility/outreach component rows
HMIS-RPTCOL-JH-0259,11.1.1.a,Total Blood Smears Examined for Malaria,HMIS-DE-0625,Row-dependent; Facility Type column must be evaluated from data rows,Row-dependent; Format Type column must be evaluated from data rows,Row-dependent; In-facility/Outreach/Total column must be evaluated from data rows,CHC; Civil Hospital / SDH; District Hospital; HWC-PHC; Medical College,Do not infer from headers alone,Do not combine Total rows with corresponding in-facility/outreach component rows
HMIS-RPTCOL-JH-0260,11.1.1.b,Malaria (Microscopy Tests ) - Plasmodium Vivax test positive,HMIS-DE-0224,Row-dependent; Facility Type column must be evaluated from data rows,Row-dependent; Format Type column must be evaluated from data rows,Row-dependent; In-facility/Outreach/Total column must be evaluated from data rows,CHC; Civil Hospital / SDH; District Hospital; HWC-PHC; Medical College,Do not infer from headers alone,Do not combine Total rows with corresponding in-facility/outreach component rows
HMIS-RPTCOL-JH-0261,11.1.1.c,Malaria (Microscopy Tests ) - Plasmodium Falciparum test positive,HMIS-DE-0223,Row-dependent; Facility Type column must be evaluated from data rows,Row-dependent; Format Type column must be evaluated from data rows,Row-dependent; In-facility/Outreach/Total column must be evaluated from data rows,CHC; Civil Hospital / SDH; District Hospital; HWC-PHC; Medical College,Do not infer from headers alone,Do not combine Total rows with corresponding in-facility/outreach component rows
HMIS-RPTCOL-JH-0262,11.1.1.d,Malaria (Microscopy Tests ) - Mixed test positive,HMIS-DE-0222,Row-dependent; Facility Type column must be evaluated from data rows,Row-dependent; Format Type column must be evaluated from data rows,Row-dependent; In-facility/Outreach/Total column must be evaluated from data rows,CHC; Civil Hospital / SDH; District Hospital; HWC-PHC; Medical College,Do not infer from headers alone,Do not combine Total rows with corresponding in-facility/outreach component rows
HMIS-RPTCOL-JH-0263,11.1.2.a,RDT conducted for Malaria,HMIS-DE-0612,Row-dependent; Facility Type column must be evaluated from data rows,Row-dependent; Format Type column must be evaluated from data rows,Row-dependent; In-facility/Outreach/Total column must be evaluated from data rows,CHC; Civil Hospital / SDH; District Hospital; HWC-PHC; HWC-SC; Medical College,Do not infer from headers alone,Do not combine Total rows with corresponding in-facility/outreach component rows
HMIS-RPTCOL-JH-0264,11.1.2.b,Malaria (RDT) - Plasmodium Vivax test positive,HMIS-DE-0227,Row-dependent; Facility Type column must be evaluated from data rows,Row-dependent; Format Type column must be evaluated from data rows,Row-dependent; In-facility/Outreach/Total column must be evaluated from data rows,CHC; Civil Hospital / SDH; District Hospital; HWC-PHC; HWC-SC; Medical College,Do not infer from headers alone,Do not combine Total rows with corresponding in-facility/outreach component rows
HMIS-RPTCOL-JH-0265,11.1.2.c,Malaria (RDT) - Plasmodium Falciparum test positive,HMIS-DE-0226,Row-dependent; Facility Type column must be evaluated from data rows,Row-dependent; Format Type column must be evaluated from data rows,Row-dependent; In-facility/Outreach/Total column must be evaluated from data rows,CHC; Civil Hospital / SDH; District Hospital; HWC-PHC; HWC-SC; Medical College,Do not infer from headers alone,Do not combine Total rows with corresponding in-facility/outreach component rows
HMIS-RPTCOL-JH-0266,11.1.2.d,Malaria (RDT) - Mixed test positive,HMIS-DE-0225,Row-dependent; Facility Type column must be evaluated from data rows,Row-dependent; Format Type column must be evaluated from data rows,Row-dependent; In-facility/Outreach/Total column must be evaluated from data rows,CHC; Civil Hospital / SDH; District Hospital; HWC-PHC; HWC-SC; Medical College,Do not infer from headers alone,Do not combine Total rows with corresponding in-facility/outreach component rows
HMIS-RPTCOL-JH-0267,11.2.1,Kala Azar (RDT) - Tests Conducted,HMIS-DE-0212,Row-dependent; Facility Type column must be evaluated from data rows,Row-dependent; Format Type column must be evaluated from data rows,Row-dependent; In-facility/Outreach/Total column must be evaluated from data rows,CHC; Civil Hospital / SDH; District Hospital; HWC-PHC; Medical College,Do not infer from headers alone,Do not combine Total rows with corresponding in-facility/outreach component rows
HMIS-RPTCOL-JH-0268,11.2.2,Kala Azar Positive Cases,HMIS-DE-0213,Row-dependent; Facility Type column must be evaluated from data rows,Row-dependent; Format Type column must be evaluated from data rows,Row-dependent; In-facility/Outreach/Total column must be evaluated from data rows,CHC; Civil Hospital / SDH; District Hospital; HWC-PHC; Medical College,Do not infer from headers alone,Do not combine Total rows with corresponding in-facility/outreach component rows
HMIS-RPTCOL-JH-0269,11.3.1,Dengue - Enzyme- Linked Immuno Sorbent Assay (ELISA) test conducted,HMIS-DE-0106,Row-dependent; Facility Type column must be evaluated from data rows,Row-dependent; Format Type column must be evaluated from data rows,Row-dependent; In-facility/Outreach/Total column must be evaluated from data rows,CHC; Civil Hospital / SDH; District Hospital; HWC-PHC; Medical College,Do not infer from headers alone,Do not combine Total rows with corresponding in-facility/outreach component rows
HMIS-RPTCOL-JH-0270,11.3.2,Dengue - Enzyme- Linked Immuno Sorbent Assay (ELISA) test found positive,HMIS-DE-0107,Row-dependent; Facility Type column must be evaluated from data rows,Row-dependent; Format Type column must be evaluated from data rows,Row-dependent; In-facility/Outreach/Total column must be evaluated from data rows,CHC; Civil Hospital / SDH; District Hospital; HWC-PHC; Medical College,Do not infer from headers alone,Do not combine Total rows with corresponding in-facility/outreach component rows
HMIS-RPTCOL-JH-0271,11.3.3,Chikungunya Enzyme- Linked Immuno Sorbent Assay (ELISA) test conducted,HMIS-DE-0030,Row-dependent; Facility Type column must be evaluated from data rows,Row-dependent; Format Type column must be evaluated from data rows,Row-dependent; In-facility/Outreach/Total column must be evaluated from data rows,CHC; Civil Hospital / SDH; District Hospital; Medical College,Do not infer from headers alone,Do not combine Total rows with corresponding in-facility/outreach component rows
HMIS-RPTCOL-JH-0272,11.3.4,Chikungunya Enzyme- Linked Immuno Sorbent Assay (ELISA) test found positive,HMIS-DE-0031,Row-dependent; Facility Type column must be evaluated from data rows,Row-dependent; Format Type column must be evaluated from data rows,Row-dependent; In-facility/Outreach/Total column must be evaluated from data rows,Civil Hospital / SDH; District Hospital; Medical College,Do not infer from headers alone,Do not combine Total rows with corresponding in-facility/outreach component rows
HMIS-RPTCOL-JH-0273,11.4.1,No. of AES cases tested for JE(IgM ELISA),HMIS-DE-0252,Row-dependent; Facility Type column must be evaluated from data rows,Row-dependent; Format Type column must be evaluated from data rows,Row-dependent; In-facility/Outreach/Total column must be evaluated from data rows,Civil Hospital / SDH; District Hospital; Medical College,Do not infer from headers alone,Do not combine Total rows with corresponding in-facility/outreach component rows
HMIS-RPTCOL-JH-0274,11.4.2,No. of JE positive cases,HMIS-DE-0260,Row-dependent; Facility Type column must be evaluated from data rows,Row-dependent; Format Type column must be evaluated from data rows,Row-dependent; In-facility/Outreach/Total column must be evaluated from data rows,Civil Hospital / SDH; District Hospital; Medical College,Do not infer from headers alone,Do not combine Total rows with corresponding in-facility/outreach component rows
HMIS-RPTCOL-JH-0275,11.5.1,Number of persons that consumed MDA(Mass Drug Administration) drugs during the MDA round,HMIS-DE-0449,Row-dependent; Facility Type column must be evaluated from data rows,Row-dependent; Format Type column must be evaluated from data rows,Row-dependent; In-facility/Outreach/Total column must be evaluated from data rows,Civil Hospital / SDH; District Hospital; Medical College,Do not infer from headers alone,Do not combine Total rows with corresponding in-facility/outreach component rows
HMIS-RPTCOL-JH-0276,11.5.2,Number of Lymphatic Filarisis lymphoedema patients received MMDP (Morbidity Management And Disability Prevention) kits,HMIS-DE-0400,Row-dependent; Facility Type column must be evaluated from data rows,Row-dependent; Format Type column must be evaluated from data rows,Row-dependent; In-facility/Outreach/Total column must be evaluated from data rows,Civil Hospital / SDH; District Hospital; Medical College,Do not infer from headers alone,Do not combine Total rows with corresponding in-facility/outreach component rows
HMIS-RPTCOL-JH-0277,11.5.3,Number of Hydrocele surgeries conducted in Lymphatic Filariasis (MMDP),HMIS-DE-0372,Row-dependent; Facility Type column must be evaluated from data rows,Row-dependent; Format Type column must be evaluated from data rows,Row-dependent; In-facility/Outreach/Total column must be evaluated from data rows,Civil Hospital / SDH; District Hospital; Medical College,Do not infer from headers alone,Do not combine Total rows with corresponding in-facility/outreach component rows
HMIS-RPTCOL-JH-0278,12.1.1.a,Girls registered in AFHC,HMIS-DE-0139,Row-dependent; Facility Type column must be evaluated from data rows,Row-dependent; Format Type column must be evaluated from data rows,Row-dependent; In-facility/Outreach/Total column must be evaluated from data rows,CHC; Civil Hospital / SDH; District Hospital; HWC-PHC; Medical College,Do not infer from headers alone,Do not combine Total rows with corresponding in-facility/outreach component rows
HMIS-RPTCOL-JH-0279,12.1.1.b,Boys registered in AFHC,HMIS-DE-0028,Row-dependent; Facility Type column must be evaluated from data rows,Row-dependent; Format Type column must be evaluated from data rows,Row-dependent; In-facility/Outreach/Total column must be evaluated from data rows,CHC; Civil Hospital / SDH; District Hospital; HWC-PHC; Medical College,Do not infer from headers alone,Do not combine Total rows with corresponding in-facility/outreach component rows
HMIS-RPTCOL-JH-0280,12.1.2.a,"Out of Girls registered, Girls received clinical services",HMIS-DE-0543,Row-dependent; Facility Type column must be evaluated from data rows,Row-dependent; Format Type column must be evaluated from data rows,Row-dependent; In-facility/Outreach/Total column must be evaluated from data rows,CHC; Civil Hospital / SDH; District Hospital; HWC-PHC; Medical College,Do not infer from headers alone,Do not combine Total rows with corresponding in-facility/outreach component rows
HMIS-RPTCOL-JH-0281,12.1.2.b,"Out of Boys registered, Boys received clinical services",HMIS-DE-0541,Row-dependent; Facility Type column must be evaluated from data rows,Row-dependent; Format Type column must be evaluated from data rows,Row-dependent; In-facility/Outreach/Total column must be evaluated from data rows,CHC; Civil Hospital / SDH; District Hospital; HWC-PHC; Medical College,Do not infer from headers alone,Do not combine Total rows with corresponding in-facility/outreach component rows
HMIS-RPTCOL-JH-0282,12.1.3.a,"Out of Girls registered, Girls received counselling",HMIS-DE-0544,Row-dependent; Facility Type column must be evaluated from data rows,Row-dependent; Format Type column must be evaluated from data rows,Row-dependent; In-facility/Outreach/Total column must be evaluated from data rows,CHC; Civil Hospital / SDH; District Hospital; HWC-PHC; Medical College,Do not infer from headers alone,Do not combine Total rows with corresponding in-facility/outreach component rows
HMIS-RPTCOL-JH-0283,12.1.3.b,"Out of Boys registered, Boys received counselling",HMIS-DE-0542,Row-dependent; Facility Type column must be evaluated from data rows,Row-dependent; Format Type column must be evaluated from data rows,Row-dependent; In-facility/Outreach/Total column must be evaluated from data rows,CHC; Civil Hospital / SDH; District Hospital; HWC-PHC; Medical College,Do not infer from headers alone,Do not combine Total rows with corresponding in-facility/outreach component rows
HMIS-RPTCOL-JH-0284,12.3.1,Number of adolescent girls provided sanitary napkin packs by ASHA,HMIS-DE-0278,Row-dependent; Facility Type column must be evaluated from data rows,Row-dependent; Format Type column must be evaluated from data rows,Row-dependent; In-facility/Outreach/Total column must be evaluated from data rows,CHC; Civil Hospital / SDH; District Hospital; HWC-PHC; HWC-SC,Do not infer from headers alone,Do not combine Total rows with corresponding in-facility/outreach component rows
HMIS-RPTCOL-JH-0285,12.3.2,Number of sanitary napkin packs distributed free to ASHA (for her personal use),HMIS-DE-0508,Row-dependent; Facility Type column must be evaluated from data rows,Row-dependent; Format Type column must be evaluated from data rows,Row-dependent; In-facility/Outreach/Total column must be evaluated from data rows,CHC; Civil Hospital / SDH; District Hospital; HWC-PHC; HWC-SC,Do not infer from headers alone,Do not combine Total rows with corresponding in-facility/outreach component rows
HMIS-RPTCOL-JH-0286,12.3.3,Number of adolescent girls attended monthly meeting,HMIS-DE-0277,Row-dependent; Facility Type column must be evaluated from data rows,Row-dependent; Format Type column must be evaluated from data rows,Row-dependent; In-facility/Outreach/Total column must be evaluated from data rows,CHC; Civil Hospital / SDH; District Hospital; HWC-PHC; HWC-SC,Do not infer from headers alone,Do not combine Total rows with corresponding in-facility/outreach component rows
HMIS-RPTCOL-JH-0287,12.3.4,Number of adolescent girls provided sanitary napkin packs by State/UT supported Menstrual Hygiene Scheme (MHS),HMIS-DE-0279,Row-dependent; Facility Type column must be evaluated from data rows,Row-dependent; Format Type column must be evaluated from data rows,Row-dependent; In-facility/Outreach/Total column must be evaluated from data rows,CHC; Civil Hospital / SDH; District Hospital; HWC-PHC; HWC-SC,Do not infer from headers alone,Do not combine Total rows with corresponding in-facility/outreach component rows
HMIS-RPTCOL-JH-0288,12.4.1,Number of Peer Educators selected,HMIS-DE-0447,Row-dependent; Facility Type column must be evaluated from data rows,Row-dependent; Format Type column must be evaluated from data rows,Row-dependent; In-facility/Outreach/Total column must be evaluated from data rows,HWC-SC,Do not infer from headers alone,Do not combine Total rows with corresponding in-facility/outreach component rows
HMIS-RPTCOL-JH-0289,12.4.2,"Out of the selected Peer Educators, numbers trained",HMIS-DE-0572,Row-dependent; Facility Type column must be evaluated from data rows,Row-dependent; Format Type column must be evaluated from data rows,Row-dependent; In-facility/Outreach/Total column must be evaluated from data rows,HWC-PHC; HWC-SC,Do not infer from headers alone,Do not combine Total rows with corresponding in-facility/outreach component rows
HMIS-RPTCOL-JH-0290,12.4.3,Number of Adolescent Health & Wellness Days organized,HMIS-DE-0280,Row-dependent; Facility Type column must be evaluated from data rows,Row-dependent; Format Type column must be evaluated from data rows,Row-dependent; In-facility/Outreach/Total column must be evaluated from data rows,CHC; Civil Hospital / SDH; District Hospital; HWC-PHC; HWC-SC,Do not infer from headers alone,Do not combine Total rows with corresponding in-facility/outreach component rows
HMIS-RPTCOL-JH-0291,12.4.4,Number of Adolescent Friendly Club Meetings organized,HMIS-DE-0276,Row-dependent; Facility Type column must be evaluated from data rows,Row-dependent; Format Type column must be evaluated from data rows,Row-dependent; In-facility/Outreach/Total column must be evaluated from data rows,HWC-PHC; HWC-SC,Do not infer from headers alone,Do not combine Total rows with corresponding in-facility/outreach component rows
HMIS-RPTCOL-JH-0292,13.1,Number of beneficiaries who are registered at the ICTC centre.,HMIS-DE-0291,Row-dependent; Facility Type column must be evaluated from data rows,Row-dependent; Format Type column must be evaluated from data rows,Row-dependent; In-facility/Outreach/Total column must be evaluated from data rows,CHC; Civil Hospital / SDH; District Hospital; Medical College,Do not infer from headers alone,Do not combine Total rows with corresponding in-facility/outreach component rows
HMIS-RPTCOL-JH-0293,13.2,"Of the number registered at ICTC centre, the number of presumptive TB cases identified and referred for TB testing and diagnosis",HMIS-DE-0533,Row-dependent; Facility Type column must be evaluated from data rows,Row-dependent; Format Type column must be evaluated from data rows,Row-dependent; In-facility/Outreach/Total column must be evaluated from data rows,CHC; Civil Hospital / SDH; District Hospital; Medical College,Do not infer from headers alone,Do not combine Total rows with corresponding in-facility/outreach component rows
HMIS-RPTCOL-JH-0294,13.3,Number of beneficiaries who are registered at the NCD clinic.,HMIS-DE-0292,Row-dependent; Facility Type column must be evaluated from data rows,Row-dependent; Format Type column must be evaluated from data rows,Row-dependent; In-facility/Outreach/Total column must be evaluated from data rows,CHC; Civil Hospital / SDH; District Hospital; Medical College,Do not infer from headers alone,Do not combine Total rows with corresponding in-facility/outreach component rows
HMIS-RPTCOL-JH-0295,13.4,The number registered at the NCD clinic includes the number of presumptive TB cases identified and referred for TB testing and diagnosis,HMIS-DE-0622,Row-dependent; Facility Type column must be evaluated from data rows,Row-dependent; Format Type column must be evaluated from data rows,Row-dependent; In-facility/Outreach/Total column must be evaluated from data rows,CHC; Civil Hospital / SDH; District Hospital; Medical College,Do not infer from headers alone,Do not combine Total rows with corresponding in-facility/outreach component rows
HMIS-RPTCOL-JH-0296,14.1.1.a,Total number of geriatric/elderly patients (age>=60 yrs) Registered,HMIS-DE-0670,Row-dependent; Facility Type column must be evaluated from data rows,Row-dependent; Format Type column must be evaluated from data rows,Row-dependent; In-facility/Outreach/Total column must be evaluated from data rows,CHC; Civil Hospital / SDH; District Hospital; HWC-PHC; HWC-SC; Medical College,Do not infer from headers alone,Do not combine Total rows with corresponding in-facility/outreach component rows
HMIS-RPTCOL-JH-0297,14.1.1.b,Geriatric (age>=60 yrs) patients footfall,HMIS-DE-0137,Row-dependent; Facility Type column must be evaluated from data rows,Row-dependent; Format Type column must be evaluated from data rows,Row-dependent; In-facility/Outreach/Total column must be evaluated from data rows,CHC; Civil Hospital / SDH; District Hospital; HWC-PHC; HWC-SC; Medical College,Do not infer from headers alone,Do not combine Total rows with corresponding in-facility/outreach component rows
HMIS-RPTCOL-JH-0298,14.1.1.c,Number of geriatric/elderly persons who underwent Comprehensive Geriatric Assessment by CHO,HMIS-DE-0362,Row-dependent; Facility Type column must be evaluated from data rows,Row-dependent; Format Type column must be evaluated from data rows,Row-dependent; In-facility/Outreach/Total column must be evaluated from data rows,HWC-PHC; HWC-SC,Do not infer from headers alone,Do not combine Total rows with corresponding in-facility/outreach component rows
HMIS-RPTCOL-JH-0299,14.1.1.d,Number of geriatric/elderly persons managed for any elderly conditions,HMIS-DE-0361,Row-dependent; Facility Type column must be evaluated from data rows,Row-dependent; Format Type column must be evaluated from data rows,Row-dependent; In-facility/Outreach/Total column must be evaluated from data rows,CHC; Civil Hospital / SDH; District Hospital; HWC-PHC; HWC-SC; Medical College,Do not infer from headers alone,Do not combine Total rows with corresponding in-facility/outreach component rows
HMIS-RPTCOL-JH-0300,14.1.1.e,Number of geriatric/elderly persons followed-up for any elderly conditions,HMIS-DE-0360,Row-dependent; Facility Type column must be evaluated from data rows,Row-dependent; Format Type column must be evaluated from data rows,Row-dependent; In-facility/Outreach/Total column must be evaluated from data rows,CHC; Civil Hospital / SDH; District Hospital; HWC-PHC; HWC-SC; Medical College,Do not infer from headers alone,Do not combine Total rows with corresponding in-facility/outreach component rows
HMIS-RPTCOL-JH-0301,14.1.1.f,Number of geriatric/elderly patients (age>=60 yrs) provided physiotherapy services,HMIS-DE-0359,Row-dependent; Facility Type column must be evaluated from data rows,Row-dependent; Format Type column must be evaluated from data rows,Row-dependent; In-facility/Outreach/Total column must be evaluated from data rows,CHC; Civil Hospital / SDH; District Hospital; HWC-PHC; HWC-SC; Medical College,Do not infer from headers alone,Do not combine Total rows with corresponding in-facility/outreach component rows
HMIS-RPTCOL-JH-0302,14.1.1.g,Number of home bound (bed bound & restricted mobility) elderly and single elderly visited by ASHA & ANM/MPW-M during the month,HMIS-DE-0368,Row-dependent; Facility Type column must be evaluated from data rows,Row-dependent; Format Type column must be evaluated from data rows,Row-dependent; In-facility/Outreach/Total column must be evaluated from data rows,CHC; Civil Hospital / SDH; District Hospital; HWC-PHC; HWC-SC,Do not infer from headers alone,Do not combine Total rows with corresponding in-facility/outreach component rows
HMIS-RPTCOL-JH-0303,14.1.1.h,Number of elderly support groups-‘Sanjeevini’ created during the month,HMIS-DE-0353,Row-dependent; Facility Type column must be evaluated from data rows,Row-dependent; Format Type column must be evaluated from data rows,Row-dependent; In-facility/Outreach/Total column must be evaluated from data rows,HWC-PHC; HWC-SC,Do not infer from headers alone,Do not combine Total rows with corresponding in-facility/outreach component rows
HMIS-RPTCOL-JH-0304,14.1.1.i,Number of weekly geriatric clinics organized during the month,HMIS-DE-0524,Row-dependent; Facility Type column must be evaluated from data rows,Row-dependent; Format Type column must be evaluated from data rows,Row-dependent; In-facility/Outreach/Total column must be evaluated from data rows,HWC-PHC; HWC-SC,Do not infer from headers alone,Do not combine Total rows with corresponding in-facility/outreach component rows
HMIS-RPTCOL-JH-0305,14.1.1.j,Number of fixed day rehabilitation services provided during the month,HMIS-DE-0357,Row-dependent; Facility Type column must be evaluated from data rows,Row-dependent; Format Type column must be evaluated from data rows,Row-dependent; In-facility/Outreach/Total column must be evaluated from data rows,HWC-PHC; HWC-SC,Do not infer from headers alone,Do not combine Total rows with corresponding in-facility/outreach component rows
HMIS-RPTCOL-JH-0306,14.1.2.a,Number of patients provided physiotherapy services,HMIS-DE-0446,Row-dependent; Facility Type column must be evaluated from data rows,Row-dependent; Format Type column must be evaluated from data rows,Row-dependent; In-facility/Outreach/Total column must be evaluated from data rows,CHC; Civil Hospital / SDH; District Hospital; HWC-PHC; Medical College,Do not infer from headers alone,Do not combine Total rows with corresponding in-facility/outreach component rows
HMIS-RPTCOL-JH-0307,14.1.2.b,Number of Palliative Patients visited at home,HMIS-DE-0445,Row-dependent; Facility Type column must be evaluated from data rows,Row-dependent; Format Type column must be evaluated from data rows,Row-dependent; In-facility/Outreach/Total column must be evaluated from data rows,CHC; Civil Hospital / SDH; District Hospital; HWC-PHC; HWC-SC,Do not infer from headers alone,Do not combine Total rows with corresponding in-facility/outreach component rows
HMIS-RPTCOL-JH-0308,14.1.2.c,Number of visits for home care/ end of life care provided by AAM-PHC team,HMIS-DE-0523,Row-dependent; Facility Type column must be evaluated from data rows,Row-dependent; Format Type column must be evaluated from data rows,Row-dependent; In-facility/Outreach/Total column must be evaluated from data rows,HWC-PHC,Do not infer from headers alone,Do not combine Total rows with corresponding in-facility/outreach component rows
HMIS-RPTCOL-JH-0309,14.1.2.d,Number of weekly palliative care OPD conducted at AAM-PHC,HMIS-DE-0525,Row-dependent; Facility Type column must be evaluated from data rows,Row-dependent; Format Type column must be evaluated from data rows,Row-dependent; In-facility/Outreach/Total column must be evaluated from data rows,HWC-PHC; HWC-SC,Do not infer from headers alone,Do not combine Total rows with corresponding in-facility/outreach component rows
HMIS-RPTCOL-JH-0310,14.1.2.e,Number of cases reported for Self Harm,HMIS-DE-0301,Row-dependent; Facility Type column must be evaluated from data rows,Row-dependent; Format Type column must be evaluated from data rows,Row-dependent; In-facility/Outreach/Total column must be evaluated from data rows,CHC; Civil Hospital / SDH; District Hospital; HWC-PHC; HWC-SC; Medical College,Do not infer from headers alone,Do not combine Total rows with corresponding in-facility/outreach component rows
HMIS-RPTCOL-JH-0311,14.1.3.a,Total number of footfall in outreach camps/sessions,HMIS-DE-0669,Row-dependent; Facility Type column must be evaluated from data rows,Row-dependent; Format Type column must be evaluated from data rows,Row-dependent; In-facility/Outreach/Total column must be evaluated from data rows,CHC; Civil Hospital / SDH; District Hospital; HWC-PHC; HWC-SC,Do not infer from headers alone,Do not combine Total rows with corresponding in-facility/outreach component rows
HMIS-RPTCOL-JH-0312,14.1.3.b,Total number cases examined in outreach camps for Mental illness,HMIS-DE-0642,Row-dependent; Facility Type column must be evaluated from data rows,Row-dependent; Format Type column must be evaluated from data rows,Row-dependent; In-facility/Outreach/Total column must be evaluated from data rows,CHC; Civil Hospital / SDH; District Hospital; HWC-PHC; HWC-SC,Do not infer from headers alone,Do not combine Total rows with corresponding in-facility/outreach component rows
HMIS-RPTCOL-JH-0313,14.1.4,Number of psychoeducation sessions conducted at the Ayushman Arogya Mandir during the month,HMIS-DE-0486,Row-dependent; Facility Type column must be evaluated from data rows,Row-dependent; Format Type column must be evaluated from data rows,Row-dependent; In-facility/Outreach/Total column must be evaluated from data rows,HWC-PHC; HWC-SC,Do not infer from headers alone,Do not combine Total rows with corresponding in-facility/outreach component rows
HMIS-RPTCOL-JH-0314,14.2.1,Allopathic- Outpatient attendance,HMIS-DE-0012,Row-dependent; Facility Type column must be evaluated from data rows,Row-dependent; Format Type column must be evaluated from data rows,Row-dependent; In-facility/Outreach/Total column must be evaluated from data rows,CHC; Civil Hospital / SDH; District Hospital; HWC-PHC; HWC-SC; Medical College,Do not infer from headers alone,Do not combine Total rows with corresponding in-facility/outreach component rows
HMIS-RPTCOL-JH-0315,14.2.1.a,"Out of above, number of specialist Allopathic OPD services provided",HMIS-DE-0539,Row-dependent; Facility Type column must be evaluated from data rows,Row-dependent; Format Type column must be evaluated from data rows,Row-dependent; In-facility/Outreach/Total column must be evaluated from data rows,CHC; Civil Hospital / SDH; District Hospital; HWC-PHC; HWC-SC; Medical College,Do not infer from headers alone,Do not combine Total rows with corresponding in-facility/outreach component rows
HMIS-RPTCOL-JH-0316,14.2.2,Ayush - Outpatient attendance,HMIS-DE-0022,Row-dependent; Facility Type column must be evaluated from data rows,Row-dependent; Format Type column must be evaluated from data rows,Row-dependent; In-facility/Outreach/Total column must be evaluated from data rows,CHC; Civil Hospital / SDH; District Hospital; HWC-PHC; HWC-SC; Medical College,Do not infer from headers alone,Do not combine Total rows with corresponding in-facility/outreach component rows
HMIS-RPTCOL-JH-0317,14.2.2.b,"Out of above, number of specialist AYUSH OPD services provided",HMIS-DE-0540,Row-dependent; Facility Type column must be evaluated from data rows,Row-dependent; Format Type column must be evaluated from data rows,Row-dependent; In-facility/Outreach/Total column must be evaluated from data rows,CHC; Civil Hospital / SDH; District Hospital; HWC-PHC; HWC-SC; Medical College,Do not infer from headers alone,Do not combine Total rows with corresponding in-facility/outreach component rows
HMIS-RPTCOL-JH-0318,14.3.1.a,IPD Admission Male- Children<18yrs,HMIS-DE-0192,Row-dependent; Facility Type column must be evaluated from data rows,Row-dependent; Format Type column must be evaluated from data rows,Row-dependent; In-facility/Outreach/Total column must be evaluated from data rows,CHC; Civil Hospital / SDH; District Hospital; HWC-PHC; Medical College,Do not infer from headers alone,Do not combine Total rows with corresponding in-facility/outreach component rows
HMIS-RPTCOL-JH-0319,14.3.1.b,IPD Admission Male- Adults <60yrs,HMIS-DE-0191,Row-dependent; Facility Type column must be evaluated from data rows,Row-dependent; Format Type column must be evaluated from data rows,Row-dependent; In-facility/Outreach/Total column must be evaluated from data rows,CHC; Civil Hospital / SDH; District Hospital; HWC-PHC; Medical College,Do not infer from headers alone,Do not combine Total rows with corresponding in-facility/outreach component rows
HMIS-RPTCOL-JH-0320,14.3.1.c,IPD Admission Female- Children<18yrs,HMIS-DE-0189,Row-dependent; Facility Type column must be evaluated from data rows,Row-dependent; Format Type column must be evaluated from data rows,Row-dependent; In-facility/Outreach/Total column must be evaluated from data rows,CHC; Civil Hospital / SDH; District Hospital; HWC-PHC; Medical College,Do not infer from headers alone,Do not combine Total rows with corresponding in-facility/outreach component rows
HMIS-RPTCOL-JH-0321,14.3.1.d,IPD Admission Female- Adults<60yrs,HMIS-DE-0188,Row-dependent; Facility Type column must be evaluated from data rows,Row-dependent; Format Type column must be evaluated from data rows,Row-dependent; In-facility/Outreach/Total column must be evaluated from data rows,CHC; Civil Hospital / SDH; District Hospital; HWC-PHC; Medical College,Do not infer from headers alone,Do not combine Total rows with corresponding in-facility/outreach component rows
HMIS-RPTCOL-JH-0322,14.3.1.e,IPD Admission Geriatric->=60yrs,HMIS-DE-0190,Row-dependent; Facility Type column must be evaluated from data rows,Row-dependent; Format Type column must be evaluated from data rows,Row-dependent; In-facility/Outreach/Total column must be evaluated from data rows,CHC; Civil Hospital / SDH; District Hospital; HWC-PHC; Medical College,Do not infer from headers alone,Do not combine Total rows with corresponding in-facility/outreach component rows
HMIS-RPTCOL-JH-0323,14.3.2.a,IPD Discharge Male- Children<18yrs,HMIS-DE-0204,Row-dependent; Facility Type column must be evaluated from data rows,Row-dependent; Format Type column must be evaluated from data rows,Row-dependent; In-facility/Outreach/Total column must be evaluated from data rows,CHC; Civil Hospital / SDH; District Hospital; HWC-PHC; Medical College,Do not infer from headers alone,Do not combine Total rows with corresponding in-facility/outreach component rows
HMIS-RPTCOL-JH-0324,14.3.2.b,IPD Discharge Male- Adults<60yrs,HMIS-DE-0203,Row-dependent; Facility Type column must be evaluated from data rows,Row-dependent; Format Type column must be evaluated from data rows,Row-dependent; In-facility/Outreach/Total column must be evaluated from data rows,CHC; Civil Hospital / SDH; District Hospital; HWC-PHC; Medical College,Do not infer from headers alone,Do not combine Total rows with corresponding in-facility/outreach component rows
HMIS-RPTCOL-JH-0325,14.3.2.c,IPD Discharge Female- Children<18yrs,HMIS-DE-0201,Row-dependent; Facility Type column must be evaluated from data rows,Row-dependent; Format Type column must be evaluated from data rows,Row-dependent; In-facility/Outreach/Total column must be evaluated from data rows,CHC; Civil Hospital / SDH; District Hospital; HWC-PHC; Medical College,Do not infer from headers alone,Do not combine Total rows with corresponding in-facility/outreach component rows
HMIS-RPTCOL-JH-0326,14.3.2.d,IPD Discharge Female- Adults<60yrs,HMIS-DE-0200,Row-dependent; Facility Type column must be evaluated from data rows,Row-dependent; Format Type column must be evaluated from data rows,Row-dependent; In-facility/Outreach/Total column must be evaluated from data rows,CHC; Civil Hospital / SDH; District Hospital; HWC-PHC; Medical College,Do not infer from headers alone,Do not combine Total rows with corresponding in-facility/outreach component rows
HMIS-RPTCOL-JH-0327,14.3.2.e,IPD Discharge Geriatric->=60yrs,HMIS-DE-0202,Row-dependent; Facility Type column must be evaluated from data rows,Row-dependent; Format Type column must be evaluated from data rows,Row-dependent; In-facility/Outreach/Total column must be evaluated from data rows,CHC; Civil Hospital / SDH; District Hospital; HWC-PHC; Medical College,Do not infer from headers alone,Do not combine Total rows with corresponding in-facility/outreach component rows
HMIS-RPTCOL-JH-0328,14.3.3.a,IPD Referred Male- Children<18yrs,HMIS-DE-0209,Row-dependent; Facility Type column must be evaluated from data rows,Row-dependent; Format Type column must be evaluated from data rows,Row-dependent; In-facility/Outreach/Total column must be evaluated from data rows,CHC; Civil Hospital / SDH; District Hospital; HWC-PHC; Medical College,Do not infer from headers alone,Do not combine Total rows with corresponding in-facility/outreach component rows
HMIS-RPTCOL-JH-0329,14.3.3.b,IPD Referred Male- Adults<60yrs,HMIS-DE-0208,Row-dependent; Facility Type column must be evaluated from data rows,Row-dependent; Format Type column must be evaluated from data rows,Row-dependent; In-facility/Outreach/Total column must be evaluated from data rows,CHC; Civil Hospital / SDH; District Hospital; HWC-PHC; Medical College,Do not infer from headers alone,Do not combine Total rows with corresponding in-facility/outreach component rows
HMIS-RPTCOL-JH-0330,14.3.3.c,IPD Referred Female- Children<18yrs,HMIS-DE-0206,Row-dependent; Facility Type column must be evaluated from data rows,Row-dependent; Format Type column must be evaluated from data rows,Row-dependent; In-facility/Outreach/Total column must be evaluated from data rows,CHC; Civil Hospital / SDH; District Hospital; HWC-PHC; Medical College,Do not infer from headers alone,Do not combine Total rows with corresponding in-facility/outreach component rows
HMIS-RPTCOL-JH-0331,14.3.3.d,IPD Referred Female- Adults<60yrs,HMIS-DE-0205,Row-dependent; Facility Type column must be evaluated from data rows,Row-dependent; Format Type column must be evaluated from data rows,Row-dependent; In-facility/Outreach/Total column must be evaluated from data rows,CHC; Civil Hospital / SDH; District Hospital; HWC-PHC; Medical College,Do not infer from headers alone,Do not combine Total rows with corresponding in-facility/outreach component rows
HMIS-RPTCOL-JH-0332,14.3.3.e,IPD Referred Geriatric->=60yrs,HMIS-DE-0207,Row-dependent; Facility Type column must be evaluated from data rows,Row-dependent; Format Type column must be evaluated from data rows,Row-dependent; In-facility/Outreach/Total column must be evaluated from data rows,CHC; Civil Hospital / SDH; District Hospital; HWC-PHC; Medical College,Do not infer from headers alone,Do not combine Total rows with corresponding in-facility/outreach component rows
HMIS-RPTCOL-JH-0333,14.3.4.a,IPD Deaths Male- Children<18yrs,HMIS-DE-0198,Row-dependent; Facility Type column must be evaluated from data rows,Row-dependent; Format Type column must be evaluated from data rows,Row-dependent; In-facility/Outreach/Total column must be evaluated from data rows,CHC; Civil Hospital / SDH; District Hospital; HWC-PHC; Medical College,Do not infer from headers alone,Do not combine Total rows with corresponding in-facility/outreach component rows
HMIS-RPTCOL-JH-0334,14.3.4.b,IPD Deaths Male- Adults<60yrs,HMIS-DE-0197,Row-dependent; Facility Type column must be evaluated from data rows,Row-dependent; Format Type column must be evaluated from data rows,Row-dependent; In-facility/Outreach/Total column must be evaluated from data rows,CHC; Civil Hospital / SDH; District Hospital; HWC-PHC; Medical College,Do not infer from headers alone,Do not combine Total rows with corresponding in-facility/outreach component rows
HMIS-RPTCOL-JH-0335,14.3.4.c,IPD Deaths Female- Children<18yrs,HMIS-DE-0195,Row-dependent; Facility Type column must be evaluated from data rows,Row-dependent; Format Type column must be evaluated from data rows,Row-dependent; In-facility/Outreach/Total column must be evaluated from data rows,CHC; Civil Hospital / SDH; District Hospital; HWC-PHC; Medical College,Do not infer from headers alone,Do not combine Total rows with corresponding in-facility/outreach component rows
HMIS-RPTCOL-JH-0336,14.3.4.d,IPD Deaths Female- Adults<60yrs,HMIS-DE-0194,Row-dependent; Facility Type column must be evaluated from data rows,Row-dependent; Format Type column must be evaluated from data rows,Row-dependent; In-facility/Outreach/Total column must be evaluated from data rows,CHC; Civil Hospital / SDH; District Hospital; HWC-PHC; Medical College,Do not infer from headers alone,Do not combine Total rows with corresponding in-facility/outreach component rows
HMIS-RPTCOL-JH-0337,14.3.4.e,IPD Deaths Geriatric->=60yrs,HMIS-DE-0196,Row-dependent; Facility Type column must be evaluated from data rows,Row-dependent; Format Type column must be evaluated from data rows,Row-dependent; In-facility/Outreach/Total column must be evaluated from data rows,CHC; Civil Hospital / SDH; District Hospital; HWC-PHC; Medical College,Do not infer from headers alone,Do not combine Total rows with corresponding in-facility/outreach component rows
HMIS-RPTCOL-JH-0338,14.3.5.a,Total cases Referred out (OPD+IPD+Emergency)-During Day,HMIS-DE-0628,Row-dependent; Facility Type column must be evaluated from data rows,Row-dependent; Format Type column must be evaluated from data rows,Row-dependent; In-facility/Outreach/Total column must be evaluated from data rows,CHC; Civil Hospital / SDH; District Hospital; HWC-PHC; Medical College,Do not infer from headers alone,Do not combine Total rows with corresponding in-facility/outreach component rows
HMIS-RPTCOL-JH-0339,14.3.5.b,Total cases Referred out (OPD+IPD+Emergency)-At Night (8 PM- 8 AM),HMIS-DE-0627,Row-dependent; Facility Type column must be evaluated from data rows,Row-dependent; Format Type column must be evaluated from data rows,Row-dependent; In-facility/Outreach/Total column must be evaluated from data rows,CHC; Civil Hospital / SDH; District Hospital; HWC-PHC; Medical College,Do not infer from headers alone,Do not combine Total rows with corresponding in-facility/outreach component rows
HMIS-RPTCOL-JH-0340,14.3.6,Day Care Admissions,HMIS-DE-0098,Row-dependent; Facility Type column must be evaluated from data rows,Row-dependent; Format Type column must be evaluated from data rows,Row-dependent; In-facility/Outreach/Total column must be evaluated from data rows,CHC; Civil Hospital / SDH; District Hospital; HWC-PHC; HWC-SC; Medical College,Do not infer from headers alone,Do not combine Total rows with corresponding in-facility/outreach component rows
HMIS-RPTCOL-JH-0341,14.3.7.a,Number of Total Left Against Medical Advice (LAMA) cases reported at the facility,HMIS-DE-0521,Row-dependent; Facility Type column must be evaluated from data rows,Row-dependent; Format Type column must be evaluated from data rows,Row-dependent; In-facility/Outreach/Total column must be evaluated from data rows,CHC; Civil Hospital / SDH; District Hospital; HWC-PHC; Medical College,Do not infer from headers alone,Do not combine Total rows with corresponding in-facility/outreach component rows
HMIS-RPTCOL-JH-0342,14.3.7.b,Number of delivery LAMA cases reported at the facility,HMIS-DE-0350,Row-dependent; Facility Type column must be evaluated from data rows,Row-dependent; Format Type column must be evaluated from data rows,Row-dependent; In-facility/Outreach/Total column must be evaluated from data rows,CHC; Civil Hospital / SDH; District Hospital; HWC-PHC; Medical College,Do not infer from headers alone,Do not combine Total rows with corresponding in-facility/outreach component rows
HMIS-RPTCOL-JH-0343,14.3.8,Total number of Medico Legal Cases reported at the facility,HMIS-DE-0680,Row-dependent; Facility Type column must be evaluated from data rows,Row-dependent; Format Type column must be evaluated from data rows,Row-dependent; In-facility/Outreach/Total column must be evaluated from data rows,CHC; Civil Hospital / SDH; District Hospital; HWC-PHC; Medical College,Do not infer from headers alone,Do not combine Total rows with corresponding in-facility/outreach component rows
HMIS-RPTCOL-JH-0344,14.3.9,Total number of postmortem conducted at the facility,HMIS-DE-0689,Row-dependent; Facility Type column must be evaluated from data rows,Row-dependent; Format Type column must be evaluated from data rows,Row-dependent; In-facility/Outreach/Total column must be evaluated from data rows,CHC; Civil Hospital / SDH; District Hospital; Medical College,Do not infer from headers alone,Do not combine Total rows with corresponding in-facility/outreach component rows
HMIS-RPTCOL-JH-0345,14.3.10,Total number of telemedicine consultation provided,HMIS-DE-0690,Row-dependent; Facility Type column must be evaluated from data rows,Row-dependent; Format Type column must be evaluated from data rows,Row-dependent; In-facility/Outreach/Total column must be evaluated from data rows,CHC; Civil Hospital / SDH; District Hospital; HWC-PHC; HWC-SC; Medical College,Do not infer from headers alone,Do not combine Total rows with corresponding in-facility/outreach component rows
HMIS-RPTCOL-JH-0346,14.4.1,Inpatient - Malaria,HMIS-DE-0176,Row-dependent; Facility Type column must be evaluated from data rows,Row-dependent; Format Type column must be evaluated from data rows,Row-dependent; In-facility/Outreach/Total column must be evaluated from data rows,CHC; Civil Hospital / SDH; District Hospital; HWC-PHC; Medical College,Do not infer from headers alone,Do not combine Total rows with corresponding in-facility/outreach component rows
HMIS-RPTCOL-JH-0347,14.4.2,Inpatient - Dengue,HMIS-DE-0174,Row-dependent; Facility Type column must be evaluated from data rows,Row-dependent; Format Type column must be evaluated from data rows,Row-dependent; In-facility/Outreach/Total column must be evaluated from data rows,CHC; Civil Hospital / SDH; District Hospital; HWC-PHC; Medical College,Do not infer from headers alone,Do not combine Total rows with corresponding in-facility/outreach component rows
HMIS-RPTCOL-JH-0348,14.4.3,Inpatient - Typhoid,HMIS-DE-0179,Row-dependent; Facility Type column must be evaluated from data rows,Row-dependent; Format Type column must be evaluated from data rows,Row-dependent; In-facility/Outreach/Total column must be evaluated from data rows,CHC; Civil Hospital / SDH; District Hospital; HWC-PHC; Medical College,Do not infer from headers alone,Do not combine Total rows with corresponding in-facility/outreach component rows
HMIS-RPTCOL-JH-0349,14.4.4,"Inpatient - Asthma, Chronic Obstructive Pulmonary Disease (COPD), Respiratory infections",HMIS-DE-0173,Row-dependent; Facility Type column must be evaluated from data rows,Row-dependent; Format Type column must be evaluated from data rows,Row-dependent; In-facility/Outreach/Total column must be evaluated from data rows,CHC; Civil Hospital / SDH; District Hospital; HWC-PHC; Medical College,Do not infer from headers alone,Do not combine Total rows with corresponding in-facility/outreach component rows
HMIS-RPTCOL-JH-0350,14.4.5,Inpatient - Tuberculosis,HMIS-DE-0178,Row-dependent; Facility Type column must be evaluated from data rows,Row-dependent; Format Type column must be evaluated from data rows,Row-dependent; In-facility/Outreach/Total column must be evaluated from data rows,CHC; Civil Hospital / SDH; District Hospital; HWC-PHC; Medical College,Do not infer from headers alone,Do not combine Total rows with corresponding in-facility/outreach component rows
HMIS-RPTCOL-JH-0351,14.4.6,Inpatient - Pyrexia of unknown origin (PUO),HMIS-DE-0177,Row-dependent; Facility Type column must be evaluated from data rows,Row-dependent; Format Type column must be evaluated from data rows,Row-dependent; In-facility/Outreach/Total column must be evaluated from data rows,CHC; Civil Hospital / SDH; District Hospital; HWC-PHC; Medical College,Do not infer from headers alone,Do not combine Total rows with corresponding in-facility/outreach component rows
HMIS-RPTCOL-JH-0352,14.4.7,Inpatient - Diarrhoea with dehydration,HMIS-DE-0175,Row-dependent; Facility Type column must be evaluated from data rows,Row-dependent; Format Type column must be evaluated from data rows,Row-dependent; In-facility/Outreach/Total column must be evaluated from data rows,CHC; Civil Hospital / SDH; District Hospital; HWC-PHC; Medical College,Do not infer from headers alone,Do not combine Total rows with corresponding in-facility/outreach component rows
HMIS-RPTCOL-JH-0353,14.4.8,Inpatient – Leprosy (Reconstructive Surgery),HMIS-DE-0182,Row-dependent; Facility Type column must be evaluated from data rows,Row-dependent; Format Type column must be evaluated from data rows,Row-dependent; In-facility/Outreach/Total column must be evaluated from data rows,CHC; Civil Hospital / SDH; District Hospital; Medical College,Do not infer from headers alone,Do not combine Total rows with corresponding in-facility/outreach component rows
HMIS-RPTCOL-JH-0354,14.4.9,Inpatient – Operated for Cataract,HMIS-DE-0184,Row-dependent; Facility Type column must be evaluated from data rows,Row-dependent; Format Type column must be evaluated from data rows,Row-dependent; In-facility/Outreach/Total column must be evaluated from data rows,CHC; Civil Hospital / SDH; District Hospital; Medical College,Do not infer from headers alone,Do not combine Total rows with corresponding in-facility/outreach component rows
HMIS-RPTCOL-JH-0355,14.4.10,Inpatient – Palliative Care,HMIS-DE-0185,Row-dependent; Facility Type column must be evaluated from data rows,Row-dependent; Format Type column must be evaluated from data rows,Row-dependent; In-facility/Outreach/Total column must be evaluated from data rows,Civil Hospital / SDH; District Hospital; HWC-PHC; Medical College,Do not infer from headers alone,Do not combine Total rows with corresponding in-facility/outreach component rows
HMIS-RPTCOL-JH-0356,14.4.11,Inpatient – Mental illness,HMIS-DE-0183,Row-dependent; Facility Type column must be evaluated from data rows,Row-dependent; Format Type column must be evaluated from data rows,Row-dependent; In-facility/Outreach/Total column must be evaluated from data rows,District Hospital; Medical College,Do not infer from headers alone,Do not combine Total rows with corresponding in-facility/outreach component rows
HMIS-RPTCOL-JH-0357,14.5.1,Patients registered at Emergency Department,HMIS-DE-0598,Row-dependent; Facility Type column must be evaluated from data rows,Row-dependent; Format Type column must be evaluated from data rows,Row-dependent; In-facility/Outreach/Total column must be evaluated from data rows,CHC; Civil Hospital / SDH; District Hospital; HWC-PHC; Medical College,Do not infer from headers alone,Do not combine Total rows with corresponding in-facility/outreach component rows
HMIS-RPTCOL-JH-0358,14.5.2,No. of Emergencies managed at night (8 PM- 8 AM),HMIS-DE-0255,Row-dependent; Facility Type column must be evaluated from data rows,Row-dependent; Format Type column must be evaluated from data rows,Row-dependent; In-facility/Outreach/Total column must be evaluated from data rows,CHC; Civil Hospital / SDH; District Hospital; HWC-PHC; Medical College,Do not infer from headers alone,Do not combine Total rows with corresponding in-facility/outreach component rows
HMIS-RPTCOL-JH-0359,14.5.3,Total Number of Emergency cases managed,HMIS-DE-0666,Row-dependent; Facility Type column must be evaluated from data rows,Row-dependent; Format Type column must be evaluated from data rows,Row-dependent; In-facility/Outreach/Total column must be evaluated from data rows,CHC; Civil Hospital / SDH; District Hospital; HWC-PHC; HWC-SC; Medical College,Do not infer from headers alone,Do not combine Total rows with corresponding in-facility/outreach component rows
HMIS-RPTCOL-JH-0360,14.5.4,Total Number of Emergency cases referred out,HMIS-DE-0667,Row-dependent; Facility Type column must be evaluated from data rows,Row-dependent; Format Type column must be evaluated from data rows,Row-dependent; In-facility/Outreach/Total column must be evaluated from data rows,CHC; Civil Hospital / SDH; District Hospital; HWC-PHC; Medical College,Do not infer from headers alone,Do not combine Total rows with corresponding in-facility/outreach component rows
HMIS-RPTCOL-JH-0361,14.5.5,Total Number of CPR performed in the emergency,HMIS-DE-0664,Row-dependent; Facility Type column must be evaluated from data rows,Row-dependent; Format Type column must be evaluated from data rows,Row-dependent; In-facility/Outreach/Total column must be evaluated from data rows,CHC; Civil Hospital / SDH; District Hospital; HWC-PHC; HWC-SC; Medical College,Do not infer from headers alone,Do not combine Total rows with corresponding in-facility/outreach component rows
HMIS-RPTCOL-JH-0362,14.6.1.a,"Emergency - Trauma ( accident, injury, poisoning etc) -Admission",HMIS-DE-0127,Row-dependent; Facility Type column must be evaluated from data rows,Row-dependent; Format Type column must be evaluated from data rows,Row-dependent; In-facility/Outreach/Total column must be evaluated from data rows,CHC; Civil Hospital / SDH; District Hospital; HWC-PHC; Medical College,Do not infer from headers alone,Do not combine Total rows with corresponding in-facility/outreach component rows
HMIS-RPTCOL-JH-0363,14.6.1.b,"Emergency - Trauma ( accident, injury, poisoning etc) -Deaths",HMIS-DE-0128,Row-dependent; Facility Type column must be evaluated from data rows,Row-dependent; Format Type column must be evaluated from data rows,Row-dependent; In-facility/Outreach/Total column must be evaluated from data rows,CHC; Civil Hospital / SDH; District Hospital; HWC-PHC; Medical College,Do not infer from headers alone,Do not combine Total rows with corresponding in-facility/outreach component rows
HMIS-RPTCOL-JH-0364,14.6.2.a,Emergency - Burn -Admission,HMIS-DE-0117,Row-dependent; Facility Type column must be evaluated from data rows,Row-dependent; Format Type column must be evaluated from data rows,Row-dependent; In-facility/Outreach/Total column must be evaluated from data rows,CHC; Civil Hospital / SDH; District Hospital; HWC-PHC; Medical College,Do not infer from headers alone,Do not combine Total rows with corresponding in-facility/outreach component rows
HMIS-RPTCOL-JH-0365,14.6.2.b,Emergency - Burn -Deaths,HMIS-DE-0118,Row-dependent; Facility Type column must be evaluated from data rows,Row-dependent; Format Type column must be evaluated from data rows,Row-dependent; In-facility/Outreach/Total column must be evaluated from data rows,CHC; Civil Hospital / SDH; District Hospital; HWC-PHC; Medical College,Do not infer from headers alone,Do not combine Total rows with corresponding in-facility/outreach component rows
HMIS-RPTCOL-JH-0366,14.6.3.a,Emergency - Obstetrics complications -Admission,HMIS-DE-0123,Row-dependent; Facility Type column must be evaluated from data rows,Row-dependent; Format Type column must be evaluated from data rows,Row-dependent; In-facility/Outreach/Total column must be evaluated from data rows,CHC; Civil Hospital / SDH; District Hospital; HWC-PHC; Medical College,Do not infer from headers alone,Do not combine Total rows with corresponding in-facility/outreach component rows
HMIS-RPTCOL-JH-0367,14.6.3.b,Emergency - Obstetrics complications -Deaths,HMIS-DE-0124,Row-dependent; Facility Type column must be evaluated from data rows,Row-dependent; Format Type column must be evaluated from data rows,Row-dependent; In-facility/Outreach/Total column must be evaluated from data rows,CHC; Civil Hospital / SDH; District Hospital; HWC-PHC; Medical College,Do not infer from headers alone,Do not combine Total rows with corresponding in-facility/outreach component rows
HMIS-RPTCOL-JH-0368,14.6.4.a,Emergency - Snake Bite -Admission,HMIS-DE-0125,Row-dependent; Facility Type column must be evaluated from data rows,Row-dependent; Format Type column must be evaluated from data rows,Row-dependent; In-facility/Outreach/Total column must be evaluated from data rows,CHC; Civil Hospital / SDH; District Hospital; HWC-PHC; Medical College,Do not infer from headers alone,Do not combine Total rows with corresponding in-facility/outreach component rows
HMIS-RPTCOL-JH-0369,14.6.4.b,Emergency - Snake Bite -Deaths,HMIS-DE-0126,Row-dependent; Facility Type column must be evaluated from data rows,Row-dependent; Format Type column must be evaluated from data rows,Row-dependent; In-facility/Outreach/Total column must be evaluated from data rows,CHC; Civil Hospital / SDH; District Hospital; HWC-PHC; Medical College,Do not infer from headers alone,Do not combine Total rows with corresponding in-facility/outreach component rows
HMIS-RPTCOL-JH-0370,14.6.5.a,Emergency - Acute Cardiac Emergencies -Admission,HMIS-DE-0115,Row-dependent; Facility Type column must be evaluated from data rows,Row-dependent; Format Type column must be evaluated from data rows,Row-dependent; In-facility/Outreach/Total column must be evaluated from data rows,CHC; Civil Hospital / SDH; District Hospital; HWC-PHC; Medical College,Do not infer from headers alone,Do not combine Total rows with corresponding in-facility/outreach component rows
HMIS-RPTCOL-JH-0371,14.6.5.b,Emergency - Acute Cardiac Emergencies -Deaths,HMIS-DE-0116,Row-dependent; Facility Type column must be evaluated from data rows,Row-dependent; Format Type column must be evaluated from data rows,Row-dependent; In-facility/Outreach/Total column must be evaluated from data rows,CHC; Civil Hospital / SDH; District Hospital; HWC-PHC; Medical College,Do not infer from headers alone,Do not combine Total rows with corresponding in-facility/outreach component rows
HMIS-RPTCOL-JH-0372,14.6.6.a,Emergency - CVA (Cerebrovascular Disease)/Stroke -Admission,HMIS-DE-0119,Row-dependent; Facility Type column must be evaluated from data rows,Row-dependent; Format Type column must be evaluated from data rows,Row-dependent; In-facility/Outreach/Total column must be evaluated from data rows,CHC; Civil Hospital / SDH; District Hospital; HWC-PHC; Medical College,Do not infer from headers alone,Do not combine Total rows with corresponding in-facility/outreach component rows
HMIS-RPTCOL-JH-0373,14.6.6.b,Emergency - CVA (Cerebrovascular Disease)/Stroke -Deaths,HMIS-DE-0120,Row-dependent; Facility Type column must be evaluated from data rows,Row-dependent; Format Type column must be evaluated from data rows,Row-dependent; In-facility/Outreach/Total column must be evaluated from data rows,CHC; Civil Hospital / SDH; District Hospital; HWC-PHC; Medical College,Do not infer from headers alone,Do not combine Total rows with corresponding in-facility/outreach component rows
HMIS-RPTCOL-JH-0374,14.6.7.a,Emergency - Dog Bite -Admission,HMIS-DE-0121,Row-dependent; Facility Type column must be evaluated from data rows,Row-dependent; Format Type column must be evaluated from data rows,Row-dependent; In-facility/Outreach/Total column must be evaluated from data rows,CHC; Civil Hospital / SDH; District Hospital; HWC-PHC; Medical College,Do not infer from headers alone,Do not combine Total rows with corresponding in-facility/outreach component rows
HMIS-RPTCOL-JH-0375,14.6.7.b,Emergency - Dog Bite -Deaths,HMIS-DE-0122,Row-dependent; Facility Type column must be evaluated from data rows,Row-dependent; Format Type column must be evaluated from data rows,Row-dependent; In-facility/Outreach/Total column must be evaluated from data rows,CHC; Civil Hospital / SDH; District Hospital; HWC-PHC; Medical College,Do not infer from headers alone,Do not combine Total rows with corresponding in-facility/outreach component rows
HMIS-RPTCOL-JH-0376,14.7,Total number of deaths occurring at Emergency Department,HMIS-DE-0665,Row-dependent; Facility Type column must be evaluated from data rows,Row-dependent; Format Type column must be evaluated from data rows,Row-dependent; In-facility/Outreach/Total column must be evaluated from data rows,CHC; Civil Hospital / SDH; District Hospital; HWC-PHC; Medical College,Do not infer from headers alone,Do not combine Total rows with corresponding in-facility/outreach component rows
HMIS-RPTCOL-JH-0377,14.8.1.a,Total number of Major Operations conducted excluding C-Section (General and spinal anaesthesia),HMIS-DE-0678,Row-dependent; Facility Type column must be evaluated from data rows,Row-dependent; Format Type column must be evaluated from data rows,Row-dependent; In-facility/Outreach/Total column must be evaluated from data rows,CHC; Civil Hospital / SDH; District Hospital; Medical College,Do not infer from headers alone,Do not combine Total rows with corresponding in-facility/outreach component rows
HMIS-RPTCOL-JH-0378,14.8.1.b,"Out of Major Operation, Gynecology- Hysterectomy surgeries",HMIS-DE-0545,Row-dependent; Facility Type column must be evaluated from data rows,Row-dependent; Format Type column must be evaluated from data rows,Row-dependent; In-facility/Outreach/Total column must be evaluated from data rows,CHC; Civil Hospital / SDH; District Hospital; Medical College,Do not infer from headers alone,Do not combine Total rows with corresponding in-facility/outreach component rows
HMIS-RPTCOL-JH-0379,14.8.1.c,"Major Surgeries excluding Obstetrics, Gynaecology and Opthalmology.",HMIS-DE-0220,Row-dependent; Facility Type column must be evaluated from data rows,Row-dependent; Format Type column must be evaluated from data rows,Row-dependent; In-facility/Outreach/Total column must be evaluated from data rows,CHC; Civil Hospital / SDH; District Hospital,Do not infer from headers alone,Do not combine Total rows with corresponding in-facility/outreach component rows
HMIS-RPTCOL-JH-0380,14.8.1.d,No. of Major Surgeries done at night (8PM to 8 AM) (Excluding C section),HMIS-DE-0262,Row-dependent; Facility Type column must be evaluated from data rows,Row-dependent; Format Type column must be evaluated from data rows,Row-dependent; In-facility/Outreach/Total column must be evaluated from data rows,Civil Hospital / SDH; District Hospital; Medical College,Do not infer from headers alone,Do not combine Total rows with corresponding in-facility/outreach component rows
HMIS-RPTCOL-JH-0381,14.8.2,Minor Operations (No or local anaesthesia),HMIS-DE-0233,Row-dependent; Facility Type column must be evaluated from data rows,Row-dependent; Format Type column must be evaluated from data rows,Row-dependent; In-facility/Outreach/Total column must be evaluated from data rows,CHC; Civil Hospital / SDH; District Hospital; HWC-PHC; Medical College,Do not infer from headers alone,Do not combine Total rows with corresponding in-facility/outreach component rows
HMIS-RPTCOL-JH-0382,14.9,Number of post operative Surgical Site infection,HMIS-DE-0451,Row-dependent; Facility Type column must be evaluated from data rows,Row-dependent; Format Type column must be evaluated from data rows,Row-dependent; In-facility/Outreach/Total column must be evaluated from data rows,CHC; Civil Hospital / SDH; District Hospital,Do not infer from headers alone,Do not combine Total rows with corresponding in-facility/outreach component rows
HMIS-RPTCOL-JH-0383,14.10,In-Patient Head Count at midnight,HMIS-DE-0152,Row-dependent; Facility Type column must be evaluated from data rows,Row-dependent; Format Type column must be evaluated from data rows,Row-dependent; In-facility/Outreach/Total column must be evaluated from data rows,CHC; Civil Hospital / SDH; District Hospital; HWC-PHC; Medical College,Do not infer from headers alone,Do not combine Total rows with corresponding in-facility/outreach component rows
HMIS-RPTCOL-JH-0384,14.11.1,Number of Admission in NBSU ( New Born Stabilisation Unit),HMIS-DE-0274,Row-dependent; Facility Type column must be evaluated from data rows,Row-dependent; Format Type column must be evaluated from data rows,Row-dependent; In-facility/Outreach/Total column must be evaluated from data rows,CHC; Civil Hospital / SDH; District Hospital; HWC-PHC,Do not infer from headers alone,Do not combine Total rows with corresponding in-facility/outreach component rows
HMIS-RPTCOL-JH-0385,14.11.2,Number of total admissions in Special Newborn Care Unit (SNCU Admissions),HMIS-DE-0520,Row-dependent; Facility Type column must be evaluated from data rows,Row-dependent; Format Type column must be evaluated from data rows,Row-dependent; In-facility/Outreach/Total column must be evaluated from data rows,CHC; Civil Hospital / SDH; District Hospital; Medical College,Do not infer from headers alone,Do not combine Total rows with corresponding in-facility/outreach component rows
HMIS-RPTCOL-JH-0386,14.12.1,Number of deaths occurred at SNCU,HMIS-DE-0349,Row-dependent; Facility Type column must be evaluated from data rows,Row-dependent; Format Type column must be evaluated from data rows,Row-dependent; In-facility/Outreach/Total column must be evaluated from data rows,CHC; Civil Hospital / SDH; District Hospital; Medical College,Do not infer from headers alone,Do not combine Total rows with corresponding in-facility/outreach component rows
HMIS-RPTCOL-JH-0387,14.12.2,Number of Newborns successfully discharged from SNCU,HMIS-DE-0433,Row-dependent; Facility Type column must be evaluated from data rows,Row-dependent; Format Type column must be evaluated from data rows,Row-dependent; In-facility/Outreach/Total column must be evaluated from data rows,CHC; Civil Hospital / SDH; District Hospital; Medical College,Do not infer from headers alone,Do not combine Total rows with corresponding in-facility/outreach component rows
HMIS-RPTCOL-JH-0388,14.13.1.a.i,Number of pregnant women provided free medicines during ANC period under JSSK,HMIS-DE-0474,Row-dependent; Facility Type column must be evaluated from data rows,Row-dependent; Format Type column must be evaluated from data rows,Row-dependent; In-facility/Outreach/Total column must be evaluated from data rows,CHC; Civil Hospital / SDH; District Hospital; HWC-PHC; HWC-SC; Medical College,Do not infer from headers alone,Do not combine Total rows with corresponding in-facility/outreach component rows
HMIS-RPTCOL-JH-0389,14.13.1.a.ii,Number of Pregnant women provided free medicines during delivery under JSSK,,Row-dependent; Facility Type column must be evaluated from data rows,Row-dependent; Format Type column must be evaluated from data rows,Row-dependent; In-facility/Outreach/Total column must be evaluated from data rows,,Do not infer from headers alone,Do not combine Total rows with corresponding in-facility/outreach component rows
HMIS-RPTCOL-JH-0390,14.13.1.a.iii,Number of PNC mothers provided free medicines under JSSK,,Row-dependent; Facility Type column must be evaluated from data rows,Row-dependent; Format Type column must be evaluated from data rows,Row-dependent; In-facility/Outreach/Total column must be evaluated from data rows,,Do not infer from headers alone,Do not combine Total rows with corresponding in-facility/outreach component rows
HMIS-RPTCOL-JH-0391,14.13.1.b,Number of women provided - Free Diet under JSSK,HMIS-DE-0529,Row-dependent; Facility Type column must be evaluated from data rows,Row-dependent; Format Type column must be evaluated from data rows,Row-dependent; In-facility/Outreach/Total column must be evaluated from data rows,CHC; Civil Hospital / SDH; District Hospital; HWC-PHC; HWC-SC; Medical College,Do not infer from headers alone,Do not combine Total rows with corresponding in-facility/outreach component rows
HMIS-RPTCOL-JH-0392,14.13.1.c.i,Number of pregnant women provided free diagnostics during ANC period under JSSK,HMIS-DE-0473,Row-dependent; Facility Type column must be evaluated from data rows,Row-dependent; Format Type column must be evaluated from data rows,Row-dependent; In-facility/Outreach/Total column must be evaluated from data rows,CHC; Civil Hospital / SDH; District Hospital; HWC-PHC; HWC-SC; Medical College,Do not infer from headers alone,Do not combine Total rows with corresponding in-facility/outreach component rows
HMIS-RPTCOL-JH-0393,14.13.1.c.ii,Number of Pregnant women provided free diagnostics during delivery under JSSK,,Row-dependent; Facility Type column must be evaluated from data rows,Row-dependent; Format Type column must be evaluated from data rows,Row-dependent; In-facility/Outreach/Total column must be evaluated from data rows,,Do not infer from headers alone,Do not combine Total rows with corresponding in-facility/outreach component rows
HMIS-RPTCOL-JH-0394,14.13.1.c.iii,Number of PNC mothers provided free diagnostics under JSSK,,Row-dependent; Facility Type column must be evaluated from data rows,Row-dependent; Format Type column must be evaluated from data rows,Row-dependent; In-facility/Outreach/Total column must be evaluated from data rows,,Do not infer from headers alone,Do not combine Total rows with corresponding in-facility/outreach component rows
HMIS-RPTCOL-JH-0395,14.13.1.d,Number ofpregnant women provided - Free Home to facility transport for conducting delivery under JSSK,HMIS-DE-0471,Row-dependent; Facility Type column must be evaluated from data rows,Row-dependent; Format Type column must be evaluated from data rows,Row-dependent; In-facility/Outreach/Total column must be evaluated from data rows,CHC; Civil Hospital / SDH; District Hospital; HWC-PHC; HWC-SC; Medical College,Do not infer from headers alone,Do not combine Total rows with corresponding in-facility/outreach component rows
HMIS-RPTCOL-JH-0396,14.13.1.e,Number of pregnant women provided - Interfacility transfers when needed during delivery under JSSK(in case of referral),HMIS-DE-0472,Row-dependent; Facility Type column must be evaluated from data rows,Row-dependent; Format Type column must be evaluated from data rows,Row-dependent; In-facility/Outreach/Total column must be evaluated from data rows,CHC; Civil Hospital / SDH; District Hospital; HWC-PHC; HWC-SC; Medical College,Do not infer from headers alone,Do not combine Total rows with corresponding in-facility/outreach component rows
HMIS-RPTCOL-JH-0397,14.13.1.f,Number of PNC mothers provided - Free Drop Back home after delivery under JSSK,HMIS-DE-0450,Row-dependent; Facility Type column must be evaluated from data rows,Row-dependent; Format Type column must be evaluated from data rows,Row-dependent; In-facility/Outreach/Total column must be evaluated from data rows,CHC; Civil Hospital / SDH; District Hospital; HWC-PHC; HWC-SC; Medical College,Do not infer from headers alone,Do not combine Total rows with corresponding in-facility/outreach component rows
HMIS-RPTCOL-JH-0398,14.13.2.a,Number of infants admitted at facility due to any sickness- JSSK Beneficiaries,HMIS-DE-0387,Row-dependent; Facility Type column must be evaluated from data rows,Row-dependent; Format Type column must be evaluated from data rows,Row-dependent; In-facility/Outreach/Total column must be evaluated from data rows,CHC; Civil Hospital / SDH; District Hospital; HWC-PHC; HWC-SC; Medical College,Do not infer from headers alone,Do not combine Total rows with corresponding in-facility/outreach component rows
HMIS-RPTCOL-JH-0399,14.13.2.b,Number of sick infants provided - Free Medicines under JSSK,HMIS-DE-0512,Row-dependent; Facility Type column must be evaluated from data rows,Row-dependent; Format Type column must be evaluated from data rows,Row-dependent; In-facility/Outreach/Total column must be evaluated from data rows,CHC; Civil Hospital / SDH; District Hospital; HWC-PHC; HWC-SC; Medical College,Do not infer from headers alone,Do not combine Total rows with corresponding in-facility/outreach component rows
HMIS-RPTCOL-JH-0400,14.13.2.c,Number of sick infants provided - Free Diagnostics under JSSK,HMIS-DE-0510,Row-dependent; Facility Type column must be evaluated from data rows,Row-dependent; Format Type column must be evaluated from data rows,Row-dependent; In-facility/Outreach/Total column must be evaluated from data rows,CHC; Civil Hospital / SDH; District Hospital; HWC-PHC; Medical College,Do not infer from headers alone,Do not combine Total rows with corresponding in-facility/outreach component rows
HMIS-RPTCOL-JH-0401,14.13.2.d,Number of sick infants provided - Free Home to facility transport under JSSK,HMIS-DE-0511,Row-dependent; Facility Type column must be evaluated from data rows,Row-dependent; Format Type column must be evaluated from data rows,Row-dependent; In-facility/Outreach/Total column must be evaluated from data rows,CHC; Civil Hospital / SDH; District Hospital; HWC-PHC; HWC-SC; Medical College,Do not infer from headers alone,Do not combine Total rows with corresponding in-facility/outreach component rows
HMIS-RPTCOL-JH-0402,14.13.2.e,Number of infants received free referral transport under JSSK,HMIS-DE-0388,Row-dependent; Facility Type column must be evaluated from data rows,Row-dependent; Format Type column must be evaluated from data rows,Row-dependent; In-facility/Outreach/Total column must be evaluated from data rows,CHC; Civil Hospital / SDH; District Hospital; HWC-PHC; HWC-SC; Medical College,Do not infer from headers alone,Do not combine Total rows with corresponding in-facility/outreach component rows
HMIS-RPTCOL-JH-0403,14.14.1,Number of sick SAM children admitted in standalone/ integrated NRC,HMIS-DE-0513,Row-dependent; Facility Type column must be evaluated from data rows,Row-dependent; Format Type column must be evaluated from data rows,Row-dependent; In-facility/Outreach/Total column must be evaluated from data rows,CHC; Civil Hospital / SDH; District Hospital; HWC-PHC; Medical College,Do not infer from headers alone,Do not combine Total rows with corresponding in-facility/outreach component rows
HMIS-RPTCOL-JH-0404,14.14.2,Number of sick SAM children referred to standalone/ integrated NRC by Frontline Workers (AWW/ ASHA/ ANM),HMIS-DE-0514,Row-dependent; Facility Type column must be evaluated from data rows,Row-dependent; Format Type column must be evaluated from data rows,Row-dependent; In-facility/Outreach/Total column must be evaluated from data rows,CHC; Civil Hospital / SDH; District Hospital; HWC-PHC; Medical College,Do not infer from headers alone,Do not combine Total rows with corresponding in-facility/outreach component rows
HMIS-RPTCOL-JH-0405,14.14.3,Number of sick SAM children referred to standalone/ integrated NRC from IPD/OPD of other Health Facility (PHC/CHC/SDH/DH/other NRC),HMIS-DE-0515,Row-dependent; Facility Type column must be evaluated from data rows,Row-dependent; Format Type column must be evaluated from data rows,Row-dependent; In-facility/Outreach/Total column must be evaluated from data rows,CHC; Civil Hospital / SDH; District Hospital; HWC-PHC; Medical College,Do not infer from headers alone,Do not combine Total rows with corresponding in-facility/outreach component rows
HMIS-RPTCOL-JH-0406,14.14.4,Number of children Referred to standalone/ integrated NRC by RBSK Team,HMIS-DE-0323,Row-dependent; Facility Type column must be evaluated from data rows,Row-dependent; Format Type column must be evaluated from data rows,Row-dependent; In-facility/Outreach/Total column must be evaluated from data rows,CHC; Civil Hospital / SDH; District Hospital; HWC-PHC; Medical College,Do not infer from headers alone,Do not combine Total rows with corresponding in-facility/outreach component rows
HMIS-RPTCOL-JH-0407,14.14.5,Number of SAM children discharged from standalone/ integrated NRC who met the discharge criteria,HMIS-DE-0507,Row-dependent; Facility Type column must be evaluated from data rows,Row-dependent; Format Type column must be evaluated from data rows,Row-dependent; In-facility/Outreach/Total column must be evaluated from data rows,CHC; Civil Hospital / SDH; District Hospital; HWC-PHC; Medical College,Do not infer from headers alone,Do not combine Total rows with corresponding in-facility/outreach component rows
HMIS-RPTCOL-JH-0408,14.14.6,Number of admitted children left against medical advice (LAMA) / defaulter,HMIS-DE-0275,Row-dependent; Facility Type column must be evaluated from data rows,Row-dependent; Format Type column must be evaluated from data rows,Row-dependent; In-facility/Outreach/Total column must be evaluated from data rows,CHC; Civil Hospital / SDH; District Hospital; HWC-PHC; Medical College,Do not infer from headers alone,Do not combine Total rows with corresponding in-facility/outreach component rows
HMIS-RPTCOL-JH-0409,14.14.7,Number of children died while admitted in standalone/ intergrated NRC,HMIS-DE-0315,Row-dependent; Facility Type column must be evaluated from data rows,Row-dependent; Format Type column must be evaluated from data rows,Row-dependent; In-facility/Outreach/Total column must be evaluated from data rows,CHC; Civil Hospital / SDH; District Hospital; HWC-PHC; Medical College,Do not infer from headers alone,Do not combine Total rows with corresponding in-facility/outreach component rows
HMIS-RPTCOL-JH-0410,14.14.8,Number of children who completed all four post discharge follow-ups,HMIS-DE-0327,Row-dependent; Facility Type column must be evaluated from data rows,Row-dependent; Format Type column must be evaluated from data rows,Row-dependent; In-facility/Outreach/Total column must be evaluated from data rows,CHC; Civil Hospital / SDH; District Hospital; HWC-PHC; Medical College,Do not infer from headers alone,Do not combine Total rows with corresponding in-facility/outreach component rows
HMIS-RPTCOL-JH-0411,14.14.9,Number of sick SAM children treated and admitted in the pediatric facility (other than standalone/ integrated NRC),HMIS-DE-0516,Row-dependent; Facility Type column must be evaluated from data rows,Row-dependent; Format Type column must be evaluated from data rows,Row-dependent; In-facility/Outreach/Total column must be evaluated from data rows,CHC; Civil Hospital / SDH; District Hospital; HWC-PHC; Medical College,Do not infer from headers alone,Do not combine Total rows with corresponding in-facility/outreach component rows
HMIS-RPTCOL-JH-0412,14.14.10,In-Patient Head Count at midnight for standalone/ integrated NRC,HMIS-DE-0153,Row-dependent; Facility Type column must be evaluated from data rows,Row-dependent; Format Type column must be evaluated from data rows,Row-dependent; In-facility/Outreach/Total column must be evaluated from data rows,CHC; Civil Hospital / SDH; District Hospital; HWC-PHC; Medical College,Do not infer from headers alone,Do not combine Total rows with corresponding in-facility/outreach component rows
HMIS-RPTCOL-JH-0413,14.15.1,Number of Rogi Kalyan Samiti (RKS) meetings held,HMIS-DE-0506,Row-dependent; Facility Type column must be evaluated from data rows,Row-dependent; Format Type column must be evaluated from data rows,Row-dependent; In-facility/Outreach/Total column must be evaluated from data rows,CHC; Civil Hospital / SDH; District Hospital; HWC-PHC; Medical College,Do not infer from headers alone,Do not combine Total rows with corresponding in-facility/outreach component rows
HMIS-RPTCOL-JH-0414,14.15.2,Number of Jan Arogya Samiti (JAS) meetings held,HMIS-DE-0393,Row-dependent; Facility Type column must be evaluated from data rows,Row-dependent; Format Type column must be evaluated from data rows,Row-dependent; In-facility/Outreach/Total column must be evaluated from data rows,HWC-PHC; HWC-SC,Do not infer from headers alone,Do not combine Total rows with corresponding in-facility/outreach component rows
HMIS-RPTCOL-JH-0415,14.16,Number of Anganwadi centres reported to have conducted atleast one Village Health & Nutrition Day (VHNDs)/UHND/ Outreach / Special Outreach sessions,HMIS-DE-0289,Row-dependent; Facility Type column must be evaluated from data rows,Row-dependent; Format Type column must be evaluated from data rows,Row-dependent; In-facility/Outreach/Total column must be evaluated from data rows,CHC; Civil Hospital / SDH; District Hospital; HWC-PHC; HWC-SC,Do not infer from headers alone,Do not combine Total rows with corresponding in-facility/outreach component rows
HMIS-RPTCOL-JH-0416,14.17,Total number of UHND/VHND sessions conducted in the reporting month,HMIS-DE-0691,Row-dependent; Facility Type column must be evaluated from data rows,Row-dependent; Format Type column must be evaluated from data rows,Row-dependent; In-facility/Outreach/Total column must be evaluated from data rows,CHC; Civil Hospital / SDH; District Hospital; HWC-PHC; HWC-SC,Do not infer from headers alone,Do not combine Total rows with corresponding in-facility/outreach component rows
HMIS-RPTCOL-JH-0417,14.18,Total number of Outreach/Special Outreach camps conducted in the reporting month,HMIS-DE-0686,Row-dependent; Facility Type column must be evaluated from data rows,Row-dependent; Format Type column must be evaluated from data rows,Row-dependent; In-facility/Outreach/Total column must be evaluated from data rows,CHC; Civil Hospital / SDH; District Hospital; HWC-PHC; HWC-SC,Do not infer from headers alone,Do not combine Total rows with corresponding in-facility/outreach component rows
HMIS-RPTCOL-JH-0418,14.18.1,Total number of outreach visits conducted by staff,HMIS-DE-0684,Row-dependent; Facility Type column must be evaluated from data rows,Row-dependent; Format Type column must be evaluated from data rows,Row-dependent; In-facility/Outreach/Total column must be evaluated from data rows,CHC; Civil Hospital / SDH; District Hospital; HWC-PHC; HWC-SC,Do not infer from headers alone,Do not combine Total rows with corresponding in-facility/outreach component rows
HMIS-RPTCOL-JH-0419,14.18.2,Total number of outreach visits made by DMHP team,HMIS-DE-0685,Row-dependent; Facility Type column must be evaluated from data rows,Row-dependent; Format Type column must be evaluated from data rows,Row-dependent; In-facility/Outreach/Total column must be evaluated from data rows,Civil Hospital / SDH; District Hospital; Medical College,Do not infer from headers alone,Do not combine Total rows with corresponding in-facility/outreach component rows
HMIS-RPTCOL-JH-0420,14.18.3,Total number of awareness campaigns/camps conducted for Mental Health,,Row-dependent; Facility Type column must be evaluated from data rows,Row-dependent; Format Type column must be evaluated from data rows,Row-dependent; In-facility/Outreach/Total column must be evaluated from data rows,,Do not infer from headers alone,Do not combine Total rows with corresponding in-facility/outreach component rows
HMIS-RPTCOL-JH-0421,14.19,Patient Satisfaction Score of the facility in percentage (from Mera Aspatal),HMIS-DE-0597,Row-dependent; Facility Type column must be evaluated from data rows,Row-dependent; Format Type column must be evaluated from data rows,Row-dependent; In-facility/Outreach/Total column must be evaluated from data rows,CHC; Civil Hospital / SDH; District Hospital; HWC-PHC; HWC-SC; Medical College,Do not infer from headers alone,Do not combine Total rows with corresponding in-facility/outreach component rows
HMIS-RPTCOL-JH-0422,14.20.1.a,Total number of blood samples screened by ELISA/Rapid tests for viral hepatitis A (IgM Anti- HAV),HMIS-DE-0645,Row-dependent; Facility Type column must be evaluated from data rows,Row-dependent; Format Type column must be evaluated from data rows,Row-dependent; In-facility/Outreach/Total column must be evaluated from data rows,Medical College,Do not infer from headers alone,Do not combine Total rows with corresponding in-facility/outreach component rows
HMIS-RPTCOL-JH-0423,14.20.1.b,Total number of blood samples screened by ELISA/Rapid tests for viral hepatitis B i.e. HBsAg (excluding pregnant women),HMIS-DE-0646,Row-dependent; Facility Type column must be evaluated from data rows,Row-dependent; Format Type column must be evaluated from data rows,Row-dependent; In-facility/Outreach/Total column must be evaluated from data rows,CHC; Civil Hospital / SDH; District Hospital; HWC-PHC; HWC-SC; Medical College,Do not infer from headers alone,Do not combine Total rows with corresponding in-facility/outreach component rows
HMIS-RPTCOL-JH-0424,14.20.1.c,Total number of blood samples screened by ELISA/Rapid tests for viral hepatitis C(Anti- HCV),HMIS-DE-0648,Row-dependent; Facility Type column must be evaluated from data rows,Row-dependent; Format Type column must be evaluated from data rows,Row-dependent; In-facility/Outreach/Total column must be evaluated from data rows,CHC; Civil Hospital / SDH; District Hospital; HWC-PHC; Medical College,Do not infer from headers alone,Do not combine Total rows with corresponding in-facility/outreach component rows
HMIS-RPTCOL-JH-0425,14.20.1.d,Total number of blood samples screened by ELISA/Rapid tests for viral hepatitis E(i.e. IgM Anti-HEV),HMIS-DE-0650,Row-dependent; Facility Type column must be evaluated from data rows,Row-dependent; Format Type column must be evaluated from data rows,Row-dependent; In-facility/Outreach/Total column must be evaluated from data rows,District Hospital,Do not infer from headers alone,Do not combine Total rows with corresponding in-facility/outreach component rows
HMIS-RPTCOL-JH-0426,14.20.2.a,Total number of blood samples tested positive by ELISA/ Rapid tests for Hepatitis A (out of those tested for IgM Anti- HAV),HMIS-DE-0651,Row-dependent; Facility Type column must be evaluated from data rows,Row-dependent; Format Type column must be evaluated from data rows,Row-dependent; In-facility/Outreach/Total column must be evaluated from data rows,Medical College,Do not infer from headers alone,Do not combine Total rows with corresponding in-facility/outreach component rows
HMIS-RPTCOL-JH-0427,14.20.2.b,Total number of blood samples tested positive by ELISA/ Rapid tests for Hepatitis B (out of those tested for HBsAg excluding pregnant women),HMIS-DE-0652,Row-dependent; Facility Type column must be evaluated from data rows,Row-dependent; Format Type column must be evaluated from data rows,Row-dependent; In-facility/Outreach/Total column must be evaluated from data rows,CHC; Civil Hospital / SDH; District Hospital; HWC-PHC; HWC-SC; Medical College,Do not infer from headers alone,Do not combine Total rows with corresponding in-facility/outreach component rows
HMIS-RPTCOL-JH-0428,14.20.2.b.i,Total number of positive blood samples for hepatitis B by ELISA/ Rapid tests tested for HBV DNA(out of those tested positive for HBsAg excluding pregnant women),HMIS-DE-0687,Row-dependent; Facility Type column must be evaluated from data rows,Row-dependent; Format Type column must be evaluated from data rows,Row-dependent; In-facility/Outreach/Total column must be evaluated from data rows,CHC; Civil Hospital / SDH; HWC-PHC; Medical College,Do not infer from headers alone,Do not combine Total rows with corresponding in-facility/outreach component rows
HMIS-RPTCOL-JH-0429,14.20.2.b.ii,Total number of patients found positive for HBsAg eligible for treatment for hepatitis B (excluding pregnant women),,Row-dependent; Facility Type column must be evaluated from data rows,Row-dependent; Format Type column must be evaluated from data rows,Row-dependent; In-facility/Outreach/Total column must be evaluated from data rows,,Do not infer from headers alone,Do not combine Total rows with corresponding in-facility/outreach component rows
HMIS-RPTCOL-JH-0430,14.20.2.b.iii,Total number of patients eligible for treatment for Hepatitis B put on treatment(out of those eligible for treatment excluding pregnant women),,Row-dependent; Facility Type column must be evaluated from data rows,Row-dependent; Format Type column must be evaluated from data rows,Row-dependent; In-facility/Outreach/Total column must be evaluated from data rows,,Do not infer from headers alone,Do not combine Total rows with corresponding in-facility/outreach component rows
HMIS-RPTCOL-JH-0431,14.20.2.c,Total number of blood samples tested positive by ELISA/ Rapid tests for Hepatitis C (out of those tested for Anti-HCV),HMIS-DE-0653,Row-dependent; Facility Type column must be evaluated from data rows,Row-dependent; Format Type column must be evaluated from data rows,Row-dependent; In-facility/Outreach/Total column must be evaluated from data rows,CHC; Civil Hospital / SDH; District Hospital; HWC-PHC; HWC-SC; Medical College,Do not infer from headers alone,Do not combine Total rows with corresponding in-facility/outreach component rows
HMIS-RPTCOL-JH-0432,14.20.2.c.i,Total number of positive blood samples for Hepatitis C screened by test (ELISA/ Rapid tests) confirmed by HCV RNA testing (out of those positive for anti-HCV),HMIS-DE-0688,Row-dependent; Facility Type column must be evaluated from data rows,Row-dependent; Format Type column must be evaluated from data rows,Row-dependent; In-facility/Outreach/Total column must be evaluated from data rows,CHC; Civil Hospital / SDH; District Hospital; HWC-PHC; Medical College,Do not infer from headers alone,Do not combine Total rows with corresponding in-facility/outreach component rows
HMIS-RPTCOL-JH-0433,14.20.2.c.ii,Total number of patients put on treatment for Hepatitis C (out of those confirmed by HCV RNA i.e. HCV RNA detected),,Row-dependent; Facility Type column must be evaluated from data rows,Row-dependent; Format Type column must be evaluated from data rows,Row-dependent; In-facility/Outreach/Total column must be evaluated from data rows,,Do not infer from headers alone,Do not combine Total rows with corresponding in-facility/outreach component rows
HMIS-RPTCOL-JH-0434,14.20.2.c.iii,Total number of positive Hepatitis C patients who have completed treatment,,Row-dependent; Facility Type column must be evaluated from data rows,Row-dependent; Format Type column must be evaluated from data rows,Row-dependent; In-facility/Outreach/Total column must be evaluated from data rows,,Do not infer from headers alone,Do not combine Total rows with corresponding in-facility/outreach component rows
HMIS-RPTCOL-JH-0435,14.20.2.c.iv,Total number of patients cleared for HCV RNA on sustained virological response at 12 weeks (SVR12),,Row-dependent; Facility Type column must be evaluated from data rows,Row-dependent; Format Type column must be evaluated from data rows,Row-dependent; In-facility/Outreach/Total column must be evaluated from data rows,,Do not infer from headers alone,Do not combine Total rows with corresponding in-facility/outreach component rows
HMIS-RPTCOL-JH-0436,14.20.2.d,Total number of blood samples tested positive by ELISA/ Rapid tests for Hepatitis E(out of those tested for IgM Anti-HEV),HMIS-DE-0654,Row-dependent; Facility Type column must be evaluated from data rows,Row-dependent; Format Type column must be evaluated from data rows,Row-dependent; In-facility/Outreach/Total column must be evaluated from data rows,District Hospital; Medical College,Do not infer from headers alone,Do not combine Total rows with corresponding in-facility/outreach component rows
HMIS-RPTCOL-JH-0437,14.20.3.a,Number of Pregnant Women tested for HBsAg,HMIS-DE-0477,Row-dependent; Facility Type column must be evaluated from data rows,Row-dependent; Format Type column must be evaluated from data rows,Row-dependent; In-facility/Outreach/Total column must be evaluated from data rows,CHC; Civil Hospital / SDH; District Hospital; HWC-PHC; HWC-SC; Medical College,Do not infer from headers alone,Do not combine Total rows with corresponding in-facility/outreach component rows
HMIS-RPTCOL-JH-0438,14.20.3.b,Number of Pregnant Women who are HBsAg positive(out of those tested for Hepatitis B i.e. HBsAg),HMIS-DE-0481,Row-dependent; Facility Type column must be evaluated from data rows,Row-dependent; Format Type column must be evaluated from data rows,Row-dependent; In-facility/Outreach/Total column must be evaluated from data rows,CHC; Civil Hospital / SDH; District Hospital; HWC-PHC; Medical College,Do not infer from headers alone,Do not combine Total rows with corresponding in-facility/outreach component rows
HMIS-RPTCOL-JH-0439,14.20.3.c,Number of Pregnant Women found positive for HBsAg referred out to higher centre for institutional delivery,HMIS-DE-0464,Row-dependent; Facility Type column must be evaluated from data rows,Row-dependent; Format Type column must be evaluated from data rows,Row-dependent; In-facility/Outreach/Total column must be evaluated from data rows,CHC; Civil Hospital / SDH; District Hospital; HWC-PHC; HWC-SC; Medical College,Do not infer from headers alone,Do not combine Total rows with corresponding in-facility/outreach component rows
HMIS-RPTCOL-JH-0440,14.20.3.d,Number of Pregnant Women found positive for HBsAg delivered in an institution,HMIS-DE-0463,Row-dependent; Facility Type column must be evaluated from data rows,Row-dependent; Format Type column must be evaluated from data rows,Row-dependent; In-facility/Outreach/Total column must be evaluated from data rows,CHC; Civil Hospital / SDH; District Hospital; HWC-PHC; Medical College,Do not infer from headers alone,Do not combine Total rows with corresponding in-facility/outreach component rows
HMIS-RPTCOL-JH-0441,14.20.3.e,Number of newborn who received birth dose of Hepatitis B vaccine born to HBsAg positive pregnant women,HMIS-DE-0426,Row-dependent; Facility Type column must be evaluated from data rows,Row-dependent; Format Type column must be evaluated from data rows,Row-dependent; In-facility/Outreach/Total column must be evaluated from data rows,CHC; Civil Hospital / SDH; District Hospital; HWC-PHC; HWC-SC; Medical College,Do not infer from headers alone,Do not combine Total rows with corresponding in-facility/outreach component rows
HMIS-RPTCOL-JH-0442,14.20.3.f,Number of New Borns to Pregnant Women (found positive for HBsAg) received Hepatitis B Immunoglobulin (HBIG) (within 24 hours of birth),HMIS-DE-0423,Row-dependent; Facility Type column must be evaluated from data rows,Row-dependent; Format Type column must be evaluated from data rows,Row-dependent; In-facility/Outreach/Total column must be evaluated from data rows,CHC; Civil Hospital / SDH; District Hospital; HWC-PHC; Medical College,Do not infer from headers alone,Do not combine Total rows with corresponding in-facility/outreach component rows
HMIS-RPTCOL-JH-0443,15.1.1,Total Number of Lab Tests done- Inhouse (including kits tests conducted in Laboratory),HMIS-DE-0676,Row-dependent; Facility Type column must be evaluated from data rows,Row-dependent; Format Type column must be evaluated from data rows,Row-dependent; In-facility/Outreach/Total column must be evaluated from data rows,CHC; Civil Hospital / SDH; District Hospital; HWC-PHC; HWC-SC; Medical College,Do not infer from headers alone,Do not combine Total rows with corresponding in-facility/outreach component rows
HMIS-RPTCOL-JH-0444,15.1.2,Total Number of Lab Tests done- Outsourced (including kits tests conducted in Laboratory),HMIS-DE-0677,Row-dependent; Facility Type column must be evaluated from data rows,Row-dependent; Format Type column must be evaluated from data rows,Row-dependent; In-facility/Outreach/Total column must be evaluated from data rows,CHC; Civil Hospital / SDH; District Hospital; HWC-PHC; HWC-SC; Medical College,Do not infer from headers alone,Do not combine Total rows with corresponding in-facility/outreach component rows
HMIS-RPTCOL-JH-0445,15.1.3,Total Number of Kit Tests conducted in Outreach areas/Camps/in-facility(outside lab),HMIS-DE-0674,Row-dependent; Facility Type column must be evaluated from data rows,Row-dependent; Format Type column must be evaluated from data rows,Row-dependent; In-facility/Outreach/Total column must be evaluated from data rows,CHC; Civil Hospital / SDH; District Hospital; HWC-PHC; Medical College,Do not infer from headers alone,Do not combine Total rows with corresponding in-facility/outreach component rows
HMIS-RPTCOL-JH-0446,15.2.1,Number of Hb tests conducted including kit tests,HMIS-DE-0367,Row-dependent; Facility Type column must be evaluated from data rows,Row-dependent; Format Type column must be evaluated from data rows,Row-dependent; In-facility/Outreach/Total column must be evaluated from data rows,CHC; Civil Hospital / SDH; District Hospital; HWC-PHC; HWC-SC; Medical College,Do not infer from headers alone,Do not combine Total rows with corresponding in-facility/outreach component rows
HMIS-RPTCOL-JH-0447,15.2.2,"Out of the total number of Hb tests done, Number having Hb < 7 mg",HMIS-DE-0574,Row-dependent; Facility Type column must be evaluated from data rows,Row-dependent; Format Type column must be evaluated from data rows,Row-dependent; In-facility/Outreach/Total column must be evaluated from data rows,CHC; Civil Hospital / SDH; District Hospital; HWC-PHC; HWC-SC; Medical College,Do not infer from headers alone,Do not combine Total rows with corresponding in-facility/outreach component rows
HMIS-RPTCOL-JH-0448,15.3.1.a,Number of males screened for HIV by Whole Blood Finger Prick/RDT test/POC test,HMIS-DE-0403,Row-dependent; Facility Type column must be evaluated from data rows,Row-dependent; Format Type column must be evaluated from data rows,Row-dependent; In-facility/Outreach/Total column must be evaluated from data rows,CHC; Civil Hospital / SDH; District Hospital; HWC-PHC; HWC-SC; Medical College,Do not infer from headers alone,Do not combine Total rows with corresponding in-facility/outreach component rows
HMIS-RPTCOL-JH-0449,15.3.1.b,"Out of the above, No. of males found reactive for HIV",HMIS-DE-0556,Row-dependent; Facility Type column must be evaluated from data rows,Row-dependent; Format Type column must be evaluated from data rows,Row-dependent; In-facility/Outreach/Total column must be evaluated from data rows,CHC; Civil Hospital / SDH; District Hospital; HWC-PHC; HWC-SC; Medical College,Do not infer from headers alone,Do not combine Total rows with corresponding in-facility/outreach component rows
HMIS-RPTCOL-JH-0450,15.3.1.c,No. of males subjected to HIV test at Confirmatory Centre/Stand Alone-ICTC,HMIS-DE-0263,Row-dependent; Facility Type column must be evaluated from data rows,Row-dependent; Format Type column must be evaluated from data rows,Row-dependent; In-facility/Outreach/Total column must be evaluated from data rows,CHC; Civil Hospital / SDH; District Hospital; HWC-PHC; HWC-SC; Medical College,Do not infer from headers alone,Do not combine Total rows with corresponding in-facility/outreach component rows
HMIS-RPTCOL-JH-0451,15.3.1.d,"Out of the above, No. of males confirmed as HIV Positive",HMIS-DE-0555,Row-dependent; Facility Type column must be evaluated from data rows,Row-dependent; Format Type column must be evaluated from data rows,Row-dependent; In-facility/Outreach/Total column must be evaluated from data rows,CHC; Civil Hospital / SDH; District Hospital; HWC-PHC; HWC-SC; Medical College,Do not infer from headers alone,Do not combine Total rows with corresponding in-facility/outreach component rows
HMIS-RPTCOL-JH-0452,15.3.2.a,Number of females (non-ANC) screened for HIV by Whole Blood Finger Prick/RDT test/POC test,HMIS-DE-0356,Row-dependent; Facility Type column must be evaluated from data rows,Row-dependent; Format Type column must be evaluated from data rows,Row-dependent; In-facility/Outreach/Total column must be evaluated from data rows,CHC; Civil Hospital / SDH; District Hospital; HWC-PHC; HWC-SC; Medical College,Do not infer from headers alone,Do not combine Total rows with corresponding in-facility/outreach component rows
HMIS-RPTCOL-JH-0453,15.3.2.b,"Out of the above, No. of females (non-ANC) found reactive for HIV",HMIS-DE-0552,Row-dependent; Facility Type column must be evaluated from data rows,Row-dependent; Format Type column must be evaluated from data rows,Row-dependent; In-facility/Outreach/Total column must be evaluated from data rows,CHC; Civil Hospital / SDH; District Hospital; HWC-PHC; HWC-SC; Medical College,Do not infer from headers alone,Do not combine Total rows with corresponding in-facility/outreach component rows
HMIS-RPTCOL-JH-0454,15.3.2.c,No. of females (non-ANC) subjected to HIV test at Confirmatory Centre/Stand Alone-ICTC,HMIS-DE-0256,Row-dependent; Facility Type column must be evaluated from data rows,Row-dependent; Format Type column must be evaluated from data rows,Row-dependent; In-facility/Outreach/Total column must be evaluated from data rows,CHC; Civil Hospital / SDH; District Hospital; HWC-PHC; HWC-SC; Medical College,Do not infer from headers alone,Do not combine Total rows with corresponding in-facility/outreach component rows
HMIS-RPTCOL-JH-0455,15.3.2.d,"Out of the above, No. of females (non-ANC) confirmed as HIV Positive",HMIS-DE-0551,Row-dependent; Facility Type column must be evaluated from data rows,Row-dependent; Format Type column must be evaluated from data rows,Row-dependent; In-facility/Outreach/Total column must be evaluated from data rows,CHC; Civil Hospital / SDH; District Hospital; HWC-PHC; HWC-SC; Medical College,Do not infer from headers alone,Do not combine Total rows with corresponding in-facility/outreach component rows
HMIS-RPTCOL-JH-0456,15.3.3.a,Number of Pregnant Women (PW-ANC) screened for HIV by Whole Blood Finger Prick/RDT test/POC test,HMIS-DE-0462,Row-dependent; Facility Type column must be evaluated from data rows,Row-dependent; Format Type column must be evaluated from data rows,Row-dependent; In-facility/Outreach/Total column must be evaluated from data rows,CHC; Civil Hospital / SDH; District Hospital; HWC-PHC; HWC-SC; Medical College,Do not infer from headers alone,Do not combine Total rows with corresponding in-facility/outreach component rows
HMIS-RPTCOL-JH-0457,15.3.3.b,"Out of the above, No. of PW(ANC) found reactive for HIV",HMIS-DE-0558,Row-dependent; Facility Type column must be evaluated from data rows,Row-dependent; Format Type column must be evaluated from data rows,Row-dependent; In-facility/Outreach/Total column must be evaluated from data rows,CHC; Civil Hospital / SDH; District Hospital; HWC-PHC; HWC-SC; Medical College,Do not infer from headers alone,Do not combine Total rows with corresponding in-facility/outreach component rows
HMIS-RPTCOL-JH-0458,15.3.3.c,No. of PW(ANC) subjected to HIV test at Confirmatory Centre/Stand Alone-ICTC,HMIS-DE-0268,Row-dependent; Facility Type column must be evaluated from data rows,Row-dependent; Format Type column must be evaluated from data rows,Row-dependent; In-facility/Outreach/Total column must be evaluated from data rows,CHC; Civil Hospital / SDH; District Hospital; HWC-PHC; Medical College,Do not infer from headers alone,Do not combine Total rows with corresponding in-facility/outreach component rows
HMIS-RPTCOL-JH-0459,15.3.3.d,"Out of the above, No. of PW(ANC) confirmed as HIV Positive",HMIS-DE-0557,Row-dependent; Facility Type column must be evaluated from data rows,Row-dependent; Format Type column must be evaluated from data rows,Row-dependent; In-facility/Outreach/Total column must be evaluated from data rows,CHC; Civil Hospital / SDH; District Hospital; HWC-PHC; HWC-SC; Medical College,Do not infer from headers alone,Do not combine Total rows with corresponding in-facility/outreach component rows
HMIS-RPTCOL-JH-0460,15.3.3.e,Number of DIL women screened for HIV by Whole Blood Finger Prick/RDT test/POC test,HMIS-DE-0351,Row-dependent; Facility Type column must be evaluated from data rows,Row-dependent; Format Type column must be evaluated from data rows,Row-dependent; In-facility/Outreach/Total column must be evaluated from data rows,CHC; Civil Hospital / SDH; District Hospital; HWC-PHC; Medical College,Do not infer from headers alone,Do not combine Total rows with corresponding in-facility/outreach component rows
HMIS-RPTCOL-JH-0461,15.3.3.f,"Out of the above, No. of DIL women found reactive for HIV",HMIS-DE-0550,Row-dependent; Facility Type column must be evaluated from data rows,Row-dependent; Format Type column must be evaluated from data rows,Row-dependent; In-facility/Outreach/Total column must be evaluated from data rows,CHC; Civil Hospital / SDH; District Hospital; HWC-PHC; Medical College,Do not infer from headers alone,Do not combine Total rows with corresponding in-facility/outreach component rows
HMIS-RPTCOL-JH-0462,15.3.3.g,No. of DIL women subjected to HIV test at Confirmatory Centre/Stand Alone-ICTC,HMIS-DE-0254,Row-dependent; Facility Type column must be evaluated from data rows,Row-dependent; Format Type column must be evaluated from data rows,Row-dependent; In-facility/Outreach/Total column must be evaluated from data rows,CHC; Civil Hospital / SDH; District Hospital; Medical College,Do not infer from headers alone,Do not combine Total rows with corresponding in-facility/outreach component rows
HMIS-RPTCOL-JH-0463,15.3.3.h,"Out of the above, No. of DIL women confirmed as HIV Positive",HMIS-DE-0549,Row-dependent; Facility Type column must be evaluated from data rows,Row-dependent; Format Type column must be evaluated from data rows,Row-dependent; In-facility/Outreach/Total column must be evaluated from data rows,Civil Hospital / SDH; District Hospital; Medical College,Do not infer from headers alone,Do not combine Total rows with corresponding in-facility/outreach component rows
HMIS-RPTCOL-JH-0464,15.3.3.i,Number of Pregnant Women (ANC&DIL) screened for HIV more than once(Repeated testing),HMIS-DE-0461,Row-dependent; Facility Type column must be evaluated from data rows,Row-dependent; Format Type column must be evaluated from data rows,Row-dependent; In-facility/Outreach/Total column must be evaluated from data rows,Civil Hospital / SDH; District Hospital; HWC-PHC; HWC-SC; Medical College,Do not infer from headers alone,Do not combine Total rows with corresponding in-facility/outreach component rows
HMIS-RPTCOL-JH-0465,15.3.4.a,Number of H/TG people screened for HIV by Whole Blood Finger Prick/RDT test/POC test,HMIS-DE-0366,Row-dependent; Facility Type column must be evaluated from data rows,Row-dependent; Format Type column must be evaluated from data rows,Row-dependent; In-facility/Outreach/Total column must be evaluated from data rows,CHC; Civil Hospital / SDH; District Hospital; HWC-PHC; HWC-SC; Medical College,Do not infer from headers alone,Do not combine Total rows with corresponding in-facility/outreach component rows
HMIS-RPTCOL-JH-0466,15.3.4.b,"Out of the above, No. of H/TG people found reactive for HIV",HMIS-DE-0554,Row-dependent; Facility Type column must be evaluated from data rows,Row-dependent; Format Type column must be evaluated from data rows,Row-dependent; In-facility/Outreach/Total column must be evaluated from data rows,CHC; Civil Hospital / SDH; District Hospital; HWC-PHC; HWC-SC; Medical College,Do not infer from headers alone,Do not combine Total rows with corresponding in-facility/outreach component rows
HMIS-RPTCOL-JH-0467,15.3.4.c,No. of H/TG people subjected to HIV test at Confirmatory Centre/Stand Alone-ICTC,HMIS-DE-0258,Row-dependent; Facility Type column must be evaluated from data rows,Row-dependent; Format Type column must be evaluated from data rows,Row-dependent; In-facility/Outreach/Total column must be evaluated from data rows,HWC-PHC; HWC-SC,Do not infer from headers alone,Do not combine Total rows with corresponding in-facility/outreach component rows
HMIS-RPTCOL-JH-0468,15.3.4.d,"Out of the above, No. of H/TG people confirmed as HIV Positive",HMIS-DE-0553,Row-dependent; Facility Type column must be evaluated from data rows,Row-dependent; Format Type column must be evaluated from data rows,Row-dependent; In-facility/Outreach/Total column must be evaluated from data rows,CHC; Civil Hospital / SDH; District Hospital; HWC-PHC; HWC-SC; Medical College,Do not infer from headers alone,Do not combine Total rows with corresponding in-facility/outreach component rows
HMIS-RPTCOL-JH-0469,15.4.1.a,Total number of males tested for Syphilis (RPR/VDRL/PoC/ RDT/TPHA),HMIS-DE-0679,Row-dependent; Facility Type column must be evaluated from data rows,Row-dependent; Format Type column must be evaluated from data rows,Row-dependent; In-facility/Outreach/Total column must be evaluated from data rows,CHC; Civil Hospital / SDH; District Hospital; HWC-PHC; HWC-SC; Medical College,Do not infer from headers alone,Do not combine Total rows with corresponding in-facility/outreach component rows
HMIS-RPTCOL-JH-0470,15.4.1.b,"Out of the above, number of males tested reactive for Syphilis (RPR/VDRL/PoC/ RDT/TPHA)",HMIS-DE-0568,Row-dependent; Facility Type column must be evaluated from data rows,Row-dependent; Format Type column must be evaluated from data rows,Row-dependent; In-facility/Outreach/Total column must be evaluated from data rows,CHC; Civil Hospital / SDH; District Hospital; HWC-PHC; HWC-SC; Medical College,Do not infer from headers alone,Do not combine Total rows with corresponding in-facility/outreach component rows
HMIS-RPTCOL-JH-0471,15.4.1.c,"Out of the above, number of males treated for Syphilis",HMIS-DE-0570,Row-dependent; Facility Type column must be evaluated from data rows,Row-dependent; Format Type column must be evaluated from data rows,Row-dependent; In-facility/Outreach/Total column must be evaluated from data rows,CHC; Civil Hospital / SDH; District Hospital; HWC-PHC; HWC-SC; Medical College,Do not infer from headers alone,Do not combine Total rows with corresponding in-facility/outreach component rows
HMIS-RPTCOL-JH-0472,15.4.2.a,Total number of female (non-ANC) tested for Syphilis (RPR/VDRL/PoC/ RDT/TPHA),HMIS-DE-0668,Row-dependent; Facility Type column must be evaluated from data rows,Row-dependent; Format Type column must be evaluated from data rows,Row-dependent; In-facility/Outreach/Total column must be evaluated from data rows,CHC; Civil Hospital / SDH; District Hospital; HWC-PHC; HWC-SC; Medical College,Do not infer from headers alone,Do not combine Total rows with corresponding in-facility/outreach component rows
HMIS-RPTCOL-JH-0473,15.4.2.b,"Out of the above, number of females (non-ANC) tested reactive for Syphilis (RPR/VDRL/PoC/ RDT/TPHA)",HMIS-DE-0561,Row-dependent; Facility Type column must be evaluated from data rows,Row-dependent; Format Type column must be evaluated from data rows,Row-dependent; In-facility/Outreach/Total column must be evaluated from data rows,CHC; Civil Hospital / SDH; District Hospital; HWC-PHC; HWC-SC; Medical College,Do not infer from headers alone,Do not combine Total rows with corresponding in-facility/outreach component rows
HMIS-RPTCOL-JH-0474,15.4.2.c,"Out of the above, number of females (non-ANC) treated for Syphilis",HMIS-DE-0562,Row-dependent; Facility Type column must be evaluated from data rows,Row-dependent; Format Type column must be evaluated from data rows,Row-dependent; In-facility/Outreach/Total column must be evaluated from data rows,CHC; Civil Hospital / SDH; District Hospital; HWC-PHC; HWC-SC; Medical College,Do not infer from headers alone,Do not combine Total rows with corresponding in-facility/outreach component rows
HMIS-RPTCOL-JH-0475,15.4.3.a,Total number of H/TG people tested for Syphilis (RPR/VDRL/PoC/ RDT/TPHA),HMIS-DE-0671,Row-dependent; Facility Type column must be evaluated from data rows,Row-dependent; Format Type column must be evaluated from data rows,Row-dependent; In-facility/Outreach/Total column must be evaluated from data rows,CHC; Civil Hospital / SDH; District Hospital; HWC-PHC; HWC-SC; Medical College,Do not infer from headers alone,Do not combine Total rows with corresponding in-facility/outreach component rows
HMIS-RPTCOL-JH-0476,15.4.3.b,"Out of the above, number of H/TG people tested reactive for Syphilis (RPR/VDRL/PoC/ RDT/TPHA)",HMIS-DE-0564,Row-dependent; Facility Type column must be evaluated from data rows,Row-dependent; Format Type column must be evaluated from data rows,Row-dependent; In-facility/Outreach/Total column must be evaluated from data rows,CHC; Civil Hospital / SDH; District Hospital; HWC-PHC; HWC-SC; Medical College,Do not infer from headers alone,Do not combine Total rows with corresponding in-facility/outreach component rows
HMIS-RPTCOL-JH-0477,15.4.3.c,"Out of the above, number of H/TG people treated for Syphilis",HMIS-DE-0566,Row-dependent; Facility Type column must be evaluated from data rows,Row-dependent; Format Type column must be evaluated from data rows,Row-dependent; In-facility/Outreach/Total column must be evaluated from data rows,CHC; Civil Hospital / SDH; District Hospital; HWC-PHC; HWC-SC; Medical College,Do not infer from headers alone,Do not combine Total rows with corresponding in-facility/outreach component rows
HMIS-RPTCOL-JH-0478,15.5.1,Widal tests- Number Tested,HMIS-DE-0699,Row-dependent; Facility Type column must be evaluated from data rows,Row-dependent; Format Type column must be evaluated from data rows,Row-dependent; In-facility/Outreach/Total column must be evaluated from data rows,CHC; Civil Hospital / SDH; District Hospital; HWC-PHC; Medical College,Do not infer from headers alone,Do not combine Total rows with corresponding in-facility/outreach component rows
HMIS-RPTCOL-JH-0479,15.5.2,Widal tests- Number Positive,HMIS-DE-0698,Row-dependent; Facility Type column must be evaluated from data rows,Row-dependent; Format Type column must be evaluated from data rows,Row-dependent; In-facility/Outreach/Total column must be evaluated from data rows,CHC; Civil Hospital / SDH; District Hospital; HWC-PHC; Medical College,Do not infer from headers alone,Do not combine Total rows with corresponding in-facility/outreach component rows
HMIS-RPTCOL-JH-0480,15.6.1.a.i,X-ray(Inhouse),HMIS-DE-0700,Row-dependent; Facility Type column must be evaluated from data rows,Row-dependent; Format Type column must be evaluated from data rows,Row-dependent; In-facility/Outreach/Total column must be evaluated from data rows,CHC; Civil Hospital / SDH; District Hospital; HWC-PHC; Medical College,Do not infer from headers alone,Do not combine Total rows with corresponding in-facility/outreach component rows
HMIS-RPTCOL-JH-0481,15.6.1.a.i.1,"X-ray(Inhouse)-No. of chest X-rays done on patients with health risks- Diabetes, HIV, Smoking, Alcoholism, low BMI, geriatric population (>60),history of TB, contacts of TB",,Row-dependent; Facility Type column must be evaluated from data rows,Row-dependent; Format Type column must be evaluated from data rows,Row-dependent; In-facility/Outreach/Total column must be evaluated from data rows,,Do not infer from headers alone,Do not combine Total rows with corresponding in-facility/outreach component rows
HMIS-RPTCOL-JH-0482,15.6.1.a.ii,X-ray(Outsource),,Row-dependent; Facility Type column must be evaluated from data rows,Row-dependent; Format Type column must be evaluated from data rows,Row-dependent; In-facility/Outreach/Total column must be evaluated from data rows,,Do not infer from headers alone,Do not combine Total rows with corresponding in-facility/outreach component rows
HMIS-RPTCOL-JH-0483,15.6.1.b.i,Ultrasonography (USG) (Inhouse),HMIS-DE-0696,Row-dependent; Facility Type column must be evaluated from data rows,Row-dependent; Format Type column must be evaluated from data rows,Row-dependent; In-facility/Outreach/Total column must be evaluated from data rows,CHC; Civil Hospital / SDH; District Hospital; HWC-PHC; Medical College,Do not infer from headers alone,Do not combine Total rows with corresponding in-facility/outreach component rows
HMIS-RPTCOL-JH-0484,15.6.1.b.ii,Ultrasonography (USG)(Outsource),,Row-dependent; Facility Type column must be evaluated from data rows,Row-dependent; Format Type column must be evaluated from data rows,Row-dependent; In-facility/Outreach/Total column must be evaluated from data rows,,Do not infer from headers alone,Do not combine Total rows with corresponding in-facility/outreach component rows
HMIS-RPTCOL-JH-0485,15.6.1.c.i,CT scan (Inhouse),HMIS-DE-0097,Row-dependent; Facility Type column must be evaluated from data rows,Row-dependent; Format Type column must be evaluated from data rows,Row-dependent; In-facility/Outreach/Total column must be evaluated from data rows,CHC; Civil Hospital / SDH; District Hospital; Medical College,Do not infer from headers alone,Do not combine Total rows with corresponding in-facility/outreach component rows
HMIS-RPTCOL-JH-0486,15.6.1.c.ii,CT scan (Outsource),,Row-dependent; Facility Type column must be evaluated from data rows,Row-dependent; Format Type column must be evaluated from data rows,Row-dependent; In-facility/Outreach/Total column must be evaluated from data rows,,Do not infer from headers alone,Do not combine Total rows with corresponding in-facility/outreach component rows
HMIS-RPTCOL-JH-0487,15.6.1.d.i,MRI (Inhouse),HMIS-DE-0234,Row-dependent; Facility Type column must be evaluated from data rows,Row-dependent; Format Type column must be evaluated from data rows,Row-dependent; In-facility/Outreach/Total column must be evaluated from data rows,Civil Hospital / SDH; District Hospital; Medical College,Do not infer from headers alone,Do not combine Total rows with corresponding in-facility/outreach component rows
HMIS-RPTCOL-JH-0488,15.6.1.d.ii,MRI (Outsource),,Row-dependent; Facility Type column must be evaluated from data rows,Row-dependent; Format Type column must be evaluated from data rows,Row-dependent; In-facility/Outreach/Total column must be evaluated from data rows,,Do not infer from headers alone,Do not combine Total rows with corresponding in-facility/outreach component rows
HMIS-RPTCOL-JH-0489,15.6.1.e.i,ECG (Inhouse),HMIS-DE-0113,Row-dependent; Facility Type column must be evaluated from data rows,Row-dependent; Format Type column must be evaluated from data rows,Row-dependent; In-facility/Outreach/Total column must be evaluated from data rows,Civil Hospital / SDH; District Hospital; HWC-PHC; Medical College,Do not infer from headers alone,Do not combine Total rows with corresponding in-facility/outreach component rows
HMIS-RPTCOL-JH-0490,15.6.1.e.ii,ECG (Outsource),,Row-dependent; Facility Type column must be evaluated from data rows,Row-dependent; Format Type column must be evaluated from data rows,Row-dependent; In-facility/Outreach/Total column must be evaluated from data rows,,Do not infer from headers alone,Do not combine Total rows with corresponding in-facility/outreach component rows
HMIS-RPTCOL-JH-0491,16.1.1a,New born deaths within 24 hrs(1 to 23 Hrs 59 minutes) of birth at Facility/Facility to facility in transit,HMIS-DE-0246,Row-dependent; Facility Type column must be evaluated from data rows,Row-dependent; Format Type column must be evaluated from data rows,Row-dependent; In-facility/Outreach/Total column must be evaluated from data rows,CHC; Civil Hospital / SDH; District Hospital; HWC-SC; Medical College,Do not infer from headers alone,Do not combine Total rows with corresponding in-facility/outreach component rows
HMIS-RPTCOL-JH-0492,16.1.1.b,New born deaths within 24 hrs(1 to 23 Hrs 59 minutes) of birth in Community (at home or home to facility transit),HMIS-DE-0247,Row-dependent; Facility Type column must be evaluated from data rows,Row-dependent; Format Type column must be evaluated from data rows,Row-dependent; In-facility/Outreach/Total column must be evaluated from data rows,CHC; Civil Hospital / SDH; District Hospital; HWC-PHC; HWC-SC; Medical College,Do not infer from headers alone,Do not combine Total rows with corresponding in-facility/outreach component rows
HMIS-RPTCOL-JH-0493,16.1.2.a,New born deaths within 1 week (1 to 7 days) at Facility/Facility to facility in transit,HMIS-DE-0244,Row-dependent; Facility Type column must be evaluated from data rows,Row-dependent; Format Type column must be evaluated from data rows,Row-dependent; In-facility/Outreach/Total column must be evaluated from data rows,CHC; Civil Hospital / SDH; District Hospital; HWC-PHC; HWC-SC; Medical College,Do not infer from headers alone,Do not combine Total rows with corresponding in-facility/outreach component rows
HMIS-RPTCOL-JH-0494,16.1.2.b,New born deaths within 1 week (1 to 7 days) At Community (at home or home to facility transit),HMIS-DE-0243,Row-dependent; Facility Type column must be evaluated from data rows,Row-dependent; Format Type column must be evaluated from data rows,Row-dependent; In-facility/Outreach/Total column must be evaluated from data rows,CHC; Civil Hospital / SDH; District Hospital; HWC-PHC; HWC-SC; Medical College,Do not infer from headers alone,Do not combine Total rows with corresponding in-facility/outreach component rows
HMIS-RPTCOL-JH-0495,16.1.3.a,New born deaths within 8 to 28 days at Facility/Facility to facility in transit,HMIS-DE-0249,Row-dependent; Facility Type column must be evaluated from data rows,Row-dependent; Format Type column must be evaluated from data rows,Row-dependent; In-facility/Outreach/Total column must be evaluated from data rows,CHC; Civil Hospital / SDH; District Hospital; HWC-PHC; HWC-SC; Medical College,Do not infer from headers alone,Do not combine Total rows with corresponding in-facility/outreach component rows
HMIS-RPTCOL-JH-0496,16.1.3.b,New born deaths within 8 to 28 days At Community (at home or home to facility transit),HMIS-DE-0248,Row-dependent; Facility Type column must be evaluated from data rows,Row-dependent; Format Type column must be evaluated from data rows,Row-dependent; In-facility/Outreach/Total column must be evaluated from data rows,CHC; Civil Hospital / SDH; District Hospital; HWC-PHC; HWC-SC; Medical College,Do not infer from headers alone,Do not combine Total rows with corresponding in-facility/outreach component rows
HMIS-RPTCOL-JH-0497,16.1.4.a,Infant Deaths (>28 days to below 12 months) at Facility/Facility to facility in transit,HMIS-DE-0159,Row-dependent; Facility Type column must be evaluated from data rows,Row-dependent; Format Type column must be evaluated from data rows,Row-dependent; In-facility/Outreach/Total column must be evaluated from data rows,CHC; Civil Hospital / SDH; District Hospital; HWC-PHC; HWC-SC; Medical College,Do not infer from headers alone,Do not combine Total rows with corresponding in-facility/outreach component rows
HMIS-RPTCOL-JH-0498,16.1.4.b,Infant Deaths (>28 days to below 12 months) At Community (at home or home to facility transit),HMIS-DE-0158,Row-dependent; Facility Type column must be evaluated from data rows,Row-dependent; Format Type column must be evaluated from data rows,Row-dependent; In-facility/Outreach/Total column must be evaluated from data rows,CHC; Civil Hospital / SDH; District Hospital; HWC-PHC; HWC-SC; Medical College,Do not infer from headers alone,Do not combine Total rows with corresponding in-facility/outreach component rows
HMIS-RPTCOL-JH-0499,16.2.1,Neonatal Deaths up to 4 weeks (0 to 28 days) due to Sepsis,HMIS-DE-0242,Row-dependent; Facility Type column must be evaluated from data rows,Row-dependent; Format Type column must be evaluated from data rows,Row-dependent; In-facility/Outreach/Total column must be evaluated from data rows,CHC; Civil Hospital / SDH; District Hospital; HWC-PHC; HWC-SC; Medical College,Do not infer from headers alone,Do not combine Total rows with corresponding in-facility/outreach component rows
HMIS-RPTCOL-JH-0500,16.2.2,Neonatal Deaths up to 4 weeks (0 to 28 days) due to Asphyxia,HMIS-DE-0239,Row-dependent; Facility Type column must be evaluated from data rows,Row-dependent; Format Type column must be evaluated from data rows,Row-dependent; In-facility/Outreach/Total column must be evaluated from data rows,CHC; Civil Hospital / SDH; District Hospital; HWC-PHC; HWC-SC; Medical College,Do not infer from headers alone,Do not combine Total rows with corresponding in-facility/outreach component rows
HMIS-RPTCOL-JH-0501,16.2.3,Neonatal Deaths up to 4 weeks (0 to 28 days) due to complications of Prematurity,HMIS-DE-0240,Row-dependent; Facility Type column must be evaluated from data rows,Row-dependent; Format Type column must be evaluated from data rows,Row-dependent; In-facility/Outreach/Total column must be evaluated from data rows,CHC; Civil Hospital / SDH; District Hospital; HWC-PHC; HWC-SC; Medical College,Do not infer from headers alone,Do not combine Total rows with corresponding in-facility/outreach component rows
HMIS-RPTCOL-JH-0502,16.2.4,Neonatal Deaths up to 4 weeks (0 to 28 days) due to Other causes,HMIS-DE-0241,Row-dependent; Facility Type column must be evaluated from data rows,Row-dependent; Format Type column must be evaluated from data rows,Row-dependent; In-facility/Outreach/Total column must be evaluated from data rows,CHC; Civil Hospital / SDH; District Hospital; HWC-PHC; HWC-SC; Medical College,Do not infer from headers alone,Do not combine Total rows with corresponding in-facility/outreach component rows
HMIS-RPTCOL-JH-0503,16.3.1,Number of Infant Deaths (>28 days - below 12 months) due to Pneumonia,HMIS-DE-0381,Row-dependent; Facility Type column must be evaluated from data rows,Row-dependent; Format Type column must be evaluated from data rows,Row-dependent; In-facility/Outreach/Total column must be evaluated from data rows,CHC; Civil Hospital / SDH; District Hospital; HWC-PHC; HWC-SC; Medical College,Do not infer from headers alone,Do not combine Total rows with corresponding in-facility/outreach component rows
HMIS-RPTCOL-JH-0504,16.3.2,Number of Infant Deaths (>28 days - below 12 months) due to Diarrhoea,HMIS-DE-0382,Row-dependent; Facility Type column must be evaluated from data rows,Row-dependent; Format Type column must be evaluated from data rows,Row-dependent; In-facility/Outreach/Total column must be evaluated from data rows,CHC; Civil Hospital / SDH; District Hospital; HWC-PHC; HWC-SC; Medical College,Do not infer from headers alone,Do not combine Total rows with corresponding in-facility/outreach component rows
HMIS-RPTCOL-JH-0505,16.3.3,Number of Infant Deaths (>28 days - below 12 months) due to Fever related,HMIS-DE-0383,Row-dependent; Facility Type column must be evaluated from data rows,Row-dependent; Format Type column must be evaluated from data rows,Row-dependent; In-facility/Outreach/Total column must be evaluated from data rows,CHC; Civil Hospital / SDH; District Hospital; HWC-PHC; HWC-SC; Medical College,Do not infer from headers alone,Do not combine Total rows with corresponding in-facility/outreach component rows
HMIS-RPTCOL-JH-0506,16.3.4,Number of Infant Deaths (>28 days - below 12 months) due to Measles,HMIS-DE-0384,Row-dependent; Facility Type column must be evaluated from data rows,Row-dependent; Format Type column must be evaluated from data rows,Row-dependent; In-facility/Outreach/Total column must be evaluated from data rows,CHC; Civil Hospital / SDH; District Hospital; HWC-PHC; HWC-SC; Medical College,Do not infer from headers alone,Do not combine Total rows with corresponding in-facility/outreach component rows
HMIS-RPTCOL-JH-0507,16.3.5,Number of Infant Deaths (>28 days - below 12 months) due to Others,HMIS-DE-0385,Row-dependent; Facility Type column must be evaluated from data rows,Row-dependent; Format Type column must be evaluated from data rows,Row-dependent; In-facility/Outreach/Total column must be evaluated from data rows,CHC; Civil Hospital / SDH; District Hospital; HWC-PHC; HWC-SC; Medical College,Do not infer from headers alone,Do not combine Total rows with corresponding in-facility/outreach component rows
HMIS-RPTCOL-JH-0508,16.4.1,Number of Child Deaths (1 - below 5 years) due to Pneumonia,HMIS-DE-0307,Row-dependent; Facility Type column must be evaluated from data rows,Row-dependent; Format Type column must be evaluated from data rows,Row-dependent; In-facility/Outreach/Total column must be evaluated from data rows,CHC; Civil Hospital / SDH; District Hospital; HWC-PHC; HWC-SC; Medical College,Do not infer from headers alone,Do not combine Total rows with corresponding in-facility/outreach component rows
HMIS-RPTCOL-JH-0509,16.4.2,Number of Child Deaths (1 - below 5 years) due to Diarrhoea,HMIS-DE-0303,Row-dependent; Facility Type column must be evaluated from data rows,Row-dependent; Format Type column must be evaluated from data rows,Row-dependent; In-facility/Outreach/Total column must be evaluated from data rows,CHC; Civil Hospital / SDH; District Hospital; HWC-PHC; HWC-SC; Medical College,Do not infer from headers alone,Do not combine Total rows with corresponding in-facility/outreach component rows
HMIS-RPTCOL-JH-0510,16.4.3,Number of Child Deaths (1 - below 5 years) due to Fever related,HMIS-DE-0304,Row-dependent; Facility Type column must be evaluated from data rows,Row-dependent; Format Type column must be evaluated from data rows,Row-dependent; In-facility/Outreach/Total column must be evaluated from data rows,CHC; Civil Hospital / SDH; District Hospital; HWC-PHC; HWC-SC; Medical College,Do not infer from headers alone,Do not combine Total rows with corresponding in-facility/outreach component rows
HMIS-RPTCOL-JH-0511,16.4.4,Number of Child Deaths (1 - below 5 years) due to Measles,HMIS-DE-0305,Row-dependent; Facility Type column must be evaluated from data rows,Row-dependent; Format Type column must be evaluated from data rows,Row-dependent; In-facility/Outreach/Total column must be evaluated from data rows,CHC; Civil Hospital / SDH; District Hospital; HWC-PHC; HWC-SC; Medical College,Do not infer from headers alone,Do not combine Total rows with corresponding in-facility/outreach component rows
HMIS-RPTCOL-JH-0512,16.4.5,Number of Child Deaths (1 - below 5 years) due to Others,HMIS-DE-0306,Row-dependent; Facility Type column must be evaluated from data rows,Row-dependent; Format Type column must be evaluated from data rows,Row-dependent; In-facility/Outreach/Total column must be evaluated from data rows,CHC; Civil Hospital / SDH; District Hospital; HWC-PHC; HWC-SC; Medical College,Do not infer from headers alone,Do not combine Total rows with corresponding in-facility/outreach component rows
HMIS-RPTCOL-JH-0513,16.5.1,Number of Maternal Deaths at facility due to APH (Antepartum Haemmorhage),HMIS-DE-0412,Row-dependent; Facility Type column must be evaluated from data rows,Row-dependent; Format Type column must be evaluated from data rows,Row-dependent; In-facility/Outreach/Total column must be evaluated from data rows,CHC; Civil Hospital / SDH; District Hospital; HWC-PHC; HWC-SC; Medical College,Do not infer from headers alone,Do not combine Total rows with corresponding in-facility/outreach component rows
HMIS-RPTCOL-JH-0514,16.5.2,Number of Maternal Deaths at facility due to PPH (Post-Partum Haemmorhage),HMIS-DE-0415,Row-dependent; Facility Type column must be evaluated from data rows,Row-dependent; Format Type column must be evaluated from data rows,Row-dependent; In-facility/Outreach/Total column must be evaluated from data rows,CHC; Civil Hospital / SDH; District Hospital; HWC-PHC; HWC-SC; Medical College,Do not infer from headers alone,Do not combine Total rows with corresponding in-facility/outreach component rows
HMIS-RPTCOL-JH-0515,16.5.3,"Number of Maternal Deaths at facility due to Pregnancy related infection and sepsis, Fever",HMIS-DE-0416,Row-dependent; Facility Type column must be evaluated from data rows,Row-dependent; Format Type column must be evaluated from data rows,Row-dependent; In-facility/Outreach/Total column must be evaluated from data rows,CHC; Civil Hospital / SDH; District Hospital; HWC-PHC; HWC-SC; Medical College,Do not infer from headers alone,Do not combine Total rows with corresponding in-facility/outreach component rows
HMIS-RPTCOL-JH-0516,16.5.4,Number of Maternal Deaths at facility due to Abortion and/ or its complication,HMIS-DE-0411,Row-dependent; Facility Type column must be evaluated from data rows,Row-dependent; Format Type column must be evaluated from data rows,Row-dependent; In-facility/Outreach/Total column must be evaluated from data rows,CHC; Civil Hospital / SDH; District Hospital; HWC-PHC; HWC-SC; Medical College,Do not infer from headers alone,Do not combine Total rows with corresponding in-facility/outreach component rows
HMIS-RPTCOL-JH-0517,16.5.5,Number of Maternal Deaths at facility due to Obstructed/prolonged labour,HMIS-DE-0413,Row-dependent; Facility Type column must be evaluated from data rows,Row-dependent; Format Type column must be evaluated from data rows,Row-dependent; In-facility/Outreach/Total column must be evaluated from data rows,CHC; Civil Hospital / SDH; District Hospital; HWC-PHC; HWC-SC; Medical College,Do not infer from headers alone,Do not combine Total rows with corresponding in-facility/outreach component rows
HMIS-RPTCOL-JH-0518,16.5.6,"Number of Maternal Deaths at facility due to Severe hypertension/fits/Pre Eclampsia/Eclampsia in pregnancy, during delivery and puerperium",HMIS-DE-0418,Row-dependent; Facility Type column must be evaluated from data rows,Row-dependent; Format Type column must be evaluated from data rows,Row-dependent; In-facility/Outreach/Total column must be evaluated from data rows,CHC; Civil Hospital / SDH; District Hospital; Medical College,Do not infer from headers alone,Do not combine Total rows with corresponding in-facility/outreach component rows
HMIS-RPTCOL-JH-0519,16.5.7,Number of Maternal Deaths at facility due to Other/Unknown Causes,HMIS-DE-0414,Row-dependent; Facility Type column must be evaluated from data rows,Row-dependent; Format Type column must be evaluated from data rows,Row-dependent; In-facility/Outreach/Total column must be evaluated from data rows,CHC; Civil Hospital / SDH; District Hospital; HWC-PHC; HWC-SC; Medical College,Do not infer from headers alone,Do not combine Total rows with corresponding in-facility/outreach component rows
HMIS-RPTCOL-JH-0520,16.5.8,"Age wise total Maternal Deaths, occurred at Facility",HMIS-DE-0009,Row-dependent; Facility Type column must be evaluated from data rows,Row-dependent; Format Type column must be evaluated from data rows,Row-dependent; In-facility/Outreach/Total column must be evaluated from data rows,CHC; Civil Hospital / SDH; District Hospital; HWC-PHC; HWC-SC; Medical College,Do not infer from headers alone,Do not combine Total rows with corresponding in-facility/outreach component rows
HMIS-RPTCOL-JH-0521,16.5.8.a,"Out of total number of maternal deaths at facility, deaths with age less than <15 years",HMIS-DE-0591,Row-dependent; Facility Type column must be evaluated from data rows,Row-dependent; Format Type column must be evaluated from data rows,Row-dependent; In-facility/Outreach/Total column must be evaluated from data rows,CHC; Civil Hospital / SDH; District Hospital; HWC-PHC; HWC-SC; Medical College,Do not infer from headers alone,Do not combine Total rows with corresponding in-facility/outreach component rows
HMIS-RPTCOL-JH-0522,16.5.8.b,"Out of total number of maternal deaths at facility, deaths with age 15-19 years",HMIS-DE-0590,Row-dependent; Facility Type column must be evaluated from data rows,Row-dependent; Format Type column must be evaluated from data rows,Row-dependent; In-facility/Outreach/Total column must be evaluated from data rows,CHC; Civil Hospital / SDH; District Hospital; HWC-PHC; HWC-SC; Medical College,Do not infer from headers alone,Do not combine Total rows with corresponding in-facility/outreach component rows
HMIS-RPTCOL-JH-0523,16.5.8.c,"Out of total number maternal deaths at facility, deaths with age more than >19-49 years",HMIS-DE-0582,Row-dependent; Facility Type column must be evaluated from data rows,Row-dependent; Format Type column must be evaluated from data rows,Row-dependent; In-facility/Outreach/Total column must be evaluated from data rows,CHC; Civil Hospital / SDH; District Hospital; HWC-PHC; HWC-SC; Medical College,Do not infer from headers alone,Do not combine Total rows with corresponding in-facility/outreach component rows
HMIS-RPTCOL-JH-0524,16.5.8.d,"Out of total number maternal deaths at facility, deaths with age more than >49 years",HMIS-DE-0583,Row-dependent; Facility Type column must be evaluated from data rows,Row-dependent; Format Type column must be evaluated from data rows,Row-dependent; In-facility/Outreach/Total column must be evaluated from data rows,CHC; Civil Hospital / SDH; District Hospital; HWC-PHC; HWC-SC; Medical College,Do not infer from headers alone,Do not combine Total rows with corresponding in-facility/outreach component rows
HMIS-RPTCOL-JH-0525,16.6,Total Facility Based Maternal Death Reviews (FBMDR) done,HMIS-DE-0630,Row-dependent; Facility Type column must be evaluated from data rows,Row-dependent; Format Type column must be evaluated from data rows,Row-dependent; In-facility/Outreach/Total column must be evaluated from data rows,CHC; Civil Hospital / SDH; District Hospital; Medical College,Do not infer from headers alone,Do not combine Total rows with corresponding in-facility/outreach component rows
HMIS-RPTCOL-JH-0526,16.7.1,Number of deaths due to Diarrhoeal diseases,HMIS-DE-0336,Row-dependent; Facility Type column must be evaluated from data rows,Row-dependent; Format Type column must be evaluated from data rows,Row-dependent; In-facility/Outreach/Total column must be evaluated from data rows,CHC; Civil Hospital / SDH; District Hospital; HWC-PHC; HWC-SC; Medical College,Do not infer from headers alone,Do not combine Total rows with corresponding in-facility/outreach component rows
HMIS-RPTCOL-JH-0527,16.7.2,Number of deaths due to Tuberculosis,HMIS-DE-0348,Row-dependent; Facility Type column must be evaluated from data rows,Row-dependent; Format Type column must be evaluated from data rows,Row-dependent; In-facility/Outreach/Total column must be evaluated from data rows,CHC; Civil Hospital / SDH; District Hospital; HWC-PHC; HWC-SC; Medical College,Do not infer from headers alone,Do not combine Total rows with corresponding in-facility/outreach component rows
HMIS-RPTCOL-JH-0528,16.7.3,Number of deaths due to Respiratory diseases including infections (other than TB),HMIS-DE-0347,Row-dependent; Facility Type column must be evaluated from data rows,Row-dependent; Format Type column must be evaluated from data rows,Row-dependent; In-facility/Outreach/Total column must be evaluated from data rows,CHC; Civil Hospital / SDH; District Hospital; HWC-PHC; HWC-SC; Medical College,Do not infer from headers alone,Do not combine Total rows with corresponding in-facility/outreach component rows
HMIS-RPTCOL-JH-0529,16.7.4,Number of deaths due to Other Fever Related,HMIS-DE-0346,Row-dependent; Facility Type column must be evaluated from data rows,Row-dependent; Format Type column must be evaluated from data rows,Row-dependent; In-facility/Outreach/Total column must be evaluated from data rows,CHC; Civil Hospital / SDH; District Hospital; HWC-PHC; HWC-SC; Medical College,Do not infer from headers alone,Do not combine Total rows with corresponding in-facility/outreach component rows
HMIS-RPTCOL-JH-0530,16.7.5,Number of deaths due to Heart disease/Hypertension related,HMIS-DE-0337,Row-dependent; Facility Type column must be evaluated from data rows,Row-dependent; Format Type column must be evaluated from data rows,Row-dependent; In-facility/Outreach/Total column must be evaluated from data rows,CHC; Civil Hospital / SDH; District Hospital; HWC-PHC; HWC-SC; Medical College,Do not infer from headers alone,Do not combine Total rows with corresponding in-facility/outreach component rows
HMIS-RPTCOL-JH-0531,16.7.6,Number of deaths due to Cancer,HMIS-DE-0334,Row-dependent; Facility Type column must be evaluated from data rows,Row-dependent; Format Type column must be evaluated from data rows,Row-dependent; In-facility/Outreach/Total column must be evaluated from data rows,CHC; Civil Hospital / SDH; District Hospital; HWC-PHC; HWC-SC; Medical College,Do not infer from headers alone,Do not combine Total rows with corresponding in-facility/outreach component rows
HMIS-RPTCOL-JH-0532,16.7.7,Number of deaths due to Neurological disease including strokes,HMIS-DE-0344,Row-dependent; Facility Type column must be evaluated from data rows,Row-dependent; Format Type column must be evaluated from data rows,Row-dependent; In-facility/Outreach/Total column must be evaluated from data rows,CHC; Civil Hospital / SDH; District Hospital; HWC-PHC; HWC-SC; Medical College,Do not infer from headers alone,Do not combine Total rows with corresponding in-facility/outreach component rows
HMIS-RPTCOL-JH-0533,16.7.8,Number of deaths due to Accidents/Burn cases,HMIS-DE-0331,Row-dependent; Facility Type column must be evaluated from data rows,Row-dependent; Format Type column must be evaluated from data rows,Row-dependent; In-facility/Outreach/Total column must be evaluated from data rows,CHC; Civil Hospital / SDH; District Hospital; HWC-PHC; HWC-SC; Medical College,Do not infer from headers alone,Do not combine Total rows with corresponding in-facility/outreach component rows
HMIS-RPTCOL-JH-0534,16.7.9,Number of deaths due to Animal bites and stings,HMIS-DE-0333,Row-dependent; Facility Type column must be evaluated from data rows,Row-dependent; Format Type column must be evaluated from data rows,Row-dependent; In-facility/Outreach/Total column must be evaluated from data rows,CHC; Civil Hospital / SDH; District Hospital; HWC-PHC; HWC-SC; Medical College,Do not infer from headers alone,Do not combine Total rows with corresponding in-facility/outreach component rows
HMIS-RPTCOL-JH-0535,16.7.10,Number of deaths due to Known Acute Disease,HMIS-DE-0340,Row-dependent; Facility Type column must be evaluated from data rows,Row-dependent; Format Type column must be evaluated from data rows,Row-dependent; In-facility/Outreach/Total column must be evaluated from data rows,CHC; Civil Hospital / SDH; District Hospital; HWC-PHC; HWC-SC; Medical College,Do not infer from headers alone,Do not combine Total rows with corresponding in-facility/outreach component rows
HMIS-RPTCOL-JH-0536,16.7.11,Number of deaths due to Known Chronic Disease,HMIS-DE-0341,Row-dependent; Facility Type column must be evaluated from data rows,Row-dependent; Format Type column must be evaluated from data rows,Row-dependent; In-facility/Outreach/Total column must be evaluated from data rows,CHC; Civil Hospital / SDH; District Hospital; HWC-PHC; HWC-SC; Medical College,Do not infer from headers alone,Do not combine Total rows with corresponding in-facility/outreach component rows
HMIS-RPTCOL-JH-0537,16.7.12,Number of deaths due to Other Causes,HMIS-DE-0345,Row-dependent; Facility Type column must be evaluated from data rows,Row-dependent; Format Type column must be evaluated from data rows,Row-dependent; In-facility/Outreach/Total column must be evaluated from data rows,CHC; Civil Hospital / SDH; District Hospital; HWC-PHC; HWC-SC; Medical College,Do not infer from headers alone,Do not combine Total rows with corresponding in-facility/outreach component rows
HMIS-RPTCOL-JH-0538,16.8.1,Number of Deaths due to Malaria- Plasmodium Vivax,HMIS-DE-0343,Row-dependent; Facility Type column must be evaluated from data rows,Row-dependent; Format Type column must be evaluated from data rows,Row-dependent; In-facility/Outreach/Total column must be evaluated from data rows,CHC; Civil Hospital / SDH; District Hospital; HWC-PHC; HWC-SC; Medical College,Do not infer from headers alone,Do not combine Total rows with corresponding in-facility/outreach component rows
HMIS-RPTCOL-JH-0539,16.8.2,Number of Deaths due to Malaria- Plasmodium Falciparum,HMIS-DE-0342,Row-dependent; Facility Type column must be evaluated from data rows,Row-dependent; Format Type column must be evaluated from data rows,Row-dependent; In-facility/Outreach/Total column must be evaluated from data rows,CHC; Civil Hospital / SDH; District Hospital; HWC-PHC; HWC-SC; Medical College,Do not infer from headers alone,Do not combine Total rows with corresponding in-facility/outreach component rows
HMIS-RPTCOL-JH-0540,16.8.3,Number of Deaths due to Kala Azar,HMIS-DE-0339,Row-dependent; Facility Type column must be evaluated from data rows,Row-dependent; Format Type column must be evaluated from data rows,Row-dependent; In-facility/Outreach/Total column must be evaluated from data rows,CHC; Civil Hospital / SDH; District Hospital; HWC-PHC; Medical College,Do not infer from headers alone,Do not combine Total rows with corresponding in-facility/outreach component rows
HMIS-RPTCOL-JH-0541,16.8.4,Number of Deaths due to Dengue,HMIS-DE-0335,Row-dependent; Facility Type column must be evaluated from data rows,Row-dependent; Format Type column must be evaluated from data rows,Row-dependent; In-facility/Outreach/Total column must be evaluated from data rows,CHC; Civil Hospital / SDH; District Hospital; HWC-PHC; Medical College,Do not infer from headers alone,Do not combine Total rows with corresponding in-facility/outreach component rows
HMIS-RPTCOL-JH-0542,16.8.5,Number of Deaths due to Acute Encephelitis Syndrome (AES),HMIS-DE-0332,Row-dependent; Facility Type column must be evaluated from data rows,Row-dependent; Format Type column must be evaluated from data rows,Row-dependent; In-facility/Outreach/Total column must be evaluated from data rows,CHC; Civil Hospital / SDH; District Hospital; HWC-PHC; Medical College,Do not infer from headers alone,Do not combine Total rows with corresponding in-facility/outreach component rows
HMIS-RPTCOL-JH-0543,16.8.6,Number of Deaths due to Japanese Encephalitis (JE),HMIS-DE-0338,Row-dependent; Facility Type column must be evaluated from data rows,Row-dependent; Format Type column must be evaluated from data rows,Row-dependent; In-facility/Outreach/Total column must be evaluated from data rows,CHC; Civil Hospital / SDH; District Hospital; HWC-PHC; Medical College,Do not infer from headers alone,Do not combine Total rows with corresponding in-facility/outreach component rows
HMIS-RPTCOL-JH-0544,16.9,Total Deaths (5 years and above of age): Excluding in-transit & maternal deaths,HMIS-DE-0629,Row-dependent; Facility Type column must be evaluated from data rows,Row-dependent; Format Type column must be evaluated from data rows,Row-dependent; In-facility/Outreach/Total column must be evaluated from data rows,CHC; Civil Hospital / SDH; District Hospital; HWC-PHC; HWC-SC; Medical College,Do not infer from headers alone,Do not combine Total rows with corresponding in-facility/outreach component rows
HMIS-RPTCOL-JH-0545,16.9.1,5 years and above to below 10 years,HMIS-DE-0002,Row-dependent; Facility Type column must be evaluated from data rows,Row-dependent; Format Type column must be evaluated from data rows,Row-dependent; In-facility/Outreach/Total column must be evaluated from data rows,CHC; Civil Hospital / SDH; District Hospital; HWC-PHC; HWC-SC; Medical College,Do not infer from headers alone,Do not combine Total rows with corresponding in-facility/outreach component rows
HMIS-RPTCOL-JH-0546,16.9.2,10 year and above to below 19 years,HMIS-DE-0001,Row-dependent; Facility Type column must be evaluated from data rows,Row-dependent; Format Type column must be evaluated from data rows,Row-dependent; In-facility/Outreach/Total column must be evaluated from data rows,CHC; Civil Hospital / SDH; District Hospital; HWC-PHC; HWC-SC; Medical College,Do not infer from headers alone,Do not combine Total rows with corresponding in-facility/outreach component rows
HMIS-RPTCOL-JH-0547,16.9.3,Adult 19 years and above,HMIS-DE-0006,Row-dependent; Facility Type column must be evaluated from data rows,Row-dependent; Format Type column must be evaluated from data rows,Row-dependent; In-facility/Outreach/Total column must be evaluated from data rows,CHC; Civil Hospital / SDH; District Hospital; HWC-PHC; HWC-SC; Medical College,Do not infer from headers alone,Do not combine Total rows with corresponding in-facility/outreach component rows
HMIS-RPTCOL-JH-0548,16.10.1,In-transit Deaths: 1 year and below 5 years,HMIS-DE-0154,Row-dependent; Facility Type column must be evaluated from data rows,Row-dependent; Format Type column must be evaluated from data rows,Row-dependent; In-facility/Outreach/Total column must be evaluated from data rows,CHC; Civil Hospital / SDH; District Hospital; HWC-PHC; HWC-SC; Medical College,Do not infer from headers alone,Do not combine Total rows with corresponding in-facility/outreach component rows
HMIS-RPTCOL-JH-0549,16.10.2,In-transit Deaths: 5 years and above to below 10 years,HMIS-DE-0156,Row-dependent; Facility Type column must be evaluated from data rows,Row-dependent; Format Type column must be evaluated from data rows,Row-dependent; In-facility/Outreach/Total column must be evaluated from data rows,CHC; Civil Hospital / SDH; District Hospital; HWC-PHC; HWC-SC; Medical College,Do not infer from headers alone,Do not combine Total rows with corresponding in-facility/outreach component rows
HMIS-RPTCOL-JH-0550,16.10.3,In-transit Deaths: 10 year and above to below 19 years,HMIS-DE-0155,Row-dependent; Facility Type column must be evaluated from data rows,Row-dependent; Format Type column must be evaluated from data rows,Row-dependent; In-facility/Outreach/Total column must be evaluated from data rows,CHC; Civil Hospital / SDH; District Hospital; HWC-PHC; HWC-SC; Medical College,Do not infer from headers alone,Do not combine Total rows with corresponding in-facility/outreach component rows
HMIS-RPTCOL-JH-0551,16.10.4,In-transit Deaths: Adult 19 years and above,HMIS-DE-0157,Row-dependent; Facility Type column must be evaluated from data rows,Row-dependent; Format Type column must be evaluated from data rows,Row-dependent; In-facility/Outreach/Total column must be evaluated from data rows,CHC; Civil Hospital / SDH; District Hospital; HWC-PHC; HWC-SC; Medical College,Do not infer from headers alone,Do not combine Total rows with corresponding in-facility/outreach component rows
HMIS-RPTCOL-JH-0552,17.1.1,Total number of Haematology tests registered under External Quality Assurance Scheme (EQAS),HMIS-DE-0672,Row-dependent; Facility Type column must be evaluated from data rows,Row-dependent; Format Type column must be evaluated from data rows,Row-dependent; In-facility/Outreach/Total column must be evaluated from data rows,CHC; Civil Hospital / SDH; District Hospital; HWC-PHC; Medical College,Do not infer from headers alone,Do not combine Total rows with corresponding in-facility/outreach component rows
HMIS-RPTCOL-JH-0553,17.1.2,No. of registered Haematology tests reported EQAS Compliant,HMIS-DE-0270,Row-dependent; Facility Type column must be evaluated from data rows,Row-dependent; Format Type column must be evaluated from data rows,Row-dependent; In-facility/Outreach/Total column must be evaluated from data rows,CHC; Civil Hospital / SDH; District Hospital; HWC-PHC; Medical College,Do not infer from headers alone,Do not combine Total rows with corresponding in-facility/outreach component rows
HMIS-RPTCOL-JH-0554,17.1.3,Total number of Biochemistry tests registered under External Quality Assurance Scheme (EQAS),HMIS-DE-0643,Row-dependent; Facility Type column must be evaluated from data rows,Row-dependent; Format Type column must be evaluated from data rows,Row-dependent; In-facility/Outreach/Total column must be evaluated from data rows,CHC; Civil Hospital / SDH; District Hospital; HWC-PHC; Medical College,Do not infer from headers alone,Do not combine Total rows with corresponding in-facility/outreach component rows
HMIS-RPTCOL-JH-0555,17.1.4,No. of registered Bio chemistry tests report EQAS Compliant,HMIS-DE-0269,Row-dependent; Facility Type column must be evaluated from data rows,Row-dependent; Format Type column must be evaluated from data rows,Row-dependent; In-facility/Outreach/Total column must be evaluated from data rows,CHC; Civil Hospital / SDH; District Hospital; HWC-PHC; Medical College,Do not infer from headers alone,Do not combine Total rows with corresponding in-facility/outreach component rows
HMIS-RPTCOL-JH-0556,17.1.5,"Total Quantity of Bio medical waste generated in Kg for the month - (All Yellow, Red, white & Blue)",HMIS-DE-0693,Row-dependent; Facility Type column must be evaluated from data rows,Row-dependent; Format Type column must be evaluated from data rows,Row-dependent; In-facility/Outreach/Total column must be evaluated from data rows,CHC; Civil Hospital / SDH; District Hospital; HWC-PHC; HWC-SC; Medical College,Do not infer from headers alone,Do not combine Total rows with corresponding in-facility/outreach component rows
HMIS-RPTCOL-JH-0557,17.1.6,Total Quantity of General waste generated in Kg for the month,HMIS-DE-0694,Row-dependent; Facility Type column must be evaluated from data rows,Row-dependent; Format Type column must be evaluated from data rows,Row-dependent; In-facility/Outreach/Total column must be evaluated from data rows,CHC; Civil Hospital / SDH; District Hospital; HWC-PHC; HWC-SC; Medical College,Do not infer from headers alone,Do not combine Total rows with corresponding in-facility/outreach component rows
HMIS-RPTCOL-JH-0558,17.2.1,Total number of breakdown calls reported for the month,HMIS-DE-0657,Row-dependent; Facility Type column must be evaluated from data rows,Row-dependent; Format Type column must be evaluated from data rows,Row-dependent; In-facility/Outreach/Total column must be evaluated from data rows,CHC; Civil Hospital / SDH; District Hospital; HWC-PHC; Medical College,Do not infer from headers alone,Do not combine Total rows with corresponding in-facility/outreach component rows
HMIS-RPTCOL-JH-0559,17.2.2,Total number of breakdown attended for the month,HMIS-DE-0656,Row-dependent; Facility Type column must be evaluated from data rows,Row-dependent; Format Type column must be evaluated from data rows,Row-dependent; In-facility/Outreach/Total column must be evaluated from data rows,CHC; Civil Hospital / SDH; District Hospital; HWC-PHC; Medical College,Do not infer from headers alone,Do not combine Total rows with corresponding in-facility/outreach component rows
HMIS-RPTCOL-JH-0560,17.2.3,Number of visit made by the service engineer/ BME for the month,HMIS-DE-0522,Row-dependent; Facility Type column must be evaluated from data rows,Row-dependent; Format Type column must be evaluated from data rows,Row-dependent; In-facility/Outreach/Total column must be evaluated from data rows,CHC; Civil Hospital / SDH; District Hospital; HWC-PHC; Medical College,Do not infer from headers alone,Do not combine Total rows with corresponding in-facility/outreach component rows
