occurrenceId,schemaId,measureSequence,columnOrdinal,objectClass,moduleCode,moduleTitle,sourceCode,exactSourceLabel,rawHeader,state,reportNameAsProvided,downloadDate,reportingPeriod,columnSelection,formatTypeApplicability,facilityTypeApplicability,serviceDeliveryContext,sourceArtifact,sourceArtifactSha256,sourceVersion,versionStatus,canonicalElementId,reconciliationStatus,reviewStatus
HMIS-RPTCOL-JH-0036,HMIS-RPTSCHEMA-JHARKHAND-20260901-001,1,36,HMIS measure occurrence,M1,Ante Natal Care (ANC),1.1,Total number of NEW Pregnant Women registered for ANC,M1 [Ante Natal Care (ANC)]	1.1 :: Total number of NEW Pregnant Women registered for ANC 	,Jharkhand,HMIS report,2026-09-01,Unconfirmed,Default columns,Row-dependent; Format Type is an exported dimension and no row values were supplied,Row-dependent; Facility Type is an exported dimension and no row values were supplied,Row-dependent; In-facility/Outreach/Total is an exported dimension,HMIS-RPTSCHEMA-JHARKHAND-20260901-001.headers.txt,3CE7ECB1702D0A54BF41DA4ED990C2D166EC5A82915434662CC9D17A5CE6F6EF,Schema observed in Jharkhand HMIS export downloaded 2026-09-01,Observed report manifestation; national/current applicability not established,,Pending deterministic matching in Task 6,Source occurrence captured; semantic reconciliation pending
HMIS-RPTCOL-JH-0037,HMIS-RPTSCHEMA-JHARKHAND-20260901-001,2,37,HMIS measure occurrence,M1,Ante Natal Care (ANC),1.1.a,Out of total number of NEW Pregnant Women registered with age less than <15 years,	1.1.a :: Out of total number of NEW Pregnant Women registered with age less than <15 years	,Jharkhand,HMIS report,2026-09-01,Unconfirmed,Default columns,Row-dependent; Format Type is an exported dimension and no row values were supplied,Row-dependent; Facility Type is an exported dimension and no row values were supplied,Row-dependent; In-facility/Outreach/Total is an exported dimension,HMIS-RPTSCHEMA-JHARKHAND-20260901-001.headers.txt,3CE7ECB1702D0A54BF41DA4ED990C2D166EC5A82915434662CC9D17A5CE6F6EF,Schema observed in Jharkhand HMIS export downloaded 2026-09-01,Observed report manifestation; national/current applicability not established,,Pending deterministic matching in Task 6,Source occurrence captured; semantic reconciliation pending
HMIS-RPTCOL-JH-0038,HMIS-RPTSCHEMA-JHARKHAND-20260901-001,3,38,HMIS measure occurrence,M1,Ante Natal Care (ANC),1.1.b,Out of total number of NEW Pregnant Women registered with age 15-19 years,	1.1.b :: Out of total number of NEW Pregnant Women registered with age 15-19 years	,Jharkhand,HMIS report,2026-09-01,Unconfirmed,Default columns,Row-dependent; Format Type is an exported dimension and no row values were supplied,Row-dependent; Facility Type is an exported dimension and no row values were supplied,Row-dependent; In-facility/Outreach/Total is an exported dimension,HMIS-RPTSCHEMA-JHARKHAND-20260901-001.headers.txt,3CE7ECB1702D0A54BF41DA4ED990C2D166EC5A82915434662CC9D17A5CE6F6EF,Schema observed in Jharkhand HMIS export downloaded 2026-09-01,Observed report manifestation; national/current applicability not established,,Pending deterministic matching in Task 6,Source occurrence captured; semantic reconciliation pending
HMIS-RPTCOL-JH-0039,HMIS-RPTSCHEMA-JHARKHAND-20260901-001,4,39,HMIS measure occurrence,M1,Ante Natal Care (ANC),1.1.c,Out of total number of NEW Pregnant Women registered with age more than >19 to 49 years,	1.1.c :: Out of total number of NEW Pregnant Women registered with age more than >19 to 49 years	,Jharkhand,HMIS report,2026-09-01,Unconfirmed,Default columns,Row-dependent; Format Type is an exported dimension and no row values were supplied,Row-dependent; Facility Type is an exported dimension and no row values were supplied,Row-dependent; In-facility/Outreach/Total is an exported dimension,HMIS-RPTSCHEMA-JHARKHAND-20260901-001.headers.txt,3CE7ECB1702D0A54BF41DA4ED990C2D166EC5A82915434662CC9D17A5CE6F6EF,Schema observed in Jharkhand HMIS export downloaded 2026-09-01,Observed report manifestation; national/current applicability not established,,Pending deterministic matching in Task 6,Source occurrence captured; semantic reconciliation pending
HMIS-RPTCOL-JH-0040,HMIS-RPTSCHEMA-JHARKHAND-20260901-001,5,40,HMIS measure occurrence,M1,Ante Natal Care (ANC),1.1.d,Out of total number of NEW Pregnant Women registered with age more than >49 years,	1.1.d :: Out of total number of NEW Pregnant Women registered with age more than >49 years 	,Jharkhand,HMIS report,2026-09-01,Unconfirmed,Default columns,Row-dependent; Format Type is an exported dimension and no row values were supplied,Row-dependent; Facility Type is an exported dimension and no row values were supplied,Row-dependent; In-facility/Outreach/Total is an exported dimension,HMIS-RPTSCHEMA-JHARKHAND-20260901-001.headers.txt,3CE7ECB1702D0A54BF41DA4ED990C2D166EC5A82915434662CC9D17A5CE6F6EF,Schema observed in Jharkhand HMIS export downloaded 2026-09-01,Observed report manifestation; national/current applicability not established,,Pending deterministic matching in Task 6,Source occurrence captured; semantic reconciliation pending
HMIS-RPTCOL-JH-0041,HMIS-RPTSCHEMA-JHARKHAND-20260901-001,6,41,HMIS measure occurrence,M1,Ante Natal Care (ANC),1.1.1,"Out of the total NEW ANC registered, number registered within 1st trimester (within 12 weeks)","	1.1.1 :: Out of the total NEW ANC registered, number registered within 1st trimester (within 12 weeks)	",Jharkhand,HMIS report,2026-09-01,Unconfirmed,Default columns,Row-dependent; Format Type is an exported dimension and no row values were supplied,Row-dependent; Facility Type is an exported dimension and no row values were supplied,Row-dependent; In-facility/Outreach/Total is an exported dimension,HMIS-RPTSCHEMA-JHARKHAND-20260901-001.headers.txt,3CE7ECB1702D0A54BF41DA4ED990C2D166EC5A82915434662CC9D17A5CE6F6EF,Schema observed in Jharkhand HMIS export downloaded 2026-09-01,Observed report manifestation; national/current applicability not established,,Pending deterministic matching in Task 6,Source occurrence captured; semantic reconciliation pending
HMIS-RPTCOL-JH-0042,HMIS-RPTSCHEMA-JHARKHAND-20260901-001,7,42,HMIS measure occurrence,M1,Ante Natal Care (ANC),1.1.2,Total ANC footfall/cases (Old cases + New Registration) attended,	1.1.2 :: Total ANC footfall/cases (Old cases + New Registration) attended 	,Jharkhand,HMIS report,2026-09-01,Unconfirmed,Default columns,Row-dependent; Format Type is an exported dimension and no row values were supplied,Row-dependent; Facility Type is an exported dimension and no row values were supplied,Row-dependent; In-facility/Outreach/Total is an exported dimension,HMIS-RPTSCHEMA-JHARKHAND-20260901-001.headers.txt,3CE7ECB1702D0A54BF41DA4ED990C2D166EC5A82915434662CC9D17A5CE6F6EF,Schema observed in Jharkhand HMIS export downloaded 2026-09-01,Observed report manifestation; national/current applicability not established,,Pending deterministic matching in Task 6,Source occurrence captured; semantic reconciliation pending
HMIS-RPTCOL-JH-0043,HMIS-RPTSCHEMA-JHARKHAND-20260901-001,8,43,HMIS measure occurrence,M1,Ante Natal Care (ANC),1.2.1,Number of PW given Td1 (Tetanus Diptheria dose 1),	1.2.1 :: Number of PW given Td1 (Tetanus Diptheria dose 1)	,Jharkhand,HMIS report,2026-09-01,Unconfirmed,Default columns,Row-dependent; Format Type is an exported dimension and no row values were supplied,Row-dependent; Facility Type is an exported dimension and no row values were supplied,Row-dependent; In-facility/Outreach/Total is an exported dimension,HMIS-RPTSCHEMA-JHARKHAND-20260901-001.headers.txt,3CE7ECB1702D0A54BF41DA4ED990C2D166EC5A82915434662CC9D17A5CE6F6EF,Schema observed in Jharkhand HMIS export downloaded 2026-09-01,Observed report manifestation; national/current applicability not established,,Pending deterministic matching in Task 6,Source occurrence captured; semantic reconciliation pending
HMIS-RPTCOL-JH-0044,HMIS-RPTSCHEMA-JHARKHAND-20260901-001,9,44,HMIS measure occurrence,M1,Ante Natal Care (ANC),1.2.2,Number of PW given Td2 (Tetanus Diptheria dose 2),	1.2.2 :: Number of PW given Td2 (Tetanus Diptheria dose 2)	,Jharkhand,HMIS report,2026-09-01,Unconfirmed,Default columns,Row-dependent; Format Type is an exported dimension and no row values were supplied,Row-dependent; Facility Type is an exported dimension and no row values were supplied,Row-dependent; In-facility/Outreach/Total is an exported dimension,HMIS-RPTSCHEMA-JHARKHAND-20260901-001.headers.txt,3CE7ECB1702D0A54BF41DA4ED990C2D166EC5A82915434662CC9D17A5CE6F6EF,Schema observed in Jharkhand HMIS export downloaded 2026-09-01,Observed report manifestation; national/current applicability not established,,Pending deterministic matching in Task 6,Source occurrence captured; semantic reconciliation pending
HMIS-RPTCOL-JH-0045,HMIS-RPTSCHEMA-JHARKHAND-20260901-001,10,45,HMIS measure occurrence,M1,Ante Natal Care (ANC),1.2.3,Number of PW given Td Booster (Tetanus Diptheria dose booster),	1.2.3 :: Number of PW given Td Booster (Tetanus Diptheria dose booster)	,Jharkhand,HMIS report,2026-09-01,Unconfirmed,Default columns,Row-dependent; Format Type is an exported dimension and no row values were supplied,Row-dependent; Facility Type is an exported dimension and no row values were supplied,Row-dependent; In-facility/Outreach/Total is an exported dimension,HMIS-RPTSCHEMA-JHARKHAND-20260901-001.headers.txt,3CE7ECB1702D0A54BF41DA4ED990C2D166EC5A82915434662CC9D17A5CE6F6EF,Schema observed in Jharkhand HMIS export downloaded 2026-09-01,Observed report manifestation; national/current applicability not established,,Pending deterministic matching in Task 6,Source occurrence captured; semantic reconciliation pending
HMIS-RPTCOL-JH-0046,HMIS-RPTSCHEMA-JHARKHAND-20260901-001,11,46,HMIS measure occurrence,M1,Ante Natal Care (ANC),1.2.4,Number of PW provided full course 180 Iron Folic Acid (IFA) tablets,	1.2.4 :: Number of PW provided full course 180 Iron Folic Acid (IFA) tablets 	,Jharkhand,HMIS report,2026-09-01,Unconfirmed,Default columns,Row-dependent; Format Type is an exported dimension and no row values were supplied,Row-dependent; Facility Type is an exported dimension and no row values were supplied,Row-dependent; In-facility/Outreach/Total is an exported dimension,HMIS-RPTSCHEMA-JHARKHAND-20260901-001.headers.txt,3CE7ECB1702D0A54BF41DA4ED990C2D166EC5A82915434662CC9D17A5CE6F6EF,Schema observed in Jharkhand HMIS export downloaded 2026-09-01,Observed report manifestation; national/current applicability not established,,Pending deterministic matching in Task 6,Source occurrence captured; semantic reconciliation pending
HMIS-RPTCOL-JH-0047,HMIS-RPTSCHEMA-JHARKHAND-20260901-001,12,47,HMIS measure occurrence,M1,Ante Natal Care (ANC),1.2.5,Number of PW provided full course 360 Calcium tablets,	1.2.5 :: Number of PW provided full course 360 Calcium tablets 	,Jharkhand,HMIS report,2026-09-01,Unconfirmed,Default columns,Row-dependent; Format Type is an exported dimension and no row values were supplied,Row-dependent; Facility Type is an exported dimension and no row values were supplied,Row-dependent; In-facility/Outreach/Total is an exported dimension,HMIS-RPTSCHEMA-JHARKHAND-20260901-001.headers.txt,3CE7ECB1702D0A54BF41DA4ED990C2D166EC5A82915434662CC9D17A5CE6F6EF,Schema observed in Jharkhand HMIS export downloaded 2026-09-01,Observed report manifestation; national/current applicability not established,,Pending deterministic matching in Task 6,Source occurrence captured; semantic reconciliation pending
HMIS-RPTCOL-JH-0048,HMIS-RPTSCHEMA-JHARKHAND-20260901-001,13,48,HMIS measure occurrence,M1,Ante Natal Care (ANC),1.2.6,Number of PW given one Albendazole tablet after 1st trimester,	1.2.6 :: Number of PW given one Albendazole tablet after 1st trimester	,Jharkhand,HMIS report,2026-09-01,Unconfirmed,Default columns,Row-dependent; Format Type is an exported dimension and no row values were supplied,Row-dependent; Facility Type is an exported dimension and no row values were supplied,Row-dependent; In-facility/Outreach/Total is an exported dimension,HMIS-RPTSCHEMA-JHARKHAND-20260901-001.headers.txt,3CE7ECB1702D0A54BF41DA4ED990C2D166EC5A82915434662CC9D17A5CE6F6EF,Schema observed in Jharkhand HMIS export downloaded 2026-09-01,Observed report manifestation; national/current applicability not established,,Pending deterministic matching in Task 6,Source occurrence captured; semantic reconciliation pending
HMIS-RPTCOL-JH-0049,HMIS-RPTSCHEMA-JHARKHAND-20260901-001,14,49,HMIS measure occurrence,M1,Ante Natal Care (ANC),1.2.7,Number of PW received 4 or more ANC check ups,	1.2.7 :: Number of PW received 4 or more ANC check ups	,Jharkhand,HMIS report,2026-09-01,Unconfirmed,Default columns,Row-dependent; Format Type is an exported dimension and no row values were supplied,Row-dependent; Facility Type is an exported dimension and no row values were supplied,Row-dependent; In-facility/Outreach/Total is an exported dimension,HMIS-RPTSCHEMA-JHARKHAND-20260901-001.headers.txt,3CE7ECB1702D0A54BF41DA4ED990C2D166EC5A82915434662CC9D17A5CE6F6EF,Schema observed in Jharkhand HMIS export downloaded 2026-09-01,Observed report manifestation; national/current applicability not established,,Pending deterministic matching in Task 6,Source occurrence captured; semantic reconciliation pending
HMIS-RPTCOL-JH-0050,HMIS-RPTSCHEMA-JHARKHAND-20260901-001,15,50,HMIS measure occurrence,M1,Ante Natal Care (ANC),1.2.8,Number of PW given ANC Corticosteroids in Pre-Term Labour,	1.2.8 :: Number of PW given ANC Corticosteroids in Pre-Term Labour	,Jharkhand,HMIS report,2026-09-01,Unconfirmed,Default columns,Row-dependent; Format Type is an exported dimension and no row values were supplied,Row-dependent; Facility Type is an exported dimension and no row values were supplied,Row-dependent; In-facility/Outreach/Total is an exported dimension,HMIS-RPTSCHEMA-JHARKHAND-20260901-001.headers.txt,3CE7ECB1702D0A54BF41DA4ED990C2D166EC5A82915434662CC9D17A5CE6F6EF,Schema observed in Jharkhand HMIS export downloaded 2026-09-01,Observed report manifestation; national/current applicability not established,,Pending deterministic matching in Task 6,Source occurrence captured; semantic reconciliation pending
HMIS-RPTCOL-JH-0051,HMIS-RPTSCHEMA-JHARKHAND-20260901-001,16,51,HMIS measure occurrence,M1,Ante Natal Care (ANC),1.3.1,New cases of PW with hypertension detected,	1.3.1 :: New cases of PW with hypertension detected 	,Jharkhand,HMIS report,2026-09-01,Unconfirmed,Default columns,Row-dependent; Format Type is an exported dimension and no row values were supplied,Row-dependent; Facility Type is an exported dimension and no row values were supplied,Row-dependent; In-facility/Outreach/Total is an exported dimension,HMIS-RPTSCHEMA-JHARKHAND-20260901-001.headers.txt,3CE7ECB1702D0A54BF41DA4ED990C2D166EC5A82915434662CC9D17A5CE6F6EF,Schema observed in Jharkhand HMIS export downloaded 2026-09-01,Observed report manifestation; national/current applicability not established,,Pending deterministic matching in Task 6,Source occurrence captured; semantic reconciliation pending
HMIS-RPTCOL-JH-0052,HMIS-RPTSCHEMA-JHARKHAND-20260901-001,17,52,HMIS measure occurrence,M1,Ante Natal Care (ANC),1.3.2,Number of PW with hypertension managed at institution,	1.3.2 :: Number of PW with hypertension managed at institution 	,Jharkhand,HMIS report,2026-09-01,Unconfirmed,Default columns,Row-dependent; Format Type is an exported dimension and no row values were supplied,Row-dependent; Facility Type is an exported dimension and no row values were supplied,Row-dependent; In-facility/Outreach/Total is an exported dimension,HMIS-RPTSCHEMA-JHARKHAND-20260901-001.headers.txt,3CE7ECB1702D0A54BF41DA4ED990C2D166EC5A82915434662CC9D17A5CE6F6EF,Schema observed in Jharkhand HMIS export downloaded 2026-09-01,Observed report manifestation; national/current applicability not established,,Pending deterministic matching in Task 6,Source occurrence captured; semantic reconciliation pending
HMIS-RPTCOL-JH-0053,HMIS-RPTSCHEMA-JHARKHAND-20260901-001,18,53,HMIS measure occurrence,M1,Ante Natal Care (ANC),1.3.3,Number of New Pre-Eclampsia/Eclampsia cases identified,	1.3.3. :: Number of New Pre-Eclampsia/Eclampsia cases identified	,Jharkhand,HMIS report,2026-09-01,Unconfirmed,Default columns,Row-dependent; Format Type is an exported dimension and no row values were supplied,Row-dependent; Facility Type is an exported dimension and no row values were supplied,Row-dependent; In-facility/Outreach/Total is an exported dimension,HMIS-RPTSCHEMA-JHARKHAND-20260901-001.headers.txt,3CE7ECB1702D0A54BF41DA4ED990C2D166EC5A82915434662CC9D17A5CE6F6EF,Schema observed in Jharkhand HMIS export downloaded 2026-09-01,Observed report manifestation; national/current applicability not established,,Pending deterministic matching in Task 6,Source occurrence captured; semantic reconciliation pending
HMIS-RPTCOL-JH-0054,HMIS-RPTSCHEMA-JHARKHAND-20260901-001,19,54,HMIS measure occurrence,M1,Ante Natal Care (ANC),1.3.4,Number of Pre-Eclampsia/Eclampsia cases managed during ANC,	1.3.4 :: Number of Pre-Eclampsia/Eclampsia cases managed during ANC	,Jharkhand,HMIS report,2026-09-01,Unconfirmed,Default columns,Row-dependent; Format Type is an exported dimension and no row values were supplied,Row-dependent; Facility Type is an exported dimension and no row values were supplied,Row-dependent; In-facility/Outreach/Total is an exported dimension,HMIS-RPTSCHEMA-JHARKHAND-20260901-001.headers.txt,3CE7ECB1702D0A54BF41DA4ED990C2D166EC5A82915434662CC9D17A5CE6F6EF,Schema observed in Jharkhand HMIS export downloaded 2026-09-01,Observed report manifestation; national/current applicability not established,,Pending deterministic matching in Task 6,Source occurrence captured; semantic reconciliation pending
HMIS-RPTCOL-JH-0055,HMIS-RPTSCHEMA-JHARKHAND-20260901-001,20,55,HMIS measure occurrence,M1,Ante Natal Care (ANC),1.3.5,Number of Eclampsia cases managed during delivery,	1.3.5 :: Number of Eclampsia cases managed during delivery	,Jharkhand,HMIS report,2026-09-01,Unconfirmed,Default columns,Row-dependent; Format Type is an exported dimension and no row values were supplied,Row-dependent; Facility Type is an exported dimension and no row values were supplied,Row-dependent; In-facility/Outreach/Total is an exported dimension,HMIS-RPTSCHEMA-JHARKHAND-20260901-001.headers.txt,3CE7ECB1702D0A54BF41DA4ED990C2D166EC5A82915434662CC9D17A5CE6F6EF,Schema observed in Jharkhand HMIS export downloaded 2026-09-01,Observed report manifestation; national/current applicability not established,,Pending deterministic matching in Task 6,Source occurrence captured; semantic reconciliation pending
HMIS-RPTCOL-JH-0056,HMIS-RPTSCHEMA-JHARKHAND-20260901-001,21,56,HMIS measure occurrence,M1,Ante Natal Care (ANC),1.4.1,Number of PW tested for Haemoglobin (Hb) 4 or more than 4 times for respective ANCs,	1.4.1. :: Number of PW tested for Haemoglobin (Hb) 4 or more than 4 times for respective ANCs	,Jharkhand,HMIS report,2026-09-01,Unconfirmed,Default columns,Row-dependent; Format Type is an exported dimension and no row values were supplied,Row-dependent; Facility Type is an exported dimension and no row values were supplied,Row-dependent; In-facility/Outreach/Total is an exported dimension,HMIS-RPTSCHEMA-JHARKHAND-20260901-001.headers.txt,3CE7ECB1702D0A54BF41DA4ED990C2D166EC5A82915434662CC9D17A5CE6F6EF,Schema observed in Jharkhand HMIS export downloaded 2026-09-01,Observed report manifestation; national/current applicability not established,,Pending deterministic matching in Task 6,Source occurrence captured; semantic reconciliation pending
HMIS-RPTCOL-JH-0057,HMIS-RPTSCHEMA-JHARKHAND-20260901-001,22,57,HMIS measure occurrence,M1,Ante Natal Care (ANC),1.4.2,Number of PW tested for Haemoglobin (Hb),	1.4.2. :: Number of PW tested for Haemoglobin (Hb)	,Jharkhand,HMIS report,2026-09-01,Unconfirmed,Default columns,Row-dependent; Format Type is an exported dimension and no row values were supplied,Row-dependent; Facility Type is an exported dimension and no row values were supplied,Row-dependent; In-facility/Outreach/Total is an exported dimension,HMIS-RPTSCHEMA-JHARKHAND-20260901-001.headers.txt,3CE7ECB1702D0A54BF41DA4ED990C2D166EC5A82915434662CC9D17A5CE6F6EF,Schema observed in Jharkhand HMIS export downloaded 2026-09-01,Observed report manifestation; national/current applicability not established,,Pending deterministic matching in Task 6,Source occurrence captured; semantic reconciliation pending
HMIS-RPTCOL-JH-0058,HMIS-RPTSCHEMA-JHARKHAND-20260901-001,23,58,HMIS measure occurrence,M1,Ante Natal Care (ANC),1.4.3,Number of PW having Hb level<11(7.1 to 10.9 g/dl) (Out of total tested cases),	1.4.3. :: Number of PW having Hb level<11(7.1 to 10.9 g/dl) (Out of total tested cases)	,Jharkhand,HMIS report,2026-09-01,Unconfirmed,Default columns,Row-dependent; Format Type is an exported dimension and no row values were supplied,Row-dependent; Facility Type is an exported dimension and no row values were supplied,Row-dependent; In-facility/Outreach/Total is an exported dimension,HMIS-RPTSCHEMA-JHARKHAND-20260901-001.headers.txt,3CE7ECB1702D0A54BF41DA4ED990C2D166EC5A82915434662CC9D17A5CE6F6EF,Schema observed in Jharkhand HMIS export downloaded 2026-09-01,Observed report manifestation; national/current applicability not established,,Pending deterministic matching in Task 6,Source occurrence captured; semantic reconciliation pending
HMIS-RPTCOL-JH-0059,HMIS-RPTSCHEMA-JHARKHAND-20260901-001,24,59,HMIS measure occurrence,M1,Ante Natal Care (ANC),1.4.4,Number of PW having Hb level<=7 g/dl (Out of total tested cases),	1.4.4. :: Number of PW having Hb level<=7 g/dl (Out of total tested cases)	,Jharkhand,HMIS report,2026-09-01,Unconfirmed,Default columns,Row-dependent; Format Type is an exported dimension and no row values were supplied,Row-dependent; Facility Type is an exported dimension and no row values were supplied,Row-dependent; In-facility/Outreach/Total is an exported dimension,HMIS-RPTSCHEMA-JHARKHAND-20260901-001.headers.txt,3CE7ECB1702D0A54BF41DA4ED990C2D166EC5A82915434662CC9D17A5CE6F6EF,Schema observed in Jharkhand HMIS export downloaded 2026-09-01,Observed report manifestation; national/current applicability not established,,Pending deterministic matching in Task 6,Source occurrence captured; semantic reconciliation pending
HMIS-RPTCOL-JH-0060,HMIS-RPTSCHEMA-JHARKHAND-20260901-001,25,60,HMIS measure occurrence,M1,Ante Natal Care (ANC),1.4.5,Number of PW treated for severe anaemia (Hb<=7g/dl) (including referred-in cases),	1.4.5. :: Number of PW treated for severe anaemia (Hb<=7g/dl) (including referred-in cases)	,Jharkhand,HMIS report,2026-09-01,Unconfirmed,Default columns,Row-dependent; Format Type is an exported dimension and no row values were supplied,Row-dependent; Facility Type is an exported dimension and no row values were supplied,Row-dependent; In-facility/Outreach/Total is an exported dimension,HMIS-RPTSCHEMA-JHARKHAND-20260901-001.headers.txt,3CE7ECB1702D0A54BF41DA4ED990C2D166EC5A82915434662CC9D17A5CE6F6EF,Schema observed in Jharkhand HMIS export downloaded 2026-09-01,Observed report manifestation; national/current applicability not established,,Pending deterministic matching in Task 6,Source occurrence captured; semantic reconciliation pending
HMIS-RPTCOL-JH-0061,HMIS-RPTSCHEMA-JHARKHAND-20260901-001,26,61,HMIS measure occurrence,M1,Ante Natal Care (ANC),1.5.1,Number of PW tested for Blood Sugar using OGTT(Oral Glucose Tolerance Test),	1.5.1. :: Number of PW tested for Blood Sugar using OGTT(Oral Glucose Tolerance Test)	,Jharkhand,HMIS report,2026-09-01,Unconfirmed,Default columns,Row-dependent; Format Type is an exported dimension and no row values were supplied,Row-dependent; Facility Type is an exported dimension and no row values were supplied,Row-dependent; In-facility/Outreach/Total is an exported dimension,HMIS-RPTSCHEMA-JHARKHAND-20260901-001.headers.txt,3CE7ECB1702D0A54BF41DA4ED990C2D166EC5A82915434662CC9D17A5CE6F6EF,Schema observed in Jharkhand HMIS export downloaded 2026-09-01,Observed report manifestation; national/current applicability not established,,Pending deterministic matching in Task 6,Source occurrence captured; semantic reconciliation pending
HMIS-RPTCOL-JH-0062,HMIS-RPTSCHEMA-JHARKHAND-20260901-001,27,62,HMIS measure occurrence,M1,Ante Natal Care (ANC),1.5.2,Number of PW tested positive for GDM out of total OGTT(Oral Glucose Tolerance Test) conducted,	1.5.2. :: Number of PW tested positive for GDM out of total OGTT(Oral Glucose Tolerance Test) conducted	,Jharkhand,HMIS report,2026-09-01,Unconfirmed,Default columns,Row-dependent; Format Type is an exported dimension and no row values were supplied,Row-dependent; Facility Type is an exported dimension and no row values were supplied,Row-dependent; In-facility/Outreach/Total is an exported dimension,HMIS-RPTSCHEMA-JHARKHAND-20260901-001.headers.txt,3CE7ECB1702D0A54BF41DA4ED990C2D166EC5A82915434662CC9D17A5CE6F6EF,Schema observed in Jharkhand HMIS export downloaded 2026-09-01,Observed report manifestation; national/current applicability not established,,Pending deterministic matching in Task 6,Source occurrence captured; semantic reconciliation pending
HMIS-RPTCOL-JH-0063,HMIS-RPTSCHEMA-JHARKHAND-20260901-001,28,63,HMIS measure occurrence,M1,Ante Natal Care (ANC),1.5.3,Number of GDM positive PW managed with Insulin/Metformin out of total tested positive for GDM,	1.5.3. :: Number of GDM positive PW managed with Insulin/Metformin out of total tested positive for GDM	,Jharkhand,HMIS report,2026-09-01,Unconfirmed,Default columns,Row-dependent; Format Type is an exported dimension and no row values were supplied,Row-dependent; Facility Type is an exported dimension and no row values were supplied,Row-dependent; In-facility/Outreach/Total is an exported dimension,HMIS-RPTSCHEMA-JHARKHAND-20260901-001.headers.txt,3CE7ECB1702D0A54BF41DA4ED990C2D166EC5A82915434662CC9D17A5CE6F6EF,Schema observed in Jharkhand HMIS export downloaded 2026-09-01,Observed report manifestation; national/current applicability not established,,Pending deterministic matching in Task 6,Source occurrence captured; semantic reconciliation pending
HMIS-RPTCOL-JH-0064,HMIS-RPTSCHEMA-JHARKHAND-20260901-001,29,64,HMIS measure occurrence,M1,Ante Natal Care (ANC),1.6.1.a,Number of pregnant/Direct-In-Labor (DIL) women screened/tested (with VDRL/RPR/TPHA/RDT/PoC) for Syphilis,	1.6.1.a :: Number of pregnant/Direct-In-Labor (DIL) women screened/tested (with VDRL/RPR/TPHA/RDT/PoC) for Syphilis	,Jharkhand,HMIS report,2026-09-01,Unconfirmed,Default columns,Row-dependent; Format Type is an exported dimension and no row values were supplied,Row-dependent; Facility Type is an exported dimension and no row values were supplied,Row-dependent; In-facility/Outreach/Total is an exported dimension,HMIS-RPTSCHEMA-JHARKHAND-20260901-001.headers.txt,3CE7ECB1702D0A54BF41DA4ED990C2D166EC5A82915434662CC9D17A5CE6F6EF,Schema observed in Jharkhand HMIS export downloaded 2026-09-01,Observed report manifestation; national/current applicability not established,,Pending deterministic matching in Task 6,Source occurrence captured; semantic reconciliation pending
HMIS-RPTCOL-JH-0065,HMIS-RPTSCHEMA-JHARKHAND-20260901-001,30,65,HMIS measure occurrence,M1,Ante Natal Care (ANC),1.6.1.b,Number of pregnant/DIL women found Seropositive for Syphilis by VDRL/RPR/TPHA/RDT/PoC test,	1.6.1.b :: Number of pregnant/DIL women found Seropositive for Syphilis by VDRL/RPR/TPHA/RDT/PoC test	,Jharkhand,HMIS report,2026-09-01,Unconfirmed,Default columns,Row-dependent; Format Type is an exported dimension and no row values were supplied,Row-dependent; Facility Type is an exported dimension and no row values were supplied,Row-dependent; In-facility/Outreach/Total is an exported dimension,HMIS-RPTSCHEMA-JHARKHAND-20260901-001.headers.txt,3CE7ECB1702D0A54BF41DA4ED990C2D166EC5A82915434662CC9D17A5CE6F6EF,Schema observed in Jharkhand HMIS export downloaded 2026-09-01,Observed report manifestation; national/current applicability not established,,Pending deterministic matching in Task 6,Source occurrence captured; semantic reconciliation pending
HMIS-RPTCOL-JH-0066,HMIS-RPTSCHEMA-JHARKHAND-20260901-001,31,66,HMIS measure occurrence,M1,Ante Natal Care (ANC),1.6.1.c,Number of pregnant/DIL women found Syphilis-Seropositive and given treatment with injection Benzathine Penicillin (IM),	1.6.1.c :: Number of pregnant/DIL women found Syphilis-Seropositive and given treatment with injection Benzathine Penicillin (IM)	,Jharkhand,HMIS report,2026-09-01,Unconfirmed,Default columns,Row-dependent; Format Type is an exported dimension and no row values were supplied,Row-dependent; Facility Type is an exported dimension and no row values were supplied,Row-dependent; In-facility/Outreach/Total is an exported dimension,HMIS-RPTSCHEMA-JHARKHAND-20260901-001.headers.txt,3CE7ECB1702D0A54BF41DA4ED990C2D166EC5A82915434662CC9D17A5CE6F6EF,Schema observed in Jharkhand HMIS export downloaded 2026-09-01,Observed report manifestation; national/current applicability not established,,Pending deterministic matching in Task 6,Source occurrence captured; semantic reconciliation pending
HMIS-RPTCOL-JH-0067,HMIS-RPTSCHEMA-JHARKHAND-20260901-001,32,67,HMIS measure occurrence,M1,Ante Natal Care (ANC),1.6.1.d,Number of live births among Syphilis Seropositive Pregnant Women,	1.6.1.d :: Number of live births among Syphilis Seropositive Pregnant Women	,Jharkhand,HMIS report,2026-09-01,Unconfirmed,Default columns,Row-dependent; Format Type is an exported dimension and no row values were supplied,Row-dependent; Facility Type is an exported dimension and no row values were supplied,Row-dependent; In-facility/Outreach/Total is an exported dimension,HMIS-RPTSCHEMA-JHARKHAND-20260901-001.headers.txt,3CE7ECB1702D0A54BF41DA4ED990C2D166EC5A82915434662CC9D17A5CE6F6EF,Schema observed in Jharkhand HMIS export downloaded 2026-09-01,Observed report manifestation; national/current applicability not established,,Pending deterministic matching in Task 6,Source occurrence captured; semantic reconciliation pending
HMIS-RPTCOL-JH-0068,HMIS-RPTSCHEMA-JHARKHAND-20260901-001,33,68,HMIS measure occurrence,M1,Ante Natal Care (ANC),1.6.1.e,Number of babies born to Syphilis-Seropositive Pregnant Women tested positive/ clinically diagnosed for congenital Syphilis,	1.6.1.e :: Number of babies born to Syphilis-Seropositive Pregnant Women tested positive/ clinically diagnosed for congenital Syphilis 	,Jharkhand,HMIS report,2026-09-01,Unconfirmed,Default columns,Row-dependent; Format Type is an exported dimension and no row values were supplied,Row-dependent; Facility Type is an exported dimension and no row values were supplied,Row-dependent; In-facility/Outreach/Total is an exported dimension,HMIS-RPTSCHEMA-JHARKHAND-20260901-001.headers.txt,3CE7ECB1702D0A54BF41DA4ED990C2D166EC5A82915434662CC9D17A5CE6F6EF,Schema observed in Jharkhand HMIS export downloaded 2026-09-01,Observed report manifestation; national/current applicability not established,,Pending deterministic matching in Task 6,Source occurrence captured; semantic reconciliation pending
HMIS-RPTCOL-JH-0069,HMIS-RPTSCHEMA-JHARKHAND-20260901-001,34,69,HMIS measure occurrence,M1,Ante Natal Care (ANC),1.6.1.f,"Out of above, babies with congenital Syphilis received curative treatment","	1.6.1.f :: Out of above, babies with congenital Syphilis received curative treatment 	",Jharkhand,HMIS report,2026-09-01,Unconfirmed,Default columns,Row-dependent; Format Type is an exported dimension and no row values were supplied,Row-dependent; Facility Type is an exported dimension and no row values were supplied,Row-dependent; In-facility/Outreach/Total is an exported dimension,HMIS-RPTSCHEMA-JHARKHAND-20260901-001.headers.txt,3CE7ECB1702D0A54BF41DA4ED990C2D166EC5A82915434662CC9D17A5CE6F6EF,Schema observed in Jharkhand HMIS export downloaded 2026-09-01,Observed report manifestation; national/current applicability not established,,Pending deterministic matching in Task 6,Source occurrence captured; semantic reconciliation pending
HMIS-RPTCOL-JH-0070,HMIS-RPTSCHEMA-JHARKHAND-20260901-001,35,70,HMIS measure occurrence,M1,Ante Natal Care (ANC),1.7.1,Number of Pregnant Women tested positive for Thyroid disorder,	1.7.1. :: Number of Pregnant Women tested positive for Thyroid disorder	,Jharkhand,HMIS report,2026-09-01,Unconfirmed,Default columns,Row-dependent; Format Type is an exported dimension and no row values were supplied,Row-dependent; Facility Type is an exported dimension and no row values were supplied,Row-dependent; In-facility/Outreach/Total is an exported dimension,HMIS-RPTSCHEMA-JHARKHAND-20260901-001.headers.txt,3CE7ECB1702D0A54BF41DA4ED990C2D166EC5A82915434662CC9D17A5CE6F6EF,Schema observed in Jharkhand HMIS export downloaded 2026-09-01,Observed report manifestation; national/current applicability not established,,Pending deterministic matching in Task 6,Source occurrence captured; semantic reconciliation pending
HMIS-RPTCOL-JH-0071,HMIS-RPTSCHEMA-JHARKHAND-20260901-001,36,71,HMIS measure occurrence,M1,Ante Natal Care (ANC),1.7.2,Number of Pregnant Women treated for thyroid disorder,	1.7.2. :: Number of Pregnant Women treated for thyroid disorder	,Jharkhand,HMIS report,2026-09-01,Unconfirmed,Default columns,Row-dependent; Format Type is an exported dimension and no row values were supplied,Row-dependent; Facility Type is an exported dimension and no row values were supplied,Row-dependent; In-facility/Outreach/Total is an exported dimension,HMIS-RPTSCHEMA-JHARKHAND-20260901-001.headers.txt,3CE7ECB1702D0A54BF41DA4ED990C2D166EC5A82915434662CC9D17A5CE6F6EF,Schema observed in Jharkhand HMIS export downloaded 2026-09-01,Observed report manifestation; national/current applicability not established,,Pending deterministic matching in Task 6,Source occurrence captured; semantic reconciliation pending
HMIS-RPTCOL-JH-0072,HMIS-RPTSCHEMA-JHARKHAND-20260901-001,37,72,HMIS measure occurrence,M1,Ante Natal Care (ANC),1.8.1,Number of Pregnant Women screened for TB,	1.8.1. :: Number of Pregnant Women screened for TB 	,Jharkhand,HMIS report,2026-09-01,Unconfirmed,Default columns,Row-dependent; Format Type is an exported dimension and no row values were supplied,Row-dependent; Facility Type is an exported dimension and no row values were supplied,Row-dependent; In-facility/Outreach/Total is an exported dimension,HMIS-RPTSCHEMA-JHARKHAND-20260901-001.headers.txt,3CE7ECB1702D0A54BF41DA4ED990C2D166EC5A82915434662CC9D17A5CE6F6EF,Schema observed in Jharkhand HMIS export downloaded 2026-09-01,Observed report manifestation; national/current applicability not established,,Pending deterministic matching in Task 6,Source occurrence captured; semantic reconciliation pending
HMIS-RPTCOL-JH-0073,HMIS-RPTSCHEMA-JHARKHAND-20260901-001,38,73,HMIS measure occurrence,M1,Ante Natal Care (ANC),1.8.2,Number of Pregnant Women identified with Presumptive TB symptoms,	1.8.2. :: Number of Pregnant Women identified  with Presumptive TB symptoms	,Jharkhand,HMIS report,2026-09-01,Unconfirmed,Default columns,Row-dependent; Format Type is an exported dimension and no row values were supplied,Row-dependent; Facility Type is an exported dimension and no row values were supplied,Row-dependent; In-facility/Outreach/Total is an exported dimension,HMIS-RPTSCHEMA-JHARKHAND-20260901-001.headers.txt,3CE7ECB1702D0A54BF41DA4ED990C2D166EC5A82915434662CC9D17A5CE6F6EF,Schema observed in Jharkhand HMIS export downloaded 2026-09-01,Observed report manifestation; national/current applicability not established,,Pending deterministic matching in Task 6,Source occurrence captured; semantic reconciliation pending
HMIS-RPTCOL-JH-0074,HMIS-RPTSCHEMA-JHARKHAND-20260901-001,39,74,HMIS measure occurrence,M1,Ante Natal Care (ANC),1.8.3,Number of Pregnant Women referred out of those identified with Presumptive TB symptoms,	1.8.3. :: Number of Pregnant Women referred out of those identified with Presumptive TB symptoms 	,Jharkhand,HMIS report,2026-09-01,Unconfirmed,Default columns,Row-dependent; Format Type is an exported dimension and no row values were supplied,Row-dependent; Facility Type is an exported dimension and no row values were supplied,Row-dependent; In-facility/Outreach/Total is an exported dimension,HMIS-RPTSCHEMA-JHARKHAND-20260901-001.headers.txt,3CE7ECB1702D0A54BF41DA4ED990C2D166EC5A82915434662CC9D17A5CE6F6EF,Schema observed in Jharkhand HMIS export downloaded 2026-09-01,Observed report manifestation; national/current applicability not established,,Pending deterministic matching in Task 6,Source occurrence captured; semantic reconciliation pending
HMIS-RPTCOL-JH-0075,HMIS-RPTSCHEMA-JHARKHAND-20260901-001,40,75,HMIS measure occurrence,M1,Ante Natal Care (ANC),1.9.1,Total High Risk Pregnancy (HRP) Intrapartum including following:,	1.9.1. :: Total High Risk Pregnancy (HRP) Intrapartum including following:	,Jharkhand,HMIS report,2026-09-01,Unconfirmed,Default columns,Row-dependent; Format Type is an exported dimension and no row values were supplied,Row-dependent; Facility Type is an exported dimension and no row values were supplied,Row-dependent; In-facility/Outreach/Total is an exported dimension,HMIS-RPTSCHEMA-JHARKHAND-20260901-001.headers.txt,3CE7ECB1702D0A54BF41DA4ED990C2D166EC5A82915434662CC9D17A5CE6F6EF,Schema observed in Jharkhand HMIS export downloaded 2026-09-01,Observed report manifestation; national/current applicability not established,,Pending deterministic matching in Task 6,Source occurrence captured; semantic reconciliation pending
HMIS-RPTCOL-JH-0076,HMIS-RPTSCHEMA-JHARKHAND-20260901-001,41,76,HMIS measure occurrence,M1,Ante Natal Care (ANC),1.9.1.a,Number of Pregnant Women only with Post-Partum Haemorrhage(Immediately after delivery) in the facility,	1.9.1.a. :: Number of Pregnant Women only with Post-Partum Haemorrhage(Immediately after delivery) in the facility 	,Jharkhand,HMIS report,2026-09-01,Unconfirmed,Default columns,Row-dependent; Format Type is an exported dimension and no row values were supplied,Row-dependent; Facility Type is an exported dimension and no row values were supplied,Row-dependent; In-facility/Outreach/Total is an exported dimension,HMIS-RPTSCHEMA-JHARKHAND-20260901-001.headers.txt,3CE7ECB1702D0A54BF41DA4ED990C2D166EC5A82915434662CC9D17A5CE6F6EF,Schema observed in Jharkhand HMIS export downloaded 2026-09-01,Observed report manifestation; national/current applicability not established,,Pending deterministic matching in Task 6,Source occurrence captured; semantic reconciliation pending
HMIS-RPTCOL-JH-0077,HMIS-RPTSCHEMA-JHARKHAND-20260901-001,42,77,HMIS measure occurrence,M1,Ante Natal Care (ANC),1.9.1.b,Number of Pregnant Women only with Sepsis in the facility,	1.9.1.b. :: Number of Pregnant Women only with Sepsis in the facility	,Jharkhand,HMIS report,2026-09-01,Unconfirmed,Default columns,Row-dependent; Format Type is an exported dimension and no row values were supplied,Row-dependent; Facility Type is an exported dimension and no row values were supplied,Row-dependent; In-facility/Outreach/Total is an exported dimension,HMIS-RPTSCHEMA-JHARKHAND-20260901-001.headers.txt,3CE7ECB1702D0A54BF41DA4ED990C2D166EC5A82915434662CC9D17A5CE6F6EF,Schema observed in Jharkhand HMIS export downloaded 2026-09-01,Observed report manifestation; national/current applicability not established,,Pending deterministic matching in Task 6,Source occurrence captured; semantic reconciliation pending
HMIS-RPTCOL-JH-0078,HMIS-RPTSCHEMA-JHARKHAND-20260901-001,43,78,HMIS measure occurrence,M1,Ante Natal Care (ANC),1.9.1.c,Number of Pregnant Women identified only with Eclampsia in the facility,	1.9.1.c. ::  Number of Pregnant Women identified only with Eclampsia in the facility 	,Jharkhand,HMIS report,2026-09-01,Unconfirmed,Default columns,Row-dependent; Format Type is an exported dimension and no row values were supplied,Row-dependent; Facility Type is an exported dimension and no row values were supplied,Row-dependent; In-facility/Outreach/Total is an exported dimension,HMIS-RPTSCHEMA-JHARKHAND-20260901-001.headers.txt,3CE7ECB1702D0A54BF41DA4ED990C2D166EC5A82915434662CC9D17A5CE6F6EF,Schema observed in Jharkhand HMIS export downloaded 2026-09-01,Observed report manifestation; national/current applicability not established,,Pending deterministic matching in Task 6,Source occurrence captured; semantic reconciliation pending
HMIS-RPTCOL-JH-0079,HMIS-RPTSCHEMA-JHARKHAND-20260901-001,44,79,HMIS measure occurrence,M1,Ante Natal Care (ANC),1.9.1.d,Number of Pregnant Women identified only with obstructed labour in the facility,	1.9.1.d. :: Number of Pregnant Women identified only with obstructed labour in the facility 	,Jharkhand,HMIS report,2026-09-01,Unconfirmed,Default columns,Row-dependent; Format Type is an exported dimension and no row values were supplied,Row-dependent; Facility Type is an exported dimension and no row values were supplied,Row-dependent; In-facility/Outreach/Total is an exported dimension,HMIS-RPTSCHEMA-JHARKHAND-20260901-001.headers.txt,3CE7ECB1702D0A54BF41DA4ED990C2D166EC5A82915434662CC9D17A5CE6F6EF,Schema observed in Jharkhand HMIS export downloaded 2026-09-01,Observed report manifestation; national/current applicability not established,,Pending deterministic matching in Task 6,Source occurrence captured; semantic reconciliation pending
HMIS-RPTCOL-JH-0080,HMIS-RPTSCHEMA-JHARKHAND-20260901-001,45,80,HMIS measure occurrence,M1,Ante Natal Care (ANC),1.9.1.e,Number of Pregnant Women identified with more than 1 complication listed above,	1.9.1.e. :: Number of Pregnant Women identified with more than 1 complication listed above	,Jharkhand,HMIS report,2026-09-01,Unconfirmed,Default columns,Row-dependent; Format Type is an exported dimension and no row values were supplied,Row-dependent; Facility Type is an exported dimension and no row values were supplied,Row-dependent; In-facility/Outreach/Total is an exported dimension,HMIS-RPTSCHEMA-JHARKHAND-20260901-001.headers.txt,3CE7ECB1702D0A54BF41DA4ED990C2D166EC5A82915434662CC9D17A5CE6F6EF,Schema observed in Jharkhand HMIS export downloaded 2026-09-01,Observed report manifestation; national/current applicability not established,,Pending deterministic matching in Task 6,Source occurrence captured; semantic reconciliation pending
HMIS-RPTCOL-JH-0081,HMIS-RPTSCHEMA-JHARKHAND-20260901-001,46,81,HMIS measure occurrence,M1,Ante Natal Care (ANC),1.9.2,Total High Risk Pregnancy (HRP) Antepartum (Only New Cases are to be reported),	1.9.2. :: Total High Risk Pregnancy (HRP) Antepartum (Only New Cases are to be reported)	,Jharkhand,HMIS report,2026-09-01,Unconfirmed,Default columns,Row-dependent; Format Type is an exported dimension and no row values were supplied,Row-dependent; Facility Type is an exported dimension and no row values were supplied,Row-dependent; In-facility/Outreach/Total is an exported dimension,HMIS-RPTSCHEMA-JHARKHAND-20260901-001.headers.txt,3CE7ECB1702D0A54BF41DA4ED990C2D166EC5A82915434662CC9D17A5CE6F6EF,Schema observed in Jharkhand HMIS export downloaded 2026-09-01,Observed report manifestation; national/current applicability not established,,Pending deterministic matching in Task 6,Source occurrence captured; semantic reconciliation pending
HMIS-RPTCOL-JH-0082,HMIS-RPTSCHEMA-JHARKHAND-20260901-001,47,82,HMIS measure occurrence,M1,Ante Natal Care (ANC),1.9.3,Total no. of highrisk ANC cases referred to Higher/ any other facility (Referred out),	1.9.3. :: Total no. of highrisk ANC cases referred to Higher/ any other facility (Referred out)	,Jharkhand,HMIS report,2026-09-01,Unconfirmed,Default columns,Row-dependent; Format Type is an exported dimension and no row values were supplied,Row-dependent; Facility Type is an exported dimension and no row values were supplied,Row-dependent; In-facility/Outreach/Total is an exported dimension,HMIS-RPTSCHEMA-JHARKHAND-20260901-001.headers.txt,3CE7ECB1702D0A54BF41DA4ED990C2D166EC5A82915434662CC9D17A5CE6F6EF,Schema observed in Jharkhand HMIS export downloaded 2026-09-01,Observed report manifestation; national/current applicability not established,,Pending deterministic matching in Task 6,Source occurrence captured; semantic reconciliation pending
HMIS-RPTCOL-JH-0083,HMIS-RPTSCHEMA-JHARKHAND-20260901-001,48,83,HMIS measure occurrence,M1,Ante Natal Care (ANC),1.9.3.a,Total no. of Intrapartum/PNC High Risk Pregnancy cases referred to Higher/ any other facility (Referred out),	1.9.3.a. :: Total no. of Intrapartum/PNC High Risk Pregnancy cases referred to Higher/ any other  facility (Referred out)	,Jharkhand,HMIS report,2026-09-01,Unconfirmed,Default columns,Row-dependent; Format Type is an exported dimension and no row values were supplied,Row-dependent; Facility Type is an exported dimension and no row values were supplied,Row-dependent; In-facility/Outreach/Total is an exported dimension,HMIS-RPTSCHEMA-JHARKHAND-20260901-001.headers.txt,3CE7ECB1702D0A54BF41DA4ED990C2D166EC5A82915434662CC9D17A5CE6F6EF,Schema observed in Jharkhand HMIS export downloaded 2026-09-01,Observed report manifestation; national/current applicability not established,,Pending deterministic matching in Task 6,Source occurrence captured; semantic reconciliation pending
HMIS-RPTCOL-JH-0084,HMIS-RPTSCHEMA-JHARKHAND-20260901-001,49,84,HMIS measure occurrence,M1,Ante Natal Care (ANC),1.9.4,Total no. of highrisk ANC cases referred in to the facility (Referred in),	1.9.4. :: Total no. of highrisk ANC cases referred in to the facility (Referred in)	,Jharkhand,HMIS report,2026-09-01,Unconfirmed,Default columns,Row-dependent; Format Type is an exported dimension and no row values were supplied,Row-dependent; Facility Type is an exported dimension and no row values were supplied,Row-dependent; In-facility/Outreach/Total is an exported dimension,HMIS-RPTSCHEMA-JHARKHAND-20260901-001.headers.txt,3CE7ECB1702D0A54BF41DA4ED990C2D166EC5A82915434662CC9D17A5CE6F6EF,Schema observed in Jharkhand HMIS export downloaded 2026-09-01,Observed report manifestation; national/current applicability not established,,Pending deterministic matching in Task 6,Source occurrence captured; semantic reconciliation pending
HMIS-RPTCOL-JH-0085,HMIS-RPTSCHEMA-JHARKHAND-20260901-001,50,85,HMIS measure occurrence,M1,Ante Natal Care (ANC),1.9.4.a,Total no. of Intrapartum/PNC High Risk Pregnancy cases attended or referred into the facility (Referred in),	1.9.4.a. :: Total no. of Intrapartum/PNC High Risk Pregnancy cases attended or referred into the facility (Referred in)	,Jharkhand,HMIS report,2026-09-01,Unconfirmed,Default columns,Row-dependent; Format Type is an exported dimension and no row values were supplied,Row-dependent; Facility Type is an exported dimension and no row values were supplied,Row-dependent; In-facility/Outreach/Total is an exported dimension,HMIS-RPTSCHEMA-JHARKHAND-20260901-001.headers.txt,3CE7ECB1702D0A54BF41DA4ED990C2D166EC5A82915434662CC9D17A5CE6F6EF,Schema observed in Jharkhand HMIS export downloaded 2026-09-01,Observed report manifestation; national/current applicability not established,,Pending deterministic matching in Task 6,Source occurrence captured; semantic reconciliation pending
HMIS-RPTCOL-JH-0086,HMIS-RPTSCHEMA-JHARKHAND-20260901-001,51,86,HMIS measure occurrence,M2,Deliveries,2.1.1.a,Number of Home Deliveries attended by Skill Birth Attendant(SBA) (Doctor/Nurse/ANM),M2 [Deliveries]	2.1.1.a :: Number of Home Deliveries attended by Skill Birth Attendant(SBA) (Doctor/Nurse/ANM) 	,Jharkhand,HMIS report,2026-09-01,Unconfirmed,Default columns,Row-dependent; Format Type is an exported dimension and no row values were supplied,Row-dependent; Facility Type is an exported dimension and no row values were supplied,Row-dependent; In-facility/Outreach/Total is an exported dimension,HMIS-RPTSCHEMA-JHARKHAND-20260901-001.headers.txt,3CE7ECB1702D0A54BF41DA4ED990C2D166EC5A82915434662CC9D17A5CE6F6EF,Schema observed in Jharkhand HMIS export downloaded 2026-09-01,Observed report manifestation; national/current applicability not established,,Pending deterministic matching in Task 6,Source occurrence captured; semantic reconciliation pending
HMIS-RPTCOL-JH-0087,HMIS-RPTSCHEMA-JHARKHAND-20260901-001,52,87,HMIS measure occurrence,M2,Deliveries,2.1.1.b,Number of Home Deliveries attended by Non SBA,	2.1.1.b :: Number of Home Deliveries attended by Non SBA	,Jharkhand,HMIS report,2026-09-01,Unconfirmed,Default columns,Row-dependent; Format Type is an exported dimension and no row values were supplied,Row-dependent; Facility Type is an exported dimension and no row values were supplied,Row-dependent; In-facility/Outreach/Total is an exported dimension,HMIS-RPTSCHEMA-JHARKHAND-20260901-001.headers.txt,3CE7ECB1702D0A54BF41DA4ED990C2D166EC5A82915434662CC9D17A5CE6F6EF,Schema observed in Jharkhand HMIS export downloaded 2026-09-01,Observed report manifestation; national/current applicability not established,,Pending deterministic matching in Task 6,Source occurrence captured; semantic reconciliation pending
HMIS-RPTCOL-JH-0088,HMIS-RPTSCHEMA-JHARKHAND-20260901-001,53,88,HMIS measure occurrence,M2,Deliveries,2.1.2,Number of PW given Tablet Misoprostol during home delivery,	2.1.2. :: Number of PW given Tablet Misoprostol during home delivery	,Jharkhand,HMIS report,2026-09-01,Unconfirmed,Default columns,Row-dependent; Format Type is an exported dimension and no row values were supplied,Row-dependent; Facility Type is an exported dimension and no row values were supplied,Row-dependent; In-facility/Outreach/Total is an exported dimension,HMIS-RPTSCHEMA-JHARKHAND-20260901-001.headers.txt,3CE7ECB1702D0A54BF41DA4ED990C2D166EC5A82915434662CC9D17A5CE6F6EF,Schema observed in Jharkhand HMIS export downloaded 2026-09-01,Observed report manifestation; national/current applicability not established,,Pending deterministic matching in Task 6,Source occurrence captured; semantic reconciliation pending
HMIS-RPTCOL-JH-0089,HMIS-RPTSCHEMA-JHARKHAND-20260901-001,54,89,HMIS measure occurrence,M2,Deliveries,2.2,Number of Institutional Deliveries conducted (Including C-Sections),	2.2. :: Number of Institutional Deliveries conducted (Including C-Sections)	,Jharkhand,HMIS report,2026-09-01,Unconfirmed,Default columns,Row-dependent; Format Type is an exported dimension and no row values were supplied,Row-dependent; Facility Type is an exported dimension and no row values were supplied,Row-dependent; In-facility/Outreach/Total is an exported dimension,HMIS-RPTSCHEMA-JHARKHAND-20260901-001.headers.txt,3CE7ECB1702D0A54BF41DA4ED990C2D166EC5A82915434662CC9D17A5CE6F6EF,Schema observed in Jharkhand HMIS export downloaded 2026-09-01,Observed report manifestation; national/current applicability not established,,Pending deterministic matching in Task 6,Source occurrence captured; semantic reconciliation pending
HMIS-RPTCOL-JH-0090,HMIS-RPTSCHEMA-JHARKHAND-20260901-001,55,90,HMIS measure occurrence,M2,Deliveries,2.2.1,"Out of total institutional deliveries(excluding C-section), number of women stayed for 48 hours or more after delivery","	2.2.1. :: Out of total institutional  deliveries(excluding C-section), number of women stayed for  48 hours or more after delivery	",Jharkhand,HMIS report,2026-09-01,Unconfirmed,Default columns,Row-dependent; Format Type is an exported dimension and no row values were supplied,Row-dependent; Facility Type is an exported dimension and no row values were supplied,Row-dependent; In-facility/Outreach/Total is an exported dimension,HMIS-RPTSCHEMA-JHARKHAND-20260901-001.headers.txt,3CE7ECB1702D0A54BF41DA4ED990C2D166EC5A82915434662CC9D17A5CE6F6EF,Schema observed in Jharkhand HMIS export downloaded 2026-09-01,Observed report manifestation; national/current applicability not established,,Pending deterministic matching in Task 6,Source occurrence captured; semantic reconciliation pending
HMIS-RPTCOL-JH-0091,HMIS-RPTSCHEMA-JHARKHAND-20260901-001,56,91,HMIS measure occurrence,M2,Deliveries,2.2.2,"Out of total Institutional deliveries, number of Institutional Deliveries (Excluding C-Sections) conducted at night (8 PM- 8 AM)","	2.2.2. :: Out of total Institutional deliveries, number of Institutional Deliveries (Excluding C-Sections)  conducted at night (8 PM- 8 AM)	",Jharkhand,HMIS report,2026-09-01,Unconfirmed,Default columns,Row-dependent; Format Type is an exported dimension and no row values were supplied,Row-dependent; Facility Type is an exported dimension and no row values were supplied,Row-dependent; In-facility/Outreach/Total is an exported dimension,HMIS-RPTSCHEMA-JHARKHAND-20260901-001.headers.txt,3CE7ECB1702D0A54BF41DA4ED990C2D166EC5A82915434662CC9D17A5CE6F6EF,Schema observed in Jharkhand HMIS export downloaded 2026-09-01,Observed report manifestation; national/current applicability not established,,Pending deterministic matching in Task 6,Source occurrence captured; semantic reconciliation pending
HMIS-RPTCOL-JH-0092,HMIS-RPTSCHEMA-JHARKHAND-20260901-001,57,92,HMIS measure occurrence,M2,Deliveries,2.2.3,"Out of total Institutional deliveries, number of institutional deliveries conducted at Midwifery Led Care Unit (MLCU)","	2.2.3. :: Out of total Institutional deliveries, number of institutional deliveries conducted at Midwifery Led Care Unit (MLCU)	",Jharkhand,HMIS report,2026-09-01,Unconfirmed,Default columns,Row-dependent; Format Type is an exported dimension and no row values were supplied,Row-dependent; Facility Type is an exported dimension and no row values were supplied,Row-dependent; In-facility/Outreach/Total is an exported dimension,HMIS-RPTSCHEMA-JHARKHAND-20260901-001.headers.txt,3CE7ECB1702D0A54BF41DA4ED990C2D166EC5A82915434662CC9D17A5CE6F6EF,Schema observed in Jharkhand HMIS export downloaded 2026-09-01,Observed report manifestation; national/current applicability not established,,Pending deterministic matching in Task 6,Source occurrence captured; semantic reconciliation pending
HMIS-RPTCOL-JH-0093,HMIS-RPTSCHEMA-JHARKHAND-20260901-001,58,93,HMIS measure occurrence,M2,Deliveries,2.3.1,"Out of total number of delivery, PW with age less than <15 years","	2.3.1. :: Out of total number of delivery, PW with age less than <15 years	",Jharkhand,HMIS report,2026-09-01,Unconfirmed,Default columns,Row-dependent; Format Type is an exported dimension and no row values were supplied,Row-dependent; Facility Type is an exported dimension and no row values were supplied,Row-dependent; In-facility/Outreach/Total is an exported dimension,HMIS-RPTSCHEMA-JHARKHAND-20260901-001.headers.txt,3CE7ECB1702D0A54BF41DA4ED990C2D166EC5A82915434662CC9D17A5CE6F6EF,Schema observed in Jharkhand HMIS export downloaded 2026-09-01,Observed report manifestation; national/current applicability not established,,Pending deterministic matching in Task 6,Source occurrence captured; semantic reconciliation pending
HMIS-RPTCOL-JH-0094,HMIS-RPTSCHEMA-JHARKHAND-20260901-001,59,94,HMIS measure occurrence,M2,Deliveries,2.3.2,"Out of total number of delivery, PW with age 15-19 years","	2.3.2. :: Out of total number of delivery, PW with age 15-19 years	",Jharkhand,HMIS report,2026-09-01,Unconfirmed,Default columns,Row-dependent; Format Type is an exported dimension and no row values were supplied,Row-dependent; Facility Type is an exported dimension and no row values were supplied,Row-dependent; In-facility/Outreach/Total is an exported dimension,HMIS-RPTSCHEMA-JHARKHAND-20260901-001.headers.txt,3CE7ECB1702D0A54BF41DA4ED990C2D166EC5A82915434662CC9D17A5CE6F6EF,Schema observed in Jharkhand HMIS export downloaded 2026-09-01,Observed report manifestation; national/current applicability not established,,Pending deterministic matching in Task 6,Source occurrence captured; semantic reconciliation pending
HMIS-RPTCOL-JH-0095,HMIS-RPTSCHEMA-JHARKHAND-20260901-001,60,95,HMIS measure occurrence,M2,Deliveries,2.3.3,"Out of total number of delivery, PW with age more than >19-49 years","	2.3.3. :: Out of total number of delivery, PW with age more than >19-49 years	",Jharkhand,HMIS report,2026-09-01,Unconfirmed,Default columns,Row-dependent; Format Type is an exported dimension and no row values were supplied,Row-dependent; Facility Type is an exported dimension and no row values were supplied,Row-dependent; In-facility/Outreach/Total is an exported dimension,HMIS-RPTSCHEMA-JHARKHAND-20260901-001.headers.txt,3CE7ECB1702D0A54BF41DA4ED990C2D166EC5A82915434662CC9D17A5CE6F6EF,Schema observed in Jharkhand HMIS export downloaded 2026-09-01,Observed report manifestation; national/current applicability not established,,Pending deterministic matching in Task 6,Source occurrence captured; semantic reconciliation pending
HMIS-RPTCOL-JH-0096,HMIS-RPTSCHEMA-JHARKHAND-20260901-001,61,96,HMIS measure occurrence,M2,Deliveries,2.3.4,"Out of total number of delivery, PW with age more than > 49 years","	2.3.4. :: Out of total number of delivery, PW with age more than > 49 years	",Jharkhand,HMIS report,2026-09-01,Unconfirmed,Default columns,Row-dependent; Format Type is an exported dimension and no row values were supplied,Row-dependent; Facility Type is an exported dimension and no row values were supplied,Row-dependent; In-facility/Outreach/Total is an exported dimension,HMIS-RPTSCHEMA-JHARKHAND-20260901-001.headers.txt,3CE7ECB1702D0A54BF41DA4ED990C2D166EC5A82915434662CC9D17A5CE6F6EF,Schema observed in Jharkhand HMIS export downloaded 2026-09-01,Observed report manifestation; national/current applicability not established,,Pending deterministic matching in Task 6,Source occurrence captured; semantic reconciliation pending
HMIS-RPTCOL-JH-0097,HMIS-RPTSCHEMA-JHARKHAND-20260901-001,62,97,HMIS measure occurrence,M2,Deliveries,2.4,Number of newborns received 6/7 HBNC visits after Delivery (Home+ Institutional),	2.4. :: Number of newborns received 6/7 HBNC visits after Delivery (Home+ Institutional)	,Jharkhand,HMIS report,2026-09-01,Unconfirmed,Default columns,Row-dependent; Format Type is an exported dimension and no row values were supplied,Row-dependent; Facility Type is an exported dimension and no row values were supplied,Row-dependent; In-facility/Outreach/Total is an exported dimension,HMIS-RPTSCHEMA-JHARKHAND-20260901-001.headers.txt,3CE7ECB1702D0A54BF41DA4ED990C2D166EC5A82915434662CC9D17A5CE6F6EF,Schema observed in Jharkhand HMIS export downloaded 2026-09-01,Observed report manifestation; national/current applicability not established,,Pending deterministic matching in Task 6,Source occurrence captured; semantic reconciliation pending
HMIS-RPTCOL-JH-0098,HMIS-RPTSCHEMA-JHARKHAND-20260901-001,63,98,HMIS measure occurrence,M2,Deliveries,2.5,No. of identified Sick new-borns referred by ASHA to facility under HBNC Programme,	2.5. :: No. of identified Sick new-borns referred by ASHA to facility under HBNC Programme	,Jharkhand,HMIS report,2026-09-01,Unconfirmed,Default columns,Row-dependent; Format Type is an exported dimension and no row values were supplied,Row-dependent; Facility Type is an exported dimension and no row values were supplied,Row-dependent; In-facility/Outreach/Total is an exported dimension,HMIS-RPTSCHEMA-JHARKHAND-20260901-001.headers.txt,3CE7ECB1702D0A54BF41DA4ED990C2D166EC5A82915434662CC9D17A5CE6F6EF,Schema observed in Jharkhand HMIS export downloaded 2026-09-01,Observed report manifestation; national/current applicability not established,,Pending deterministic matching in Task 6,Source occurrence captured; semantic reconciliation pending
HMIS-RPTCOL-JH-0099,HMIS-RPTSCHEMA-JHARKHAND-20260901-001,64,99,HMIS measure occurrence,M2,Deliveries,2.6,Total number of Children received all scheduled 5 Home visits under HBYC,	2.6. :: Total number of Children  received all scheduled 5 Home visits under HBYC 	,Jharkhand,HMIS report,2026-09-01,Unconfirmed,Default columns,Row-dependent; Format Type is an exported dimension and no row values were supplied,Row-dependent; Facility Type is an exported dimension and no row values were supplied,Row-dependent; In-facility/Outreach/Total is an exported dimension,HMIS-RPTSCHEMA-JHARKHAND-20260901-001.headers.txt,3CE7ECB1702D0A54BF41DA4ED990C2D166EC5A82915434662CC9D17A5CE6F6EF,Schema observed in Jharkhand HMIS export downloaded 2026-09-01,Observed report manifestation; national/current applicability not established,,Pending deterministic matching in Task 6,Source occurrence captured; semantic reconciliation pending
HMIS-RPTCOL-JH-0100,HMIS-RPTSCHEMA-JHARKHAND-20260901-001,65,100,HMIS measure occurrence,M3,Number of Caesarean (C-Section) deliveries,3.1,Total number of C -Section deliveries performed,M3 [Number of Caesarean (C-Section) deliveries]	3.1. :: Total number of C -Section deliveries performed	,Jharkhand,HMIS report,2026-09-01,Unconfirmed,Default columns,Row-dependent; Format Type is an exported dimension and no row values were supplied,Row-dependent; Facility Type is an exported dimension and no row values were supplied,Row-dependent; In-facility/Outreach/Total is an exported dimension,HMIS-RPTSCHEMA-JHARKHAND-20260901-001.headers.txt,3CE7ECB1702D0A54BF41DA4ED990C2D166EC5A82915434662CC9D17A5CE6F6EF,Schema observed in Jharkhand HMIS export downloaded 2026-09-01,Observed report manifestation; national/current applicability not established,,Pending deterministic matching in Task 6,Source occurrence captured; semantic reconciliation pending
HMIS-RPTCOL-JH-0101,HMIS-RPTSCHEMA-JHARKHAND-20260901-001,66,101,HMIS measure occurrence,M3,Number of Caesarean (C-Section) deliveries,3.1.1,"Out of total C-sections, number performed at night (8 PM- 8 AM)","	3.1.1. :: Out of total C-sections, number performed at night (8 PM- 8 AM)	",Jharkhand,HMIS report,2026-09-01,Unconfirmed,Default columns,Row-dependent; Format Type is an exported dimension and no row values were supplied,Row-dependent; Facility Type is an exported dimension and no row values were supplied,Row-dependent; In-facility/Outreach/Total is an exported dimension,HMIS-RPTSCHEMA-JHARKHAND-20260901-001.headers.txt,3CE7ECB1702D0A54BF41DA4ED990C2D166EC5A82915434662CC9D17A5CE6F6EF,Schema observed in Jharkhand HMIS export downloaded 2026-09-01,Observed report manifestation; national/current applicability not established,,Pending deterministic matching in Task 6,Source occurrence captured; semantic reconciliation pending
HMIS-RPTCOL-JH-0102,HMIS-RPTSCHEMA-JHARKHAND-20260901-001,67,102,HMIS measure occurrence,M3,Number of Caesarean (C-Section) deliveries,3.1.2,"Out of total C-section, number of women stayed for 72 hours or more after delivery","	3.1.2. :: Out of total C-section, number of women stayed for 72 hours or more after delivery	",Jharkhand,HMIS report,2026-09-01,Unconfirmed,Default columns,Row-dependent; Format Type is an exported dimension and no row values were supplied,Row-dependent; Facility Type is an exported dimension and no row values were supplied,Row-dependent; In-facility/Outreach/Total is an exported dimension,HMIS-RPTSCHEMA-JHARKHAND-20260901-001.headers.txt,3CE7ECB1702D0A54BF41DA4ED990C2D166EC5A82915434662CC9D17A5CE6F6EF,Schema observed in Jharkhand HMIS export downloaded 2026-09-01,Observed report manifestation; national/current applicability not established,,Pending deterministic matching in Task 6,Source occurrence captured; semantic reconciliation pending
HMIS-RPTCOL-JH-0103,HMIS-RPTSCHEMA-JHARKHAND-20260901-001,68,103,HMIS measure occurrence,M4,Pregnancy outcome & details of new-born,4.1.1.a,Live Birth - Male,M4 [Pregnancy outcome & details of new-born]	4.1.1.a :: Live Birth - Male	,Jharkhand,HMIS report,2026-09-01,Unconfirmed,Default columns,Row-dependent; Format Type is an exported dimension and no row values were supplied,Row-dependent; Facility Type is an exported dimension and no row values were supplied,Row-dependent; In-facility/Outreach/Total is an exported dimension,HMIS-RPTSCHEMA-JHARKHAND-20260901-001.headers.txt,3CE7ECB1702D0A54BF41DA4ED990C2D166EC5A82915434662CC9D17A5CE6F6EF,Schema observed in Jharkhand HMIS export downloaded 2026-09-01,Observed report manifestation; national/current applicability not established,,Pending deterministic matching in Task 6,Source occurrence captured; semantic reconciliation pending
HMIS-RPTCOL-JH-0104,HMIS-RPTSCHEMA-JHARKHAND-20260901-001,69,104,HMIS measure occurrence,M4,Pregnancy outcome & details of new-born,4.1.1.b,Live Birth - Female,	4.1.1.b :: Live Birth - Female	,Jharkhand,HMIS report,2026-09-01,Unconfirmed,Default columns,Row-dependent; Format Type is an exported dimension and no row values were supplied,Row-dependent; Facility Type is an exported dimension and no row values were supplied,Row-dependent; In-facility/Outreach/Total is an exported dimension,HMIS-RPTSCHEMA-JHARKHAND-20260901-001.headers.txt,3CE7ECB1702D0A54BF41DA4ED990C2D166EC5A82915434662CC9D17A5CE6F6EF,Schema observed in Jharkhand HMIS export downloaded 2026-09-01,Observed report manifestation; national/current applicability not established,,Pending deterministic matching in Task 6,Source occurrence captured; semantic reconciliation pending
HMIS-RPTCOL-JH-0105,HMIS-RPTSCHEMA-JHARKHAND-20260901-001,70,105,HMIS measure occurrence,M4,Pregnancy outcome & details of new-born,4.1.2,Number of Pre-term newborns ( < 37 weeks of pregnancy),	4.1.2. :: Number of Pre-term newborns ( < 37 weeks of pregnancy)	,Jharkhand,HMIS report,2026-09-01,Unconfirmed,Default columns,Row-dependent; Format Type is an exported dimension and no row values were supplied,Row-dependent; Facility Type is an exported dimension and no row values were supplied,Row-dependent; In-facility/Outreach/Total is an exported dimension,HMIS-RPTSCHEMA-JHARKHAND-20260901-001.headers.txt,3CE7ECB1702D0A54BF41DA4ED990C2D166EC5A82915434662CC9D17A5CE6F6EF,Schema observed in Jharkhand HMIS export downloaded 2026-09-01,Observed report manifestation; national/current applicability not established,,Pending deterministic matching in Task 6,Source occurrence captured; semantic reconciliation pending
HMIS-RPTCOL-JH-0106,HMIS-RPTSCHEMA-JHARKHAND-20260901-001,71,106,HMIS measure occurrence,M4,Pregnancy outcome & details of new-born,4.1.3.a,Fresh Stillbirth - Intrapartum Stillbirth (28 weeks & above),	4.1.3.a :: Fresh Stillbirth - Intrapartum Stillbirth (28 weeks & above)	,Jharkhand,HMIS report,2026-09-01,Unconfirmed,Default columns,Row-dependent; Format Type is an exported dimension and no row values were supplied,Row-dependent; Facility Type is an exported dimension and no row values were supplied,Row-dependent; In-facility/Outreach/Total is an exported dimension,HMIS-RPTSCHEMA-JHARKHAND-20260901-001.headers.txt,3CE7ECB1702D0A54BF41DA4ED990C2D166EC5A82915434662CC9D17A5CE6F6EF,Schema observed in Jharkhand HMIS export downloaded 2026-09-01,Observed report manifestation; national/current applicability not established,,Pending deterministic matching in Task 6,Source occurrence captured; semantic reconciliation pending
HMIS-RPTCOL-JH-0107,HMIS-RPTSCHEMA-JHARKHAND-20260901-001,72,107,HMIS measure occurrence,M4,Pregnancy outcome & details of new-born,4.1.3.b,Mascerated Stillbirth – Antepartum Stillbirth (28 weeks &above),	4.1.3.b :: Mascerated Stillbirth – Antepartum Stillbirth (28 weeks &above)	,Jharkhand,HMIS report,2026-09-01,Unconfirmed,Default columns,Row-dependent; Format Type is an exported dimension and no row values were supplied,Row-dependent; Facility Type is an exported dimension and no row values were supplied,Row-dependent; In-facility/Outreach/Total is an exported dimension,HMIS-RPTSCHEMA-JHARKHAND-20260901-001.headers.txt,3CE7ECB1702D0A54BF41DA4ED990C2D166EC5A82915434662CC9D17A5CE6F6EF,Schema observed in Jharkhand HMIS export downloaded 2026-09-01,Observed report manifestation; national/current applicability not established,,Pending deterministic matching in Task 6,Source occurrence captured; semantic reconciliation pending
HMIS-RPTCOL-JH-0108,HMIS-RPTSCHEMA-JHARKHAND-20260901-001,73,108,HMIS measure occurrence,M4,Pregnancy outcome & details of new-born,4.1.3.c,Foetal Death (24–27 completed weeks),	4.1.3.c :: Foetal Death (24–27 completed weeks)	,Jharkhand,HMIS report,2026-09-01,Unconfirmed,Default columns,Row-dependent; Format Type is an exported dimension and no row values were supplied,Row-dependent; Facility Type is an exported dimension and no row values were supplied,Row-dependent; In-facility/Outreach/Total is an exported dimension,HMIS-RPTSCHEMA-JHARKHAND-20260901-001.headers.txt,3CE7ECB1702D0A54BF41DA4ED990C2D166EC5A82915434662CC9D17A5CE6F6EF,Schema observed in Jharkhand HMIS export downloaded 2026-09-01,Observed report manifestation; national/current applicability not established,,Pending deterministic matching in Task 6,Source occurrence captured; semantic reconciliation pending
HMIS-RPTCOL-JH-0109,HMIS-RPTSCHEMA-JHARKHAND-20260901-001,74,109,HMIS measure occurrence,M4,Pregnancy outcome & details of new-born,4.2,Abortion (spontaneous),	4.2. :: Abortion (spontaneous)	,Jharkhand,HMIS report,2026-09-01,Unconfirmed,Default columns,Row-dependent; Format Type is an exported dimension and no row values were supplied,Row-dependent; Facility Type is an exported dimension and no row values were supplied,Row-dependent; In-facility/Outreach/Total is an exported dimension,HMIS-RPTSCHEMA-JHARKHAND-20260901-001.headers.txt,3CE7ECB1702D0A54BF41DA4ED990C2D166EC5A82915434662CC9D17A5CE6F6EF,Schema observed in Jharkhand HMIS export downloaded 2026-09-01,Observed report manifestation; national/current applicability not established,,Pending deterministic matching in Task 6,Source occurrence captured; semantic reconciliation pending
HMIS-RPTCOL-JH-0110,HMIS-RPTSCHEMA-JHARKHAND-20260901-001,75,110,HMIS measure occurrence,M4,Pregnancy outcome & details of new-born,4.3.1.a,Surgical MTPs upto 12 weeks of pregnancy,	4.3.1.a :: Surgical MTPs upto 12 weeks of pregnancy	,Jharkhand,HMIS report,2026-09-01,Unconfirmed,Default columns,Row-dependent; Format Type is an exported dimension and no row values were supplied,Row-dependent; Facility Type is an exported dimension and no row values were supplied,Row-dependent; In-facility/Outreach/Total is an exported dimension,HMIS-RPTSCHEMA-JHARKHAND-20260901-001.headers.txt,3CE7ECB1702D0A54BF41DA4ED990C2D166EC5A82915434662CC9D17A5CE6F6EF,Schema observed in Jharkhand HMIS export downloaded 2026-09-01,Observed report manifestation; national/current applicability not established,,Pending deterministic matching in Task 6,Source occurrence captured; semantic reconciliation pending
HMIS-RPTCOL-JH-0111,HMIS-RPTSCHEMA-JHARKHAND-20260901-001,76,111,HMIS measure occurrence,M4,Pregnancy outcome & details of new-born,4.3.1.b,MTP more than 12 weeks of pregnancy,	4.3.1.b :: MTP more than 12 weeks of pregnancy	,Jharkhand,HMIS report,2026-09-01,Unconfirmed,Default columns,Row-dependent; Format Type is an exported dimension and no row values were supplied,Row-dependent; Facility Type is an exported dimension and no row values were supplied,Row-dependent; In-facility/Outreach/Total is an exported dimension,HMIS-RPTSCHEMA-JHARKHAND-20260901-001.headers.txt,3CE7ECB1702D0A54BF41DA4ED990C2D166EC5A82915434662CC9D17A5CE6F6EF,Schema observed in Jharkhand HMIS export downloaded 2026-09-01,Observed report manifestation; national/current applicability not established,,Pending deterministic matching in Task 6,Source occurrence captured; semantic reconciliation pending
HMIS-RPTCOL-JH-0112,HMIS-RPTSCHEMA-JHARKHAND-20260901-001,77,112,HMIS measure occurrence,M4,Pregnancy outcome & details of new-born,4.3.1.c,MTPs completed through Medical methods of abortion (MMA),	4.3.1.c :: MTPs completed through Medical methods of abortion (MMA)	,Jharkhand,HMIS report,2026-09-01,Unconfirmed,Default columns,Row-dependent; Format Type is an exported dimension and no row values were supplied,Row-dependent; Facility Type is an exported dimension and no row values were supplied,Row-dependent; In-facility/Outreach/Total is an exported dimension,HMIS-RPTSCHEMA-JHARKHAND-20260901-001.headers.txt,3CE7ECB1702D0A54BF41DA4ED990C2D166EC5A82915434662CC9D17A5CE6F6EF,Schema observed in Jharkhand HMIS export downloaded 2026-09-01,Observed report manifestation; national/current applicability not established,,Pending deterministic matching in Task 6,Source occurrence captured; semantic reconciliation pending
HMIS-RPTCOL-JH-0113,HMIS-RPTSCHEMA-JHARKHAND-20260901-001,78,113,HMIS measure occurrence,M4,Pregnancy outcome & details of new-born,4.3.2.a,Total Post-abortion/MTP Complications Identified,	4.3.2.a :: Total Post-abortion/MTP Complications Identified	,Jharkhand,HMIS report,2026-09-01,Unconfirmed,Default columns,Row-dependent; Format Type is an exported dimension and no row values were supplied,Row-dependent; Facility Type is an exported dimension and no row values were supplied,Row-dependent; In-facility/Outreach/Total is an exported dimension,HMIS-RPTSCHEMA-JHARKHAND-20260901-001.headers.txt,3CE7ECB1702D0A54BF41DA4ED990C2D166EC5A82915434662CC9D17A5CE6F6EF,Schema observed in Jharkhand HMIS export downloaded 2026-09-01,Observed report manifestation; national/current applicability not established,,Pending deterministic matching in Task 6,Source occurrence captured; semantic reconciliation pending
HMIS-RPTCOL-JH-0114,HMIS-RPTSCHEMA-JHARKHAND-20260901-001,79,114,HMIS measure occurrence,M4,Pregnancy outcome & details of new-born,4.3.2.b,Post-abortion/MTP complications identified (where abortions were carried out in facilities other than public and accredited private health facilities),	4.3.2.b. :: Post-abortion/MTP complications identified (where abortions were carried out in facilities other than public and accredited private health facilities)	,Jharkhand,HMIS report,2026-09-01,Unconfirmed,Default columns,Row-dependent; Format Type is an exported dimension and no row values were supplied,Row-dependent; Facility Type is an exported dimension and no row values were supplied,Row-dependent; In-facility/Outreach/Total is an exported dimension,HMIS-RPTSCHEMA-JHARKHAND-20260901-001.headers.txt,3CE7ECB1702D0A54BF41DA4ED990C2D166EC5A82915434662CC9D17A5CE6F6EF,Schema observed in Jharkhand HMIS export downloaded 2026-09-01,Observed report manifestation; national/current applicability not established,,Pending deterministic matching in Task 6,Source occurrence captured; semantic reconciliation pending
HMIS-RPTCOL-JH-0115,HMIS-RPTSCHEMA-JHARKHAND-20260901-001,80,115,HMIS measure occurrence,M4,Pregnancy outcome & details of new-born,4.3.2.c,Post-abortion/MTP Complications treated,	4.3.2.c. :: Post-abortion/MTP Complications treated	,Jharkhand,HMIS report,2026-09-01,Unconfirmed,Default columns,Row-dependent; Format Type is an exported dimension and no row values were supplied,Row-dependent; Facility Type is an exported dimension and no row values were supplied,Row-dependent; In-facility/Outreach/Total is an exported dimension,HMIS-RPTSCHEMA-JHARKHAND-20260901-001.headers.txt,3CE7ECB1702D0A54BF41DA4ED990C2D166EC5A82915434662CC9D17A5CE6F6EF,Schema observed in Jharkhand HMIS export downloaded 2026-09-01,Observed report manifestation; national/current applicability not established,,Pending deterministic matching in Task 6,Source occurrence captured; semantic reconciliation pending
HMIS-RPTCOL-JH-0116,HMIS-RPTSCHEMA-JHARKHAND-20260901-001,81,116,HMIS measure occurrence,M4,Pregnancy outcome & details of new-born,4.3.3,Number of women provided with Post-abortion/ MTP contraception,	4.3.3. :: Number of women provided with Post-abortion/ MTP contraception 	,Jharkhand,HMIS report,2026-09-01,Unconfirmed,Default columns,Row-dependent; Format Type is an exported dimension and no row values were supplied,Row-dependent; Facility Type is an exported dimension and no row values were supplied,Row-dependent; In-facility/Outreach/Total is an exported dimension,HMIS-RPTSCHEMA-JHARKHAND-20260901-001.headers.txt,3CE7ECB1702D0A54BF41DA4ED990C2D166EC5A82915434662CC9D17A5CE6F6EF,Schema observed in Jharkhand HMIS export downloaded 2026-09-01,Observed report manifestation; national/current applicability not established,,Pending deterministic matching in Task 6,Source occurrence captured; semantic reconciliation pending
HMIS-RPTCOL-JH-0117,HMIS-RPTSCHEMA-JHARKHAND-20260901-001,82,117,HMIS measure occurrence,M4,Pregnancy outcome & details of new-born,4.4.1,Number of Newborns weighed at birth,	4.4.1. :: Number of Newborns weighed at birth	,Jharkhand,HMIS report,2026-09-01,Unconfirmed,Default columns,Row-dependent; Format Type is an exported dimension and no row values were supplied,Row-dependent; Facility Type is an exported dimension and no row values were supplied,Row-dependent; In-facility/Outreach/Total is an exported dimension,HMIS-RPTSCHEMA-JHARKHAND-20260901-001.headers.txt,3CE7ECB1702D0A54BF41DA4ED990C2D166EC5A82915434662CC9D17A5CE6F6EF,Schema observed in Jharkhand HMIS export downloaded 2026-09-01,Observed report manifestation; national/current applicability not established,,Pending deterministic matching in Task 6,Source occurrence captured; semantic reconciliation pending
HMIS-RPTCOL-JH-0118,HMIS-RPTSCHEMA-JHARKHAND-20260901-001,83,118,HMIS measure occurrence,M4,Pregnancy outcome & details of new-born,4.4.2,Number of Newborns having weight less than 2500 gms,	4.4.2. :: Number of Newborns having weight less than 2500 gms	,Jharkhand,HMIS report,2026-09-01,Unconfirmed,Default columns,Row-dependent; Format Type is an exported dimension and no row values were supplied,Row-dependent; Facility Type is an exported dimension and no row values were supplied,Row-dependent; In-facility/Outreach/Total is an exported dimension,HMIS-RPTSCHEMA-JHARKHAND-20260901-001.headers.txt,3CE7ECB1702D0A54BF41DA4ED990C2D166EC5A82915434662CC9D17A5CE6F6EF,Schema observed in Jharkhand HMIS export downloaded 2026-09-01,Observed report manifestation; national/current applicability not established,,Pending deterministic matching in Task 6,Source occurrence captured; semantic reconciliation pending
HMIS-RPTCOL-JH-0119,HMIS-RPTSCHEMA-JHARKHAND-20260901-001,84,119,HMIS measure occurrence,M4,Pregnancy outcome & details of new-born,4.4.2.a,"Out of the above, number of Newborns having weight less than 1800 gms","	4.4.2.a :: Out of the above, number of Newborns having weight less than 1800 gms	",Jharkhand,HMIS report,2026-09-01,Unconfirmed,Default columns,Row-dependent; Format Type is an exported dimension and no row values were supplied,Row-dependent; Facility Type is an exported dimension and no row values were supplied,Row-dependent; In-facility/Outreach/Total is an exported dimension,HMIS-RPTSCHEMA-JHARKHAND-20260901-001.headers.txt,3CE7ECB1702D0A54BF41DA4ED990C2D166EC5A82915434662CC9D17A5CE6F6EF,Schema observed in Jharkhand HMIS export downloaded 2026-09-01,Observed report manifestation; national/current applicability not established,,Pending deterministic matching in Task 6,Source occurrence captured; semantic reconciliation pending
HMIS-RPTCOL-JH-0120,HMIS-RPTSCHEMA-JHARKHAND-20260901-001,85,120,HMIS measure occurrence,M4,Pregnancy outcome & details of new-born,4.4.3,Number of Newborns breast fed within 1 hour of birth,	4.4.3. :: Number of Newborns breast fed within 1 hour of birth 	,Jharkhand,HMIS report,2026-09-01,Unconfirmed,Default columns,Row-dependent; Format Type is an exported dimension and no row values were supplied,Row-dependent; Facility Type is an exported dimension and no row values were supplied,Row-dependent; In-facility/Outreach/Total is an exported dimension,HMIS-RPTSCHEMA-JHARKHAND-20260901-001.headers.txt,3CE7ECB1702D0A54BF41DA4ED990C2D166EC5A82915434662CC9D17A5CE6F6EF,Schema observed in Jharkhand HMIS export downloaded 2026-09-01,Observed report manifestation; national/current applicability not established,,Pending deterministic matching in Task 6,Source occurrence captured; semantic reconciliation pending
HMIS-RPTCOL-JH-0121,HMIS-RPTSCHEMA-JHARKHAND-20260901-001,86,121,HMIS measure occurrence,M4,Pregnancy outcome & details of new-born,4.4.4,No. of Newborns discharged from the facility were exclusively breastfed till discharge,	4.4.4. :: No. of Newborns discharged from the facility were exclusively breastfed till discharge	,Jharkhand,HMIS report,2026-09-01,Unconfirmed,Default columns,Row-dependent; Format Type is an exported dimension and no row values were supplied,Row-dependent; Facility Type is an exported dimension and no row values were supplied,Row-dependent; In-facility/Outreach/Total is an exported dimension,HMIS-RPTSCHEMA-JHARKHAND-20260901-001.headers.txt,3CE7ECB1702D0A54BF41DA4ED990C2D166EC5A82915434662CC9D17A5CE6F6EF,Schema observed in Jharkhand HMIS export downloaded 2026-09-01,Observed report manifestation; national/current applicability not established,,Pending deterministic matching in Task 6,Source occurrence captured; semantic reconciliation pending
HMIS-RPTCOL-JH-0122,HMIS-RPTSCHEMA-JHARKHAND-20260901-001,87,122,HMIS measure occurrence,M4,Pregnancy outcome & details of new-born,4.4.5,Number of Newborns received Donor Human Milk (DHM) in the facility,	4.4.5 :: Number of Newborns received Donor Human Milk (DHM) in the facility	,Jharkhand,HMIS report,2026-09-01,Unconfirmed,Default columns,Row-dependent; Format Type is an exported dimension and no row values were supplied,Row-dependent; Facility Type is an exported dimension and no row values were supplied,Row-dependent; In-facility/Outreach/Total is an exported dimension,HMIS-RPTSCHEMA-JHARKHAND-20260901-001.headers.txt,3CE7ECB1702D0A54BF41DA4ED990C2D166EC5A82915434662CC9D17A5CE6F6EF,Schema observed in Jharkhand HMIS export downloaded 2026-09-01,Observed report manifestation; national/current applicability not established,,Pending deterministic matching in Task 6,Source occurrence captured; semantic reconciliation pending
HMIS-RPTCOL-JH-0123,HMIS-RPTSCHEMA-JHARKHAND-20260901-001,88,123,HMIS measure occurrence,M4,Pregnancy outcome & details of new-born,4.5.1,"Number of Newborns screened for defects at birth (as per Comprehensive Newborn Screening, RBSK)","	4.5.1. :: Number of Newborns screened for defects at birth (as per Comprehensive Newborn Screening, RBSK)	",Jharkhand,HMIS report,2026-09-01,Unconfirmed,Default columns,Row-dependent; Format Type is an exported dimension and no row values were supplied,Row-dependent; Facility Type is an exported dimension and no row values were supplied,Row-dependent; In-facility/Outreach/Total is an exported dimension,HMIS-RPTSCHEMA-JHARKHAND-20260901-001.headers.txt,3CE7ECB1702D0A54BF41DA4ED990C2D166EC5A82915434662CC9D17A5CE6F6EF,Schema observed in Jharkhand HMIS export downloaded 2026-09-01,Observed report manifestation; national/current applicability not established,,Pending deterministic matching in Task 6,Source occurrence captured; semantic reconciliation pending
HMIS-RPTCOL-JH-0124,HMIS-RPTSCHEMA-JHARKHAND-20260901-001,89,124,HMIS measure occurrence,M4,Pregnancy outcome & details of new-born,4.5.1.a,"Number of Newborns identified with visible birth defects (including Neural tube defect, Down’s Syndrome, Cleft Lip & Palate, Club foot and Developmental dysplasia of the hip)","	4.5.1.a :: Number of Newborns identified with visible birth defects (including Neural tube defect, Down’s Syndrome, Cleft Lip & Palate, Club foot and Developmental dysplasia of the hip)	",Jharkhand,HMIS report,2026-09-01,Unconfirmed,Default columns,Row-dependent; Format Type is an exported dimension and no row values were supplied,Row-dependent; Facility Type is an exported dimension and no row values were supplied,Row-dependent; In-facility/Outreach/Total is an exported dimension,HMIS-RPTSCHEMA-JHARKHAND-20260901-001.headers.txt,3CE7ECB1702D0A54BF41DA4ED990C2D166EC5A82915434662CC9D17A5CE6F6EF,Schema observed in Jharkhand HMIS export downloaded 2026-09-01,Observed report manifestation; national/current applicability not established,,Pending deterministic matching in Task 6,Source occurrence captured; semantic reconciliation pending
HMIS-RPTCOL-JH-0125,HMIS-RPTSCHEMA-JHARKHAND-20260901-001,90,125,HMIS measure occurrence,M4,Pregnancy outcome & details of new-born,4.5.3,Number of SNCU discharged babies screened in DEIC,	4.5.3. :: Number of SNCU discharged babies screened in DEIC	,Jharkhand,HMIS report,2026-09-01,Unconfirmed,Default columns,Row-dependent; Format Type is an exported dimension and no row values were supplied,Row-dependent; Facility Type is an exported dimension and no row values were supplied,Row-dependent; In-facility/Outreach/Total is an exported dimension,HMIS-RPTSCHEMA-JHARKHAND-20260901-001.headers.txt,3CE7ECB1702D0A54BF41DA4ED990C2D166EC5A82915434662CC9D17A5CE6F6EF,Schema observed in Jharkhand HMIS export downloaded 2026-09-01,Observed report manifestation; national/current applicability not established,,Pending deterministic matching in Task 6,Source occurrence captured; semantic reconciliation pending
HMIS-RPTCOL-JH-0126,HMIS-RPTSCHEMA-JHARKHAND-20260901-001,91,126,HMIS measure occurrence,M4,Pregnancy outcome & details of new-born,4.5.5,"Number of children till age 18 years (affected with selected health conditions) managed for 4 Ds (Disease, Deficiency, Developmental Delay & Defect)","	4.5.5. :: Number of children till age 18 years (affected with selected health conditions) managed for 4 Ds (Disease, Deficiency, Developmental Delay & Defect)	",Jharkhand,HMIS report,2026-09-01,Unconfirmed,Default columns,Row-dependent; Format Type is an exported dimension and no row values were supplied,Row-dependent; Facility Type is an exported dimension and no row values were supplied,Row-dependent; In-facility/Outreach/Total is an exported dimension,HMIS-RPTSCHEMA-JHARKHAND-20260901-001.headers.txt,3CE7ECB1702D0A54BF41DA4ED990C2D166EC5A82915434662CC9D17A5CE6F6EF,Schema observed in Jharkhand HMIS export downloaded 2026-09-01,Observed report manifestation; national/current applicability not established,,Pending deterministic matching in Task 6,Source occurrence captured; semantic reconciliation pending
HMIS-RPTCOL-JH-0127,HMIS-RPTSCHEMA-JHARKHAND-20260901-001,92,127,HMIS measure occurrence,M4,Pregnancy outcome & details of new-born,4.5.6,Number of children till age 18 years (affected with selected health conditions) managed by Intervention - Surgical,	4.5.6. :: Number of children till age 18 years (affected with selected health conditions) managed by  Intervention - Surgical	,Jharkhand,HMIS report,2026-09-01,Unconfirmed,Default columns,Row-dependent; Format Type is an exported dimension and no row values were supplied,Row-dependent; Facility Type is an exported dimension and no row values were supplied,Row-dependent; In-facility/Outreach/Total is an exported dimension,HMIS-RPTSCHEMA-JHARKHAND-20260901-001.headers.txt,3CE7ECB1702D0A54BF41DA4ED990C2D166EC5A82915434662CC9D17A5CE6F6EF,Schema observed in Jharkhand HMIS export downloaded 2026-09-01,Observed report manifestation; national/current applicability not established,,Pending deterministic matching in Task 6,Source occurrence captured; semantic reconciliation pending
HMIS-RPTCOL-JH-0128,HMIS-RPTSCHEMA-JHARKHAND-20260901-001,93,128,HMIS measure occurrence,M4,Pregnancy outcome & details of new-born,4.5.7,Number of children till age 18 years managed at DEIC (District Early Intervention Centre),	4.5.7. :: Number of children till age 18 years managed at DEIC (District Early Intervention Centre)	,Jharkhand,HMIS report,2026-09-01,Unconfirmed,Default columns,Row-dependent; Format Type is an exported dimension and no row values were supplied,Row-dependent; Facility Type is an exported dimension and no row values were supplied,Row-dependent; In-facility/Outreach/Total is an exported dimension,HMIS-RPTSCHEMA-JHARKHAND-20260901-001.headers.txt,3CE7ECB1702D0A54BF41DA4ED990C2D166EC5A82915434662CC9D17A5CE6F6EF,Schema observed in Jharkhand HMIS export downloaded 2026-09-01,Observed report manifestation; national/current applicability not established,,Pending deterministic matching in Task 6,Source occurrence captured; semantic reconciliation pending
HMIS-RPTCOL-JH-0129,HMIS-RPTSCHEMA-JHARKHAND-20260901-001,94,129,HMIS measure occurrence,M5,Anaemia Mukt Bharat,5.1.1,"Number of women of reproductive age (WRA) 20-49 years (non-pregnant, non-lactating), provided 4 Red Iron and folic acid (IFA) tablets in a month","M5 [Anaemia Mukt Bharat]	5.1.1. :: Number of women of reproductive age (WRA) 20-49 years (non-pregnant, non-lactating), provided 4 Red Iron and folic acid (IFA) tablets in a month	",Jharkhand,HMIS report,2026-09-01,Unconfirmed,Default columns,Row-dependent; Format Type is an exported dimension and no row values were supplied,Row-dependent; Facility Type is an exported dimension and no row values were supplied,Row-dependent; In-facility/Outreach/Total is an exported dimension,HMIS-RPTSCHEMA-JHARKHAND-20260901-001.headers.txt,3CE7ECB1702D0A54BF41DA4ED990C2D166EC5A82915434662CC9D17A5CE6F6EF,Schema observed in Jharkhand HMIS export downloaded 2026-09-01,Observed report manifestation; national/current applicability not established,,Pending deterministic matching in Task 6,Source occurrence captured; semantic reconciliation pending
HMIS-RPTCOL-JH-0130,HMIS-RPTSCHEMA-JHARKHAND-20260901-001,95,130,HMIS measure occurrence,M5,Anaemia Mukt Bharat,5.1.2,Number of children (6-59 months old) provided 8-10 doses (1ml) of IFA syrup (Bi weekly),	5.1.2. :: Number of children (6-59 months old) provided 8-10 doses (1ml) of IFA syrup (Bi weekly)	,Jharkhand,HMIS report,2026-09-01,Unconfirmed,Default columns,Row-dependent; Format Type is an exported dimension and no row values were supplied,Row-dependent; Facility Type is an exported dimension and no row values were supplied,Row-dependent; In-facility/Outreach/Total is an exported dimension,HMIS-RPTSCHEMA-JHARKHAND-20260901-001.headers.txt,3CE7ECB1702D0A54BF41DA4ED990C2D166EC5A82915434662CC9D17A5CE6F6EF,Schema observed in Jharkhand HMIS export downloaded 2026-09-01,Observed report manifestation; national/current applicability not established,,Pending deterministic matching in Task 6,Source occurrence captured; semantic reconciliation pending
HMIS-RPTCOL-JH-0131,HMIS-RPTSCHEMA-JHARKHAND-20260901-001,96,131,HMIS measure occurrence,M5,Anaemia Mukt Bharat,5.1.3.a,Number of out of school children (5 -9 years) given 4-5 IFA Pink tablets at Anganwadi Centres,	5.1.3.a :: Number of out of school children (5 -9 years) given 4-5 IFA Pink tablets at Anganwadi Centres 	,Jharkhand,HMIS report,2026-09-01,Unconfirmed,Default columns,Row-dependent; Format Type is an exported dimension and no row values were supplied,Row-dependent; Facility Type is an exported dimension and no row values were supplied,Row-dependent; In-facility/Outreach/Total is an exported dimension,HMIS-RPTSCHEMA-JHARKHAND-20260901-001.headers.txt,3CE7ECB1702D0A54BF41DA4ED990C2D166EC5A82915434662CC9D17A5CE6F6EF,Schema observed in Jharkhand HMIS export downloaded 2026-09-01,Observed report manifestation; national/current applicability not established,,Pending deterministic matching in Task 6,Source occurrence captured; semantic reconciliation pending
HMIS-RPTCOL-JH-0132,HMIS-RPTSCHEMA-JHARKHAND-20260901-001,97,132,HMIS measure occurrence,M5,Anaemia Mukt Bharat,5.2.1.c,Number of out of school adolescent girls (10-19 years) having anaemia (Hb 8.1-11.9 g/dl),	5.2.1.c :: Number of out of school adolescent girls (10-19 years) having anaemia  (Hb 8.1-11.9 g/dl)	,Jharkhand,HMIS report,2026-09-01,Unconfirmed,Default columns,Row-dependent; Format Type is an exported dimension and no row values were supplied,Row-dependent; Facility Type is an exported dimension and no row values were supplied,Row-dependent; In-facility/Outreach/Total is an exported dimension,HMIS-RPTSCHEMA-JHARKHAND-20260901-001.headers.txt,3CE7ECB1702D0A54BF41DA4ED990C2D166EC5A82915434662CC9D17A5CE6F6EF,Schema observed in Jharkhand HMIS export downloaded 2026-09-01,Observed report manifestation; national/current applicability not established,,Pending deterministic matching in Task 6,Source occurrence captured; semantic reconciliation pending
HMIS-RPTCOL-JH-0133,HMIS-RPTSCHEMA-JHARKHAND-20260901-001,98,133,HMIS measure occurrence,M5,Anaemia Mukt Bharat,5.2.1.e,Number of lactating mothers (of 0-6 months old child) having anaemia (Hb 8.1-11.9 g/dl),	5.2.1.e. :: Number of lactating mothers (of 0-6 months old child) having anaemia (Hb 8.1-11.9 g/dl)	,Jharkhand,HMIS report,2026-09-01,Unconfirmed,Default columns,Row-dependent; Format Type is an exported dimension and no row values were supplied,Row-dependent; Facility Type is an exported dimension and no row values were supplied,Row-dependent; In-facility/Outreach/Total is an exported dimension,HMIS-RPTSCHEMA-JHARKHAND-20260901-001.headers.txt,3CE7ECB1702D0A54BF41DA4ED990C2D166EC5A82915434662CC9D17A5CE6F6EF,Schema observed in Jharkhand HMIS export downloaded 2026-09-01,Observed report manifestation; national/current applicability not established,,Pending deterministic matching in Task 6,Source occurrence captured; semantic reconciliation pending
HMIS-RPTCOL-JH-0134,HMIS-RPTSCHEMA-JHARKHAND-20260901-001,99,134,HMIS measure occurrence,M5,Anaemia Mukt Bharat,5.2.1.f,"Number of women of reproductive age (non-pregnant, non-lactating) (20-49 years) having anaemia (Hb 8.1-11.9 g/dl)","	5.2.1.f. :: Number of women of reproductive age (non-pregnant, non-lactating) (20-49 years) having anaemia (Hb 8.1-11.9 g/dl)	",Jharkhand,HMIS report,2026-09-01,Unconfirmed,Default columns,Row-dependent; Format Type is an exported dimension and no row values were supplied,Row-dependent; Facility Type is an exported dimension and no row values were supplied,Row-dependent; In-facility/Outreach/Total is an exported dimension,HMIS-RPTSCHEMA-JHARKHAND-20260901-001.headers.txt,3CE7ECB1702D0A54BF41DA4ED990C2D166EC5A82915434662CC9D17A5CE6F6EF,Schema observed in Jharkhand HMIS export downloaded 2026-09-01,Observed report manifestation; national/current applicability not established,,Pending deterministic matching in Task 6,Source occurrence captured; semantic reconciliation pending
HMIS-RPTCOL-JH-0135,HMIS-RPTSCHEMA-JHARKHAND-20260901-001,100,135,HMIS measure occurrence,M5,Anaemia Mukt Bharat,5.2.2.c,Number of out of school adolescent girls (10-19 years) having severe anaemia (Hb <8 g/dl),	5.2.2.c :: Number of out of school adolescent girls (10-19 years) having severe anaemia (Hb <8 g/dl)	,Jharkhand,HMIS report,2026-09-01,Unconfirmed,Default columns,Row-dependent; Format Type is an exported dimension and no row values were supplied,Row-dependent; Facility Type is an exported dimension and no row values were supplied,Row-dependent; In-facility/Outreach/Total is an exported dimension,HMIS-RPTSCHEMA-JHARKHAND-20260901-001.headers.txt,3CE7ECB1702D0A54BF41DA4ED990C2D166EC5A82915434662CC9D17A5CE6F6EF,Schema observed in Jharkhand HMIS export downloaded 2026-09-01,Observed report manifestation; national/current applicability not established,,Pending deterministic matching in Task 6,Source occurrence captured; semantic reconciliation pending
HMIS-RPTCOL-JH-0136,HMIS-RPTSCHEMA-JHARKHAND-20260901-001,101,136,HMIS measure occurrence,M5,Anaemia Mukt Bharat,5.2.2.e,Number of lactating mothers (of 0-6 months old child) having severe anaemia (Hb <8 g/dl),	5.2.2.e :: Number of lactating mothers (of 0-6 months old child) having severe anaemia (Hb <8 g/dl)	,Jharkhand,HMIS report,2026-09-01,Unconfirmed,Default columns,Row-dependent; Format Type is an exported dimension and no row values were supplied,Row-dependent; Facility Type is an exported dimension and no row values were supplied,Row-dependent; In-facility/Outreach/Total is an exported dimension,HMIS-RPTSCHEMA-JHARKHAND-20260901-001.headers.txt,3CE7ECB1702D0A54BF41DA4ED990C2D166EC5A82915434662CC9D17A5CE6F6EF,Schema observed in Jharkhand HMIS export downloaded 2026-09-01,Observed report manifestation; national/current applicability not established,,Pending deterministic matching in Task 6,Source occurrence captured; semantic reconciliation pending
HMIS-RPTCOL-JH-0137,HMIS-RPTSCHEMA-JHARKHAND-20260901-001,102,137,HMIS measure occurrence,M5,Anaemia Mukt Bharat,5.2.2.f,"Number of women of reproductive age (non-pregnant, non-lactating) (20-49 years) having severe anaemia (Hb <8 g/dl)","	5.2.2.f :: Number of women of reproductive age (non-pregnant, non-lactating) (20-49 years) having severe anaemia (Hb <8 g/dl)	",Jharkhand,HMIS report,2026-09-01,Unconfirmed,Default columns,Row-dependent; Format Type is an exported dimension and no row values were supplied,Row-dependent; Facility Type is an exported dimension and no row values were supplied,Row-dependent; In-facility/Outreach/Total is an exported dimension,HMIS-RPTSCHEMA-JHARKHAND-20260901-001.headers.txt,3CE7ECB1702D0A54BF41DA4ED990C2D166EC5A82915434662CC9D17A5CE6F6EF,Schema observed in Jharkhand HMIS export downloaded 2026-09-01,Observed report manifestation; national/current applicability not established,,Pending deterministic matching in Task 6,Source occurrence captured; semantic reconciliation pending
HMIS-RPTCOL-JH-0138,HMIS-RPTSCHEMA-JHARKHAND-20260901-001,103,138,HMIS measure occurrence,M5,Anaemia Mukt Bharat,5.2.3.a,Number of anaemic in-school Children (5-9 years) put on treatment,	5.2.3.a :: Number of anaemic in-school Children (5-9 years) put on treatment	,Jharkhand,HMIS report,2026-09-01,Unconfirmed,Default columns,Row-dependent; Format Type is an exported dimension and no row values were supplied,Row-dependent; Facility Type is an exported dimension and no row values were supplied,Row-dependent; In-facility/Outreach/Total is an exported dimension,HMIS-RPTSCHEMA-JHARKHAND-20260901-001.headers.txt,3CE7ECB1702D0A54BF41DA4ED990C2D166EC5A82915434662CC9D17A5CE6F6EF,Schema observed in Jharkhand HMIS export downloaded 2026-09-01,Observed report manifestation; national/current applicability not established,,Pending deterministic matching in Task 6,Source occurrence captured; semantic reconciliation pending
HMIS-RPTCOL-JH-0139,HMIS-RPTSCHEMA-JHARKHAND-20260901-001,104,139,HMIS measure occurrence,M5,Anaemia Mukt Bharat,5.2.3.b,Number of anaemic in-school adolescent girls (10-19 years) put on treatment,	5.2.3.b :: Number of anaemic in-school adolescent girls (10-19 years) put on treatment	,Jharkhand,HMIS report,2026-09-01,Unconfirmed,Default columns,Row-dependent; Format Type is an exported dimension and no row values were supplied,Row-dependent; Facility Type is an exported dimension and no row values were supplied,Row-dependent; In-facility/Outreach/Total is an exported dimension,HMIS-RPTSCHEMA-JHARKHAND-20260901-001.headers.txt,3CE7ECB1702D0A54BF41DA4ED990C2D166EC5A82915434662CC9D17A5CE6F6EF,Schema observed in Jharkhand HMIS export downloaded 2026-09-01,Observed report manifestation; national/current applicability not established,,Pending deterministic matching in Task 6,Source occurrence captured; semantic reconciliation pending
HMIS-RPTCOL-JH-0140,HMIS-RPTSCHEMA-JHARKHAND-20260901-001,105,140,HMIS measure occurrence,M5,Anaemia Mukt Bharat,5.2.3.c,Number of anaemic out of school adolescent girls (10-19 years) put on treatment,	5.2.3.c :: Number of anaemic out of school adolescent girls (10-19 years) put on treatment	,Jharkhand,HMIS report,2026-09-01,Unconfirmed,Default columns,Row-dependent; Format Type is an exported dimension and no row values were supplied,Row-dependent; Facility Type is an exported dimension and no row values were supplied,Row-dependent; In-facility/Outreach/Total is an exported dimension,HMIS-RPTSCHEMA-JHARKHAND-20260901-001.headers.txt,3CE7ECB1702D0A54BF41DA4ED990C2D166EC5A82915434662CC9D17A5CE6F6EF,Schema observed in Jharkhand HMIS export downloaded 2026-09-01,Observed report manifestation; national/current applicability not established,,Pending deterministic matching in Task 6,Source occurrence captured; semantic reconciliation pending
HMIS-RPTCOL-JH-0141,HMIS-RPTSCHEMA-JHARKHAND-20260901-001,106,141,HMIS measure occurrence,M5,Anaemia Mukt Bharat,5.2.3.d,Number of anaemic in-school adolescent boys (10-19 years) put on treatment,	5.2.3.d :: Number of anaemic in-school adolescent boys (10-19 years) put on treatment	,Jharkhand,HMIS report,2026-09-01,Unconfirmed,Default columns,Row-dependent; Format Type is an exported dimension and no row values were supplied,Row-dependent; Facility Type is an exported dimension and no row values were supplied,Row-dependent; In-facility/Outreach/Total is an exported dimension,HMIS-RPTSCHEMA-JHARKHAND-20260901-001.headers.txt,3CE7ECB1702D0A54BF41DA4ED990C2D166EC5A82915434662CC9D17A5CE6F6EF,Schema observed in Jharkhand HMIS export downloaded 2026-09-01,Observed report manifestation; national/current applicability not established,,Pending deterministic matching in Task 6,Source occurrence captured; semantic reconciliation pending
HMIS-RPTCOL-JH-0142,HMIS-RPTSCHEMA-JHARKHAND-20260901-001,107,142,HMIS measure occurrence,M5,Anaemia Mukt Bharat,5.2.3.e,Number of anaemic lactating mothers (of 0-6 months old child) put on treatment,	5.2.3.e :: Number of anaemic lactating mothers (of 0-6 months old child) put on treatment	,Jharkhand,HMIS report,2026-09-01,Unconfirmed,Default columns,Row-dependent; Format Type is an exported dimension and no row values were supplied,Row-dependent; Facility Type is an exported dimension and no row values were supplied,Row-dependent; In-facility/Outreach/Total is an exported dimension,HMIS-RPTSCHEMA-JHARKHAND-20260901-001.headers.txt,3CE7ECB1702D0A54BF41DA4ED990C2D166EC5A82915434662CC9D17A5CE6F6EF,Schema observed in Jharkhand HMIS export downloaded 2026-09-01,Observed report manifestation; national/current applicability not established,,Pending deterministic matching in Task 6,Source occurrence captured; semantic reconciliation pending
HMIS-RPTCOL-JH-0143,HMIS-RPTSCHEMA-JHARKHAND-20260901-001,108,143,HMIS measure occurrence,M5,Anaemia Mukt Bharat,5.2.3.f,"Number of anaemic women of reproductive age (non-pregnant, non-lactating) (20-49 years) put on treatment","	5.2.3.f :: Number of anaemic women of reproductive age (non-pregnant, non-lactating) (20-49 years) put on treatment	",Jharkhand,HMIS report,2026-09-01,Unconfirmed,Default columns,Row-dependent; Format Type is an exported dimension and no row values were supplied,Row-dependent; Facility Type is an exported dimension and no row values were supplied,Row-dependent; In-facility/Outreach/Total is an exported dimension,HMIS-RPTSCHEMA-JHARKHAND-20260901-001.headers.txt,3CE7ECB1702D0A54BF41DA4ED990C2D166EC5A82915434662CC9D17A5CE6F6EF,Schema observed in Jharkhand HMIS export downloaded 2026-09-01,Observed report manifestation; national/current applicability not established,,Pending deterministic matching in Task 6,Source occurrence captured; semantic reconciliation pending
HMIS-RPTCOL-JH-0144,HMIS-RPTSCHEMA-JHARKHAND-20260901-001,109,144,HMIS measure occurrence,M5,Anaemia Mukt Bharat,5.2.4.a,Number of lactating mothers (of 0-6 months old child) diagnosed with severe anaemia and put on treatment,	5.2.4.a :: Number of lactating mothers (of 0-6 months old child) diagnosed with severe anaemia and put on treatment	,Jharkhand,HMIS report,2026-09-01,Unconfirmed,Default columns,Row-dependent; Format Type is an exported dimension and no row values were supplied,Row-dependent; Facility Type is an exported dimension and no row values were supplied,Row-dependent; In-facility/Outreach/Total is an exported dimension,HMIS-RPTSCHEMA-JHARKHAND-20260901-001.headers.txt,3CE7ECB1702D0A54BF41DA4ED990C2D166EC5A82915434662CC9D17A5CE6F6EF,Schema observed in Jharkhand HMIS export downloaded 2026-09-01,Observed report manifestation; national/current applicability not established,,Pending deterministic matching in Task 6,Source occurrence captured; semantic reconciliation pending
HMIS-RPTCOL-JH-0145,HMIS-RPTSCHEMA-JHARKHAND-20260901-001,110,145,HMIS measure occurrence,M6,Post Natal Care (PNC),6.1,"In case of home delivery, number of women receiving 1st Postpartum checkups within 48 hours","M6 [Post Natal Care (PNC)]	6.1. :: In case of home delivery, number of women receiving 1st Postpartum checkups within 48 hours	",Jharkhand,HMIS report,2026-09-01,Unconfirmed,Default columns,Row-dependent; Format Type is an exported dimension and no row values were supplied,Row-dependent; Facility Type is an exported dimension and no row values were supplied,Row-dependent; In-facility/Outreach/Total is an exported dimension,HMIS-RPTSCHEMA-JHARKHAND-20260901-001.headers.txt,3CE7ECB1702D0A54BF41DA4ED990C2D166EC5A82915434662CC9D17A5CE6F6EF,Schema observed in Jharkhand HMIS export downloaded 2026-09-01,Observed report manifestation; national/current applicability not established,,Pending deterministic matching in Task 6,Source occurrence captured; semantic reconciliation pending
HMIS-RPTCOL-JH-0146,HMIS-RPTSCHEMA-JHARKHAND-20260901-001,111,146,HMIS measure occurrence,M6,Post Natal Care (PNC),6.2,Number of women receiving Postpartum checkup between 48 hours and 14 days after Institutional delivery,	6.2. :: Number of women receiving Postpartum checkup between 48 hours and 14 days after Institutional delivery	,Jharkhand,HMIS report,2026-09-01,Unconfirmed,Default columns,Row-dependent; Format Type is an exported dimension and no row values were supplied,Row-dependent; Facility Type is an exported dimension and no row values were supplied,Row-dependent; In-facility/Outreach/Total is an exported dimension,HMIS-RPTSCHEMA-JHARKHAND-20260901-001.headers.txt,3CE7ECB1702D0A54BF41DA4ED990C2D166EC5A82915434662CC9D17A5CE6F6EF,Schema observed in Jharkhand HMIS export downloaded 2026-09-01,Observed report manifestation; national/current applicability not established,,Pending deterministic matching in Task 6,Source occurrence captured; semantic reconciliation pending
HMIS-RPTCOL-JH-0147,HMIS-RPTSCHEMA-JHARKHAND-20260901-001,112,147,HMIS measure occurrence,M6,Post Natal Care (PNC),6.3,Number of mothers provided full course of 180 IFA tablets after delivery,	6.3. :: Number of mothers provided full course of 180 IFA tablets after delivery	,Jharkhand,HMIS report,2026-09-01,Unconfirmed,Default columns,Row-dependent; Format Type is an exported dimension and no row values were supplied,Row-dependent; Facility Type is an exported dimension and no row values were supplied,Row-dependent; In-facility/Outreach/Total is an exported dimension,HMIS-RPTSCHEMA-JHARKHAND-20260901-001.headers.txt,3CE7ECB1702D0A54BF41DA4ED990C2D166EC5A82915434662CC9D17A5CE6F6EF,Schema observed in Jharkhand HMIS export downloaded 2026-09-01,Observed report manifestation; national/current applicability not established,,Pending deterministic matching in Task 6,Source occurrence captured; semantic reconciliation pending
HMIS-RPTCOL-JH-0148,HMIS-RPTSCHEMA-JHARKHAND-20260901-001,113,148,HMIS measure occurrence,M6,Post Natal Care (PNC),6.4,Number of mothers provided full course 360 Calcium tablets after delivery,	6.4. :: Number of mothers provided full course 360 Calcium tablets after delivery	,Jharkhand,HMIS report,2026-09-01,Unconfirmed,Default columns,Row-dependent; Format Type is an exported dimension and no row values were supplied,Row-dependent; Facility Type is an exported dimension and no row values were supplied,Row-dependent; In-facility/Outreach/Total is an exported dimension,HMIS-RPTSCHEMA-JHARKHAND-20260901-001.headers.txt,3CE7ECB1702D0A54BF41DA4ED990C2D166EC5A82915434662CC9D17A5CE6F6EF,Schema observed in Jharkhand HMIS export downloaded 2026-09-01,Observed report manifestation; national/current applicability not established,,Pending deterministic matching in Task 6,Source occurrence captured; semantic reconciliation pending
HMIS-RPTCOL-JH-0149,HMIS-RPTSCHEMA-JHARKHAND-20260901-001,114,149,HMIS measure occurrence,M6,Post Natal Care (PNC),6.5,Total No of High Risk Mothers identified during Post Natal Period,	6.5. :: Total No of High Risk Mothers identified during Post Natal Period	,Jharkhand,HMIS report,2026-09-01,Unconfirmed,Default columns,Row-dependent; Format Type is an exported dimension and no row values were supplied,Row-dependent; Facility Type is an exported dimension and no row values were supplied,Row-dependent; In-facility/Outreach/Total is an exported dimension,HMIS-RPTSCHEMA-JHARKHAND-20260901-001.headers.txt,3CE7ECB1702D0A54BF41DA4ED990C2D166EC5A82915434662CC9D17A5CE6F6EF,Schema observed in Jharkhand HMIS export downloaded 2026-09-01,Observed report manifestation; national/current applicability not established,,Pending deterministic matching in Task 6,Source occurrence captured; semantic reconciliation pending
HMIS-RPTCOL-JH-0150,HMIS-RPTSCHEMA-JHARKHAND-20260901-001,115,150,HMIS measure occurrence,M6,Post Natal Care (PNC),6.6,Out of above identified number of High Risk Mothers managed (including referred in cases),	6.6. :: Out of above identified number of High Risk Mothers managed  (including referred in cases)	,Jharkhand,HMIS report,2026-09-01,Unconfirmed,Default columns,Row-dependent; Format Type is an exported dimension and no row values were supplied,Row-dependent; Facility Type is an exported dimension and no row values were supplied,Row-dependent; In-facility/Outreach/Total is an exported dimension,HMIS-RPTSCHEMA-JHARKHAND-20260901-001.headers.txt,3CE7ECB1702D0A54BF41DA4ED990C2D166EC5A82915434662CC9D17A5CE6F6EF,Schema observed in Jharkhand HMIS export downloaded 2026-09-01,Observed report manifestation; national/current applicability not established,,Pending deterministic matching in Task 6,Source occurrence captured; semantic reconciliation pending
HMIS-RPTCOL-JH-0151,HMIS-RPTSCHEMA-JHARKHAND-20260901-001,116,151,HMIS measure occurrence,M7,Sexually Transmitted Infections/Reproductive Tract Infections (STI/RTI) Cases,7.1.1,Number of males assessed for STI/RTI,M7 [Sexually Transmitted Infections/Reproductive Tract Infections (STI/RTI) Cases]	7.1.1. :: Number of males assessed for STI/RTI	,Jharkhand,HMIS report,2026-09-01,Unconfirmed,Default columns,Row-dependent; Format Type is an exported dimension and no row values were supplied,Row-dependent; Facility Type is an exported dimension and no row values were supplied,Row-dependent; In-facility/Outreach/Total is an exported dimension,HMIS-RPTSCHEMA-JHARKHAND-20260901-001.headers.txt,3CE7ECB1702D0A54BF41DA4ED990C2D166EC5A82915434662CC9D17A5CE6F6EF,Schema observed in Jharkhand HMIS export downloaded 2026-09-01,Observed report manifestation; national/current applicability not established,,Pending deterministic matching in Task 6,Source occurrence captured; semantic reconciliation pending
HMIS-RPTCOL-JH-0152,HMIS-RPTSCHEMA-JHARKHAND-20260901-001,117,152,HMIS measure occurrence,M7,Sexually Transmitted Infections/Reproductive Tract Infections (STI/RTI) Cases,7.1.1.a,"Out of the above, number of males diagnosed with STI/RTI","	7.1.1.a :: Out of the above, number of males diagnosed with STI/RTI	",Jharkhand,HMIS report,2026-09-01,Unconfirmed,Default columns,Row-dependent; Format Type is an exported dimension and no row values were supplied,Row-dependent; Facility Type is an exported dimension and no row values were supplied,Row-dependent; In-facility/Outreach/Total is an exported dimension,HMIS-RPTSCHEMA-JHARKHAND-20260901-001.headers.txt,3CE7ECB1702D0A54BF41DA4ED990C2D166EC5A82915434662CC9D17A5CE6F6EF,Schema observed in Jharkhand HMIS export downloaded 2026-09-01,Observed report manifestation; national/current applicability not established,,Pending deterministic matching in Task 6,Source occurrence captured; semantic reconciliation pending
HMIS-RPTCOL-JH-0153,HMIS-RPTSCHEMA-JHARKHAND-20260901-001,118,153,HMIS measure occurrence,M7,Sexually Transmitted Infections/Reproductive Tract Infections (STI/RTI) Cases,7.1.1.b,"Out of the above, number of males treated for STI/RTI","	7.1.1.b :: Out of the above, number of males treated for STI/RTI	",Jharkhand,HMIS report,2026-09-01,Unconfirmed,Default columns,Row-dependent; Format Type is an exported dimension and no row values were supplied,Row-dependent; Facility Type is an exported dimension and no row values were supplied,Row-dependent; In-facility/Outreach/Total is an exported dimension,HMIS-RPTSCHEMA-JHARKHAND-20260901-001.headers.txt,3CE7ECB1702D0A54BF41DA4ED990C2D166EC5A82915434662CC9D17A5CE6F6EF,Schema observed in Jharkhand HMIS export downloaded 2026-09-01,Observed report manifestation; national/current applicability not established,,Pending deterministic matching in Task 6,Source occurrence captured; semantic reconciliation pending
HMIS-RPTCOL-JH-0154,HMIS-RPTSCHEMA-JHARKHAND-20260901-001,119,154,HMIS measure occurrence,M7,Sexually Transmitted Infections/Reproductive Tract Infections (STI/RTI) Cases,7.1.2,Number of females (all females) assessed for STI/RTI,	7.1.2. :: Number of females (all females) assessed for STI/RTI	,Jharkhand,HMIS report,2026-09-01,Unconfirmed,Default columns,Row-dependent; Format Type is an exported dimension and no row values were supplied,Row-dependent; Facility Type is an exported dimension and no row values were supplied,Row-dependent; In-facility/Outreach/Total is an exported dimension,HMIS-RPTSCHEMA-JHARKHAND-20260901-001.headers.txt,3CE7ECB1702D0A54BF41DA4ED990C2D166EC5A82915434662CC9D17A5CE6F6EF,Schema observed in Jharkhand HMIS export downloaded 2026-09-01,Observed report manifestation; national/current applicability not established,,Pending deterministic matching in Task 6,Source occurrence captured; semantic reconciliation pending
HMIS-RPTCOL-JH-0155,HMIS-RPTSCHEMA-JHARKHAND-20260901-001,120,155,HMIS measure occurrence,M7,Sexually Transmitted Infections/Reproductive Tract Infections (STI/RTI) Cases,7.1.2.a,"Out of the above, number of females (all females) diagnosed with STI/RTI","	7.1.2.a :: Out of the above, number of females (all females) diagnosed with STI/RTI	",Jharkhand,HMIS report,2026-09-01,Unconfirmed,Default columns,Row-dependent; Format Type is an exported dimension and no row values were supplied,Row-dependent; Facility Type is an exported dimension and no row values were supplied,Row-dependent; In-facility/Outreach/Total is an exported dimension,HMIS-RPTSCHEMA-JHARKHAND-20260901-001.headers.txt,3CE7ECB1702D0A54BF41DA4ED990C2D166EC5A82915434662CC9D17A5CE6F6EF,Schema observed in Jharkhand HMIS export downloaded 2026-09-01,Observed report manifestation; national/current applicability not established,,Pending deterministic matching in Task 6,Source occurrence captured; semantic reconciliation pending
HMIS-RPTCOL-JH-0156,HMIS-RPTSCHEMA-JHARKHAND-20260901-001,121,156,HMIS measure occurrence,M7,Sexually Transmitted Infections/Reproductive Tract Infections (STI/RTI) Cases,7.1.2.b,"Out of the above, number of females (all females) treated for STI/RTI","	7.1.2.b :: Out of the above, number of females (all females) treated for STI/RTI	",Jharkhand,HMIS report,2026-09-01,Unconfirmed,Default columns,Row-dependent; Format Type is an exported dimension and no row values were supplied,Row-dependent; Facility Type is an exported dimension and no row values were supplied,Row-dependent; In-facility/Outreach/Total is an exported dimension,HMIS-RPTSCHEMA-JHARKHAND-20260901-001.headers.txt,3CE7ECB1702D0A54BF41DA4ED990C2D166EC5A82915434662CC9D17A5CE6F6EF,Schema observed in Jharkhand HMIS export downloaded 2026-09-01,Observed report manifestation; national/current applicability not established,,Pending deterministic matching in Task 6,Source occurrence captured; semantic reconciliation pending
HMIS-RPTCOL-JH-0157,HMIS-RPTSCHEMA-JHARKHAND-20260901-001,122,157,HMIS measure occurrence,M7,Sexually Transmitted Infections/Reproductive Tract Infections (STI/RTI) Cases,7.1.3,Number of H/TG assessed for STI/RTI,	7.1.3. :: Number of H/TG assessed for STI/RTI	,Jharkhand,HMIS report,2026-09-01,Unconfirmed,Default columns,Row-dependent; Format Type is an exported dimension and no row values were supplied,Row-dependent; Facility Type is an exported dimension and no row values were supplied,Row-dependent; In-facility/Outreach/Total is an exported dimension,HMIS-RPTSCHEMA-JHARKHAND-20260901-001.headers.txt,3CE7ECB1702D0A54BF41DA4ED990C2D166EC5A82915434662CC9D17A5CE6F6EF,Schema observed in Jharkhand HMIS export downloaded 2026-09-01,Observed report manifestation; national/current applicability not established,,Pending deterministic matching in Task 6,Source occurrence captured; semantic reconciliation pending
HMIS-RPTCOL-JH-0158,HMIS-RPTSCHEMA-JHARKHAND-20260901-001,123,158,HMIS measure occurrence,M7,Sexually Transmitted Infections/Reproductive Tract Infections (STI/RTI) Cases,7.1.3.a,"Out of the above, number of H/TG people diagnosed with STI/RTI","	7.1.3.a :: Out of the above, number of H/TG people diagnosed with STI/RTI	",Jharkhand,HMIS report,2026-09-01,Unconfirmed,Default columns,Row-dependent; Format Type is an exported dimension and no row values were supplied,Row-dependent; Facility Type is an exported dimension and no row values were supplied,Row-dependent; In-facility/Outreach/Total is an exported dimension,HMIS-RPTSCHEMA-JHARKHAND-20260901-001.headers.txt,3CE7ECB1702D0A54BF41DA4ED990C2D166EC5A82915434662CC9D17A5CE6F6EF,Schema observed in Jharkhand HMIS export downloaded 2026-09-01,Observed report manifestation; national/current applicability not established,,Pending deterministic matching in Task 6,Source occurrence captured; semantic reconciliation pending
HMIS-RPTCOL-JH-0159,HMIS-RPTSCHEMA-JHARKHAND-20260901-001,124,159,HMIS measure occurrence,M7,Sexually Transmitted Infections/Reproductive Tract Infections (STI/RTI) Cases,7.1.3.b,"Out of the above, number of H/TG people treated for STI/RTI","	7.1.3.b :: Out of the above, number of H/TG people treated for STI/RTI	",Jharkhand,HMIS report,2026-09-01,Unconfirmed,Default columns,Row-dependent; Format Type is an exported dimension and no row values were supplied,Row-dependent; Facility Type is an exported dimension and no row values were supplied,Row-dependent; In-facility/Outreach/Total is an exported dimension,HMIS-RPTSCHEMA-JHARKHAND-20260901-001.headers.txt,3CE7ECB1702D0A54BF41DA4ED990C2D166EC5A82915434662CC9D17A5CE6F6EF,Schema observed in Jharkhand HMIS export downloaded 2026-09-01,Observed report manifestation; national/current applicability not established,,Pending deterministic matching in Task 6,Source occurrence captured; semantic reconciliation pending
HMIS-RPTCOL-JH-0160,HMIS-RPTSCHEMA-JHARKHAND-20260901-001,125,160,HMIS measure occurrence,M8,Family Planning,8.1.1,Number of Non Scalpel Vasectomy (NSV) / Conventional Vasectomy conducted,M8 [Family Planning]	8.1.1. :: Number of Non Scalpel Vasectomy (NSV) / Conventional Vasectomy conducted	,Jharkhand,HMIS report,2026-09-01,Unconfirmed,Default columns,Row-dependent; Format Type is an exported dimension and no row values were supplied,Row-dependent; Facility Type is an exported dimension and no row values were supplied,Row-dependent; In-facility/Outreach/Total is an exported dimension,HMIS-RPTSCHEMA-JHARKHAND-20260901-001.headers.txt,3CE7ECB1702D0A54BF41DA4ED990C2D166EC5A82915434662CC9D17A5CE6F6EF,Schema observed in Jharkhand HMIS export downloaded 2026-09-01,Observed report manifestation; national/current applicability not established,,Pending deterministic matching in Task 6,Source occurrence captured; semantic reconciliation pending
HMIS-RPTCOL-JH-0161,HMIS-RPTSCHEMA-JHARKHAND-20260901-001,126,161,HMIS measure occurrence,M8,Family Planning,8.2.1,Number of Laparoscopic sterilizations (excluding post-abortion) conducted,	8.2.1. :: Number of Laparoscopic sterilizations (excluding post-abortion) conducted	,Jharkhand,HMIS report,2026-09-01,Unconfirmed,Default columns,Row-dependent; Format Type is an exported dimension and no row values were supplied,Row-dependent; Facility Type is an exported dimension and no row values were supplied,Row-dependent; In-facility/Outreach/Total is an exported dimension,HMIS-RPTSCHEMA-JHARKHAND-20260901-001.headers.txt,3CE7ECB1702D0A54BF41DA4ED990C2D166EC5A82915434662CC9D17A5CE6F6EF,Schema observed in Jharkhand HMIS export downloaded 2026-09-01,Observed report manifestation; national/current applicability not established,,Pending deterministic matching in Task 6,Source occurrence captured; semantic reconciliation pending
HMIS-RPTCOL-JH-0162,HMIS-RPTSCHEMA-JHARKHAND-20260901-001,127,162,HMIS measure occurrence,M8,Family Planning,8.2.2,Number of Interval sterilizations (Mini-lap/Conventional) (other than post-partum and post abortion) conducted,	8.2.2. :: Number of Interval sterilizations (Mini-lap/Conventional) (other than post-partum and post abortion) conducted	,Jharkhand,HMIS report,2026-09-01,Unconfirmed,Default columns,Row-dependent; Format Type is an exported dimension and no row values were supplied,Row-dependent; Facility Type is an exported dimension and no row values were supplied,Row-dependent; In-facility/Outreach/Total is an exported dimension,HMIS-RPTSCHEMA-JHARKHAND-20260901-001.headers.txt,3CE7ECB1702D0A54BF41DA4ED990C2D166EC5A82915434662CC9D17A5CE6F6EF,Schema observed in Jharkhand HMIS export downloaded 2026-09-01,Observed report manifestation; national/current applicability not established,,Pending deterministic matching in Task 6,Source occurrence captured; semantic reconciliation pending
HMIS-RPTCOL-JH-0163,HMIS-RPTSCHEMA-JHARKHAND-20260901-001,128,163,HMIS measure occurrence,M8,Family Planning,8.2.3,Number of Postpartum sterilizations (within 7 days of delivery by minilap or concurrent with caesarean section) conducted,	8.2.3. :: Number of Postpartum sterilizations (within 7 days of delivery by minilap or concurrent with caesarean section) conducted	,Jharkhand,HMIS report,2026-09-01,Unconfirmed,Default columns,Row-dependent; Format Type is an exported dimension and no row values were supplied,Row-dependent; Facility Type is an exported dimension and no row values were supplied,Row-dependent; In-facility/Outreach/Total is an exported dimension,HMIS-RPTSCHEMA-JHARKHAND-20260901-001.headers.txt,3CE7ECB1702D0A54BF41DA4ED990C2D166EC5A82915434662CC9D17A5CE6F6EF,Schema observed in Jharkhand HMIS export downloaded 2026-09-01,Observed report manifestation; national/current applicability not established,,Pending deterministic matching in Task 6,Source occurrence captured; semantic reconciliation pending
HMIS-RPTCOL-JH-0164,HMIS-RPTSCHEMA-JHARKHAND-20260901-001,129,164,HMIS measure occurrence,M8,Family Planning,8.2.4,Number of Post-abortion sterilizations (within 7 days of spontaneous or surgical abortion) conducted,	8.2.4. :: Number of Post-abortion sterilizations (within 7 days of spontaneous or surgical abortion) conducted	,Jharkhand,HMIS report,2026-09-01,Unconfirmed,Default columns,Row-dependent; Format Type is an exported dimension and no row values were supplied,Row-dependent; Facility Type is an exported dimension and no row values were supplied,Row-dependent; In-facility/Outreach/Total is an exported dimension,HMIS-RPTSCHEMA-JHARKHAND-20260901-001.headers.txt,3CE7ECB1702D0A54BF41DA4ED990C2D166EC5A82915434662CC9D17A5CE6F6EF,Schema observed in Jharkhand HMIS export downloaded 2026-09-01,Observed report manifestation; national/current applicability not established,,Pending deterministic matching in Task 6,Source occurrence captured; semantic reconciliation pending
HMIS-RPTCOL-JH-0165,HMIS-RPTSCHEMA-JHARKHAND-20260901-001,130,165,HMIS measure occurrence,M8,Family Planning,8.3,Number of Interval IUCD Insertions (excluding PPIUCD and PAIUCD),	8.3. :: Number of Interval IUCD Insertions (excluding PPIUCD and PAIUCD)	,Jharkhand,HMIS report,2026-09-01,Unconfirmed,Default columns,Row-dependent; Format Type is an exported dimension and no row values were supplied,Row-dependent; Facility Type is an exported dimension and no row values were supplied,Row-dependent; In-facility/Outreach/Total is an exported dimension,HMIS-RPTSCHEMA-JHARKHAND-20260901-001.headers.txt,3CE7ECB1702D0A54BF41DA4ED990C2D166EC5A82915434662CC9D17A5CE6F6EF,Schema observed in Jharkhand HMIS export downloaded 2026-09-01,Observed report manifestation; national/current applicability not established,,Pending deterministic matching in Task 6,Source occurrence captured; semantic reconciliation pending
HMIS-RPTCOL-JH-0166,HMIS-RPTSCHEMA-JHARKHAND-20260901-001,131,166,HMIS measure occurrence,M8,Family Planning,8.4,Number of Postpartum (within 48 hours of delivery) IUCD insertions,	8.4. :: Number of Postpartum (within 48 hours of delivery) IUCD insertions	,Jharkhand,HMIS report,2026-09-01,Unconfirmed,Default columns,Row-dependent; Format Type is an exported dimension and no row values were supplied,Row-dependent; Facility Type is an exported dimension and no row values were supplied,Row-dependent; In-facility/Outreach/Total is an exported dimension,HMIS-RPTSCHEMA-JHARKHAND-20260901-001.headers.txt,3CE7ECB1702D0A54BF41DA4ED990C2D166EC5A82915434662CC9D17A5CE6F6EF,Schema observed in Jharkhand HMIS export downloaded 2026-09-01,Observed report manifestation; national/current applicability not established,,Pending deterministic matching in Task 6,Source occurrence captured; semantic reconciliation pending
HMIS-RPTCOL-JH-0167,HMIS-RPTSCHEMA-JHARKHAND-20260901-001,132,167,HMIS measure occurrence,M8,Family Planning,8.5,Number of Post-abortion (within 12 days of spontaneous or surgical abortion) IUCD insertions,	8.5. :: Number of Post-abortion (within 12 days of spontaneous or surgical abortion) IUCD insertions	,Jharkhand,HMIS report,2026-09-01,Unconfirmed,Default columns,Row-dependent; Format Type is an exported dimension and no row values were supplied,Row-dependent; Facility Type is an exported dimension and no row values were supplied,Row-dependent; In-facility/Outreach/Total is an exported dimension,HMIS-RPTSCHEMA-JHARKHAND-20260901-001.headers.txt,3CE7ECB1702D0A54BF41DA4ED990C2D166EC5A82915434662CC9D17A5CE6F6EF,Schema observed in Jharkhand HMIS export downloaded 2026-09-01,Observed report manifestation; national/current applicability not established,,Pending deterministic matching in Task 6,Source occurrence captured; semantic reconciliation pending
HMIS-RPTCOL-JH-0168,HMIS-RPTSCHEMA-JHARKHAND-20260901-001,133,168,HMIS measure occurrence,M8,Family Planning,8.6,Number of IUCD Removals,	8.6. :: Number of IUCD Removals 	,Jharkhand,HMIS report,2026-09-01,Unconfirmed,Default columns,Row-dependent; Format Type is an exported dimension and no row values were supplied,Row-dependent; Facility Type is an exported dimension and no row values were supplied,Row-dependent; In-facility/Outreach/Total is an exported dimension,HMIS-RPTSCHEMA-JHARKHAND-20260901-001.headers.txt,3CE7ECB1702D0A54BF41DA4ED990C2D166EC5A82915434662CC9D17A5CE6F6EF,Schema observed in Jharkhand HMIS export downloaded 2026-09-01,Observed report manifestation; national/current applicability not established,,Pending deterministic matching in Task 6,Source occurrence captured; semantic reconciliation pending
HMIS-RPTCOL-JH-0169,HMIS-RPTSCHEMA-JHARKHAND-20260901-001,134,169,HMIS measure occurrence,M8,Family Planning,8.7,Number of complications following IUCD Insertion,	8.7. :: Number of complications following IUCD Insertion	,Jharkhand,HMIS report,2026-09-01,Unconfirmed,Default columns,Row-dependent; Format Type is an exported dimension and no row values were supplied,Row-dependent; Facility Type is an exported dimension and no row values were supplied,Row-dependent; In-facility/Outreach/Total is an exported dimension,HMIS-RPTSCHEMA-JHARKHAND-20260901-001.headers.txt,3CE7ECB1702D0A54BF41DA4ED990C2D166EC5A82915434662CC9D17A5CE6F6EF,Schema observed in Jharkhand HMIS export downloaded 2026-09-01,Observed report manifestation; national/current applicability not established,,Pending deterministic matching in Task 6,Source occurrence captured; semantic reconciliation pending
HMIS-RPTCOL-JH-0170,HMIS-RPTSCHEMA-JHARKHAND-20260901-001,135,170,HMIS measure occurrence,M8,Family Planning,8.8.1,Injectable Contraceptive MPA (Intra Muscular) - First Dose,	8.8.1. :: Injectable Contraceptive MPA (Intra Muscular) - First Dose	,Jharkhand,HMIS report,2026-09-01,Unconfirmed,Default columns,Row-dependent; Format Type is an exported dimension and no row values were supplied,Row-dependent; Facility Type is an exported dimension and no row values were supplied,Row-dependent; In-facility/Outreach/Total is an exported dimension,HMIS-RPTSCHEMA-JHARKHAND-20260901-001.headers.txt,3CE7ECB1702D0A54BF41DA4ED990C2D166EC5A82915434662CC9D17A5CE6F6EF,Schema observed in Jharkhand HMIS export downloaded 2026-09-01,Observed report manifestation; national/current applicability not established,,Pending deterministic matching in Task 6,Source occurrence captured; semantic reconciliation pending
HMIS-RPTCOL-JH-0171,HMIS-RPTSCHEMA-JHARKHAND-20260901-001,136,171,HMIS measure occurrence,M8,Family Planning,8.8.2,Injectable Contraceptive MPA (Sub Cutaneous) - First Dose,	8.8.2. :: Injectable Contraceptive MPA (Sub Cutaneous) - First Dose	,Jharkhand,HMIS report,2026-09-01,Unconfirmed,Default columns,Row-dependent; Format Type is an exported dimension and no row values were supplied,Row-dependent; Facility Type is an exported dimension and no row values were supplied,Row-dependent; In-facility/Outreach/Total is an exported dimension,HMIS-RPTSCHEMA-JHARKHAND-20260901-001.headers.txt,3CE7ECB1702D0A54BF41DA4ED990C2D166EC5A82915434662CC9D17A5CE6F6EF,Schema observed in Jharkhand HMIS export downloaded 2026-09-01,Observed report manifestation; national/current applicability not established,,Pending deterministic matching in Task 6,Source occurrence captured; semantic reconciliation pending
HMIS-RPTCOL-JH-0172,HMIS-RPTSCHEMA-JHARKHAND-20260901-001,137,172,HMIS measure occurrence,M8,Family Planning,8.9.1,Injectable Contraceptive MPA (Intra Muscular) - Second Dose,	8.9.1. :: Injectable Contraceptive MPA (Intra Muscular) - Second Dose	,Jharkhand,HMIS report,2026-09-01,Unconfirmed,Default columns,Row-dependent; Format Type is an exported dimension and no row values were supplied,Row-dependent; Facility Type is an exported dimension and no row values were supplied,Row-dependent; In-facility/Outreach/Total is an exported dimension,HMIS-RPTSCHEMA-JHARKHAND-20260901-001.headers.txt,3CE7ECB1702D0A54BF41DA4ED990C2D166EC5A82915434662CC9D17A5CE6F6EF,Schema observed in Jharkhand HMIS export downloaded 2026-09-01,Observed report manifestation; national/current applicability not established,,Pending deterministic matching in Task 6,Source occurrence captured; semantic reconciliation pending
HMIS-RPTCOL-JH-0173,HMIS-RPTSCHEMA-JHARKHAND-20260901-001,138,173,HMIS measure occurrence,M8,Family Planning,8.9.2,Injectable Contraceptive MPA (Sub Cutaneous)- Second Dose,	8.9.2. :: Injectable Contraceptive MPA (Sub Cutaneous)- Second Dose	,Jharkhand,HMIS report,2026-09-01,Unconfirmed,Default columns,Row-dependent; Format Type is an exported dimension and no row values were supplied,Row-dependent; Facility Type is an exported dimension and no row values were supplied,Row-dependent; In-facility/Outreach/Total is an exported dimension,HMIS-RPTSCHEMA-JHARKHAND-20260901-001.headers.txt,3CE7ECB1702D0A54BF41DA4ED990C2D166EC5A82915434662CC9D17A5CE6F6EF,Schema observed in Jharkhand HMIS export downloaded 2026-09-01,Observed report manifestation; national/current applicability not established,,Pending deterministic matching in Task 6,Source occurrence captured; semantic reconciliation pending
HMIS-RPTCOL-JH-0174,HMIS-RPTSCHEMA-JHARKHAND-20260901-001,139,174,HMIS measure occurrence,M8,Family Planning,8.10.1,Injectable Contraceptive MPA (Intra Muscular) - Third Dose,	8.10.1. :: Injectable Contraceptive MPA (Intra Muscular) - Third Dose	,Jharkhand,HMIS report,2026-09-01,Unconfirmed,Default columns,Row-dependent; Format Type is an exported dimension and no row values were supplied,Row-dependent; Facility Type is an exported dimension and no row values were supplied,Row-dependent; In-facility/Outreach/Total is an exported dimension,HMIS-RPTSCHEMA-JHARKHAND-20260901-001.headers.txt,3CE7ECB1702D0A54BF41DA4ED990C2D166EC5A82915434662CC9D17A5CE6F6EF,Schema observed in Jharkhand HMIS export downloaded 2026-09-01,Observed report manifestation; national/current applicability not established,,Pending deterministic matching in Task 6,Source occurrence captured; semantic reconciliation pending
HMIS-RPTCOL-JH-0175,HMIS-RPTSCHEMA-JHARKHAND-20260901-001,140,175,HMIS measure occurrence,M8,Family Planning,8.10.2,Injectable Contraceptive MPA (Sub Cutaneous)- Third Dose,	8.10.2. :: Injectable Contraceptive MPA (Sub Cutaneous)- Third Dose	,Jharkhand,HMIS report,2026-09-01,Unconfirmed,Default columns,Row-dependent; Format Type is an exported dimension and no row values were supplied,Row-dependent; Facility Type is an exported dimension and no row values were supplied,Row-dependent; In-facility/Outreach/Total is an exported dimension,HMIS-RPTSCHEMA-JHARKHAND-20260901-001.headers.txt,3CE7ECB1702D0A54BF41DA4ED990C2D166EC5A82915434662CC9D17A5CE6F6EF,Schema observed in Jharkhand HMIS export downloaded 2026-09-01,Observed report manifestation; national/current applicability not established,,Pending deterministic matching in Task 6,Source occurrence captured; semantic reconciliation pending
HMIS-RPTCOL-JH-0176,HMIS-RPTSCHEMA-JHARKHAND-20260901-001,141,176,HMIS measure occurrence,M8,Family Planning,8.11.1,Injectable Contraceptive MPA (Intra Muscular) - Fourth and above Dose,	8.11.1. :: Injectable Contraceptive MPA (Intra Muscular) - Fourth and above Dose	,Jharkhand,HMIS report,2026-09-01,Unconfirmed,Default columns,Row-dependent; Format Type is an exported dimension and no row values were supplied,Row-dependent; Facility Type is an exported dimension and no row values were supplied,Row-dependent; In-facility/Outreach/Total is an exported dimension,HMIS-RPTSCHEMA-JHARKHAND-20260901-001.headers.txt,3CE7ECB1702D0A54BF41DA4ED990C2D166EC5A82915434662CC9D17A5CE6F6EF,Schema observed in Jharkhand HMIS export downloaded 2026-09-01,Observed report manifestation; national/current applicability not established,,Pending deterministic matching in Task 6,Source occurrence captured; semantic reconciliation pending
HMIS-RPTCOL-JH-0177,HMIS-RPTSCHEMA-JHARKHAND-20260901-001,142,177,HMIS measure occurrence,M8,Family Planning,8.11.2,Injectable Contraceptive MPA (Sub Cutaneous)- Fourth and above Dose,	8.11.2. :: Injectable Contraceptive MPA (Sub Cutaneous)- Fourth and above Dose	,Jharkhand,HMIS report,2026-09-01,Unconfirmed,Default columns,Row-dependent; Format Type is an exported dimension and no row values were supplied,Row-dependent; Facility Type is an exported dimension and no row values were supplied,Row-dependent; In-facility/Outreach/Total is an exported dimension,HMIS-RPTSCHEMA-JHARKHAND-20260901-001.headers.txt,3CE7ECB1702D0A54BF41DA4ED990C2D166EC5A82915434662CC9D17A5CE6F6EF,Schema observed in Jharkhand HMIS export downloaded 2026-09-01,Observed report manifestation; national/current applicability not established,,Pending deterministic matching in Task 6,Source occurrence captured; semantic reconciliation pending
HMIS-RPTCOL-JH-0178,HMIS-RPTSCHEMA-JHARKHAND-20260901-001,143,178,HMIS measure occurrence,M8,Family Planning,8.12,Number of Combined Oral Pill cycles distributed to the beneficiary,	8.12. :: Number of  Combined Oral Pill cycles distributed to the beneficiary	,Jharkhand,HMIS report,2026-09-01,Unconfirmed,Default columns,Row-dependent; Format Type is an exported dimension and no row values were supplied,Row-dependent; Facility Type is an exported dimension and no row values were supplied,Row-dependent; In-facility/Outreach/Total is an exported dimension,HMIS-RPTSCHEMA-JHARKHAND-20260901-001.headers.txt,3CE7ECB1702D0A54BF41DA4ED990C2D166EC5A82915434662CC9D17A5CE6F6EF,Schema observed in Jharkhand HMIS export downloaded 2026-09-01,Observed report manifestation; national/current applicability not established,,Pending deterministic matching in Task 6,Source occurrence captured; semantic reconciliation pending
HMIS-RPTCOL-JH-0179,HMIS-RPTSCHEMA-JHARKHAND-20260901-001,144,179,HMIS measure occurrence,M8,Family Planning,8.13,Number of Condom pieces distributed to the beneficiary,	8.13. :: Number of Condom pieces distributed to the beneficiary	,Jharkhand,HMIS report,2026-09-01,Unconfirmed,Default columns,Row-dependent; Format Type is an exported dimension and no row values were supplied,Row-dependent; Facility Type is an exported dimension and no row values were supplied,Row-dependent; In-facility/Outreach/Total is an exported dimension,HMIS-RPTSCHEMA-JHARKHAND-20260901-001.headers.txt,3CE7ECB1702D0A54BF41DA4ED990C2D166EC5A82915434662CC9D17A5CE6F6EF,Schema observed in Jharkhand HMIS export downloaded 2026-09-01,Observed report manifestation; national/current applicability not established,,Pending deterministic matching in Task 6,Source occurrence captured; semantic reconciliation pending
HMIS-RPTCOL-JH-0180,HMIS-RPTSCHEMA-JHARKHAND-20260901-001,145,180,HMIS measure occurrence,M8,Family Planning,8.14,Number of Centchroman (weekly) pill strips distributed to the beneficiary,	8.14. :: Number of Centchroman (weekly) pill strips distributed to the beneficiary	,Jharkhand,HMIS report,2026-09-01,Unconfirmed,Default columns,Row-dependent; Format Type is an exported dimension and no row values were supplied,Row-dependent; Facility Type is an exported dimension and no row values were supplied,Row-dependent; In-facility/Outreach/Total is an exported dimension,HMIS-RPTSCHEMA-JHARKHAND-20260901-001.headers.txt,3CE7ECB1702D0A54BF41DA4ED990C2D166EC5A82915434662CC9D17A5CE6F6EF,Schema observed in Jharkhand HMIS export downloaded 2026-09-01,Observed report manifestation; national/current applicability not established,,Pending deterministic matching in Task 6,Source occurrence captured; semantic reconciliation pending
HMIS-RPTCOL-JH-0181,HMIS-RPTSCHEMA-JHARKHAND-20260901-001,146,181,HMIS measure occurrence,M8,Family Planning,8.15,Number of Emergency Contraceptive Pills (ECP) given to the beneficiary,	8.15. :: Number of Emergency Contraceptive Pills (ECP) given  to the beneficiary	,Jharkhand,HMIS report,2026-09-01,Unconfirmed,Default columns,Row-dependent; Format Type is an exported dimension and no row values were supplied,Row-dependent; Facility Type is an exported dimension and no row values were supplied,Row-dependent; In-facility/Outreach/Total is an exported dimension,HMIS-RPTSCHEMA-JHARKHAND-20260901-001.headers.txt,3CE7ECB1702D0A54BF41DA4ED990C2D166EC5A82915434662CC9D17A5CE6F6EF,Schema observed in Jharkhand HMIS export downloaded 2026-09-01,Observed report manifestation; national/current applicability not established,,Pending deterministic matching in Task 6,Source occurrence captured; semantic reconciliation pending
HMIS-RPTCOL-JH-0182,HMIS-RPTSCHEMA-JHARKHAND-20260901-001,147,182,HMIS measure occurrence,M8,Family Planning,8.16,Number of Pregnancy Test Kits (PTK) utilized,	8.16. :: Number of Pregnancy Test Kits (PTK) utilized	,Jharkhand,HMIS report,2026-09-01,Unconfirmed,Default columns,Row-dependent; Format Type is an exported dimension and no row values were supplied,Row-dependent; Facility Type is an exported dimension and no row values were supplied,Row-dependent; In-facility/Outreach/Total is an exported dimension,HMIS-RPTSCHEMA-JHARKHAND-20260901-001.headers.txt,3CE7ECB1702D0A54BF41DA4ED990C2D166EC5A82915434662CC9D17A5CE6F6EF,Schema observed in Jharkhand HMIS export downloaded 2026-09-01,Observed report manifestation; national/current applicability not established,,Pending deterministic matching in Task 6,Source occurrence captured; semantic reconciliation pending
HMIS-RPTCOL-JH-0183,HMIS-RPTSCHEMA-JHARKHAND-20260901-001,148,183,HMIS measure occurrence,M8,Family Planning,8.17.1,No. of Subdermal Contraceptive Implant inserted,	8.17.1 :: No. of Subdermal Contraceptive Implant inserted	,Jharkhand,HMIS report,2026-09-01,Unconfirmed,Default columns,Row-dependent; Format Type is an exported dimension and no row values were supplied,Row-dependent; Facility Type is an exported dimension and no row values were supplied,Row-dependent; In-facility/Outreach/Total is an exported dimension,HMIS-RPTSCHEMA-JHARKHAND-20260901-001.headers.txt,3CE7ECB1702D0A54BF41DA4ED990C2D166EC5A82915434662CC9D17A5CE6F6EF,Schema observed in Jharkhand HMIS export downloaded 2026-09-01,Observed report manifestation; national/current applicability not established,,Pending deterministic matching in Task 6,Source occurrence captured; semantic reconciliation pending
HMIS-RPTCOL-JH-0184,HMIS-RPTSCHEMA-JHARKHAND-20260901-001,149,184,HMIS measure occurrence,M8,Family Planning,8.17.2,No. of Subdermal Contraceptive Implant removed,	8.17.2 :: No. of Subdermal Contraceptive Implant removed	,Jharkhand,HMIS report,2026-09-01,Unconfirmed,Default columns,Row-dependent; Format Type is an exported dimension and no row values were supplied,Row-dependent; Facility Type is an exported dimension and no row values were supplied,Row-dependent; In-facility/Outreach/Total is an exported dimension,HMIS-RPTSCHEMA-JHARKHAND-20260901-001.headers.txt,3CE7ECB1702D0A54BF41DA4ED990C2D166EC5A82915434662CC9D17A5CE6F6EF,Schema observed in Jharkhand HMIS export downloaded 2026-09-01,Observed report manifestation; national/current applicability not established,,Pending deterministic matching in Task 6,Source occurrence captured; semantic reconciliation pending
HMIS-RPTCOL-JH-0185,HMIS-RPTSCHEMA-JHARKHAND-20260901-001,150,185,HMIS measure occurrence,M8,Family Planning,8.18.1,Complications following male sterilization,	8.18.1. :: Complications following male sterilization	,Jharkhand,HMIS report,2026-09-01,Unconfirmed,Default columns,Row-dependent; Format Type is an exported dimension and no row values were supplied,Row-dependent; Facility Type is an exported dimension and no row values were supplied,Row-dependent; In-facility/Outreach/Total is an exported dimension,HMIS-RPTSCHEMA-JHARKHAND-20260901-001.headers.txt,3CE7ECB1702D0A54BF41DA4ED990C2D166EC5A82915434662CC9D17A5CE6F6EF,Schema observed in Jharkhand HMIS export downloaded 2026-09-01,Observed report manifestation; national/current applicability not established,,Pending deterministic matching in Task 6,Source occurrence captured; semantic reconciliation pending
HMIS-RPTCOL-JH-0186,HMIS-RPTSCHEMA-JHARKHAND-20260901-001,151,186,HMIS measure occurrence,M8,Family Planning,8.18.2,Complications following female sterilization,	8.18.2. :: Complications following female sterilization 	,Jharkhand,HMIS report,2026-09-01,Unconfirmed,Default columns,Row-dependent; Format Type is an exported dimension and no row values were supplied,Row-dependent; Facility Type is an exported dimension and no row values were supplied,Row-dependent; In-facility/Outreach/Total is an exported dimension,HMIS-RPTSCHEMA-JHARKHAND-20260901-001.headers.txt,3CE7ECB1702D0A54BF41DA4ED990C2D166EC5A82915434662CC9D17A5CE6F6EF,Schema observed in Jharkhand HMIS export downloaded 2026-09-01,Observed report manifestation; national/current applicability not established,,Pending deterministic matching in Task 6,Source occurrence captured; semantic reconciliation pending
HMIS-RPTCOL-JH-0187,HMIS-RPTSCHEMA-JHARKHAND-20260901-001,152,187,HMIS measure occurrence,M8,Family Planning,8.18.3,Failures following male sterilization,	8.18.3. :: Failures following male sterilization	,Jharkhand,HMIS report,2026-09-01,Unconfirmed,Default columns,Row-dependent; Format Type is an exported dimension and no row values were supplied,Row-dependent; Facility Type is an exported dimension and no row values were supplied,Row-dependent; In-facility/Outreach/Total is an exported dimension,HMIS-RPTSCHEMA-JHARKHAND-20260901-001.headers.txt,3CE7ECB1702D0A54BF41DA4ED990C2D166EC5A82915434662CC9D17A5CE6F6EF,Schema observed in Jharkhand HMIS export downloaded 2026-09-01,Observed report manifestation; national/current applicability not established,,Pending deterministic matching in Task 6,Source occurrence captured; semantic reconciliation pending
HMIS-RPTCOL-JH-0188,HMIS-RPTSCHEMA-JHARKHAND-20260901-001,153,188,HMIS measure occurrence,M8,Family Planning,8.18.4,Failures following female sterilization,	8.18.4. :: Failures following female sterilization	,Jharkhand,HMIS report,2026-09-01,Unconfirmed,Default columns,Row-dependent; Format Type is an exported dimension and no row values were supplied,Row-dependent; Facility Type is an exported dimension and no row values were supplied,Row-dependent; In-facility/Outreach/Total is an exported dimension,HMIS-RPTSCHEMA-JHARKHAND-20260901-001.headers.txt,3CE7ECB1702D0A54BF41DA4ED990C2D166EC5A82915434662CC9D17A5CE6F6EF,Schema observed in Jharkhand HMIS export downloaded 2026-09-01,Observed report manifestation; national/current applicability not established,,Pending deterministic matching in Task 6,Source occurrence captured; semantic reconciliation pending
HMIS-RPTCOL-JH-0189,HMIS-RPTSCHEMA-JHARKHAND-20260901-001,154,189,HMIS measure occurrence,M8,Family Planning,8.18.5,Deaths following male sterilization,	8.18.5. :: Deaths following male sterilization	,Jharkhand,HMIS report,2026-09-01,Unconfirmed,Default columns,Row-dependent; Format Type is an exported dimension and no row values were supplied,Row-dependent; Facility Type is an exported dimension and no row values were supplied,Row-dependent; In-facility/Outreach/Total is an exported dimension,HMIS-RPTSCHEMA-JHARKHAND-20260901-001.headers.txt,3CE7ECB1702D0A54BF41DA4ED990C2D166EC5A82915434662CC9D17A5CE6F6EF,Schema observed in Jharkhand HMIS export downloaded 2026-09-01,Observed report manifestation; national/current applicability not established,,Pending deterministic matching in Task 6,Source occurrence captured; semantic reconciliation pending
HMIS-RPTCOL-JH-0190,HMIS-RPTSCHEMA-JHARKHAND-20260901-001,155,190,HMIS measure occurrence,M8,Family Planning,8.18.6,Deaths following female sterilization,	8.18.6. :: Deaths following female sterilization	,Jharkhand,HMIS report,2026-09-01,Unconfirmed,Default columns,Row-dependent; Format Type is an exported dimension and no row values were supplied,Row-dependent; Facility Type is an exported dimension and no row values were supplied,Row-dependent; In-facility/Outreach/Total is an exported dimension,HMIS-RPTSCHEMA-JHARKHAND-20260901-001.headers.txt,3CE7ECB1702D0A54BF41DA4ED990C2D166EC5A82915434662CC9D17A5CE6F6EF,Schema observed in Jharkhand HMIS export downloaded 2026-09-01,Observed report manifestation; national/current applicability not established,,Pending deterministic matching in Task 6,Source occurrence captured; semantic reconciliation pending
HMIS-RPTCOL-JH-0191,HMIS-RPTSCHEMA-JHARKHAND-20260901-001,156,191,HMIS measure occurrence,M8,Family Planning,8.19.1,Number of cases of Female Sterilization followed up (after 1 month or on the resumption of her menstrual cycle whichever is earlier),	8.19.1. :: Number of cases of Female Sterilization followed up (after 1 month or on the resumption of her menstrual cycle whichever is earlier)	,Jharkhand,HMIS report,2026-09-01,Unconfirmed,Default columns,Row-dependent; Format Type is an exported dimension and no row values were supplied,Row-dependent; Facility Type is an exported dimension and no row values were supplied,Row-dependent; In-facility/Outreach/Total is an exported dimension,HMIS-RPTSCHEMA-JHARKHAND-20260901-001.headers.txt,3CE7ECB1702D0A54BF41DA4ED990C2D166EC5A82915434662CC9D17A5CE6F6EF,Schema observed in Jharkhand HMIS export downloaded 2026-09-01,Observed report manifestation; national/current applicability not established,,Pending deterministic matching in Task 6,Source occurrence captured; semantic reconciliation pending
HMIS-RPTCOL-JH-0192,HMIS-RPTSCHEMA-JHARKHAND-20260901-001,157,192,HMIS measure occurrence,M8,Family Planning,8.19.2,Number of cases of Male Sterilization followed up (after 3 months),	8.19.2. :: Number of cases of Male Sterilization followed up (after 3 months)	,Jharkhand,HMIS report,2026-09-01,Unconfirmed,Default columns,Row-dependent; Format Type is an exported dimension and no row values were supplied,Row-dependent; Facility Type is an exported dimension and no row values were supplied,Row-dependent; In-facility/Outreach/Total is an exported dimension,HMIS-RPTSCHEMA-JHARKHAND-20260901-001.headers.txt,3CE7ECB1702D0A54BF41DA4ED990C2D166EC5A82915434662CC9D17A5CE6F6EF,Schema observed in Jharkhand HMIS export downloaded 2026-09-01,Observed report manifestation; national/current applicability not established,,Pending deterministic matching in Task 6,Source occurrence captured; semantic reconciliation pending
HMIS-RPTCOL-JH-0193,HMIS-RPTSCHEMA-JHARKHAND-20260901-001,158,193,HMIS measure occurrence,M9,CHILD IMMUNISATION,9.1.1,Child immunisation - Vitamin K (Birth Dose),M9 [CHILD IMMUNISATION]	9.1.1. :: Child immunisation - Vitamin K (Birth Dose)	,Jharkhand,HMIS report,2026-09-01,Unconfirmed,Default columns,Row-dependent; Format Type is an exported dimension and no row values were supplied,Row-dependent; Facility Type is an exported dimension and no row values were supplied,Row-dependent; In-facility/Outreach/Total is an exported dimension,HMIS-RPTSCHEMA-JHARKHAND-20260901-001.headers.txt,3CE7ECB1702D0A54BF41DA4ED990C2D166EC5A82915434662CC9D17A5CE6F6EF,Schema observed in Jharkhand HMIS export downloaded 2026-09-01,Observed report manifestation; national/current applicability not established,,Pending deterministic matching in Task 6,Source occurrence captured; semantic reconciliation pending
HMIS-RPTCOL-JH-0194,HMIS-RPTSCHEMA-JHARKHAND-20260901-001,159,194,HMIS measure occurrence,M9,CHILD IMMUNISATION,9.1.2,Child immunisation - BCG,	9.1.2. :: Child immunisation - BCG	,Jharkhand,HMIS report,2026-09-01,Unconfirmed,Default columns,Row-dependent; Format Type is an exported dimension and no row values were supplied,Row-dependent; Facility Type is an exported dimension and no row values were supplied,Row-dependent; In-facility/Outreach/Total is an exported dimension,HMIS-RPTSCHEMA-JHARKHAND-20260901-001.headers.txt,3CE7ECB1702D0A54BF41DA4ED990C2D166EC5A82915434662CC9D17A5CE6F6EF,Schema observed in Jharkhand HMIS export downloaded 2026-09-01,Observed report manifestation; national/current applicability not established,,Pending deterministic matching in Task 6,Source occurrence captured; semantic reconciliation pending
HMIS-RPTCOL-JH-0195,HMIS-RPTSCHEMA-JHARKHAND-20260901-001,160,195,HMIS measure occurrence,M9,CHILD IMMUNISATION,9.1.3,Child immunisation - Pentavalent 1,	9.1.3. :: Child immunisation - Pentavalent 1	,Jharkhand,HMIS report,2026-09-01,Unconfirmed,Default columns,Row-dependent; Format Type is an exported dimension and no row values were supplied,Row-dependent; Facility Type is an exported dimension and no row values were supplied,Row-dependent; In-facility/Outreach/Total is an exported dimension,HMIS-RPTSCHEMA-JHARKHAND-20260901-001.headers.txt,3CE7ECB1702D0A54BF41DA4ED990C2D166EC5A82915434662CC9D17A5CE6F6EF,Schema observed in Jharkhand HMIS export downloaded 2026-09-01,Observed report manifestation; national/current applicability not established,,Pending deterministic matching in Task 6,Source occurrence captured; semantic reconciliation pending
HMIS-RPTCOL-JH-0196,HMIS-RPTSCHEMA-JHARKHAND-20260901-001,161,196,HMIS measure occurrence,M9,CHILD IMMUNISATION,9.1.4,Child immunisation - Pentavalent 2,	9.1.4. :: Child immunisation - Pentavalent 2	,Jharkhand,HMIS report,2026-09-01,Unconfirmed,Default columns,Row-dependent; Format Type is an exported dimension and no row values were supplied,Row-dependent; Facility Type is an exported dimension and no row values were supplied,Row-dependent; In-facility/Outreach/Total is an exported dimension,HMIS-RPTSCHEMA-JHARKHAND-20260901-001.headers.txt,3CE7ECB1702D0A54BF41DA4ED990C2D166EC5A82915434662CC9D17A5CE6F6EF,Schema observed in Jharkhand HMIS export downloaded 2026-09-01,Observed report manifestation; national/current applicability not established,,Pending deterministic matching in Task 6,Source occurrence captured; semantic reconciliation pending
HMIS-RPTCOL-JH-0197,HMIS-RPTSCHEMA-JHARKHAND-20260901-001,162,197,HMIS measure occurrence,M9,CHILD IMMUNISATION,9.1.5,Child immunisation - Pentavalent 3,	9.1.5. :: Child immunisation - Pentavalent 3	,Jharkhand,HMIS report,2026-09-01,Unconfirmed,Default columns,Row-dependent; Format Type is an exported dimension and no row values were supplied,Row-dependent; Facility Type is an exported dimension and no row values were supplied,Row-dependent; In-facility/Outreach/Total is an exported dimension,HMIS-RPTSCHEMA-JHARKHAND-20260901-001.headers.txt,3CE7ECB1702D0A54BF41DA4ED990C2D166EC5A82915434662CC9D17A5CE6F6EF,Schema observed in Jharkhand HMIS export downloaded 2026-09-01,Observed report manifestation; national/current applicability not established,,Pending deterministic matching in Task 6,Source occurrence captured; semantic reconciliation pending
HMIS-RPTCOL-JH-0198,HMIS-RPTSCHEMA-JHARKHAND-20260901-001,163,198,HMIS measure occurrence,M9,CHILD IMMUNISATION,9.1.6,Child immunisation - OPV 0 (Birth Dose),	9.1.6. :: Child immunisation - OPV 0 (Birth Dose)	,Jharkhand,HMIS report,2026-09-01,Unconfirmed,Default columns,Row-dependent; Format Type is an exported dimension and no row values were supplied,Row-dependent; Facility Type is an exported dimension and no row values were supplied,Row-dependent; In-facility/Outreach/Total is an exported dimension,HMIS-RPTSCHEMA-JHARKHAND-20260901-001.headers.txt,3CE7ECB1702D0A54BF41DA4ED990C2D166EC5A82915434662CC9D17A5CE6F6EF,Schema observed in Jharkhand HMIS export downloaded 2026-09-01,Observed report manifestation; national/current applicability not established,,Pending deterministic matching in Task 6,Source occurrence captured; semantic reconciliation pending
HMIS-RPTCOL-JH-0199,HMIS-RPTSCHEMA-JHARKHAND-20260901-001,164,199,HMIS measure occurrence,M9,CHILD IMMUNISATION,9.1.7,Child immunisation - OPV1,	9.1.7. :: Child immunisation - OPV1	,Jharkhand,HMIS report,2026-09-01,Unconfirmed,Default columns,Row-dependent; Format Type is an exported dimension and no row values were supplied,Row-dependent; Facility Type is an exported dimension and no row values were supplied,Row-dependent; In-facility/Outreach/Total is an exported dimension,HMIS-RPTSCHEMA-JHARKHAND-20260901-001.headers.txt,3CE7ECB1702D0A54BF41DA4ED990C2D166EC5A82915434662CC9D17A5CE6F6EF,Schema observed in Jharkhand HMIS export downloaded 2026-09-01,Observed report manifestation; national/current applicability not established,,Pending deterministic matching in Task 6,Source occurrence captured; semantic reconciliation pending
HMIS-RPTCOL-JH-0200,HMIS-RPTSCHEMA-JHARKHAND-20260901-001,165,200,HMIS measure occurrence,M9,CHILD IMMUNISATION,9.1.8,Child immunisation - OPV2,	9.1.8. :: Child immunisation - OPV2	,Jharkhand,HMIS report,2026-09-01,Unconfirmed,Default columns,Row-dependent; Format Type is an exported dimension and no row values were supplied,Row-dependent; Facility Type is an exported dimension and no row values were supplied,Row-dependent; In-facility/Outreach/Total is an exported dimension,HMIS-RPTSCHEMA-JHARKHAND-20260901-001.headers.txt,3CE7ECB1702D0A54BF41DA4ED990C2D166EC5A82915434662CC9D17A5CE6F6EF,Schema observed in Jharkhand HMIS export downloaded 2026-09-01,Observed report manifestation; national/current applicability not established,,Pending deterministic matching in Task 6,Source occurrence captured; semantic reconciliation pending
HMIS-RPTCOL-JH-0201,HMIS-RPTSCHEMA-JHARKHAND-20260901-001,166,201,HMIS measure occurrence,M9,CHILD IMMUNISATION,9.1.9,Child immunisation - OPV3,	9.1.9. :: Child immunisation - OPV3	,Jharkhand,HMIS report,2026-09-01,Unconfirmed,Default columns,Row-dependent; Format Type is an exported dimension and no row values were supplied,Row-dependent; Facility Type is an exported dimension and no row values were supplied,Row-dependent; In-facility/Outreach/Total is an exported dimension,HMIS-RPTSCHEMA-JHARKHAND-20260901-001.headers.txt,3CE7ECB1702D0A54BF41DA4ED990C2D166EC5A82915434662CC9D17A5CE6F6EF,Schema observed in Jharkhand HMIS export downloaded 2026-09-01,Observed report manifestation; national/current applicability not established,,Pending deterministic matching in Task 6,Source occurrence captured; semantic reconciliation pending
HMIS-RPTCOL-JH-0202,HMIS-RPTSCHEMA-JHARKHAND-20260901-001,167,202,HMIS measure occurrence,M9,CHILD IMMUNISATION,9.1.10,Child immunisation - Hepatitis-B0 (Birth Dose),	9.1.10. :: Child immunisation - Hepatitis-B0 (Birth Dose)	,Jharkhand,HMIS report,2026-09-01,Unconfirmed,Default columns,Row-dependent; Format Type is an exported dimension and no row values were supplied,Row-dependent; Facility Type is an exported dimension and no row values were supplied,Row-dependent; In-facility/Outreach/Total is an exported dimension,HMIS-RPTSCHEMA-JHARKHAND-20260901-001.headers.txt,3CE7ECB1702D0A54BF41DA4ED990C2D166EC5A82915434662CC9D17A5CE6F6EF,Schema observed in Jharkhand HMIS export downloaded 2026-09-01,Observed report manifestation; national/current applicability not established,,Pending deterministic matching in Task 6,Source occurrence captured; semantic reconciliation pending
HMIS-RPTCOL-JH-0203,HMIS-RPTSCHEMA-JHARKHAND-20260901-001,168,203,HMIS measure occurrence,M9,CHILD IMMUNISATION,9.1.11,Child immunisation - Inactivated Injectable Polio Vaccine 1 (IPV 1),	9.1.11. :: Child immunisation - Inactivated Injectable Polio Vaccine 1 (IPV 1)	,Jharkhand,HMIS report,2026-09-01,Unconfirmed,Default columns,Row-dependent; Format Type is an exported dimension and no row values were supplied,Row-dependent; Facility Type is an exported dimension and no row values were supplied,Row-dependent; In-facility/Outreach/Total is an exported dimension,HMIS-RPTSCHEMA-JHARKHAND-20260901-001.headers.txt,3CE7ECB1702D0A54BF41DA4ED990C2D166EC5A82915434662CC9D17A5CE6F6EF,Schema observed in Jharkhand HMIS export downloaded 2026-09-01,Observed report manifestation; national/current applicability not established,,Pending deterministic matching in Task 6,Source occurrence captured; semantic reconciliation pending
HMIS-RPTCOL-JH-0204,HMIS-RPTSCHEMA-JHARKHAND-20260901-001,169,204,HMIS measure occurrence,M9,CHILD IMMUNISATION,9.1.12,Child immunisation - Inactivated Injectable Polio Vaccine 2 (IPV 2),	9.1.12. :: Child immunisation - Inactivated Injectable Polio Vaccine 2 (IPV 2) 	,Jharkhand,HMIS report,2026-09-01,Unconfirmed,Default columns,Row-dependent; Format Type is an exported dimension and no row values were supplied,Row-dependent; Facility Type is an exported dimension and no row values were supplied,Row-dependent; In-facility/Outreach/Total is an exported dimension,HMIS-RPTSCHEMA-JHARKHAND-20260901-001.headers.txt,3CE7ECB1702D0A54BF41DA4ED990C2D166EC5A82915434662CC9D17A5CE6F6EF,Schema observed in Jharkhand HMIS export downloaded 2026-09-01,Observed report manifestation; national/current applicability not established,,Pending deterministic matching in Task 6,Source occurrence captured; semantic reconciliation pending
HMIS-RPTCOL-JH-0205,HMIS-RPTSCHEMA-JHARKHAND-20260901-001,170,205,HMIS measure occurrence,M9,CHILD IMMUNISATION,9.1.13,Child immunisation - Rotavirus 1,	9.1.13. :: Child immunisation - Rotavirus 1	,Jharkhand,HMIS report,2026-09-01,Unconfirmed,Default columns,Row-dependent; Format Type is an exported dimension and no row values were supplied,Row-dependent; Facility Type is an exported dimension and no row values were supplied,Row-dependent; In-facility/Outreach/Total is an exported dimension,HMIS-RPTSCHEMA-JHARKHAND-20260901-001.headers.txt,3CE7ECB1702D0A54BF41DA4ED990C2D166EC5A82915434662CC9D17A5CE6F6EF,Schema observed in Jharkhand HMIS export downloaded 2026-09-01,Observed report manifestation; national/current applicability not established,,Pending deterministic matching in Task 6,Source occurrence captured; semantic reconciliation pending
HMIS-RPTCOL-JH-0206,HMIS-RPTSCHEMA-JHARKHAND-20260901-001,171,206,HMIS measure occurrence,M9,CHILD IMMUNISATION,9.1.14,Child immunisation - Rotavirus 2,	9.1.14. :: Child immunisation - Rotavirus 2	,Jharkhand,HMIS report,2026-09-01,Unconfirmed,Default columns,Row-dependent; Format Type is an exported dimension and no row values were supplied,Row-dependent; Facility Type is an exported dimension and no row values were supplied,Row-dependent; In-facility/Outreach/Total is an exported dimension,HMIS-RPTSCHEMA-JHARKHAND-20260901-001.headers.txt,3CE7ECB1702D0A54BF41DA4ED990C2D166EC5A82915434662CC9D17A5CE6F6EF,Schema observed in Jharkhand HMIS export downloaded 2026-09-01,Observed report manifestation; national/current applicability not established,,Pending deterministic matching in Task 6,Source occurrence captured; semantic reconciliation pending
HMIS-RPTCOL-JH-0207,HMIS-RPTSCHEMA-JHARKHAND-20260901-001,172,207,HMIS measure occurrence,M9,CHILD IMMUNISATION,9.1.15,Child immunisation - Rotavirus 3,	9.1.15. :: Child immunisation - Rotavirus 3	,Jharkhand,HMIS report,2026-09-01,Unconfirmed,Default columns,Row-dependent; Format Type is an exported dimension and no row values were supplied,Row-dependent; Facility Type is an exported dimension and no row values were supplied,Row-dependent; In-facility/Outreach/Total is an exported dimension,HMIS-RPTSCHEMA-JHARKHAND-20260901-001.headers.txt,3CE7ECB1702D0A54BF41DA4ED990C2D166EC5A82915434662CC9D17A5CE6F6EF,Schema observed in Jharkhand HMIS export downloaded 2026-09-01,Observed report manifestation; national/current applicability not established,,Pending deterministic matching in Task 6,Source occurrence captured; semantic reconciliation pending
HMIS-RPTCOL-JH-0208,HMIS-RPTSCHEMA-JHARKHAND-20260901-001,173,208,HMIS measure occurrence,M9,CHILD IMMUNISATION,9.1.16,Child immunisation - PCV1,	9.1.16. :: Child immunisation - PCV1	,Jharkhand,HMIS report,2026-09-01,Unconfirmed,Default columns,Row-dependent; Format Type is an exported dimension and no row values were supplied,Row-dependent; Facility Type is an exported dimension and no row values were supplied,Row-dependent; In-facility/Outreach/Total is an exported dimension,HMIS-RPTSCHEMA-JHARKHAND-20260901-001.headers.txt,3CE7ECB1702D0A54BF41DA4ED990C2D166EC5A82915434662CC9D17A5CE6F6EF,Schema observed in Jharkhand HMIS export downloaded 2026-09-01,Observed report manifestation; national/current applicability not established,,Pending deterministic matching in Task 6,Source occurrence captured; semantic reconciliation pending
HMIS-RPTCOL-JH-0209,HMIS-RPTSCHEMA-JHARKHAND-20260901-001,174,209,HMIS measure occurrence,M9,CHILD IMMUNISATION,9.1.17,Child immunisation - PCV2,	9.1.17. :: Child immunisation - PCV2	,Jharkhand,HMIS report,2026-09-01,Unconfirmed,Default columns,Row-dependent; Format Type is an exported dimension and no row values were supplied,Row-dependent; Facility Type is an exported dimension and no row values were supplied,Row-dependent; In-facility/Outreach/Total is an exported dimension,HMIS-RPTSCHEMA-JHARKHAND-20260901-001.headers.txt,3CE7ECB1702D0A54BF41DA4ED990C2D166EC5A82915434662CC9D17A5CE6F6EF,Schema observed in Jharkhand HMIS export downloaded 2026-09-01,Observed report manifestation; national/current applicability not established,,Pending deterministic matching in Task 6,Source occurrence captured; semantic reconciliation pending
HMIS-RPTCOL-JH-0210,HMIS-RPTSCHEMA-JHARKHAND-20260901-001,175,210,HMIS measure occurrence,M9,CHILD IMMUNISATION,9.2.1,Child immunisation(9 - 11 months) - Inactivated Injectable Polio Vaccine 3 (IPV 3),	9.2.1. :: Child immunisation(9 - 11 months) - Inactivated Injectable Polio Vaccine 3 (IPV 3)	,Jharkhand,HMIS report,2026-09-01,Unconfirmed,Default columns,Row-dependent; Format Type is an exported dimension and no row values were supplied,Row-dependent; Facility Type is an exported dimension and no row values were supplied,Row-dependent; In-facility/Outreach/Total is an exported dimension,HMIS-RPTSCHEMA-JHARKHAND-20260901-001.headers.txt,3CE7ECB1702D0A54BF41DA4ED990C2D166EC5A82915434662CC9D17A5CE6F6EF,Schema observed in Jharkhand HMIS export downloaded 2026-09-01,Observed report manifestation; national/current applicability not established,,Pending deterministic matching in Task 6,Source occurrence captured; semantic reconciliation pending
HMIS-RPTCOL-JH-0211,HMIS-RPTSCHEMA-JHARKHAND-20260901-001,176,211,HMIS measure occurrence,M9,CHILD IMMUNISATION,9.2.2,Child immunisation (9-11months) - Measles & Rubella (MR)/Measles containing vaccine(MCV) - 1st Dose,	9.2.2. :: Child immunisation (9-11months) - Measles & Rubella (MR)/Measles containing vaccine(MCV) - 1st Dose	,Jharkhand,HMIS report,2026-09-01,Unconfirmed,Default columns,Row-dependent; Format Type is an exported dimension and no row values were supplied,Row-dependent; Facility Type is an exported dimension and no row values were supplied,Row-dependent; In-facility/Outreach/Total is an exported dimension,HMIS-RPTSCHEMA-JHARKHAND-20260901-001.headers.txt,3CE7ECB1702D0A54BF41DA4ED990C2D166EC5A82915434662CC9D17A5CE6F6EF,Schema observed in Jharkhand HMIS export downloaded 2026-09-01,Observed report manifestation; national/current applicability not established,,Pending deterministic matching in Task 6,Source occurrence captured; semantic reconciliation pending
HMIS-RPTCOL-JH-0212,HMIS-RPTSCHEMA-JHARKHAND-20260901-001,177,212,HMIS measure occurrence,M9,CHILD IMMUNISATION,9.2.3,Child immunisation (9-11months) - JE 1st dose,	9.2.3. :: Child immunisation (9-11months) - JE 1st dose	,Jharkhand,HMIS report,2026-09-01,Unconfirmed,Default columns,Row-dependent; Format Type is an exported dimension and no row values were supplied,Row-dependent; Facility Type is an exported dimension and no row values were supplied,Row-dependent; In-facility/Outreach/Total is an exported dimension,HMIS-RPTSCHEMA-JHARKHAND-20260901-001.headers.txt,3CE7ECB1702D0A54BF41DA4ED990C2D166EC5A82915434662CC9D17A5CE6F6EF,Schema observed in Jharkhand HMIS export downloaded 2026-09-01,Observed report manifestation; national/current applicability not established,,Pending deterministic matching in Task 6,Source occurrence captured; semantic reconciliation pending
HMIS-RPTCOL-JH-0213,HMIS-RPTSCHEMA-JHARKHAND-20260901-001,178,213,HMIS measure occurrence,M9,CHILD IMMUNISATION,9.2.4,Child immunisation - PCV Booster,	9.2.4. :: Child immunisation - PCV Booster	,Jharkhand,HMIS report,2026-09-01,Unconfirmed,Default columns,Row-dependent; Format Type is an exported dimension and no row values were supplied,Row-dependent; Facility Type is an exported dimension and no row values were supplied,Row-dependent; In-facility/Outreach/Total is an exported dimension,HMIS-RPTSCHEMA-JHARKHAND-20260901-001.headers.txt,3CE7ECB1702D0A54BF41DA4ED990C2D166EC5A82915434662CC9D17A5CE6F6EF,Schema observed in Jharkhand HMIS export downloaded 2026-09-01,Observed report manifestation; national/current applicability not established,,Pending deterministic matching in Task 6,Source occurrence captured; semantic reconciliation pending
HMIS-RPTCOL-JH-0214,HMIS-RPTSCHEMA-JHARKHAND-20260901-001,179,214,HMIS measure occurrence,M9,CHILD IMMUNISATION,9.2.5.a,FULLY IMMUNIZED children aged between 9 and <12 months- Male,	9.2.5.a :: FULLY IMMUNIZED children aged between 9 and <12 months- Male	,Jharkhand,HMIS report,2026-09-01,Unconfirmed,Default columns,Row-dependent; Format Type is an exported dimension and no row values were supplied,Row-dependent; Facility Type is an exported dimension and no row values were supplied,Row-dependent; In-facility/Outreach/Total is an exported dimension,HMIS-RPTSCHEMA-JHARKHAND-20260901-001.headers.txt,3CE7ECB1702D0A54BF41DA4ED990C2D166EC5A82915434662CC9D17A5CE6F6EF,Schema observed in Jharkhand HMIS export downloaded 2026-09-01,Observed report manifestation; national/current applicability not established,,Pending deterministic matching in Task 6,Source occurrence captured; semantic reconciliation pending
HMIS-RPTCOL-JH-0215,HMIS-RPTSCHEMA-JHARKHAND-20260901-001,180,215,HMIS measure occurrence,M9,CHILD IMMUNISATION,9.2.5.b,FULLY IMMUNIZED children aged between 9 and <12 months- Female,	9.2.5.b :: FULLY IMMUNIZED children aged between 9 and <12 months- Female	,Jharkhand,HMIS report,2026-09-01,Unconfirmed,Default columns,Row-dependent; Format Type is an exported dimension and no row values were supplied,Row-dependent; Facility Type is an exported dimension and no row values were supplied,Row-dependent; In-facility/Outreach/Total is an exported dimension,HMIS-RPTSCHEMA-JHARKHAND-20260901-001.headers.txt,3CE7ECB1702D0A54BF41DA4ED990C2D166EC5A82915434662CC9D17A5CE6F6EF,Schema observed in Jharkhand HMIS export downloaded 2026-09-01,Observed report manifestation; national/current applicability not established,,Pending deterministic matching in Task 6,Source occurrence captured; semantic reconciliation pending
HMIS-RPTCOL-JH-0216,HMIS-RPTSCHEMA-JHARKHAND-20260901-001,181,216,HMIS measure occurrence,M9,CHILD IMMUNISATION,9.3.1,Child immunisation(after 12 months-delayed vaccination) - Measles & Rubella (MR)/Measles containing vaccine(MCV)- 1st Dose,	9.3.1. :: Child immunisation(after 12 months-delayed vaccination) - Measles & Rubella (MR)/Measles containing vaccine(MCV)- 1st Dose	,Jharkhand,HMIS report,2026-09-01,Unconfirmed,Default columns,Row-dependent; Format Type is an exported dimension and no row values were supplied,Row-dependent; Facility Type is an exported dimension and no row values were supplied,Row-dependent; In-facility/Outreach/Total is an exported dimension,HMIS-RPTSCHEMA-JHARKHAND-20260901-001.headers.txt,3CE7ECB1702D0A54BF41DA4ED990C2D166EC5A82915434662CC9D17A5CE6F6EF,Schema observed in Jharkhand HMIS export downloaded 2026-09-01,Observed report manifestation; national/current applicability not established,,Pending deterministic matching in Task 6,Source occurrence captured; semantic reconciliation pending
HMIS-RPTCOL-JH-0217,HMIS-RPTSCHEMA-JHARKHAND-20260901-001,182,217,HMIS measure occurrence,M9,CHILD IMMUNISATION,9.3.2,Child immunisation (after 12 months-delayed vaccination) - JE 1st dose,	9.3.2. :: Child immunisation (after 12 months-delayed vaccination) - JE 1st dose	,Jharkhand,HMIS report,2026-09-01,Unconfirmed,Default columns,Row-dependent; Format Type is an exported dimension and no row values were supplied,Row-dependent; Facility Type is an exported dimension and no row values were supplied,Row-dependent; In-facility/Outreach/Total is an exported dimension,HMIS-RPTSCHEMA-JHARKHAND-20260901-001.headers.txt,3CE7ECB1702D0A54BF41DA4ED990C2D166EC5A82915434662CC9D17A5CE6F6EF,Schema observed in Jharkhand HMIS export downloaded 2026-09-01,Observed report manifestation; national/current applicability not established,,Pending deterministic matching in Task 6,Source occurrence captured; semantic reconciliation pending
HMIS-RPTCOL-JH-0218,HMIS-RPTSCHEMA-JHARKHAND-20260901-001,183,218,HMIS measure occurrence,M9,CHILD IMMUNISATION,9.3.3,Child immunisation - DPT 1 after 12 months of age (delayed vaccination),	9.3.3. :: Child immunisation - DPT 1 after 12 months of age (delayed vaccination) 	,Jharkhand,HMIS report,2026-09-01,Unconfirmed,Default columns,Row-dependent; Format Type is an exported dimension and no row values were supplied,Row-dependent; Facility Type is an exported dimension and no row values were supplied,Row-dependent; In-facility/Outreach/Total is an exported dimension,HMIS-RPTSCHEMA-JHARKHAND-20260901-001.headers.txt,3CE7ECB1702D0A54BF41DA4ED990C2D166EC5A82915434662CC9D17A5CE6F6EF,Schema observed in Jharkhand HMIS export downloaded 2026-09-01,Observed report manifestation; national/current applicability not established,,Pending deterministic matching in Task 6,Source occurrence captured; semantic reconciliation pending
HMIS-RPTCOL-JH-0219,HMIS-RPTSCHEMA-JHARKHAND-20260901-001,184,219,HMIS measure occurrence,M9,CHILD IMMUNISATION,9.3.4,Child immunisation - DPT 2 after 12 months of age (delayed vaccination),	9.3.4. :: Child immunisation - DPT 2 after 12 months of age (delayed vaccination) 	,Jharkhand,HMIS report,2026-09-01,Unconfirmed,Default columns,Row-dependent; Format Type is an exported dimension and no row values were supplied,Row-dependent; Facility Type is an exported dimension and no row values were supplied,Row-dependent; In-facility/Outreach/Total is an exported dimension,HMIS-RPTSCHEMA-JHARKHAND-20260901-001.headers.txt,3CE7ECB1702D0A54BF41DA4ED990C2D166EC5A82915434662CC9D17A5CE6F6EF,Schema observed in Jharkhand HMIS export downloaded 2026-09-01,Observed report manifestation; national/current applicability not established,,Pending deterministic matching in Task 6,Source occurrence captured; semantic reconciliation pending
HMIS-RPTCOL-JH-0220,HMIS-RPTSCHEMA-JHARKHAND-20260901-001,185,220,HMIS measure occurrence,M9,CHILD IMMUNISATION,9.3.5,Child immunisation - DPT 3 after 12 months of age (delayed vaccination),	9.3.5. :: Child immunisation - DPT 3 after 12 months of age (delayed vaccination) 	,Jharkhand,HMIS report,2026-09-01,Unconfirmed,Default columns,Row-dependent; Format Type is an exported dimension and no row values were supplied,Row-dependent; Facility Type is an exported dimension and no row values were supplied,Row-dependent; In-facility/Outreach/Total is an exported dimension,HMIS-RPTSCHEMA-JHARKHAND-20260901-001.headers.txt,3CE7ECB1702D0A54BF41DA4ED990C2D166EC5A82915434662CC9D17A5CE6F6EF,Schema observed in Jharkhand HMIS export downloaded 2026-09-01,Observed report manifestation; national/current applicability not established,,Pending deterministic matching in Task 6,Source occurrence captured; semantic reconciliation pending
HMIS-RPTCOL-JH-0221,HMIS-RPTSCHEMA-JHARKHAND-20260901-001,186,221,HMIS measure occurrence,M9,CHILD IMMUNISATION,9.3.6,Child immunisation - DPT Booster after 24 months of age (delayed vaccination),	9.3.6. :: Child immunisation - DPT Booster after 24 months of age (delayed vaccination) 	,Jharkhand,HMIS report,2026-09-01,Unconfirmed,Default columns,Row-dependent; Format Type is an exported dimension and no row values were supplied,Row-dependent; Facility Type is an exported dimension and no row values were supplied,Row-dependent; In-facility/Outreach/Total is an exported dimension,HMIS-RPTSCHEMA-JHARKHAND-20260901-001.headers.txt,3CE7ECB1702D0A54BF41DA4ED990C2D166EC5A82915434662CC9D17A5CE6F6EF,Schema observed in Jharkhand HMIS export downloaded 2026-09-01,Observed report manifestation; national/current applicability not established,,Pending deterministic matching in Task 6,Source occurrence captured; semantic reconciliation pending
HMIS-RPTCOL-JH-0222,HMIS-RPTSCHEMA-JHARKHAND-20260901-001,187,222,HMIS measure occurrence,M9,CHILD IMMUNISATION,9.3.7,Child immunisation - OPV Booster after 24 months of age (delayed vaccination),	9.3.7. :: Child immunisation - OPV Booster after 24 months of age (delayed vaccination) 	,Jharkhand,HMIS report,2026-09-01,Unconfirmed,Default columns,Row-dependent; Format Type is an exported dimension and no row values were supplied,Row-dependent; Facility Type is an exported dimension and no row values were supplied,Row-dependent; In-facility/Outreach/Total is an exported dimension,HMIS-RPTSCHEMA-JHARKHAND-20260901-001.headers.txt,3CE7ECB1702D0A54BF41DA4ED990C2D166EC5A82915434662CC9D17A5CE6F6EF,Schema observed in Jharkhand HMIS export downloaded 2026-09-01,Observed report manifestation; national/current applicability not established,,Pending deterministic matching in Task 6,Source occurrence captured; semantic reconciliation pending
HMIS-RPTCOL-JH-0223,HMIS-RPTSCHEMA-JHARKHAND-20260901-001,188,223,HMIS measure occurrence,M9,CHILD IMMUNISATION,9.3.8,Child immunisation - JE Booster after 24 months of age (delayed vaccination),	9.3.8. :: Child immunisation - JE Booster after 24 months of age (delayed vaccination) 	,Jharkhand,HMIS report,2026-09-01,Unconfirmed,Default columns,Row-dependent; Format Type is an exported dimension and no row values were supplied,Row-dependent; Facility Type is an exported dimension and no row values were supplied,Row-dependent; In-facility/Outreach/Total is an exported dimension,HMIS-RPTSCHEMA-JHARKHAND-20260901-001.headers.txt,3CE7ECB1702D0A54BF41DA4ED990C2D166EC5A82915434662CC9D17A5CE6F6EF,Schema observed in Jharkhand HMIS export downloaded 2026-09-01,Observed report manifestation; national/current applicability not established,,Pending deterministic matching in Task 6,Source occurrence captured; semantic reconciliation pending
HMIS-RPTCOL-JH-0224,HMIS-RPTSCHEMA-JHARKHAND-20260901-001,189,224,HMIS measure occurrence,M9,CHILD IMMUNISATION,9.4.1,Child immunisation - Measles & Rubella (MR)/ Measles containing vaccine(MCV)- 2nd Dose (16-24 months),	9.4.1. :: Child immunisation - Measles & Rubella (MR)/ Measles containing vaccine(MCV)- 2nd Dose (16-24 months)	,Jharkhand,HMIS report,2026-09-01,Unconfirmed,Default columns,Row-dependent; Format Type is an exported dimension and no row values were supplied,Row-dependent; Facility Type is an exported dimension and no row values were supplied,Row-dependent; In-facility/Outreach/Total is an exported dimension,HMIS-RPTSCHEMA-JHARKHAND-20260901-001.headers.txt,3CE7ECB1702D0A54BF41DA4ED990C2D166EC5A82915434662CC9D17A5CE6F6EF,Schema observed in Jharkhand HMIS export downloaded 2026-09-01,Observed report manifestation; national/current applicability not established,,Pending deterministic matching in Task 6,Source occurrence captured; semantic reconciliation pending
HMIS-RPTCOL-JH-0225,HMIS-RPTSCHEMA-JHARKHAND-20260901-001,190,225,HMIS measure occurrence,M9,CHILD IMMUNISATION,9.4.2,Child immunisation - DPT 1st Booster,	9.4.2. :: Child immunisation - DPT 1st Booster 	,Jharkhand,HMIS report,2026-09-01,Unconfirmed,Default columns,Row-dependent; Format Type is an exported dimension and no row values were supplied,Row-dependent; Facility Type is an exported dimension and no row values were supplied,Row-dependent; In-facility/Outreach/Total is an exported dimension,HMIS-RPTSCHEMA-JHARKHAND-20260901-001.headers.txt,3CE7ECB1702D0A54BF41DA4ED990C2D166EC5A82915434662CC9D17A5CE6F6EF,Schema observed in Jharkhand HMIS export downloaded 2026-09-01,Observed report manifestation; national/current applicability not established,,Pending deterministic matching in Task 6,Source occurrence captured; semantic reconciliation pending
HMIS-RPTCOL-JH-0226,HMIS-RPTSCHEMA-JHARKHAND-20260901-001,191,226,HMIS measure occurrence,M9,CHILD IMMUNISATION,9.4.3,Child immunisation - OPV Booster,	9.4.3. :: Child immunisation - OPV Booster	,Jharkhand,HMIS report,2026-09-01,Unconfirmed,Default columns,Row-dependent; Format Type is an exported dimension and no row values were supplied,Row-dependent; Facility Type is an exported dimension and no row values were supplied,Row-dependent; In-facility/Outreach/Total is an exported dimension,HMIS-RPTSCHEMA-JHARKHAND-20260901-001.headers.txt,3CE7ECB1702D0A54BF41DA4ED990C2D166EC5A82915434662CC9D17A5CE6F6EF,Schema observed in Jharkhand HMIS export downloaded 2026-09-01,Observed report manifestation; national/current applicability not established,,Pending deterministic matching in Task 6,Source occurrence captured; semantic reconciliation pending
HMIS-RPTCOL-JH-0227,HMIS-RPTSCHEMA-JHARKHAND-20260901-001,192,227,HMIS measure occurrence,M9,CHILD IMMUNISATION,9.4.4,Number of children more than 16 months of age who received Japanese Encephalitis (JE) vaccine- 2nd dose (16-24 months),	9.4.4. :: Number of children more than 16 months of age who received Japanese Encephalitis (JE) vaccine- 2nd dose (16-24 months)	,Jharkhand,HMIS report,2026-09-01,Unconfirmed,Default columns,Row-dependent; Format Type is an exported dimension and no row values were supplied,Row-dependent; Facility Type is an exported dimension and no row values were supplied,Row-dependent; In-facility/Outreach/Total is an exported dimension,HMIS-RPTSCHEMA-JHARKHAND-20260901-001.headers.txt,3CE7ECB1702D0A54BF41DA4ED990C2D166EC5A82915434662CC9D17A5CE6F6EF,Schema observed in Jharkhand HMIS export downloaded 2026-09-01,Observed report manifestation; national/current applicability not established,,Pending deterministic matching in Task 6,Source occurrence captured; semantic reconciliation pending
HMIS-RPTCOL-JH-0228,HMIS-RPTSCHEMA-JHARKHAND-20260901-001,193,228,HMIS measure occurrence,M9,CHILD IMMUNISATION,9.5.1,Child Immunization- Typhoid,	9.5.1. :: Child Immunization- Typhoid	,Jharkhand,HMIS report,2026-09-01,Unconfirmed,Default columns,Row-dependent; Format Type is an exported dimension and no row values were supplied,Row-dependent; Facility Type is an exported dimension and no row values were supplied,Row-dependent; In-facility/Outreach/Total is an exported dimension,HMIS-RPTSCHEMA-JHARKHAND-20260901-001.headers.txt,3CE7ECB1702D0A54BF41DA4ED990C2D166EC5A82915434662CC9D17A5CE6F6EF,Schema observed in Jharkhand HMIS export downloaded 2026-09-01,Observed report manifestation; national/current applicability not established,,Pending deterministic matching in Task 6,Source occurrence captured; semantic reconciliation pending
HMIS-RPTCOL-JH-0229,HMIS-RPTSCHEMA-JHARKHAND-20260901-001,194,229,HMIS measure occurrence,M9,CHILD IMMUNISATION,9.5.2,Children more than 5 years received DPT5 (2nd Booster),	9.5.2. :: Children more than 5 years received DPT5 (2nd Booster)	,Jharkhand,HMIS report,2026-09-01,Unconfirmed,Default columns,Row-dependent; Format Type is an exported dimension and no row values were supplied,Row-dependent; Facility Type is an exported dimension and no row values were supplied,Row-dependent; In-facility/Outreach/Total is an exported dimension,HMIS-RPTSCHEMA-JHARKHAND-20260901-001.headers.txt,3CE7ECB1702D0A54BF41DA4ED990C2D166EC5A82915434662CC9D17A5CE6F6EF,Schema observed in Jharkhand HMIS export downloaded 2026-09-01,Observed report manifestation; national/current applicability not established,,Pending deterministic matching in Task 6,Source occurrence captured; semantic reconciliation pending
HMIS-RPTCOL-JH-0230,HMIS-RPTSCHEMA-JHARKHAND-20260901-001,195,230,HMIS measure occurrence,M9,CHILD IMMUNISATION,9.5.3,Children more than 10 years received Td10 (Tetanus Diptheria10),	9.5.3. :: Children more than 10 years received Td10 (Tetanus Diptheria10)	,Jharkhand,HMIS report,2026-09-01,Unconfirmed,Default columns,Row-dependent; Format Type is an exported dimension and no row values were supplied,Row-dependent; Facility Type is an exported dimension and no row values were supplied,Row-dependent; In-facility/Outreach/Total is an exported dimension,HMIS-RPTSCHEMA-JHARKHAND-20260901-001.headers.txt,3CE7ECB1702D0A54BF41DA4ED990C2D166EC5A82915434662CC9D17A5CE6F6EF,Schema observed in Jharkhand HMIS export downloaded 2026-09-01,Observed report manifestation; national/current applicability not established,,Pending deterministic matching in Task 6,Source occurrence captured; semantic reconciliation pending
HMIS-RPTCOL-JH-0231,HMIS-RPTSCHEMA-JHARKHAND-20260901-001,196,231,HMIS measure occurrence,M9,CHILD IMMUNISATION,9.5.4,Children more than 16 years received Td16 (Tetanus Diptheria16),	9.5.4. :: Children more than 16 years received Td16 (Tetanus Diptheria16)	,Jharkhand,HMIS report,2026-09-01,Unconfirmed,Default columns,Row-dependent; Format Type is an exported dimension and no row values were supplied,Row-dependent; Facility Type is an exported dimension and no row values were supplied,Row-dependent; In-facility/Outreach/Total is an exported dimension,HMIS-RPTSCHEMA-JHARKHAND-20260901-001.headers.txt,3CE7ECB1702D0A54BF41DA4ED990C2D166EC5A82915434662CC9D17A5CE6F6EF,Schema observed in Jharkhand HMIS export downloaded 2026-09-01,Observed report manifestation; national/current applicability not established,,Pending deterministic matching in Task 6,Source occurrence captured; semantic reconciliation pending
HMIS-RPTCOL-JH-0232,HMIS-RPTSCHEMA-JHARKHAND-20260901-001,197,232,HMIS measure occurrence,M9,CHILD IMMUNISATION,9.6.1,"Number of cases of AEFI -Minor (eg.- fever, rash, pain etc)","	9.6.1. :: Number of cases of AEFI -Minor (eg.- fever, rash, pain etc)	",Jharkhand,HMIS report,2026-09-01,Unconfirmed,Default columns,Row-dependent; Format Type is an exported dimension and no row values were supplied,Row-dependent; Facility Type is an exported dimension and no row values were supplied,Row-dependent; In-facility/Outreach/Total is an exported dimension,HMIS-RPTSCHEMA-JHARKHAND-20260901-001.headers.txt,3CE7ECB1702D0A54BF41DA4ED990C2D166EC5A82915434662CC9D17A5CE6F6EF,Schema observed in Jharkhand HMIS export downloaded 2026-09-01,Observed report manifestation; national/current applicability not established,,Pending deterministic matching in Task 6,Source occurrence captured; semantic reconciliation pending
HMIS-RPTCOL-JH-0233,HMIS-RPTSCHEMA-JHARKHAND-20260901-001,198,233,HMIS measure occurrence,M9,CHILD IMMUNISATION,9.6.2,"Number of cases of AEFI - Severe (eg.- anaphylaxis, fever>102 degrees, not requiring hospitalization etc.)","	9.6.2. :: Number of cases of AEFI - Severe (eg.- anaphylaxis, fever>102 degrees, not requiring hospitalization etc.)	",Jharkhand,HMIS report,2026-09-01,Unconfirmed,Default columns,Row-dependent; Format Type is an exported dimension and no row values were supplied,Row-dependent; Facility Type is an exported dimension and no row values were supplied,Row-dependent; In-facility/Outreach/Total is an exported dimension,HMIS-RPTSCHEMA-JHARKHAND-20260901-001.headers.txt,3CE7ECB1702D0A54BF41DA4ED990C2D166EC5A82915434662CC9D17A5CE6F6EF,Schema observed in Jharkhand HMIS export downloaded 2026-09-01,Observed report manifestation; national/current applicability not established,,Pending deterministic matching in Task 6,Source occurrence captured; semantic reconciliation pending
HMIS-RPTCOL-JH-0234,HMIS-RPTSCHEMA-JHARKHAND-20260901-001,199,234,HMIS measure occurrence,M9,CHILD IMMUNISATION,9.6.3,"Number of cases of AEFI - Serious (eg.- hospitalization, death, disability , cluster etc.)","	9.6.3. :: Number of cases of AEFI - Serious (eg.- hospitalization, death, disability , cluster etc.)	",Jharkhand,HMIS report,2026-09-01,Unconfirmed,Default columns,Row-dependent; Format Type is an exported dimension and no row values were supplied,Row-dependent; Facility Type is an exported dimension and no row values were supplied,Row-dependent; In-facility/Outreach/Total is an exported dimension,HMIS-RPTSCHEMA-JHARKHAND-20260901-001.headers.txt,3CE7ECB1702D0A54BF41DA4ED990C2D166EC5A82915434662CC9D17A5CE6F6EF,Schema observed in Jharkhand HMIS export downloaded 2026-09-01,Observed report manifestation; national/current applicability not established,,Pending deterministic matching in Task 6,Source occurrence captured; semantic reconciliation pending
HMIS-RPTCOL-JH-0235,HMIS-RPTSCHEMA-JHARKHAND-20260901-001,200,235,HMIS measure occurrence,M9,CHILD IMMUNISATION,9.6.3.a,"Out of Number of cases of AEFI - Serious , total number of AEFI deaths","	9.6.3.a :: Out of Number of cases of AEFI - Serious , total number of AEFI deaths	",Jharkhand,HMIS report,2026-09-01,Unconfirmed,Default columns,Row-dependent; Format Type is an exported dimension and no row values were supplied,Row-dependent; Facility Type is an exported dimension and no row values were supplied,Row-dependent; In-facility/Outreach/Total is an exported dimension,HMIS-RPTSCHEMA-JHARKHAND-20260901-001.headers.txt,3CE7ECB1702D0A54BF41DA4ED990C2D166EC5A82915434662CC9D17A5CE6F6EF,Schema observed in Jharkhand HMIS export downloaded 2026-09-01,Observed report manifestation; national/current applicability not established,,Pending deterministic matching in Task 6,Source occurrence captured; semantic reconciliation pending
HMIS-RPTCOL-JH-0236,HMIS-RPTSCHEMA-JHARKHAND-20260901-001,201,236,HMIS measure occurrence,M9,CHILD IMMUNISATION,9.7.1,Immunisation sessions planned,	9.7.1. :: Immunisation sessions planned 	,Jharkhand,HMIS report,2026-09-01,Unconfirmed,Default columns,Row-dependent; Format Type is an exported dimension and no row values were supplied,Row-dependent; Facility Type is an exported dimension and no row values were supplied,Row-dependent; In-facility/Outreach/Total is an exported dimension,HMIS-RPTSCHEMA-JHARKHAND-20260901-001.headers.txt,3CE7ECB1702D0A54BF41DA4ED990C2D166EC5A82915434662CC9D17A5CE6F6EF,Schema observed in Jharkhand HMIS export downloaded 2026-09-01,Observed report manifestation; national/current applicability not established,,Pending deterministic matching in Task 6,Source occurrence captured; semantic reconciliation pending
HMIS-RPTCOL-JH-0237,HMIS-RPTSCHEMA-JHARKHAND-20260901-001,202,237,HMIS measure occurrence,M9,CHILD IMMUNISATION,9.7.2,Immunisation sessions held,	9.7.2. :: Immunisation sessions held 	,Jharkhand,HMIS report,2026-09-01,Unconfirmed,Default columns,Row-dependent; Format Type is an exported dimension and no row values were supplied,Row-dependent; Facility Type is an exported dimension and no row values were supplied,Row-dependent; In-facility/Outreach/Total is an exported dimension,HMIS-RPTSCHEMA-JHARKHAND-20260901-001.headers.txt,3CE7ECB1702D0A54BF41DA4ED990C2D166EC5A82915434662CC9D17A5CE6F6EF,Schema observed in Jharkhand HMIS export downloaded 2026-09-01,Observed report manifestation; national/current applicability not established,,Pending deterministic matching in Task 6,Source occurrence captured; semantic reconciliation pending
HMIS-RPTCOL-JH-0238,HMIS-RPTSCHEMA-JHARKHAND-20260901-001,203,238,HMIS measure occurrence,M9,CHILD IMMUNISATION,9.8.1,Child immunisation - Vitamin A Dose - 1,	9.8.1. :: Child immunisation - Vitamin A Dose - 1	,Jharkhand,HMIS report,2026-09-01,Unconfirmed,Default columns,Row-dependent; Format Type is an exported dimension and no row values were supplied,Row-dependent; Facility Type is an exported dimension and no row values were supplied,Row-dependent; In-facility/Outreach/Total is an exported dimension,HMIS-RPTSCHEMA-JHARKHAND-20260901-001.headers.txt,3CE7ECB1702D0A54BF41DA4ED990C2D166EC5A82915434662CC9D17A5CE6F6EF,Schema observed in Jharkhand HMIS export downloaded 2026-09-01,Observed report manifestation; national/current applicability not established,,Pending deterministic matching in Task 6,Source occurrence captured; semantic reconciliation pending
HMIS-RPTCOL-JH-0239,HMIS-RPTSCHEMA-JHARKHAND-20260901-001,204,239,HMIS measure occurrence,M9,CHILD IMMUNISATION,9.8.2,Child immunisation - Vitamin A Dose - 5,	9.8.2. :: Child immunisation - Vitamin A Dose - 5	,Jharkhand,HMIS report,2026-09-01,Unconfirmed,Default columns,Row-dependent; Format Type is an exported dimension and no row values were supplied,Row-dependent; Facility Type is an exported dimension and no row values were supplied,Row-dependent; In-facility/Outreach/Total is an exported dimension,HMIS-RPTSCHEMA-JHARKHAND-20260901-001.headers.txt,3CE7ECB1702D0A54BF41DA4ED990C2D166EC5A82915434662CC9D17A5CE6F6EF,Schema observed in Jharkhand HMIS export downloaded 2026-09-01,Observed report manifestation; national/current applicability not established,,Pending deterministic matching in Task 6,Source occurrence captured; semantic reconciliation pending
HMIS-RPTCOL-JH-0240,HMIS-RPTSCHEMA-JHARKHAND-20260901-001,205,240,HMIS measure occurrence,M9,CHILD IMMUNISATION,9.8.3,Child immunisation - Vitamin A Dose - 9,	9.8.3. :: Child immunisation - Vitamin A Dose - 9	,Jharkhand,HMIS report,2026-09-01,Unconfirmed,Default columns,Row-dependent; Format Type is an exported dimension and no row values were supplied,Row-dependent; Facility Type is an exported dimension and no row values were supplied,Row-dependent; In-facility/Outreach/Total is an exported dimension,HMIS-RPTSCHEMA-JHARKHAND-20260901-001.headers.txt,3CE7ECB1702D0A54BF41DA4ED990C2D166EC5A82915434662CC9D17A5CE6F6EF,Schema observed in Jharkhand HMIS export downloaded 2026-09-01,Observed report manifestation; national/current applicability not established,,Pending deterministic matching in Task 6,Source occurrence captured; semantic reconciliation pending
HMIS-RPTCOL-JH-0241,HMIS-RPTSCHEMA-JHARKHAND-20260901-001,206,241,HMIS measure occurrence,M10,Number of cases of Childhood Diseases,10.1.1,Childhood Diseases - Pneumonia,M10 [Number of cases of Childhood Diseases]	10.1.1. :: Childhood Diseases - Pneumonia	,Jharkhand,HMIS report,2026-09-01,Unconfirmed,Default columns,Row-dependent; Format Type is an exported dimension and no row values were supplied,Row-dependent; Facility Type is an exported dimension and no row values were supplied,Row-dependent; In-facility/Outreach/Total is an exported dimension,HMIS-RPTSCHEMA-JHARKHAND-20260901-001.headers.txt,3CE7ECB1702D0A54BF41DA4ED990C2D166EC5A82915434662CC9D17A5CE6F6EF,Schema observed in Jharkhand HMIS export downloaded 2026-09-01,Observed report manifestation; national/current applicability not established,,Pending deterministic matching in Task 6,Source occurrence captured; semantic reconciliation pending
HMIS-RPTCOL-JH-0242,HMIS-RPTSCHEMA-JHARKHAND-20260901-001,207,242,HMIS measure occurrence,M10,Number of cases of Childhood Diseases,10.1.2,Childhood Diseases - Asthma,	10.1.2. :: Childhood Diseases - Asthma	,Jharkhand,HMIS report,2026-09-01,Unconfirmed,Default columns,Row-dependent; Format Type is an exported dimension and no row values were supplied,Row-dependent; Facility Type is an exported dimension and no row values were supplied,Row-dependent; In-facility/Outreach/Total is an exported dimension,HMIS-RPTSCHEMA-JHARKHAND-20260901-001.headers.txt,3CE7ECB1702D0A54BF41DA4ED990C2D166EC5A82915434662CC9D17A5CE6F6EF,Schema observed in Jharkhand HMIS export downloaded 2026-09-01,Observed report manifestation; national/current applicability not established,,Pending deterministic matching in Task 6,Source occurrence captured; semantic reconciliation pending
HMIS-RPTCOL-JH-0243,HMIS-RPTSCHEMA-JHARKHAND-20260901-001,208,243,HMIS measure occurrence,M10,Number of cases of Childhood Diseases,10.1.3,Childhood Diseases - Sepsis,	10.1.3. :: Childhood Diseases - Sepsis 	,Jharkhand,HMIS report,2026-09-01,Unconfirmed,Default columns,Row-dependent; Format Type is an exported dimension and no row values were supplied,Row-dependent; Facility Type is an exported dimension and no row values were supplied,Row-dependent; In-facility/Outreach/Total is an exported dimension,HMIS-RPTSCHEMA-JHARKHAND-20260901-001.headers.txt,3CE7ECB1702D0A54BF41DA4ED990C2D166EC5A82915434662CC9D17A5CE6F6EF,Schema observed in Jharkhand HMIS export downloaded 2026-09-01,Observed report manifestation; national/current applicability not established,,Pending deterministic matching in Task 6,Source occurrence captured; semantic reconciliation pending
HMIS-RPTCOL-JH-0244,HMIS-RPTSCHEMA-JHARKHAND-20260901-001,209,244,HMIS measure occurrence,M10,Number of cases of Childhood Diseases,10.1.4,Childhood Diseases - Diphtheria,	10.1.4. :: Childhood Diseases - Diphtheria             	,Jharkhand,HMIS report,2026-09-01,Unconfirmed,Default columns,Row-dependent; Format Type is an exported dimension and no row values were supplied,Row-dependent; Facility Type is an exported dimension and no row values were supplied,Row-dependent; In-facility/Outreach/Total is an exported dimension,HMIS-RPTSCHEMA-JHARKHAND-20260901-001.headers.txt,3CE7ECB1702D0A54BF41DA4ED990C2D166EC5A82915434662CC9D17A5CE6F6EF,Schema observed in Jharkhand HMIS export downloaded 2026-09-01,Observed report manifestation; national/current applicability not established,,Pending deterministic matching in Task 6,Source occurrence captured; semantic reconciliation pending
HMIS-RPTCOL-JH-0245,HMIS-RPTSCHEMA-JHARKHAND-20260901-001,210,245,HMIS measure occurrence,M10,Number of cases of Childhood Diseases,10.1.5,Childhood Diseases - Pertussis,	10.1.5. :: Childhood Diseases - Pertussis              	,Jharkhand,HMIS report,2026-09-01,Unconfirmed,Default columns,Row-dependent; Format Type is an exported dimension and no row values were supplied,Row-dependent; Facility Type is an exported dimension and no row values were supplied,Row-dependent; In-facility/Outreach/Total is an exported dimension,HMIS-RPTSCHEMA-JHARKHAND-20260901-001.headers.txt,3CE7ECB1702D0A54BF41DA4ED990C2D166EC5A82915434662CC9D17A5CE6F6EF,Schema observed in Jharkhand HMIS export downloaded 2026-09-01,Observed report manifestation; national/current applicability not established,,Pending deterministic matching in Task 6,Source occurrence captured; semantic reconciliation pending
HMIS-RPTCOL-JH-0246,HMIS-RPTSCHEMA-JHARKHAND-20260901-001,211,246,HMIS measure occurrence,M10,Number of cases of Childhood Diseases,10.1.6,Childhood Diseases - Tetanus Neonatorum,	10.1.6. :: Childhood Diseases - Tetanus Neonatorum	,Jharkhand,HMIS report,2026-09-01,Unconfirmed,Default columns,Row-dependent; Format Type is an exported dimension and no row values were supplied,Row-dependent; Facility Type is an exported dimension and no row values were supplied,Row-dependent; In-facility/Outreach/Total is an exported dimension,HMIS-RPTSCHEMA-JHARKHAND-20260901-001.headers.txt,3CE7ECB1702D0A54BF41DA4ED990C2D166EC5A82915434662CC9D17A5CE6F6EF,Schema observed in Jharkhand HMIS export downloaded 2026-09-01,Observed report manifestation; national/current applicability not established,,Pending deterministic matching in Task 6,Source occurrence captured; semantic reconciliation pending
HMIS-RPTCOL-JH-0247,HMIS-RPTSCHEMA-JHARKHAND-20260901-001,212,247,HMIS measure occurrence,M10,Number of cases of Childhood Diseases,10.1.7,Childhood Diseases - Tuberculosis (TB),	10.1.7. :: Childhood Diseases - Tuberculosis (TB)	,Jharkhand,HMIS report,2026-09-01,Unconfirmed,Default columns,Row-dependent; Format Type is an exported dimension and no row values were supplied,Row-dependent; Facility Type is an exported dimension and no row values were supplied,Row-dependent; In-facility/Outreach/Total is an exported dimension,HMIS-RPTSCHEMA-JHARKHAND-20260901-001.headers.txt,3CE7ECB1702D0A54BF41DA4ED990C2D166EC5A82915434662CC9D17A5CE6F6EF,Schema observed in Jharkhand HMIS export downloaded 2026-09-01,Observed report manifestation; national/current applicability not established,,Pending deterministic matching in Task 6,Source occurrence captured; semantic reconciliation pending
HMIS-RPTCOL-JH-0248,HMIS-RPTSCHEMA-JHARKHAND-20260901-001,213,248,HMIS measure occurrence,M10,Number of cases of Childhood Diseases,10.1.8,Childhood Diseases - Acute Flaccid Paralysis(AFP),	10.1.8. :: Childhood Diseases - Acute Flaccid Paralysis(AFP)	,Jharkhand,HMIS report,2026-09-01,Unconfirmed,Default columns,Row-dependent; Format Type is an exported dimension and no row values were supplied,Row-dependent; Facility Type is an exported dimension and no row values were supplied,Row-dependent; In-facility/Outreach/Total is an exported dimension,HMIS-RPTSCHEMA-JHARKHAND-20260901-001.headers.txt,3CE7ECB1702D0A54BF41DA4ED990C2D166EC5A82915434662CC9D17A5CE6F6EF,Schema observed in Jharkhand HMIS export downloaded 2026-09-01,Observed report manifestation; national/current applicability not established,,Pending deterministic matching in Task 6,Source occurrence captured; semantic reconciliation pending
HMIS-RPTCOL-JH-0249,HMIS-RPTSCHEMA-JHARKHAND-20260901-001,214,249,HMIS measure occurrence,M10,Number of cases of Childhood Diseases,10.1.9,Childhood Diseases - Measles,	10.1.9. :: Childhood Diseases - Measles	,Jharkhand,HMIS report,2026-09-01,Unconfirmed,Default columns,Row-dependent; Format Type is an exported dimension and no row values were supplied,Row-dependent; Facility Type is an exported dimension and no row values were supplied,Row-dependent; In-facility/Outreach/Total is an exported dimension,HMIS-RPTSCHEMA-JHARKHAND-20260901-001.headers.txt,3CE7ECB1702D0A54BF41DA4ED990C2D166EC5A82915434662CC9D17A5CE6F6EF,Schema observed in Jharkhand HMIS export downloaded 2026-09-01,Observed report manifestation; national/current applicability not established,,Pending deterministic matching in Task 6,Source occurrence captured; semantic reconciliation pending
HMIS-RPTCOL-JH-0250,HMIS-RPTSCHEMA-JHARKHAND-20260901-001,215,250,HMIS measure occurrence,M10,Number of cases of Childhood Diseases,10.1.10,Childhood Diseases - Malaria,	10.1.10. :: Childhood Diseases - Malaria	,Jharkhand,HMIS report,2026-09-01,Unconfirmed,Default columns,Row-dependent; Format Type is an exported dimension and no row values were supplied,Row-dependent; Facility Type is an exported dimension and no row values were supplied,Row-dependent; In-facility/Outreach/Total is an exported dimension,HMIS-RPTSCHEMA-JHARKHAND-20260901-001.headers.txt,3CE7ECB1702D0A54BF41DA4ED990C2D166EC5A82915434662CC9D17A5CE6F6EF,Schema observed in Jharkhand HMIS export downloaded 2026-09-01,Observed report manifestation; national/current applicability not established,,Pending deterministic matching in Task 6,Source occurrence captured; semantic reconciliation pending
HMIS-RPTCOL-JH-0251,HMIS-RPTSCHEMA-JHARKHAND-20260901-001,216,251,HMIS measure occurrence,M10,Number of cases of Childhood Diseases,10.1.11,Childhood Diseases - Diarrhoea,	10.1.11. :: Childhood Diseases - Diarrhoea 	,Jharkhand,HMIS report,2026-09-01,Unconfirmed,Default columns,Row-dependent; Format Type is an exported dimension and no row values were supplied,Row-dependent; Facility Type is an exported dimension and no row values were supplied,Row-dependent; In-facility/Outreach/Total is an exported dimension,HMIS-RPTSCHEMA-JHARKHAND-20260901-001.headers.txt,3CE7ECB1702D0A54BF41DA4ED990C2D166EC5A82915434662CC9D17A5CE6F6EF,Schema observed in Jharkhand HMIS export downloaded 2026-09-01,Observed report manifestation; national/current applicability not established,,Pending deterministic matching in Task 6,Source occurrence captured; semantic reconciliation pending
HMIS-RPTCOL-JH-0252,HMIS-RPTSCHEMA-JHARKHAND-20260901-001,217,252,HMIS measure occurrence,M10,Number of cases of Childhood Diseases,10.1.12,Childhood Diseases - Diarrhoea treated with ORS,	10.1.12. :: Childhood Diseases - Diarrhoea treated with ORS	,Jharkhand,HMIS report,2026-09-01,Unconfirmed,Default columns,Row-dependent; Format Type is an exported dimension and no row values were supplied,Row-dependent; Facility Type is an exported dimension and no row values were supplied,Row-dependent; In-facility/Outreach/Total is an exported dimension,HMIS-RPTSCHEMA-JHARKHAND-20260901-001.headers.txt,3CE7ECB1702D0A54BF41DA4ED990C2D166EC5A82915434662CC9D17A5CE6F6EF,Schema observed in Jharkhand HMIS export downloaded 2026-09-01,Observed report manifestation; national/current applicability not established,,Pending deterministic matching in Task 6,Source occurrence captured; semantic reconciliation pending
HMIS-RPTCOL-JH-0253,HMIS-RPTSCHEMA-JHARKHAND-20260901-001,218,253,HMIS measure occurrence,M10,Number of cases of Childhood Diseases,10.1.13,Childhood Diseases - Diarrhoea treated with Zinc for 14 days,	10.1.13. :: Childhood Diseases - Diarrhoea treated with Zinc for 14 days	,Jharkhand,HMIS report,2026-09-01,Unconfirmed,Default columns,Row-dependent; Format Type is an exported dimension and no row values were supplied,Row-dependent; Facility Type is an exported dimension and no row values were supplied,Row-dependent; In-facility/Outreach/Total is an exported dimension,HMIS-RPTSCHEMA-JHARKHAND-20260901-001.headers.txt,3CE7ECB1702D0A54BF41DA4ED990C2D166EC5A82915434662CC9D17A5CE6F6EF,Schema observed in Jharkhand HMIS export downloaded 2026-09-01,Observed report manifestation; national/current applicability not established,,Pending deterministic matching in Task 6,Source occurrence captured; semantic reconciliation pending
HMIS-RPTCOL-JH-0254,HMIS-RPTSCHEMA-JHARKHAND-20260901-001,219,254,HMIS measure occurrence,M10,Number of cases of Childhood Diseases,10.1.14,Childhood Diseases -Leprosy Cases,	10.1.14. :: Childhood Diseases -Leprosy Cases	,Jharkhand,HMIS report,2026-09-01,Unconfirmed,Default columns,Row-dependent; Format Type is an exported dimension and no row values were supplied,Row-dependent; Facility Type is an exported dimension and no row values were supplied,Row-dependent; In-facility/Outreach/Total is an exported dimension,HMIS-RPTSCHEMA-JHARKHAND-20260901-001.headers.txt,3CE7ECB1702D0A54BF41DA4ED990C2D166EC5A82915434662CC9D17A5CE6F6EF,Schema observed in Jharkhand HMIS export downloaded 2026-09-01,Observed report manifestation; national/current applicability not established,,Pending deterministic matching in Task 6,Source occurrence captured; semantic reconciliation pending
HMIS-RPTCOL-JH-0255,HMIS-RPTSCHEMA-JHARKHAND-20260901-001,220,255,HMIS measure occurrence,M10,Number of cases of Childhood Diseases,10.1.15,Childhood Diseases- Leprosy with Grade II disability,	10.1.15. :: Childhood Diseases- Leprosy with Grade II disability 	,Jharkhand,HMIS report,2026-09-01,Unconfirmed,Default columns,Row-dependent; Format Type is an exported dimension and no row values were supplied,Row-dependent; Facility Type is an exported dimension and no row values were supplied,Row-dependent; In-facility/Outreach/Total is an exported dimension,HMIS-RPTSCHEMA-JHARKHAND-20260901-001.headers.txt,3CE7ECB1702D0A54BF41DA4ED990C2D166EC5A82915434662CC9D17A5CE6F6EF,Schema observed in Jharkhand HMIS export downloaded 2026-09-01,Observed report manifestation; national/current applicability not established,,Pending deterministic matching in Task 6,Source occurrence captured; semantic reconciliation pending
HMIS-RPTCOL-JH-0256,HMIS-RPTSCHEMA-JHARKHAND-20260901-001,221,256,HMIS measure occurrence,M10,Number of cases of Childhood Diseases,10.2.1,Children admitted with Respiratory Infections,	10.2.1. :: Children admitted with Respiratory Infections	,Jharkhand,HMIS report,2026-09-01,Unconfirmed,Default columns,Row-dependent; Format Type is an exported dimension and no row values were supplied,Row-dependent; Facility Type is an exported dimension and no row values were supplied,Row-dependent; In-facility/Outreach/Total is an exported dimension,HMIS-RPTSCHEMA-JHARKHAND-20260901-001.headers.txt,3CE7ECB1702D0A54BF41DA4ED990C2D166EC5A82915434662CC9D17A5CE6F6EF,Schema observed in Jharkhand HMIS export downloaded 2026-09-01,Observed report manifestation; national/current applicability not established,,Pending deterministic matching in Task 6,Source occurrence captured; semantic reconciliation pending
HMIS-RPTCOL-JH-0257,HMIS-RPTSCHEMA-JHARKHAND-20260901-001,222,257,HMIS measure occurrence,M10,Number of cases of Childhood Diseases,10.2.2,Children admitted with Pneumonia,	10.2.2. :: Children admitted with Pneumonia	,Jharkhand,HMIS report,2026-09-01,Unconfirmed,Default columns,Row-dependent; Format Type is an exported dimension and no row values were supplied,Row-dependent; Facility Type is an exported dimension and no row values were supplied,Row-dependent; In-facility/Outreach/Total is an exported dimension,HMIS-RPTSCHEMA-JHARKHAND-20260901-001.headers.txt,3CE7ECB1702D0A54BF41DA4ED990C2D166EC5A82915434662CC9D17A5CE6F6EF,Schema observed in Jharkhand HMIS export downloaded 2026-09-01,Observed report manifestation; national/current applicability not established,,Pending deterministic matching in Task 6,Source occurrence captured; semantic reconciliation pending
HMIS-RPTCOL-JH-0258,HMIS-RPTSCHEMA-JHARKHAND-20260901-001,223,258,HMIS measure occurrence,M10,Number of cases of Childhood Diseases,10.2.3,Children admitted with Diarrhoea,	10.2.3. :: Children admitted with Diarrhoea 	,Jharkhand,HMIS report,2026-09-01,Unconfirmed,Default columns,Row-dependent; Format Type is an exported dimension and no row values were supplied,Row-dependent; Facility Type is an exported dimension and no row values were supplied,Row-dependent; In-facility/Outreach/Total is an exported dimension,HMIS-RPTSCHEMA-JHARKHAND-20260901-001.headers.txt,3CE7ECB1702D0A54BF41DA4ED990C2D166EC5A82915434662CC9D17A5CE6F6EF,Schema observed in Jharkhand HMIS export downloaded 2026-09-01,Observed report manifestation; national/current applicability not established,,Pending deterministic matching in Task 6,Source occurrence captured; semantic reconciliation pending
HMIS-RPTCOL-JH-0259,HMIS-RPTSCHEMA-JHARKHAND-20260901-001,224,259,HMIS measure occurrence,M11,NVBDCP,11.1.1.a,Total Blood Smears Examined for Malaria,M11 [NVBDCP]	11.1.1.a :: Total Blood Smears Examined for Malaria 	,Jharkhand,HMIS report,2026-09-01,Unconfirmed,Default columns,Row-dependent; Format Type is an exported dimension and no row values were supplied,Row-dependent; Facility Type is an exported dimension and no row values were supplied,Row-dependent; In-facility/Outreach/Total is an exported dimension,HMIS-RPTSCHEMA-JHARKHAND-20260901-001.headers.txt,3CE7ECB1702D0A54BF41DA4ED990C2D166EC5A82915434662CC9D17A5CE6F6EF,Schema observed in Jharkhand HMIS export downloaded 2026-09-01,Observed report manifestation; national/current applicability not established,,Pending deterministic matching in Task 6,Source occurrence captured; semantic reconciliation pending
HMIS-RPTCOL-JH-0260,HMIS-RPTSCHEMA-JHARKHAND-20260901-001,225,260,HMIS measure occurrence,M11,NVBDCP,11.1.1.b,Malaria (Microscopy Tests ) - Plasmodium Vivax test positive,	11.1.1.b :: Malaria (Microscopy Tests ) - Plasmodium Vivax test positive	,Jharkhand,HMIS report,2026-09-01,Unconfirmed,Default columns,Row-dependent; Format Type is an exported dimension and no row values were supplied,Row-dependent; Facility Type is an exported dimension and no row values were supplied,Row-dependent; In-facility/Outreach/Total is an exported dimension,HMIS-RPTSCHEMA-JHARKHAND-20260901-001.headers.txt,3CE7ECB1702D0A54BF41DA4ED990C2D166EC5A82915434662CC9D17A5CE6F6EF,Schema observed in Jharkhand HMIS export downloaded 2026-09-01,Observed report manifestation; national/current applicability not established,,Pending deterministic matching in Task 6,Source occurrence captured; semantic reconciliation pending
HMIS-RPTCOL-JH-0261,HMIS-RPTSCHEMA-JHARKHAND-20260901-001,226,261,HMIS measure occurrence,M11,NVBDCP,11.1.1.c,Malaria (Microscopy Tests ) - Plasmodium Falciparum test positive,	11.1.1.c :: Malaria (Microscopy Tests ) - Plasmodium Falciparum test positive	,Jharkhand,HMIS report,2026-09-01,Unconfirmed,Default columns,Row-dependent; Format Type is an exported dimension and no row values were supplied,Row-dependent; Facility Type is an exported dimension and no row values were supplied,Row-dependent; In-facility/Outreach/Total is an exported dimension,HMIS-RPTSCHEMA-JHARKHAND-20260901-001.headers.txt,3CE7ECB1702D0A54BF41DA4ED990C2D166EC5A82915434662CC9D17A5CE6F6EF,Schema observed in Jharkhand HMIS export downloaded 2026-09-01,Observed report manifestation; national/current applicability not established,,Pending deterministic matching in Task 6,Source occurrence captured; semantic reconciliation pending
HMIS-RPTCOL-JH-0262,HMIS-RPTSCHEMA-JHARKHAND-20260901-001,227,262,HMIS measure occurrence,M11,NVBDCP,11.1.1.d,Malaria (Microscopy Tests ) - Mixed test positive,	11.1.1.d :: Malaria (Microscopy Tests ) - Mixed test positive	,Jharkhand,HMIS report,2026-09-01,Unconfirmed,Default columns,Row-dependent; Format Type is an exported dimension and no row values were supplied,Row-dependent; Facility Type is an exported dimension and no row values were supplied,Row-dependent; In-facility/Outreach/Total is an exported dimension,HMIS-RPTSCHEMA-JHARKHAND-20260901-001.headers.txt,3CE7ECB1702D0A54BF41DA4ED990C2D166EC5A82915434662CC9D17A5CE6F6EF,Schema observed in Jharkhand HMIS export downloaded 2026-09-01,Observed report manifestation; national/current applicability not established,,Pending deterministic matching in Task 6,Source occurrence captured; semantic reconciliation pending
HMIS-RPTCOL-JH-0263,HMIS-RPTSCHEMA-JHARKHAND-20260901-001,228,263,HMIS measure occurrence,M11,NVBDCP,11.1.2.a,RDT conducted for Malaria,	11.1.2.a :: RDT conducted for Malaria	,Jharkhand,HMIS report,2026-09-01,Unconfirmed,Default columns,Row-dependent; Format Type is an exported dimension and no row values were supplied,Row-dependent; Facility Type is an exported dimension and no row values were supplied,Row-dependent; In-facility/Outreach/Total is an exported dimension,HMIS-RPTSCHEMA-JHARKHAND-20260901-001.headers.txt,3CE7ECB1702D0A54BF41DA4ED990C2D166EC5A82915434662CC9D17A5CE6F6EF,Schema observed in Jharkhand HMIS export downloaded 2026-09-01,Observed report manifestation; national/current applicability not established,,Pending deterministic matching in Task 6,Source occurrence captured; semantic reconciliation pending
HMIS-RPTCOL-JH-0264,HMIS-RPTSCHEMA-JHARKHAND-20260901-001,229,264,HMIS measure occurrence,M11,NVBDCP,11.1.2.b,Malaria (RDT) - Plasmodium Vivax test positive,	11.1.2.b :: Malaria (RDT) - Plasmodium Vivax test positive	,Jharkhand,HMIS report,2026-09-01,Unconfirmed,Default columns,Row-dependent; Format Type is an exported dimension and no row values were supplied,Row-dependent; Facility Type is an exported dimension and no row values were supplied,Row-dependent; In-facility/Outreach/Total is an exported dimension,HMIS-RPTSCHEMA-JHARKHAND-20260901-001.headers.txt,3CE7ECB1702D0A54BF41DA4ED990C2D166EC5A82915434662CC9D17A5CE6F6EF,Schema observed in Jharkhand HMIS export downloaded 2026-09-01,Observed report manifestation; national/current applicability not established,,Pending deterministic matching in Task 6,Source occurrence captured; semantic reconciliation pending
HMIS-RPTCOL-JH-0265,HMIS-RPTSCHEMA-JHARKHAND-20260901-001,230,265,HMIS measure occurrence,M11,NVBDCP,11.1.2.c,Malaria (RDT) - Plasmodium Falciparum test positive,	11.1.2.c :: Malaria (RDT) - Plasmodium Falciparum test positive	,Jharkhand,HMIS report,2026-09-01,Unconfirmed,Default columns,Row-dependent; Format Type is an exported dimension and no row values were supplied,Row-dependent; Facility Type is an exported dimension and no row values were supplied,Row-dependent; In-facility/Outreach/Total is an exported dimension,HMIS-RPTSCHEMA-JHARKHAND-20260901-001.headers.txt,3CE7ECB1702D0A54BF41DA4ED990C2D166EC5A82915434662CC9D17A5CE6F6EF,Schema observed in Jharkhand HMIS export downloaded 2026-09-01,Observed report manifestation; national/current applicability not established,,Pending deterministic matching in Task 6,Source occurrence captured; semantic reconciliation pending
HMIS-RPTCOL-JH-0266,HMIS-RPTSCHEMA-JHARKHAND-20260901-001,231,266,HMIS measure occurrence,M11,NVBDCP,11.1.2.d,Malaria (RDT) - Mixed test positive,	11.1.2.d :: Malaria (RDT) - Mixed test positive	,Jharkhand,HMIS report,2026-09-01,Unconfirmed,Default columns,Row-dependent; Format Type is an exported dimension and no row values were supplied,Row-dependent; Facility Type is an exported dimension and no row values were supplied,Row-dependent; In-facility/Outreach/Total is an exported dimension,HMIS-RPTSCHEMA-JHARKHAND-20260901-001.headers.txt,3CE7ECB1702D0A54BF41DA4ED990C2D166EC5A82915434662CC9D17A5CE6F6EF,Schema observed in Jharkhand HMIS export downloaded 2026-09-01,Observed report manifestation; national/current applicability not established,,Pending deterministic matching in Task 6,Source occurrence captured; semantic reconciliation pending
HMIS-RPTCOL-JH-0267,HMIS-RPTSCHEMA-JHARKHAND-20260901-001,232,267,HMIS measure occurrence,M11,NVBDCP,11.2.1,Kala Azar (RDT) - Tests Conducted,	11.2.1. :: Kala Azar (RDT) - Tests Conducted	,Jharkhand,HMIS report,2026-09-01,Unconfirmed,Default columns,Row-dependent; Format Type is an exported dimension and no row values were supplied,Row-dependent; Facility Type is an exported dimension and no row values were supplied,Row-dependent; In-facility/Outreach/Total is an exported dimension,HMIS-RPTSCHEMA-JHARKHAND-20260901-001.headers.txt,3CE7ECB1702D0A54BF41DA4ED990C2D166EC5A82915434662CC9D17A5CE6F6EF,Schema observed in Jharkhand HMIS export downloaded 2026-09-01,Observed report manifestation; national/current applicability not established,,Pending deterministic matching in Task 6,Source occurrence captured; semantic reconciliation pending
HMIS-RPTCOL-JH-0268,HMIS-RPTSCHEMA-JHARKHAND-20260901-001,233,268,HMIS measure occurrence,M11,NVBDCP,11.2.2,Kala Azar Positive Cases,	11.2.2. :: Kala Azar Positive Cases	,Jharkhand,HMIS report,2026-09-01,Unconfirmed,Default columns,Row-dependent; Format Type is an exported dimension and no row values were supplied,Row-dependent; Facility Type is an exported dimension and no row values were supplied,Row-dependent; In-facility/Outreach/Total is an exported dimension,HMIS-RPTSCHEMA-JHARKHAND-20260901-001.headers.txt,3CE7ECB1702D0A54BF41DA4ED990C2D166EC5A82915434662CC9D17A5CE6F6EF,Schema observed in Jharkhand HMIS export downloaded 2026-09-01,Observed report manifestation; national/current applicability not established,,Pending deterministic matching in Task 6,Source occurrence captured; semantic reconciliation pending
HMIS-RPTCOL-JH-0269,HMIS-RPTSCHEMA-JHARKHAND-20260901-001,234,269,HMIS measure occurrence,M11,NVBDCP,11.3.1,Dengue - Enzyme- Linked Immuno Sorbent Assay (ELISA) test conducted,	11.3.1. :: Dengue - Enzyme- Linked Immuno Sorbent Assay (ELISA) test conducted	,Jharkhand,HMIS report,2026-09-01,Unconfirmed,Default columns,Row-dependent; Format Type is an exported dimension and no row values were supplied,Row-dependent; Facility Type is an exported dimension and no row values were supplied,Row-dependent; In-facility/Outreach/Total is an exported dimension,HMIS-RPTSCHEMA-JHARKHAND-20260901-001.headers.txt,3CE7ECB1702D0A54BF41DA4ED990C2D166EC5A82915434662CC9D17A5CE6F6EF,Schema observed in Jharkhand HMIS export downloaded 2026-09-01,Observed report manifestation; national/current applicability not established,,Pending deterministic matching in Task 6,Source occurrence captured; semantic reconciliation pending
HMIS-RPTCOL-JH-0270,HMIS-RPTSCHEMA-JHARKHAND-20260901-001,235,270,HMIS measure occurrence,M11,NVBDCP,11.3.2,Dengue - Enzyme- Linked Immuno Sorbent Assay (ELISA) test found positive,	11.3.2. :: Dengue - Enzyme- Linked Immuno Sorbent Assay (ELISA) test found positive	,Jharkhand,HMIS report,2026-09-01,Unconfirmed,Default columns,Row-dependent; Format Type is an exported dimension and no row values were supplied,Row-dependent; Facility Type is an exported dimension and no row values were supplied,Row-dependent; In-facility/Outreach/Total is an exported dimension,HMIS-RPTSCHEMA-JHARKHAND-20260901-001.headers.txt,3CE7ECB1702D0A54BF41DA4ED990C2D166EC5A82915434662CC9D17A5CE6F6EF,Schema observed in Jharkhand HMIS export downloaded 2026-09-01,Observed report manifestation; national/current applicability not established,,Pending deterministic matching in Task 6,Source occurrence captured; semantic reconciliation pending
HMIS-RPTCOL-JH-0271,HMIS-RPTSCHEMA-JHARKHAND-20260901-001,236,271,HMIS measure occurrence,M11,NVBDCP,11.3.3,Chikungunya Enzyme- Linked Immuno Sorbent Assay (ELISA) test conducted,	11.3.3. :: Chikungunya  Enzyme- Linked Immuno Sorbent Assay (ELISA) test conducted	,Jharkhand,HMIS report,2026-09-01,Unconfirmed,Default columns,Row-dependent; Format Type is an exported dimension and no row values were supplied,Row-dependent; Facility Type is an exported dimension and no row values were supplied,Row-dependent; In-facility/Outreach/Total is an exported dimension,HMIS-RPTSCHEMA-JHARKHAND-20260901-001.headers.txt,3CE7ECB1702D0A54BF41DA4ED990C2D166EC5A82915434662CC9D17A5CE6F6EF,Schema observed in Jharkhand HMIS export downloaded 2026-09-01,Observed report manifestation; national/current applicability not established,,Pending deterministic matching in Task 6,Source occurrence captured; semantic reconciliation pending
HMIS-RPTCOL-JH-0272,HMIS-RPTSCHEMA-JHARKHAND-20260901-001,237,272,HMIS measure occurrence,M11,NVBDCP,11.3.4,Chikungunya Enzyme- Linked Immuno Sorbent Assay (ELISA) test found positive,	11.3.4. :: Chikungunya  Enzyme- Linked Immuno Sorbent Assay (ELISA) test found positive	,Jharkhand,HMIS report,2026-09-01,Unconfirmed,Default columns,Row-dependent; Format Type is an exported dimension and no row values were supplied,Row-dependent; Facility Type is an exported dimension and no row values were supplied,Row-dependent; In-facility/Outreach/Total is an exported dimension,HMIS-RPTSCHEMA-JHARKHAND-20260901-001.headers.txt,3CE7ECB1702D0A54BF41DA4ED990C2D166EC5A82915434662CC9D17A5CE6F6EF,Schema observed in Jharkhand HMIS export downloaded 2026-09-01,Observed report manifestation; national/current applicability not established,,Pending deterministic matching in Task 6,Source occurrence captured; semantic reconciliation pending
HMIS-RPTCOL-JH-0273,HMIS-RPTSCHEMA-JHARKHAND-20260901-001,238,273,HMIS measure occurrence,M11,NVBDCP,11.4.1,No. of AES cases tested for JE(IgM ELISA),	11.4.1. :: No. of AES cases tested for JE(IgM ELISA)	,Jharkhand,HMIS report,2026-09-01,Unconfirmed,Default columns,Row-dependent; Format Type is an exported dimension and no row values were supplied,Row-dependent; Facility Type is an exported dimension and no row values were supplied,Row-dependent; In-facility/Outreach/Total is an exported dimension,HMIS-RPTSCHEMA-JHARKHAND-20260901-001.headers.txt,3CE7ECB1702D0A54BF41DA4ED990C2D166EC5A82915434662CC9D17A5CE6F6EF,Schema observed in Jharkhand HMIS export downloaded 2026-09-01,Observed report manifestation; national/current applicability not established,,Pending deterministic matching in Task 6,Source occurrence captured; semantic reconciliation pending
HMIS-RPTCOL-JH-0274,HMIS-RPTSCHEMA-JHARKHAND-20260901-001,239,274,HMIS measure occurrence,M11,NVBDCP,11.4.2,No. of JE positive cases,	11.4.2. :: No. of JE positive cases	,Jharkhand,HMIS report,2026-09-01,Unconfirmed,Default columns,Row-dependent; Format Type is an exported dimension and no row values were supplied,Row-dependent; Facility Type is an exported dimension and no row values were supplied,Row-dependent; In-facility/Outreach/Total is an exported dimension,HMIS-RPTSCHEMA-JHARKHAND-20260901-001.headers.txt,3CE7ECB1702D0A54BF41DA4ED990C2D166EC5A82915434662CC9D17A5CE6F6EF,Schema observed in Jharkhand HMIS export downloaded 2026-09-01,Observed report manifestation; national/current applicability not established,,Pending deterministic matching in Task 6,Source occurrence captured; semantic reconciliation pending
HMIS-RPTCOL-JH-0275,HMIS-RPTSCHEMA-JHARKHAND-20260901-001,240,275,HMIS measure occurrence,M11,NVBDCP,11.5.1,Number of persons that consumed MDA(Mass Drug Administration) drugs during the MDA round,	11.5.1. :: Number of persons that consumed MDA(Mass Drug Administration) drugs during the MDA round 	,Jharkhand,HMIS report,2026-09-01,Unconfirmed,Default columns,Row-dependent; Format Type is an exported dimension and no row values were supplied,Row-dependent; Facility Type is an exported dimension and no row values were supplied,Row-dependent; In-facility/Outreach/Total is an exported dimension,HMIS-RPTSCHEMA-JHARKHAND-20260901-001.headers.txt,3CE7ECB1702D0A54BF41DA4ED990C2D166EC5A82915434662CC9D17A5CE6F6EF,Schema observed in Jharkhand HMIS export downloaded 2026-09-01,Observed report manifestation; national/current applicability not established,,Pending deterministic matching in Task 6,Source occurrence captured; semantic reconciliation pending
HMIS-RPTCOL-JH-0276,HMIS-RPTSCHEMA-JHARKHAND-20260901-001,241,276,HMIS measure occurrence,M11,NVBDCP,11.5.2,Number of Lymphatic Filarisis lymphoedema patients received MMDP (Morbidity Management And Disability Prevention) kits,	11.5.2. :: Number  of Lymphatic Filarisis lymphoedema patients received  MMDP (Morbidity Management And Disability Prevention) kits 	,Jharkhand,HMIS report,2026-09-01,Unconfirmed,Default columns,Row-dependent; Format Type is an exported dimension and no row values were supplied,Row-dependent; Facility Type is an exported dimension and no row values were supplied,Row-dependent; In-facility/Outreach/Total is an exported dimension,HMIS-RPTSCHEMA-JHARKHAND-20260901-001.headers.txt,3CE7ECB1702D0A54BF41DA4ED990C2D166EC5A82915434662CC9D17A5CE6F6EF,Schema observed in Jharkhand HMIS export downloaded 2026-09-01,Observed report manifestation; national/current applicability not established,,Pending deterministic matching in Task 6,Source occurrence captured; semantic reconciliation pending
HMIS-RPTCOL-JH-0277,HMIS-RPTSCHEMA-JHARKHAND-20260901-001,242,277,HMIS measure occurrence,M11,NVBDCP,11.5.3,Number of Hydrocele surgeries conducted in Lymphatic Filariasis (MMDP),	11.5.3. :: Number of Hydrocele surgeries conducted in Lymphatic Filariasis (MMDP)	,Jharkhand,HMIS report,2026-09-01,Unconfirmed,Default columns,Row-dependent; Format Type is an exported dimension and no row values were supplied,Row-dependent; Facility Type is an exported dimension and no row values were supplied,Row-dependent; In-facility/Outreach/Total is an exported dimension,HMIS-RPTSCHEMA-JHARKHAND-20260901-001.headers.txt,3CE7ECB1702D0A54BF41DA4ED990C2D166EC5A82915434662CC9D17A5CE6F6EF,Schema observed in Jharkhand HMIS export downloaded 2026-09-01,Observed report manifestation; national/current applicability not established,,Pending deterministic matching in Task 6,Source occurrence captured; semantic reconciliation pending
HMIS-RPTCOL-JH-0278,HMIS-RPTSCHEMA-JHARKHAND-20260901-001,243,278,HMIS measure occurrence,M12,Adolescent Health,12.1.1.a,Girls registered in AFHC,M12 [Adolescent Health]	12.1.1.a :: Girls registered in AFHC	,Jharkhand,HMIS report,2026-09-01,Unconfirmed,Default columns,Row-dependent; Format Type is an exported dimension and no row values were supplied,Row-dependent; Facility Type is an exported dimension and no row values were supplied,Row-dependent; In-facility/Outreach/Total is an exported dimension,HMIS-RPTSCHEMA-JHARKHAND-20260901-001.headers.txt,3CE7ECB1702D0A54BF41DA4ED990C2D166EC5A82915434662CC9D17A5CE6F6EF,Schema observed in Jharkhand HMIS export downloaded 2026-09-01,Observed report manifestation; national/current applicability not established,,Pending deterministic matching in Task 6,Source occurrence captured; semantic reconciliation pending
HMIS-RPTCOL-JH-0279,HMIS-RPTSCHEMA-JHARKHAND-20260901-001,244,279,HMIS measure occurrence,M12,Adolescent Health,12.1.1.b,Boys registered in AFHC,	12.1.1.b :: Boys registered in AFHC	,Jharkhand,HMIS report,2026-09-01,Unconfirmed,Default columns,Row-dependent; Format Type is an exported dimension and no row values were supplied,Row-dependent; Facility Type is an exported dimension and no row values were supplied,Row-dependent; In-facility/Outreach/Total is an exported dimension,HMIS-RPTSCHEMA-JHARKHAND-20260901-001.headers.txt,3CE7ECB1702D0A54BF41DA4ED990C2D166EC5A82915434662CC9D17A5CE6F6EF,Schema observed in Jharkhand HMIS export downloaded 2026-09-01,Observed report manifestation; national/current applicability not established,,Pending deterministic matching in Task 6,Source occurrence captured; semantic reconciliation pending
HMIS-RPTCOL-JH-0280,HMIS-RPTSCHEMA-JHARKHAND-20260901-001,245,280,HMIS measure occurrence,M12,Adolescent Health,12.1.2.a,"Out of Girls registered, Girls received clinical services","	12.1.2.a :: Out of Girls registered, Girls received clinical services	",Jharkhand,HMIS report,2026-09-01,Unconfirmed,Default columns,Row-dependent; Format Type is an exported dimension and no row values were supplied,Row-dependent; Facility Type is an exported dimension and no row values were supplied,Row-dependent; In-facility/Outreach/Total is an exported dimension,HMIS-RPTSCHEMA-JHARKHAND-20260901-001.headers.txt,3CE7ECB1702D0A54BF41DA4ED990C2D166EC5A82915434662CC9D17A5CE6F6EF,Schema observed in Jharkhand HMIS export downloaded 2026-09-01,Observed report manifestation; national/current applicability not established,,Pending deterministic matching in Task 6,Source occurrence captured; semantic reconciliation pending
HMIS-RPTCOL-JH-0281,HMIS-RPTSCHEMA-JHARKHAND-20260901-001,246,281,HMIS measure occurrence,M12,Adolescent Health,12.1.2.b,"Out of Boys registered, Boys received clinical services","	12.1.2.b :: Out of Boys registered, Boys received clinical services	",Jharkhand,HMIS report,2026-09-01,Unconfirmed,Default columns,Row-dependent; Format Type is an exported dimension and no row values were supplied,Row-dependent; Facility Type is an exported dimension and no row values were supplied,Row-dependent; In-facility/Outreach/Total is an exported dimension,HMIS-RPTSCHEMA-JHARKHAND-20260901-001.headers.txt,3CE7ECB1702D0A54BF41DA4ED990C2D166EC5A82915434662CC9D17A5CE6F6EF,Schema observed in Jharkhand HMIS export downloaded 2026-09-01,Observed report manifestation; national/current applicability not established,,Pending deterministic matching in Task 6,Source occurrence captured; semantic reconciliation pending
HMIS-RPTCOL-JH-0282,HMIS-RPTSCHEMA-JHARKHAND-20260901-001,247,282,HMIS measure occurrence,M12,Adolescent Health,12.1.3.a,"Out of Girls registered, Girls received counselling","	12.1.3.a :: Out of Girls registered, Girls received counselling	",Jharkhand,HMIS report,2026-09-01,Unconfirmed,Default columns,Row-dependent; Format Type is an exported dimension and no row values were supplied,Row-dependent; Facility Type is an exported dimension and no row values were supplied,Row-dependent; In-facility/Outreach/Total is an exported dimension,HMIS-RPTSCHEMA-JHARKHAND-20260901-001.headers.txt,3CE7ECB1702D0A54BF41DA4ED990C2D166EC5A82915434662CC9D17A5CE6F6EF,Schema observed in Jharkhand HMIS export downloaded 2026-09-01,Observed report manifestation; national/current applicability not established,,Pending deterministic matching in Task 6,Source occurrence captured; semantic reconciliation pending
HMIS-RPTCOL-JH-0283,HMIS-RPTSCHEMA-JHARKHAND-20260901-001,248,283,HMIS measure occurrence,M12,Adolescent Health,12.1.3.b,"Out of Boys registered, Boys received counselling","	12.1.3.b :: Out of Boys registered, Boys received counselling	",Jharkhand,HMIS report,2026-09-01,Unconfirmed,Default columns,Row-dependent; Format Type is an exported dimension and no row values were supplied,Row-dependent; Facility Type is an exported dimension and no row values were supplied,Row-dependent; In-facility/Outreach/Total is an exported dimension,HMIS-RPTSCHEMA-JHARKHAND-20260901-001.headers.txt,3CE7ECB1702D0A54BF41DA4ED990C2D166EC5A82915434662CC9D17A5CE6F6EF,Schema observed in Jharkhand HMIS export downloaded 2026-09-01,Observed report manifestation; national/current applicability not established,,Pending deterministic matching in Task 6,Source occurrence captured; semantic reconciliation pending
HMIS-RPTCOL-JH-0284,HMIS-RPTSCHEMA-JHARKHAND-20260901-001,249,284,HMIS measure occurrence,M12,Adolescent Health,12.3.1,Number of adolescent girls provided sanitary napkin packs by ASHA,	12.3.1. :: Number of adolescent girls provided sanitary napkin packs by ASHA	,Jharkhand,HMIS report,2026-09-01,Unconfirmed,Default columns,Row-dependent; Format Type is an exported dimension and no row values were supplied,Row-dependent; Facility Type is an exported dimension and no row values were supplied,Row-dependent; In-facility/Outreach/Total is an exported dimension,HMIS-RPTSCHEMA-JHARKHAND-20260901-001.headers.txt,3CE7ECB1702D0A54BF41DA4ED990C2D166EC5A82915434662CC9D17A5CE6F6EF,Schema observed in Jharkhand HMIS export downloaded 2026-09-01,Observed report manifestation; national/current applicability not established,,Pending deterministic matching in Task 6,Source occurrence captured; semantic reconciliation pending
HMIS-RPTCOL-JH-0285,HMIS-RPTSCHEMA-JHARKHAND-20260901-001,250,285,HMIS measure occurrence,M12,Adolescent Health,12.3.2,Number of sanitary napkin packs distributed free to ASHA (for her personal use),	12.3.2. :: Number of sanitary napkin packs distributed free to ASHA (for her personal use)	,Jharkhand,HMIS report,2026-09-01,Unconfirmed,Default columns,Row-dependent; Format Type is an exported dimension and no row values were supplied,Row-dependent; Facility Type is an exported dimension and no row values were supplied,Row-dependent; In-facility/Outreach/Total is an exported dimension,HMIS-RPTSCHEMA-JHARKHAND-20260901-001.headers.txt,3CE7ECB1702D0A54BF41DA4ED990C2D166EC5A82915434662CC9D17A5CE6F6EF,Schema observed in Jharkhand HMIS export downloaded 2026-09-01,Observed report manifestation; national/current applicability not established,,Pending deterministic matching in Task 6,Source occurrence captured; semantic reconciliation pending
HMIS-RPTCOL-JH-0286,HMIS-RPTSCHEMA-JHARKHAND-20260901-001,251,286,HMIS measure occurrence,M12,Adolescent Health,12.3.3,Number of adolescent girls attended monthly meeting,	12.3.3. :: Number of adolescent girls attended monthly meeting	,Jharkhand,HMIS report,2026-09-01,Unconfirmed,Default columns,Row-dependent; Format Type is an exported dimension and no row values were supplied,Row-dependent; Facility Type is an exported dimension and no row values were supplied,Row-dependent; In-facility/Outreach/Total is an exported dimension,HMIS-RPTSCHEMA-JHARKHAND-20260901-001.headers.txt,3CE7ECB1702D0A54BF41DA4ED990C2D166EC5A82915434662CC9D17A5CE6F6EF,Schema observed in Jharkhand HMIS export downloaded 2026-09-01,Observed report manifestation; national/current applicability not established,,Pending deterministic matching in Task 6,Source occurrence captured; semantic reconciliation pending
HMIS-RPTCOL-JH-0287,HMIS-RPTSCHEMA-JHARKHAND-20260901-001,252,287,HMIS measure occurrence,M12,Adolescent Health,12.3.4,Number of adolescent girls provided sanitary napkin packs by State/UT supported Menstrual Hygiene Scheme (MHS),	12.3.4. :: Number of adolescent girls provided sanitary napkin packs by State/UT supported Menstrual Hygiene Scheme (MHS)	,Jharkhand,HMIS report,2026-09-01,Unconfirmed,Default columns,Row-dependent; Format Type is an exported dimension and no row values were supplied,Row-dependent; Facility Type is an exported dimension and no row values were supplied,Row-dependent; In-facility/Outreach/Total is an exported dimension,HMIS-RPTSCHEMA-JHARKHAND-20260901-001.headers.txt,3CE7ECB1702D0A54BF41DA4ED990C2D166EC5A82915434662CC9D17A5CE6F6EF,Schema observed in Jharkhand HMIS export downloaded 2026-09-01,Observed report manifestation; national/current applicability not established,,Pending deterministic matching in Task 6,Source occurrence captured; semantic reconciliation pending
HMIS-RPTCOL-JH-0288,HMIS-RPTSCHEMA-JHARKHAND-20260901-001,253,288,HMIS measure occurrence,M12,Adolescent Health,12.4.1,Number of Peer Educators selected,	12.4.1. :: Number of Peer Educators selected	,Jharkhand,HMIS report,2026-09-01,Unconfirmed,Default columns,Row-dependent; Format Type is an exported dimension and no row values were supplied,Row-dependent; Facility Type is an exported dimension and no row values were supplied,Row-dependent; In-facility/Outreach/Total is an exported dimension,HMIS-RPTSCHEMA-JHARKHAND-20260901-001.headers.txt,3CE7ECB1702D0A54BF41DA4ED990C2D166EC5A82915434662CC9D17A5CE6F6EF,Schema observed in Jharkhand HMIS export downloaded 2026-09-01,Observed report manifestation; national/current applicability not established,,Pending deterministic matching in Task 6,Source occurrence captured; semantic reconciliation pending
HMIS-RPTCOL-JH-0289,HMIS-RPTSCHEMA-JHARKHAND-20260901-001,254,289,HMIS measure occurrence,M12,Adolescent Health,12.4.2,"Out of the selected Peer Educators, numbers trained","	12.4.2. :: Out of the selected Peer Educators, numbers trained	",Jharkhand,HMIS report,2026-09-01,Unconfirmed,Default columns,Row-dependent; Format Type is an exported dimension and no row values were supplied,Row-dependent; Facility Type is an exported dimension and no row values were supplied,Row-dependent; In-facility/Outreach/Total is an exported dimension,HMIS-RPTSCHEMA-JHARKHAND-20260901-001.headers.txt,3CE7ECB1702D0A54BF41DA4ED990C2D166EC5A82915434662CC9D17A5CE6F6EF,Schema observed in Jharkhand HMIS export downloaded 2026-09-01,Observed report manifestation; national/current applicability not established,,Pending deterministic matching in Task 6,Source occurrence captured; semantic reconciliation pending
HMIS-RPTCOL-JH-0290,HMIS-RPTSCHEMA-JHARKHAND-20260901-001,255,290,HMIS measure occurrence,M12,Adolescent Health,12.4.3,Number of Adolescent Health & Wellness Days organized,	12.4.3. ::  Number of Adolescent Health & Wellness Days organized	,Jharkhand,HMIS report,2026-09-01,Unconfirmed,Default columns,Row-dependent; Format Type is an exported dimension and no row values were supplied,Row-dependent; Facility Type is an exported dimension and no row values were supplied,Row-dependent; In-facility/Outreach/Total is an exported dimension,HMIS-RPTSCHEMA-JHARKHAND-20260901-001.headers.txt,3CE7ECB1702D0A54BF41DA4ED990C2D166EC5A82915434662CC9D17A5CE6F6EF,Schema observed in Jharkhand HMIS export downloaded 2026-09-01,Observed report manifestation; national/current applicability not established,,Pending deterministic matching in Task 6,Source occurrence captured; semantic reconciliation pending
HMIS-RPTCOL-JH-0291,HMIS-RPTSCHEMA-JHARKHAND-20260901-001,256,291,HMIS measure occurrence,M12,Adolescent Health,12.4.4,Number of Adolescent Friendly Club Meetings organized,	12.4.4. ::  Number of Adolescent Friendly Club Meetings organized	,Jharkhand,HMIS report,2026-09-01,Unconfirmed,Default columns,Row-dependent; Format Type is an exported dimension and no row values were supplied,Row-dependent; Facility Type is an exported dimension and no row values were supplied,Row-dependent; In-facility/Outreach/Total is an exported dimension,HMIS-RPTSCHEMA-JHARKHAND-20260901-001.headers.txt,3CE7ECB1702D0A54BF41DA4ED990C2D166EC5A82915434662CC9D17A5CE6F6EF,Schema observed in Jharkhand HMIS export downloaded 2026-09-01,Observed report manifestation; national/current applicability not established,,Pending deterministic matching in Task 6,Source occurrence captured; semantic reconciliation pending
HMIS-RPTCOL-JH-0292,HMIS-RPTSCHEMA-JHARKHAND-20260901-001,257,292,HMIS measure occurrence,M13,National TB Elimination Programme (NTEP),13.1,Number of beneficiaries who are registered at the ICTC centre.,M13 [National TB Elimination Programme (NTEP)]	13.1. :: Number of beneficiaries who are registered at the ICTC centre.	,Jharkhand,HMIS report,2026-09-01,Unconfirmed,Default columns,Row-dependent; Format Type is an exported dimension and no row values were supplied,Row-dependent; Facility Type is an exported dimension and no row values were supplied,Row-dependent; In-facility/Outreach/Total is an exported dimension,HMIS-RPTSCHEMA-JHARKHAND-20260901-001.headers.txt,3CE7ECB1702D0A54BF41DA4ED990C2D166EC5A82915434662CC9D17A5CE6F6EF,Schema observed in Jharkhand HMIS export downloaded 2026-09-01,Observed report manifestation; national/current applicability not established,,Pending deterministic matching in Task 6,Source occurrence captured; semantic reconciliation pending
HMIS-RPTCOL-JH-0293,HMIS-RPTSCHEMA-JHARKHAND-20260901-001,258,293,HMIS measure occurrence,M13,National TB Elimination Programme (NTEP),13.2,"Of the number registered at ICTC centre, the number of presumptive TB cases identified and referred for TB testing and diagnosis","	13.2. :: Of the number registered at ICTC centre, the number of presumptive TB cases identified and referred for TB testing and diagnosis	",Jharkhand,HMIS report,2026-09-01,Unconfirmed,Default columns,Row-dependent; Format Type is an exported dimension and no row values were supplied,Row-dependent; Facility Type is an exported dimension and no row values were supplied,Row-dependent; In-facility/Outreach/Total is an exported dimension,HMIS-RPTSCHEMA-JHARKHAND-20260901-001.headers.txt,3CE7ECB1702D0A54BF41DA4ED990C2D166EC5A82915434662CC9D17A5CE6F6EF,Schema observed in Jharkhand HMIS export downloaded 2026-09-01,Observed report manifestation; national/current applicability not established,,Pending deterministic matching in Task 6,Source occurrence captured; semantic reconciliation pending
HMIS-RPTCOL-JH-0294,HMIS-RPTSCHEMA-JHARKHAND-20260901-001,259,294,HMIS measure occurrence,M13,National TB Elimination Programme (NTEP),13.3,Number of beneficiaries who are registered at the NCD clinic.,	13.3. :: Number of beneficiaries who are registered at the NCD clinic.	,Jharkhand,HMIS report,2026-09-01,Unconfirmed,Default columns,Row-dependent; Format Type is an exported dimension and no row values were supplied,Row-dependent; Facility Type is an exported dimension and no row values were supplied,Row-dependent; In-facility/Outreach/Total is an exported dimension,HMIS-RPTSCHEMA-JHARKHAND-20260901-001.headers.txt,3CE7ECB1702D0A54BF41DA4ED990C2D166EC5A82915434662CC9D17A5CE6F6EF,Schema observed in Jharkhand HMIS export downloaded 2026-09-01,Observed report manifestation; national/current applicability not established,,Pending deterministic matching in Task 6,Source occurrence captured; semantic reconciliation pending
HMIS-RPTCOL-JH-0295,HMIS-RPTSCHEMA-JHARKHAND-20260901-001,260,295,HMIS measure occurrence,M13,National TB Elimination Programme (NTEP),13.4,The number registered at the NCD clinic includes the number of presumptive TB cases identified and referred for TB testing and diagnosis,	13.4. :: The number registered at the NCD clinic includes the number of presumptive TB cases identified and referred for TB testing and diagnosis	,Jharkhand,HMIS report,2026-09-01,Unconfirmed,Default columns,Row-dependent; Format Type is an exported dimension and no row values were supplied,Row-dependent; Facility Type is an exported dimension and no row values were supplied,Row-dependent; In-facility/Outreach/Total is an exported dimension,HMIS-RPTSCHEMA-JHARKHAND-20260901-001.headers.txt,3CE7ECB1702D0A54BF41DA4ED990C2D166EC5A82915434662CC9D17A5CE6F6EF,Schema observed in Jharkhand HMIS export downloaded 2026-09-01,Observed report manifestation; national/current applicability not established,,Pending deterministic matching in Task 6,Source occurrence captured; semantic reconciliation pending
HMIS-RPTCOL-JH-0296,HMIS-RPTSCHEMA-JHARKHAND-20260901-001,261,296,HMIS measure occurrence,M14,Patient Services,14.1.1.a,Total number of geriatric/elderly patients (age>=60 yrs) Registered,M14 [Patient Services]	14.1.1.a :: Total number of geriatric/elderly patients (age>=60 yrs) Registered	,Jharkhand,HMIS report,2026-09-01,Unconfirmed,Default columns,Row-dependent; Format Type is an exported dimension and no row values were supplied,Row-dependent; Facility Type is an exported dimension and no row values were supplied,Row-dependent; In-facility/Outreach/Total is an exported dimension,HMIS-RPTSCHEMA-JHARKHAND-20260901-001.headers.txt,3CE7ECB1702D0A54BF41DA4ED990C2D166EC5A82915434662CC9D17A5CE6F6EF,Schema observed in Jharkhand HMIS export downloaded 2026-09-01,Observed report manifestation; national/current applicability not established,,Pending deterministic matching in Task 6,Source occurrence captured; semantic reconciliation pending
HMIS-RPTCOL-JH-0297,HMIS-RPTSCHEMA-JHARKHAND-20260901-001,262,297,HMIS measure occurrence,M14,Patient Services,14.1.1.b,Geriatric (age>=60 yrs) patients footfall,	14.1.1.b :: Geriatric (age>=60 yrs) patients footfall	,Jharkhand,HMIS report,2026-09-01,Unconfirmed,Default columns,Row-dependent; Format Type is an exported dimension and no row values were supplied,Row-dependent; Facility Type is an exported dimension and no row values were supplied,Row-dependent; In-facility/Outreach/Total is an exported dimension,HMIS-RPTSCHEMA-JHARKHAND-20260901-001.headers.txt,3CE7ECB1702D0A54BF41DA4ED990C2D166EC5A82915434662CC9D17A5CE6F6EF,Schema observed in Jharkhand HMIS export downloaded 2026-09-01,Observed report manifestation; national/current applicability not established,,Pending deterministic matching in Task 6,Source occurrence captured; semantic reconciliation pending
HMIS-RPTCOL-JH-0298,HMIS-RPTSCHEMA-JHARKHAND-20260901-001,263,298,HMIS measure occurrence,M14,Patient Services,14.1.1.c,Number of geriatric/elderly persons who underwent Comprehensive Geriatric Assessment by CHO,	14.1.1.c :: Number of geriatric/elderly persons who underwent Comprehensive Geriatric Assessment by CHO	,Jharkhand,HMIS report,2026-09-01,Unconfirmed,Default columns,Row-dependent; Format Type is an exported dimension and no row values were supplied,Row-dependent; Facility Type is an exported dimension and no row values were supplied,Row-dependent; In-facility/Outreach/Total is an exported dimension,HMIS-RPTSCHEMA-JHARKHAND-20260901-001.headers.txt,3CE7ECB1702D0A54BF41DA4ED990C2D166EC5A82915434662CC9D17A5CE6F6EF,Schema observed in Jharkhand HMIS export downloaded 2026-09-01,Observed report manifestation; national/current applicability not established,,Pending deterministic matching in Task 6,Source occurrence captured; semantic reconciliation pending
HMIS-RPTCOL-JH-0299,HMIS-RPTSCHEMA-JHARKHAND-20260901-001,264,299,HMIS measure occurrence,M14,Patient Services,14.1.1.d,Number of geriatric/elderly persons managed for any elderly conditions,	14.1.1.d :: Number of geriatric/elderly persons managed for any elderly conditions	,Jharkhand,HMIS report,2026-09-01,Unconfirmed,Default columns,Row-dependent; Format Type is an exported dimension and no row values were supplied,Row-dependent; Facility Type is an exported dimension and no row values were supplied,Row-dependent; In-facility/Outreach/Total is an exported dimension,HMIS-RPTSCHEMA-JHARKHAND-20260901-001.headers.txt,3CE7ECB1702D0A54BF41DA4ED990C2D166EC5A82915434662CC9D17A5CE6F6EF,Schema observed in Jharkhand HMIS export downloaded 2026-09-01,Observed report manifestation; national/current applicability not established,,Pending deterministic matching in Task 6,Source occurrence captured; semantic reconciliation pending
HMIS-RPTCOL-JH-0300,HMIS-RPTSCHEMA-JHARKHAND-20260901-001,265,300,HMIS measure occurrence,M14,Patient Services,14.1.1.e,Number of geriatric/elderly persons followed-up for any elderly conditions,	14.1.1.e :: Number of geriatric/elderly persons followed-up for any elderly conditions 	,Jharkhand,HMIS report,2026-09-01,Unconfirmed,Default columns,Row-dependent; Format Type is an exported dimension and no row values were supplied,Row-dependent; Facility Type is an exported dimension and no row values were supplied,Row-dependent; In-facility/Outreach/Total is an exported dimension,HMIS-RPTSCHEMA-JHARKHAND-20260901-001.headers.txt,3CE7ECB1702D0A54BF41DA4ED990C2D166EC5A82915434662CC9D17A5CE6F6EF,Schema observed in Jharkhand HMIS export downloaded 2026-09-01,Observed report manifestation; national/current applicability not established,,Pending deterministic matching in Task 6,Source occurrence captured; semantic reconciliation pending
HMIS-RPTCOL-JH-0301,HMIS-RPTSCHEMA-JHARKHAND-20260901-001,266,301,HMIS measure occurrence,M14,Patient Services,14.1.1.f,Number of geriatric/elderly patients (age>=60 yrs) provided physiotherapy services,	14.1.1.f :: Number of geriatric/elderly patients (age>=60 yrs) provided physiotherapy services 	,Jharkhand,HMIS report,2026-09-01,Unconfirmed,Default columns,Row-dependent; Format Type is an exported dimension and no row values were supplied,Row-dependent; Facility Type is an exported dimension and no row values were supplied,Row-dependent; In-facility/Outreach/Total is an exported dimension,HMIS-RPTSCHEMA-JHARKHAND-20260901-001.headers.txt,3CE7ECB1702D0A54BF41DA4ED990C2D166EC5A82915434662CC9D17A5CE6F6EF,Schema observed in Jharkhand HMIS export downloaded 2026-09-01,Observed report manifestation; national/current applicability not established,,Pending deterministic matching in Task 6,Source occurrence captured; semantic reconciliation pending
HMIS-RPTCOL-JH-0302,HMIS-RPTSCHEMA-JHARKHAND-20260901-001,267,302,HMIS measure occurrence,M14,Patient Services,14.1.1.g,Number of home bound (bed bound & restricted mobility) elderly and single elderly visited by ASHA & ANM/MPW-M during the month,	14.1.1.g :: Number of home bound (bed bound & restricted mobility) elderly and single elderly  visited by ASHA & ANM/MPW-M  during the month	,Jharkhand,HMIS report,2026-09-01,Unconfirmed,Default columns,Row-dependent; Format Type is an exported dimension and no row values were supplied,Row-dependent; Facility Type is an exported dimension and no row values were supplied,Row-dependent; In-facility/Outreach/Total is an exported dimension,HMIS-RPTSCHEMA-JHARKHAND-20260901-001.headers.txt,3CE7ECB1702D0A54BF41DA4ED990C2D166EC5A82915434662CC9D17A5CE6F6EF,Schema observed in Jharkhand HMIS export downloaded 2026-09-01,Observed report manifestation; national/current applicability not established,,Pending deterministic matching in Task 6,Source occurrence captured; semantic reconciliation pending
HMIS-RPTCOL-JH-0303,HMIS-RPTSCHEMA-JHARKHAND-20260901-001,268,303,HMIS measure occurrence,M14,Patient Services,14.1.1.h,Number of elderly support groups-‘Sanjeevini’ created during the month,	14.1.1.h :: Number of elderly support groups-‘Sanjeevini’ created during the month	,Jharkhand,HMIS report,2026-09-01,Unconfirmed,Default columns,Row-dependent; Format Type is an exported dimension and no row values were supplied,Row-dependent; Facility Type is an exported dimension and no row values were supplied,Row-dependent; In-facility/Outreach/Total is an exported dimension,HMIS-RPTSCHEMA-JHARKHAND-20260901-001.headers.txt,3CE7ECB1702D0A54BF41DA4ED990C2D166EC5A82915434662CC9D17A5CE6F6EF,Schema observed in Jharkhand HMIS export downloaded 2026-09-01,Observed report manifestation; national/current applicability not established,,Pending deterministic matching in Task 6,Source occurrence captured; semantic reconciliation pending
HMIS-RPTCOL-JH-0304,HMIS-RPTSCHEMA-JHARKHAND-20260901-001,269,304,HMIS measure occurrence,M14,Patient Services,14.1.1.i,Number of weekly geriatric clinics organized during the month,	14.1.1.i :: Number of weekly geriatric clinics organized during the month	,Jharkhand,HMIS report,2026-09-01,Unconfirmed,Default columns,Row-dependent; Format Type is an exported dimension and no row values were supplied,Row-dependent; Facility Type is an exported dimension and no row values were supplied,Row-dependent; In-facility/Outreach/Total is an exported dimension,HMIS-RPTSCHEMA-JHARKHAND-20260901-001.headers.txt,3CE7ECB1702D0A54BF41DA4ED990C2D166EC5A82915434662CC9D17A5CE6F6EF,Schema observed in Jharkhand HMIS export downloaded 2026-09-01,Observed report manifestation; national/current applicability not established,,Pending deterministic matching in Task 6,Source occurrence captured; semantic reconciliation pending
HMIS-RPTCOL-JH-0305,HMIS-RPTSCHEMA-JHARKHAND-20260901-001,270,305,HMIS measure occurrence,M14,Patient Services,14.1.1.j,Number of fixed day rehabilitation services provided during the month,	14.1.1.j :: Number of fixed day rehabilitation services provided during the month	,Jharkhand,HMIS report,2026-09-01,Unconfirmed,Default columns,Row-dependent; Format Type is an exported dimension and no row values were supplied,Row-dependent; Facility Type is an exported dimension and no row values were supplied,Row-dependent; In-facility/Outreach/Total is an exported dimension,HMIS-RPTSCHEMA-JHARKHAND-20260901-001.headers.txt,3CE7ECB1702D0A54BF41DA4ED990C2D166EC5A82915434662CC9D17A5CE6F6EF,Schema observed in Jharkhand HMIS export downloaded 2026-09-01,Observed report manifestation; national/current applicability not established,,Pending deterministic matching in Task 6,Source occurrence captured; semantic reconciliation pending
HMIS-RPTCOL-JH-0306,HMIS-RPTSCHEMA-JHARKHAND-20260901-001,271,306,HMIS measure occurrence,M14,Patient Services,14.1.2.a,Number of patients provided physiotherapy services,	14.1.2.a. :: Number of patients provided physiotherapy services	,Jharkhand,HMIS report,2026-09-01,Unconfirmed,Default columns,Row-dependent; Format Type is an exported dimension and no row values were supplied,Row-dependent; Facility Type is an exported dimension and no row values were supplied,Row-dependent; In-facility/Outreach/Total is an exported dimension,HMIS-RPTSCHEMA-JHARKHAND-20260901-001.headers.txt,3CE7ECB1702D0A54BF41DA4ED990C2D166EC5A82915434662CC9D17A5CE6F6EF,Schema observed in Jharkhand HMIS export downloaded 2026-09-01,Observed report manifestation; national/current applicability not established,,Pending deterministic matching in Task 6,Source occurrence captured; semantic reconciliation pending
HMIS-RPTCOL-JH-0307,HMIS-RPTSCHEMA-JHARKHAND-20260901-001,272,307,HMIS measure occurrence,M14,Patient Services,14.1.2.b,Number of Palliative Patients visited at home,	14.1.2.b. :: Number of Palliative Patients visited at home 	,Jharkhand,HMIS report,2026-09-01,Unconfirmed,Default columns,Row-dependent; Format Type is an exported dimension and no row values were supplied,Row-dependent; Facility Type is an exported dimension and no row values were supplied,Row-dependent; In-facility/Outreach/Total is an exported dimension,HMIS-RPTSCHEMA-JHARKHAND-20260901-001.headers.txt,3CE7ECB1702D0A54BF41DA4ED990C2D166EC5A82915434662CC9D17A5CE6F6EF,Schema observed in Jharkhand HMIS export downloaded 2026-09-01,Observed report manifestation; national/current applicability not established,,Pending deterministic matching in Task 6,Source occurrence captured; semantic reconciliation pending
HMIS-RPTCOL-JH-0308,HMIS-RPTSCHEMA-JHARKHAND-20260901-001,273,308,HMIS measure occurrence,M14,Patient Services,14.1.2.c,Number of visits for home care/ end of life care provided by AAM-PHC team,	14.1.2.c. :: Number of visits for home care/ end of life care provided by AAM-PHC team	,Jharkhand,HMIS report,2026-09-01,Unconfirmed,Default columns,Row-dependent; Format Type is an exported dimension and no row values were supplied,Row-dependent; Facility Type is an exported dimension and no row values were supplied,Row-dependent; In-facility/Outreach/Total is an exported dimension,HMIS-RPTSCHEMA-JHARKHAND-20260901-001.headers.txt,3CE7ECB1702D0A54BF41DA4ED990C2D166EC5A82915434662CC9D17A5CE6F6EF,Schema observed in Jharkhand HMIS export downloaded 2026-09-01,Observed report manifestation; national/current applicability not established,,Pending deterministic matching in Task 6,Source occurrence captured; semantic reconciliation pending
HMIS-RPTCOL-JH-0309,HMIS-RPTSCHEMA-JHARKHAND-20260901-001,274,309,HMIS measure occurrence,M14,Patient Services,14.1.2.d,Number of weekly palliative care OPD conducted at AAM-PHC,	14.1.2.d. :: Number of weekly palliative care OPD conducted at AAM-PHC	,Jharkhand,HMIS report,2026-09-01,Unconfirmed,Default columns,Row-dependent; Format Type is an exported dimension and no row values were supplied,Row-dependent; Facility Type is an exported dimension and no row values were supplied,Row-dependent; In-facility/Outreach/Total is an exported dimension,HMIS-RPTSCHEMA-JHARKHAND-20260901-001.headers.txt,3CE7ECB1702D0A54BF41DA4ED990C2D166EC5A82915434662CC9D17A5CE6F6EF,Schema observed in Jharkhand HMIS export downloaded 2026-09-01,Observed report manifestation; national/current applicability not established,,Pending deterministic matching in Task 6,Source occurrence captured; semantic reconciliation pending
HMIS-RPTCOL-JH-0310,HMIS-RPTSCHEMA-JHARKHAND-20260901-001,275,310,HMIS measure occurrence,M14,Patient Services,14.1.2.e,Number of cases reported for Self Harm,	14.1.2.e. :: Number of cases reported for Self Harm	,Jharkhand,HMIS report,2026-09-01,Unconfirmed,Default columns,Row-dependent; Format Type is an exported dimension and no row values were supplied,Row-dependent; Facility Type is an exported dimension and no row values were supplied,Row-dependent; In-facility/Outreach/Total is an exported dimension,HMIS-RPTSCHEMA-JHARKHAND-20260901-001.headers.txt,3CE7ECB1702D0A54BF41DA4ED990C2D166EC5A82915434662CC9D17A5CE6F6EF,Schema observed in Jharkhand HMIS export downloaded 2026-09-01,Observed report manifestation; national/current applicability not established,,Pending deterministic matching in Task 6,Source occurrence captured; semantic reconciliation pending
HMIS-RPTCOL-JH-0311,HMIS-RPTSCHEMA-JHARKHAND-20260901-001,276,311,HMIS measure occurrence,M14,Patient Services,14.1.3.a,Total number of footfall in outreach camps/sessions,	14.1.3.a :: Total number of footfall in outreach camps/sessions	,Jharkhand,HMIS report,2026-09-01,Unconfirmed,Default columns,Row-dependent; Format Type is an exported dimension and no row values were supplied,Row-dependent; Facility Type is an exported dimension and no row values were supplied,Row-dependent; In-facility/Outreach/Total is an exported dimension,HMIS-RPTSCHEMA-JHARKHAND-20260901-001.headers.txt,3CE7ECB1702D0A54BF41DA4ED990C2D166EC5A82915434662CC9D17A5CE6F6EF,Schema observed in Jharkhand HMIS export downloaded 2026-09-01,Observed report manifestation; national/current applicability not established,,Pending deterministic matching in Task 6,Source occurrence captured; semantic reconciliation pending
HMIS-RPTCOL-JH-0312,HMIS-RPTSCHEMA-JHARKHAND-20260901-001,277,312,HMIS measure occurrence,M14,Patient Services,14.1.3.b,Total number cases examined in outreach camps for Mental illness,	14.1.3.b :: Total number cases examined in outreach camps for Mental illness	,Jharkhand,HMIS report,2026-09-01,Unconfirmed,Default columns,Row-dependent; Format Type is an exported dimension and no row values were supplied,Row-dependent; Facility Type is an exported dimension and no row values were supplied,Row-dependent; In-facility/Outreach/Total is an exported dimension,HMIS-RPTSCHEMA-JHARKHAND-20260901-001.headers.txt,3CE7ECB1702D0A54BF41DA4ED990C2D166EC5A82915434662CC9D17A5CE6F6EF,Schema observed in Jharkhand HMIS export downloaded 2026-09-01,Observed report manifestation; national/current applicability not established,,Pending deterministic matching in Task 6,Source occurrence captured; semantic reconciliation pending
HMIS-RPTCOL-JH-0313,HMIS-RPTSCHEMA-JHARKHAND-20260901-001,278,313,HMIS measure occurrence,M14,Patient Services,14.1.4,Number of psychoeducation sessions conducted at the Ayushman Arogya Mandir during the month,	14.1.4. :: Number of psychoeducation sessions conducted at the Ayushman Arogya Mandir during the month	,Jharkhand,HMIS report,2026-09-01,Unconfirmed,Default columns,Row-dependent; Format Type is an exported dimension and no row values were supplied,Row-dependent; Facility Type is an exported dimension and no row values were supplied,Row-dependent; In-facility/Outreach/Total is an exported dimension,HMIS-RPTSCHEMA-JHARKHAND-20260901-001.headers.txt,3CE7ECB1702D0A54BF41DA4ED990C2D166EC5A82915434662CC9D17A5CE6F6EF,Schema observed in Jharkhand HMIS export downloaded 2026-09-01,Observed report manifestation; national/current applicability not established,,Pending deterministic matching in Task 6,Source occurrence captured; semantic reconciliation pending
HMIS-RPTCOL-JH-0314,HMIS-RPTSCHEMA-JHARKHAND-20260901-001,279,314,HMIS measure occurrence,M14,Patient Services,14.2.1,Allopathic- Outpatient attendance,	14.2.1. :: Allopathic- Outpatient attendance	,Jharkhand,HMIS report,2026-09-01,Unconfirmed,Default columns,Row-dependent; Format Type is an exported dimension and no row values were supplied,Row-dependent; Facility Type is an exported dimension and no row values were supplied,Row-dependent; In-facility/Outreach/Total is an exported dimension,HMIS-RPTSCHEMA-JHARKHAND-20260901-001.headers.txt,3CE7ECB1702D0A54BF41DA4ED990C2D166EC5A82915434662CC9D17A5CE6F6EF,Schema observed in Jharkhand HMIS export downloaded 2026-09-01,Observed report manifestation; national/current applicability not established,,Pending deterministic matching in Task 6,Source occurrence captured; semantic reconciliation pending
HMIS-RPTCOL-JH-0315,HMIS-RPTSCHEMA-JHARKHAND-20260901-001,280,315,HMIS measure occurrence,M14,Patient Services,14.2.1.a,"Out of above, number of specialist Allopathic OPD services provided","	14.2.1.a :: Out of above, number of specialist Allopathic OPD services provided 	",Jharkhand,HMIS report,2026-09-01,Unconfirmed,Default columns,Row-dependent; Format Type is an exported dimension and no row values were supplied,Row-dependent; Facility Type is an exported dimension and no row values were supplied,Row-dependent; In-facility/Outreach/Total is an exported dimension,HMIS-RPTSCHEMA-JHARKHAND-20260901-001.headers.txt,3CE7ECB1702D0A54BF41DA4ED990C2D166EC5A82915434662CC9D17A5CE6F6EF,Schema observed in Jharkhand HMIS export downloaded 2026-09-01,Observed report manifestation; national/current applicability not established,,Pending deterministic matching in Task 6,Source occurrence captured; semantic reconciliation pending
HMIS-RPTCOL-JH-0316,HMIS-RPTSCHEMA-JHARKHAND-20260901-001,281,316,HMIS measure occurrence,M14,Patient Services,14.2.2,Ayush - Outpatient attendance,	14.2.2. :: Ayush - Outpatient attendance	,Jharkhand,HMIS report,2026-09-01,Unconfirmed,Default columns,Row-dependent; Format Type is an exported dimension and no row values were supplied,Row-dependent; Facility Type is an exported dimension and no row values were supplied,Row-dependent; In-facility/Outreach/Total is an exported dimension,HMIS-RPTSCHEMA-JHARKHAND-20260901-001.headers.txt,3CE7ECB1702D0A54BF41DA4ED990C2D166EC5A82915434662CC9D17A5CE6F6EF,Schema observed in Jharkhand HMIS export downloaded 2026-09-01,Observed report manifestation; national/current applicability not established,,Pending deterministic matching in Task 6,Source occurrence captured; semantic reconciliation pending
HMIS-RPTCOL-JH-0317,HMIS-RPTSCHEMA-JHARKHAND-20260901-001,282,317,HMIS measure occurrence,M14,Patient Services,14.2.2.b,"Out of above, number of specialist AYUSH OPD services provided","	14.2.2.b :: Out of above, number of specialist AYUSH OPD services provided 	",Jharkhand,HMIS report,2026-09-01,Unconfirmed,Default columns,Row-dependent; Format Type is an exported dimension and no row values were supplied,Row-dependent; Facility Type is an exported dimension and no row values were supplied,Row-dependent; In-facility/Outreach/Total is an exported dimension,HMIS-RPTSCHEMA-JHARKHAND-20260901-001.headers.txt,3CE7ECB1702D0A54BF41DA4ED990C2D166EC5A82915434662CC9D17A5CE6F6EF,Schema observed in Jharkhand HMIS export downloaded 2026-09-01,Observed report manifestation; national/current applicability not established,,Pending deterministic matching in Task 6,Source occurrence captured; semantic reconciliation pending
HMIS-RPTCOL-JH-0318,HMIS-RPTSCHEMA-JHARKHAND-20260901-001,283,318,HMIS measure occurrence,M14,Patient Services,14.3.1.a,IPD Admission Male- Children<18yrs,	14.3.1.a :: IPD Admission Male- Children<18yrs	,Jharkhand,HMIS report,2026-09-01,Unconfirmed,Default columns,Row-dependent; Format Type is an exported dimension and no row values were supplied,Row-dependent; Facility Type is an exported dimension and no row values were supplied,Row-dependent; In-facility/Outreach/Total is an exported dimension,HMIS-RPTSCHEMA-JHARKHAND-20260901-001.headers.txt,3CE7ECB1702D0A54BF41DA4ED990C2D166EC5A82915434662CC9D17A5CE6F6EF,Schema observed in Jharkhand HMIS export downloaded 2026-09-01,Observed report manifestation; national/current applicability not established,,Pending deterministic matching in Task 6,Source occurrence captured; semantic reconciliation pending
HMIS-RPTCOL-JH-0319,HMIS-RPTSCHEMA-JHARKHAND-20260901-001,284,319,HMIS measure occurrence,M14,Patient Services,14.3.1.b,IPD Admission Male- Adults <60yrs,	14.3.1.b :: IPD Admission Male- Adults <60yrs	,Jharkhand,HMIS report,2026-09-01,Unconfirmed,Default columns,Row-dependent; Format Type is an exported dimension and no row values were supplied,Row-dependent; Facility Type is an exported dimension and no row values were supplied,Row-dependent; In-facility/Outreach/Total is an exported dimension,HMIS-RPTSCHEMA-JHARKHAND-20260901-001.headers.txt,3CE7ECB1702D0A54BF41DA4ED990C2D166EC5A82915434662CC9D17A5CE6F6EF,Schema observed in Jharkhand HMIS export downloaded 2026-09-01,Observed report manifestation; national/current applicability not established,,Pending deterministic matching in Task 6,Source occurrence captured; semantic reconciliation pending
HMIS-RPTCOL-JH-0320,HMIS-RPTSCHEMA-JHARKHAND-20260901-001,285,320,HMIS measure occurrence,M14,Patient Services,14.3.1.c,IPD Admission Female- Children<18yrs,	14.3.1.c :: IPD Admission Female- Children<18yrs	,Jharkhand,HMIS report,2026-09-01,Unconfirmed,Default columns,Row-dependent; Format Type is an exported dimension and no row values were supplied,Row-dependent; Facility Type is an exported dimension and no row values were supplied,Row-dependent; In-facility/Outreach/Total is an exported dimension,HMIS-RPTSCHEMA-JHARKHAND-20260901-001.headers.txt,3CE7ECB1702D0A54BF41DA4ED990C2D166EC5A82915434662CC9D17A5CE6F6EF,Schema observed in Jharkhand HMIS export downloaded 2026-09-01,Observed report manifestation; national/current applicability not established,,Pending deterministic matching in Task 6,Source occurrence captured; semantic reconciliation pending
HMIS-RPTCOL-JH-0321,HMIS-RPTSCHEMA-JHARKHAND-20260901-001,286,321,HMIS measure occurrence,M14,Patient Services,14.3.1.d,IPD Admission Female- Adults<60yrs,	14.3.1.d :: IPD Admission Female- Adults<60yrs	,Jharkhand,HMIS report,2026-09-01,Unconfirmed,Default columns,Row-dependent; Format Type is an exported dimension and no row values were supplied,Row-dependent; Facility Type is an exported dimension and no row values were supplied,Row-dependent; In-facility/Outreach/Total is an exported dimension,HMIS-RPTSCHEMA-JHARKHAND-20260901-001.headers.txt,3CE7ECB1702D0A54BF41DA4ED990C2D166EC5A82915434662CC9D17A5CE6F6EF,Schema observed in Jharkhand HMIS export downloaded 2026-09-01,Observed report manifestation; national/current applicability not established,,Pending deterministic matching in Task 6,Source occurrence captured; semantic reconciliation pending
HMIS-RPTCOL-JH-0322,HMIS-RPTSCHEMA-JHARKHAND-20260901-001,287,322,HMIS measure occurrence,M14,Patient Services,14.3.1.e,IPD Admission Geriatric->=60yrs,	14.3.1.e :: IPD Admission Geriatric->=60yrs	,Jharkhand,HMIS report,2026-09-01,Unconfirmed,Default columns,Row-dependent; Format Type is an exported dimension and no row values were supplied,Row-dependent; Facility Type is an exported dimension and no row values were supplied,Row-dependent; In-facility/Outreach/Total is an exported dimension,HMIS-RPTSCHEMA-JHARKHAND-20260901-001.headers.txt,3CE7ECB1702D0A54BF41DA4ED990C2D166EC5A82915434662CC9D17A5CE6F6EF,Schema observed in Jharkhand HMIS export downloaded 2026-09-01,Observed report manifestation; national/current applicability not established,,Pending deterministic matching in Task 6,Source occurrence captured; semantic reconciliation pending
HMIS-RPTCOL-JH-0323,HMIS-RPTSCHEMA-JHARKHAND-20260901-001,288,323,HMIS measure occurrence,M14,Patient Services,14.3.2.a,IPD Discharge Male- Children<18yrs,	14.3.2.a :: IPD Discharge Male- Children<18yrs	,Jharkhand,HMIS report,2026-09-01,Unconfirmed,Default columns,Row-dependent; Format Type is an exported dimension and no row values were supplied,Row-dependent; Facility Type is an exported dimension and no row values were supplied,Row-dependent; In-facility/Outreach/Total is an exported dimension,HMIS-RPTSCHEMA-JHARKHAND-20260901-001.headers.txt,3CE7ECB1702D0A54BF41DA4ED990C2D166EC5A82915434662CC9D17A5CE6F6EF,Schema observed in Jharkhand HMIS export downloaded 2026-09-01,Observed report manifestation; national/current applicability not established,,Pending deterministic matching in Task 6,Source occurrence captured; semantic reconciliation pending
HMIS-RPTCOL-JH-0324,HMIS-RPTSCHEMA-JHARKHAND-20260901-001,289,324,HMIS measure occurrence,M14,Patient Services,14.3.2.b,IPD Discharge Male- Adults<60yrs,	14.3.2.b :: IPD Discharge Male- Adults<60yrs	,Jharkhand,HMIS report,2026-09-01,Unconfirmed,Default columns,Row-dependent; Format Type is an exported dimension and no row values were supplied,Row-dependent; Facility Type is an exported dimension and no row values were supplied,Row-dependent; In-facility/Outreach/Total is an exported dimension,HMIS-RPTSCHEMA-JHARKHAND-20260901-001.headers.txt,3CE7ECB1702D0A54BF41DA4ED990C2D166EC5A82915434662CC9D17A5CE6F6EF,Schema observed in Jharkhand HMIS export downloaded 2026-09-01,Observed report manifestation; national/current applicability not established,,Pending deterministic matching in Task 6,Source occurrence captured; semantic reconciliation pending
HMIS-RPTCOL-JH-0325,HMIS-RPTSCHEMA-JHARKHAND-20260901-001,290,325,HMIS measure occurrence,M14,Patient Services,14.3.2.c,IPD Discharge Female- Children<18yrs,	14.3.2.c :: IPD Discharge Female- Children<18yrs	,Jharkhand,HMIS report,2026-09-01,Unconfirmed,Default columns,Row-dependent; Format Type is an exported dimension and no row values were supplied,Row-dependent; Facility Type is an exported dimension and no row values were supplied,Row-dependent; In-facility/Outreach/Total is an exported dimension,HMIS-RPTSCHEMA-JHARKHAND-20260901-001.headers.txt,3CE7ECB1702D0A54BF41DA4ED990C2D166EC5A82915434662CC9D17A5CE6F6EF,Schema observed in Jharkhand HMIS export downloaded 2026-09-01,Observed report manifestation; national/current applicability not established,,Pending deterministic matching in Task 6,Source occurrence captured; semantic reconciliation pending
HMIS-RPTCOL-JH-0326,HMIS-RPTSCHEMA-JHARKHAND-20260901-001,291,326,HMIS measure occurrence,M14,Patient Services,14.3.2.d,IPD Discharge Female- Adults<60yrs,	14.3.2.d :: IPD Discharge Female- Adults<60yrs	,Jharkhand,HMIS report,2026-09-01,Unconfirmed,Default columns,Row-dependent; Format Type is an exported dimension and no row values were supplied,Row-dependent; Facility Type is an exported dimension and no row values were supplied,Row-dependent; In-facility/Outreach/Total is an exported dimension,HMIS-RPTSCHEMA-JHARKHAND-20260901-001.headers.txt,3CE7ECB1702D0A54BF41DA4ED990C2D166EC5A82915434662CC9D17A5CE6F6EF,Schema observed in Jharkhand HMIS export downloaded 2026-09-01,Observed report manifestation; national/current applicability not established,,Pending deterministic matching in Task 6,Source occurrence captured; semantic reconciliation pending
HMIS-RPTCOL-JH-0327,HMIS-RPTSCHEMA-JHARKHAND-20260901-001,292,327,HMIS measure occurrence,M14,Patient Services,14.3.2.e,IPD Discharge Geriatric->=60yrs,	14.3.2.e :: IPD Discharge Geriatric->=60yrs	,Jharkhand,HMIS report,2026-09-01,Unconfirmed,Default columns,Row-dependent; Format Type is an exported dimension and no row values were supplied,Row-dependent; Facility Type is an exported dimension and no row values were supplied,Row-dependent; In-facility/Outreach/Total is an exported dimension,HMIS-RPTSCHEMA-JHARKHAND-20260901-001.headers.txt,3CE7ECB1702D0A54BF41DA4ED990C2D166EC5A82915434662CC9D17A5CE6F6EF,Schema observed in Jharkhand HMIS export downloaded 2026-09-01,Observed report manifestation; national/current applicability not established,,Pending deterministic matching in Task 6,Source occurrence captured; semantic reconciliation pending
HMIS-RPTCOL-JH-0328,HMIS-RPTSCHEMA-JHARKHAND-20260901-001,293,328,HMIS measure occurrence,M14,Patient Services,14.3.3.a,IPD Referred Male- Children<18yrs,	14.3.3.a :: IPD Referred Male- Children<18yrs	,Jharkhand,HMIS report,2026-09-01,Unconfirmed,Default columns,Row-dependent; Format Type is an exported dimension and no row values were supplied,Row-dependent; Facility Type is an exported dimension and no row values were supplied,Row-dependent; In-facility/Outreach/Total is an exported dimension,HMIS-RPTSCHEMA-JHARKHAND-20260901-001.headers.txt,3CE7ECB1702D0A54BF41DA4ED990C2D166EC5A82915434662CC9D17A5CE6F6EF,Schema observed in Jharkhand HMIS export downloaded 2026-09-01,Observed report manifestation; national/current applicability not established,,Pending deterministic matching in Task 6,Source occurrence captured; semantic reconciliation pending
HMIS-RPTCOL-JH-0329,HMIS-RPTSCHEMA-JHARKHAND-20260901-001,294,329,HMIS measure occurrence,M14,Patient Services,14.3.3.b,IPD Referred Male- Adults<60yrs,	14.3.3.b :: IPD Referred Male- Adults<60yrs	,Jharkhand,HMIS report,2026-09-01,Unconfirmed,Default columns,Row-dependent; Format Type is an exported dimension and no row values were supplied,Row-dependent; Facility Type is an exported dimension and no row values were supplied,Row-dependent; In-facility/Outreach/Total is an exported dimension,HMIS-RPTSCHEMA-JHARKHAND-20260901-001.headers.txt,3CE7ECB1702D0A54BF41DA4ED990C2D166EC5A82915434662CC9D17A5CE6F6EF,Schema observed in Jharkhand HMIS export downloaded 2026-09-01,Observed report manifestation; national/current applicability not established,,Pending deterministic matching in Task 6,Source occurrence captured; semantic reconciliation pending
HMIS-RPTCOL-JH-0330,HMIS-RPTSCHEMA-JHARKHAND-20260901-001,295,330,HMIS measure occurrence,M14,Patient Services,14.3.3.c,IPD Referred Female- Children<18yrs,	14.3.3.c :: IPD Referred Female- Children<18yrs	,Jharkhand,HMIS report,2026-09-01,Unconfirmed,Default columns,Row-dependent; Format Type is an exported dimension and no row values were supplied,Row-dependent; Facility Type is an exported dimension and no row values were supplied,Row-dependent; In-facility/Outreach/Total is an exported dimension,HMIS-RPTSCHEMA-JHARKHAND-20260901-001.headers.txt,3CE7ECB1702D0A54BF41DA4ED990C2D166EC5A82915434662CC9D17A5CE6F6EF,Schema observed in Jharkhand HMIS export downloaded 2026-09-01,Observed report manifestation; national/current applicability not established,,Pending deterministic matching in Task 6,Source occurrence captured; semantic reconciliation pending
HMIS-RPTCOL-JH-0331,HMIS-RPTSCHEMA-JHARKHAND-20260901-001,296,331,HMIS measure occurrence,M14,Patient Services,14.3.3.d,IPD Referred Female- Adults<60yrs,	14.3.3.d :: IPD Referred Female- Adults<60yrs	,Jharkhand,HMIS report,2026-09-01,Unconfirmed,Default columns,Row-dependent; Format Type is an exported dimension and no row values were supplied,Row-dependent; Facility Type is an exported dimension and no row values were supplied,Row-dependent; In-facility/Outreach/Total is an exported dimension,HMIS-RPTSCHEMA-JHARKHAND-20260901-001.headers.txt,3CE7ECB1702D0A54BF41DA4ED990C2D166EC5A82915434662CC9D17A5CE6F6EF,Schema observed in Jharkhand HMIS export downloaded 2026-09-01,Observed report manifestation; national/current applicability not established,,Pending deterministic matching in Task 6,Source occurrence captured; semantic reconciliation pending
HMIS-RPTCOL-JH-0332,HMIS-RPTSCHEMA-JHARKHAND-20260901-001,297,332,HMIS measure occurrence,M14,Patient Services,14.3.3.e,IPD Referred Geriatric->=60yrs,	14.3.3.e :: IPD Referred Geriatric->=60yrs	,Jharkhand,HMIS report,2026-09-01,Unconfirmed,Default columns,Row-dependent; Format Type is an exported dimension and no row values were supplied,Row-dependent; Facility Type is an exported dimension and no row values were supplied,Row-dependent; In-facility/Outreach/Total is an exported dimension,HMIS-RPTSCHEMA-JHARKHAND-20260901-001.headers.txt,3CE7ECB1702D0A54BF41DA4ED990C2D166EC5A82915434662CC9D17A5CE6F6EF,Schema observed in Jharkhand HMIS export downloaded 2026-09-01,Observed report manifestation; national/current applicability not established,,Pending deterministic matching in Task 6,Source occurrence captured; semantic reconciliation pending
HMIS-RPTCOL-JH-0333,HMIS-RPTSCHEMA-JHARKHAND-20260901-001,298,333,HMIS measure occurrence,M14,Patient Services,14.3.4.a,IPD Deaths Male- Children<18yrs,	14.3.4.a :: IPD Deaths Male- Children<18yrs	,Jharkhand,HMIS report,2026-09-01,Unconfirmed,Default columns,Row-dependent; Format Type is an exported dimension and no row values were supplied,Row-dependent; Facility Type is an exported dimension and no row values were supplied,Row-dependent; In-facility/Outreach/Total is an exported dimension,HMIS-RPTSCHEMA-JHARKHAND-20260901-001.headers.txt,3CE7ECB1702D0A54BF41DA4ED990C2D166EC5A82915434662CC9D17A5CE6F6EF,Schema observed in Jharkhand HMIS export downloaded 2026-09-01,Observed report manifestation; national/current applicability not established,,Pending deterministic matching in Task 6,Source occurrence captured; semantic reconciliation pending
HMIS-RPTCOL-JH-0334,HMIS-RPTSCHEMA-JHARKHAND-20260901-001,299,334,HMIS measure occurrence,M14,Patient Services,14.3.4.b,IPD Deaths Male- Adults<60yrs,	14.3.4.b :: IPD Deaths Male- Adults<60yrs	,Jharkhand,HMIS report,2026-09-01,Unconfirmed,Default columns,Row-dependent; Format Type is an exported dimension and no row values were supplied,Row-dependent; Facility Type is an exported dimension and no row values were supplied,Row-dependent; In-facility/Outreach/Total is an exported dimension,HMIS-RPTSCHEMA-JHARKHAND-20260901-001.headers.txt,3CE7ECB1702D0A54BF41DA4ED990C2D166EC5A82915434662CC9D17A5CE6F6EF,Schema observed in Jharkhand HMIS export downloaded 2026-09-01,Observed report manifestation; national/current applicability not established,,Pending deterministic matching in Task 6,Source occurrence captured; semantic reconciliation pending
HMIS-RPTCOL-JH-0335,HMIS-RPTSCHEMA-JHARKHAND-20260901-001,300,335,HMIS measure occurrence,M14,Patient Services,14.3.4.c,IPD Deaths Female- Children<18yrs,	14.3.4.c :: IPD Deaths Female- Children<18yrs	,Jharkhand,HMIS report,2026-09-01,Unconfirmed,Default columns,Row-dependent; Format Type is an exported dimension and no row values were supplied,Row-dependent; Facility Type is an exported dimension and no row values were supplied,Row-dependent; In-facility/Outreach/Total is an exported dimension,HMIS-RPTSCHEMA-JHARKHAND-20260901-001.headers.txt,3CE7ECB1702D0A54BF41DA4ED990C2D166EC5A82915434662CC9D17A5CE6F6EF,Schema observed in Jharkhand HMIS export downloaded 2026-09-01,Observed report manifestation; national/current applicability not established,,Pending deterministic matching in Task 6,Source occurrence captured; semantic reconciliation pending
HMIS-RPTCOL-JH-0336,HMIS-RPTSCHEMA-JHARKHAND-20260901-001,301,336,HMIS measure occurrence,M14,Patient Services,14.3.4.d,IPD Deaths Female- Adults<60yrs,	14.3.4.d :: IPD Deaths Female- Adults<60yrs	,Jharkhand,HMIS report,2026-09-01,Unconfirmed,Default columns,Row-dependent; Format Type is an exported dimension and no row values were supplied,Row-dependent; Facility Type is an exported dimension and no row values were supplied,Row-dependent; In-facility/Outreach/Total is an exported dimension,HMIS-RPTSCHEMA-JHARKHAND-20260901-001.headers.txt,3CE7ECB1702D0A54BF41DA4ED990C2D166EC5A82915434662CC9D17A5CE6F6EF,Schema observed in Jharkhand HMIS export downloaded 2026-09-01,Observed report manifestation; national/current applicability not established,,Pending deterministic matching in Task 6,Source occurrence captured; semantic reconciliation pending
HMIS-RPTCOL-JH-0337,HMIS-RPTSCHEMA-JHARKHAND-20260901-001,302,337,HMIS measure occurrence,M14,Patient Services,14.3.4.e,IPD Deaths Geriatric->=60yrs,	14.3.4.e :: IPD Deaths Geriatric->=60yrs	,Jharkhand,HMIS report,2026-09-01,Unconfirmed,Default columns,Row-dependent; Format Type is an exported dimension and no row values were supplied,Row-dependent; Facility Type is an exported dimension and no row values were supplied,Row-dependent; In-facility/Outreach/Total is an exported dimension,HMIS-RPTSCHEMA-JHARKHAND-20260901-001.headers.txt,3CE7ECB1702D0A54BF41DA4ED990C2D166EC5A82915434662CC9D17A5CE6F6EF,Schema observed in Jharkhand HMIS export downloaded 2026-09-01,Observed report manifestation; national/current applicability not established,,Pending deterministic matching in Task 6,Source occurrence captured; semantic reconciliation pending
HMIS-RPTCOL-JH-0338,HMIS-RPTSCHEMA-JHARKHAND-20260901-001,303,338,HMIS measure occurrence,M14,Patient Services,14.3.5.a,Total cases Referred out (OPD+IPD+Emergency)-During Day,	14.3.5.a :: Total cases Referred out  (OPD+IPD+Emergency)-During Day 	,Jharkhand,HMIS report,2026-09-01,Unconfirmed,Default columns,Row-dependent; Format Type is an exported dimension and no row values were supplied,Row-dependent; Facility Type is an exported dimension and no row values were supplied,Row-dependent; In-facility/Outreach/Total is an exported dimension,HMIS-RPTSCHEMA-JHARKHAND-20260901-001.headers.txt,3CE7ECB1702D0A54BF41DA4ED990C2D166EC5A82915434662CC9D17A5CE6F6EF,Schema observed in Jharkhand HMIS export downloaded 2026-09-01,Observed report manifestation; national/current applicability not established,,Pending deterministic matching in Task 6,Source occurrence captured; semantic reconciliation pending
HMIS-RPTCOL-JH-0339,HMIS-RPTSCHEMA-JHARKHAND-20260901-001,304,339,HMIS measure occurrence,M14,Patient Services,14.3.5.b,Total cases Referred out (OPD+IPD+Emergency)-At Night (8 PM- 8 AM),	14.3.5.b :: Total cases Referred out  (OPD+IPD+Emergency)-At Night (8 PM- 8 AM)	,Jharkhand,HMIS report,2026-09-01,Unconfirmed,Default columns,Row-dependent; Format Type is an exported dimension and no row values were supplied,Row-dependent; Facility Type is an exported dimension and no row values were supplied,Row-dependent; In-facility/Outreach/Total is an exported dimension,HMIS-RPTSCHEMA-JHARKHAND-20260901-001.headers.txt,3CE7ECB1702D0A54BF41DA4ED990C2D166EC5A82915434662CC9D17A5CE6F6EF,Schema observed in Jharkhand HMIS export downloaded 2026-09-01,Observed report manifestation; national/current applicability not established,,Pending deterministic matching in Task 6,Source occurrence captured; semantic reconciliation pending
HMIS-RPTCOL-JH-0340,HMIS-RPTSCHEMA-JHARKHAND-20260901-001,305,340,HMIS measure occurrence,M14,Patient Services,14.3.6,Day Care Admissions,	14.3.6. :: Day Care Admissions	,Jharkhand,HMIS report,2026-09-01,Unconfirmed,Default columns,Row-dependent; Format Type is an exported dimension and no row values were supplied,Row-dependent; Facility Type is an exported dimension and no row values were supplied,Row-dependent; In-facility/Outreach/Total is an exported dimension,HMIS-RPTSCHEMA-JHARKHAND-20260901-001.headers.txt,3CE7ECB1702D0A54BF41DA4ED990C2D166EC5A82915434662CC9D17A5CE6F6EF,Schema observed in Jharkhand HMIS export downloaded 2026-09-01,Observed report manifestation; national/current applicability not established,,Pending deterministic matching in Task 6,Source occurrence captured; semantic reconciliation pending
HMIS-RPTCOL-JH-0341,HMIS-RPTSCHEMA-JHARKHAND-20260901-001,306,341,HMIS measure occurrence,M14,Patient Services,14.3.7.a,Number of Total Left Against Medical Advice (LAMA) cases reported at the facility,	14.3.7.a :: Number of Total Left Against Medical Advice (LAMA) cases reported at the facility	,Jharkhand,HMIS report,2026-09-01,Unconfirmed,Default columns,Row-dependent; Format Type is an exported dimension and no row values were supplied,Row-dependent; Facility Type is an exported dimension and no row values were supplied,Row-dependent; In-facility/Outreach/Total is an exported dimension,HMIS-RPTSCHEMA-JHARKHAND-20260901-001.headers.txt,3CE7ECB1702D0A54BF41DA4ED990C2D166EC5A82915434662CC9D17A5CE6F6EF,Schema observed in Jharkhand HMIS export downloaded 2026-09-01,Observed report manifestation; national/current applicability not established,,Pending deterministic matching in Task 6,Source occurrence captured; semantic reconciliation pending
HMIS-RPTCOL-JH-0342,HMIS-RPTSCHEMA-JHARKHAND-20260901-001,307,342,HMIS measure occurrence,M14,Patient Services,14.3.7.b,Number of delivery LAMA cases reported at the facility,	14.3.7.b :: Number of delivery LAMA cases reported at the facility	,Jharkhand,HMIS report,2026-09-01,Unconfirmed,Default columns,Row-dependent; Format Type is an exported dimension and no row values were supplied,Row-dependent; Facility Type is an exported dimension and no row values were supplied,Row-dependent; In-facility/Outreach/Total is an exported dimension,HMIS-RPTSCHEMA-JHARKHAND-20260901-001.headers.txt,3CE7ECB1702D0A54BF41DA4ED990C2D166EC5A82915434662CC9D17A5CE6F6EF,Schema observed in Jharkhand HMIS export downloaded 2026-09-01,Observed report manifestation; national/current applicability not established,,Pending deterministic matching in Task 6,Source occurrence captured; semantic reconciliation pending
HMIS-RPTCOL-JH-0343,HMIS-RPTSCHEMA-JHARKHAND-20260901-001,308,343,HMIS measure occurrence,M14,Patient Services,14.3.8,Total number of Medico Legal Cases reported at the facility,	14.3.8 :: Total number of Medico Legal Cases reported at the facility	,Jharkhand,HMIS report,2026-09-01,Unconfirmed,Default columns,Row-dependent; Format Type is an exported dimension and no row values were supplied,Row-dependent; Facility Type is an exported dimension and no row values were supplied,Row-dependent; In-facility/Outreach/Total is an exported dimension,HMIS-RPTSCHEMA-JHARKHAND-20260901-001.headers.txt,3CE7ECB1702D0A54BF41DA4ED990C2D166EC5A82915434662CC9D17A5CE6F6EF,Schema observed in Jharkhand HMIS export downloaded 2026-09-01,Observed report manifestation; national/current applicability not established,,Pending deterministic matching in Task 6,Source occurrence captured; semantic reconciliation pending
HMIS-RPTCOL-JH-0344,HMIS-RPTSCHEMA-JHARKHAND-20260901-001,309,344,HMIS measure occurrence,M14,Patient Services,14.3.9,Total number of postmortem conducted at the facility,	14.3.9 :: Total number of postmortem conducted at the facility	,Jharkhand,HMIS report,2026-09-01,Unconfirmed,Default columns,Row-dependent; Format Type is an exported dimension and no row values were supplied,Row-dependent; Facility Type is an exported dimension and no row values were supplied,Row-dependent; In-facility/Outreach/Total is an exported dimension,HMIS-RPTSCHEMA-JHARKHAND-20260901-001.headers.txt,3CE7ECB1702D0A54BF41DA4ED990C2D166EC5A82915434662CC9D17A5CE6F6EF,Schema observed in Jharkhand HMIS export downloaded 2026-09-01,Observed report manifestation; national/current applicability not established,,Pending deterministic matching in Task 6,Source occurrence captured; semantic reconciliation pending
HMIS-RPTCOL-JH-0345,HMIS-RPTSCHEMA-JHARKHAND-20260901-001,310,345,HMIS measure occurrence,M14,Patient Services,14.3.10,Total number of telemedicine consultation provided,	14.3.10. :: Total number of telemedicine consultation provided	,Jharkhand,HMIS report,2026-09-01,Unconfirmed,Default columns,Row-dependent; Format Type is an exported dimension and no row values were supplied,Row-dependent; Facility Type is an exported dimension and no row values were supplied,Row-dependent; In-facility/Outreach/Total is an exported dimension,HMIS-RPTSCHEMA-JHARKHAND-20260901-001.headers.txt,3CE7ECB1702D0A54BF41DA4ED990C2D166EC5A82915434662CC9D17A5CE6F6EF,Schema observed in Jharkhand HMIS export downloaded 2026-09-01,Observed report manifestation; national/current applicability not established,,Pending deterministic matching in Task 6,Source occurrence captured; semantic reconciliation pending
HMIS-RPTCOL-JH-0346,HMIS-RPTSCHEMA-JHARKHAND-20260901-001,311,346,HMIS measure occurrence,M14,Patient Services,14.4.1,Inpatient - Malaria,	14.4.1. :: Inpatient - Malaria 	,Jharkhand,HMIS report,2026-09-01,Unconfirmed,Default columns,Row-dependent; Format Type is an exported dimension and no row values were supplied,Row-dependent; Facility Type is an exported dimension and no row values were supplied,Row-dependent; In-facility/Outreach/Total is an exported dimension,HMIS-RPTSCHEMA-JHARKHAND-20260901-001.headers.txt,3CE7ECB1702D0A54BF41DA4ED990C2D166EC5A82915434662CC9D17A5CE6F6EF,Schema observed in Jharkhand HMIS export downloaded 2026-09-01,Observed report manifestation; national/current applicability not established,,Pending deterministic matching in Task 6,Source occurrence captured; semantic reconciliation pending
HMIS-RPTCOL-JH-0347,HMIS-RPTSCHEMA-JHARKHAND-20260901-001,312,347,HMIS measure occurrence,M14,Patient Services,14.4.2,Inpatient - Dengue,	14.4.2. :: Inpatient - Dengue	,Jharkhand,HMIS report,2026-09-01,Unconfirmed,Default columns,Row-dependent; Format Type is an exported dimension and no row values were supplied,Row-dependent; Facility Type is an exported dimension and no row values were supplied,Row-dependent; In-facility/Outreach/Total is an exported dimension,HMIS-RPTSCHEMA-JHARKHAND-20260901-001.headers.txt,3CE7ECB1702D0A54BF41DA4ED990C2D166EC5A82915434662CC9D17A5CE6F6EF,Schema observed in Jharkhand HMIS export downloaded 2026-09-01,Observed report manifestation; national/current applicability not established,,Pending deterministic matching in Task 6,Source occurrence captured; semantic reconciliation pending
HMIS-RPTCOL-JH-0348,HMIS-RPTSCHEMA-JHARKHAND-20260901-001,313,348,HMIS measure occurrence,M14,Patient Services,14.4.3,Inpatient - Typhoid,	14.4.3. :: Inpatient - Typhoid	,Jharkhand,HMIS report,2026-09-01,Unconfirmed,Default columns,Row-dependent; Format Type is an exported dimension and no row values were supplied,Row-dependent; Facility Type is an exported dimension and no row values were supplied,Row-dependent; In-facility/Outreach/Total is an exported dimension,HMIS-RPTSCHEMA-JHARKHAND-20260901-001.headers.txt,3CE7ECB1702D0A54BF41DA4ED990C2D166EC5A82915434662CC9D17A5CE6F6EF,Schema observed in Jharkhand HMIS export downloaded 2026-09-01,Observed report manifestation; national/current applicability not established,,Pending deterministic matching in Task 6,Source occurrence captured; semantic reconciliation pending
HMIS-RPTCOL-JH-0349,HMIS-RPTSCHEMA-JHARKHAND-20260901-001,314,349,HMIS measure occurrence,M14,Patient Services,14.4.4,"Inpatient - Asthma, Chronic Obstructive Pulmonary Disease (COPD), Respiratory infections","	14.4.4. :: Inpatient - Asthma, Chronic Obstructive Pulmonary Disease (COPD), Respiratory infections	",Jharkhand,HMIS report,2026-09-01,Unconfirmed,Default columns,Row-dependent; Format Type is an exported dimension and no row values were supplied,Row-dependent; Facility Type is an exported dimension and no row values were supplied,Row-dependent; In-facility/Outreach/Total is an exported dimension,HMIS-RPTSCHEMA-JHARKHAND-20260901-001.headers.txt,3CE7ECB1702D0A54BF41DA4ED990C2D166EC5A82915434662CC9D17A5CE6F6EF,Schema observed in Jharkhand HMIS export downloaded 2026-09-01,Observed report manifestation; national/current applicability not established,,Pending deterministic matching in Task 6,Source occurrence captured; semantic reconciliation pending
HMIS-RPTCOL-JH-0350,HMIS-RPTSCHEMA-JHARKHAND-20260901-001,315,350,HMIS measure occurrence,M14,Patient Services,14.4.5,Inpatient - Tuberculosis,	14.4.5. :: Inpatient - Tuberculosis	,Jharkhand,HMIS report,2026-09-01,Unconfirmed,Default columns,Row-dependent; Format Type is an exported dimension and no row values were supplied,Row-dependent; Facility Type is an exported dimension and no row values were supplied,Row-dependent; In-facility/Outreach/Total is an exported dimension,HMIS-RPTSCHEMA-JHARKHAND-20260901-001.headers.txt,3CE7ECB1702D0A54BF41DA4ED990C2D166EC5A82915434662CC9D17A5CE6F6EF,Schema observed in Jharkhand HMIS export downloaded 2026-09-01,Observed report manifestation; national/current applicability not established,,Pending deterministic matching in Task 6,Source occurrence captured; semantic reconciliation pending
HMIS-RPTCOL-JH-0351,HMIS-RPTSCHEMA-JHARKHAND-20260901-001,316,351,HMIS measure occurrence,M14,Patient Services,14.4.6,Inpatient - Pyrexia of unknown origin (PUO),	14.4.6. :: Inpatient - Pyrexia of unknown origin (PUO)	,Jharkhand,HMIS report,2026-09-01,Unconfirmed,Default columns,Row-dependent; Format Type is an exported dimension and no row values were supplied,Row-dependent; Facility Type is an exported dimension and no row values were supplied,Row-dependent; In-facility/Outreach/Total is an exported dimension,HMIS-RPTSCHEMA-JHARKHAND-20260901-001.headers.txt,3CE7ECB1702D0A54BF41DA4ED990C2D166EC5A82915434662CC9D17A5CE6F6EF,Schema observed in Jharkhand HMIS export downloaded 2026-09-01,Observed report manifestation; national/current applicability not established,,Pending deterministic matching in Task 6,Source occurrence captured; semantic reconciliation pending
HMIS-RPTCOL-JH-0352,HMIS-RPTSCHEMA-JHARKHAND-20260901-001,317,352,HMIS measure occurrence,M14,Patient Services,14.4.7,Inpatient - Diarrhoea with dehydration,	14.4.7. :: Inpatient - Diarrhoea with dehydration	,Jharkhand,HMIS report,2026-09-01,Unconfirmed,Default columns,Row-dependent; Format Type is an exported dimension and no row values were supplied,Row-dependent; Facility Type is an exported dimension and no row values were supplied,Row-dependent; In-facility/Outreach/Total is an exported dimension,HMIS-RPTSCHEMA-JHARKHAND-20260901-001.headers.txt,3CE7ECB1702D0A54BF41DA4ED990C2D166EC5A82915434662CC9D17A5CE6F6EF,Schema observed in Jharkhand HMIS export downloaded 2026-09-01,Observed report manifestation; national/current applicability not established,,Pending deterministic matching in Task 6,Source occurrence captured; semantic reconciliation pending
HMIS-RPTCOL-JH-0353,HMIS-RPTSCHEMA-JHARKHAND-20260901-001,318,353,HMIS measure occurrence,M14,Patient Services,14.4.8,Inpatient – Leprosy (Reconstructive Surgery),	14.4.8. :: Inpatient – Leprosy (Reconstructive Surgery) 	,Jharkhand,HMIS report,2026-09-01,Unconfirmed,Default columns,Row-dependent; Format Type is an exported dimension and no row values were supplied,Row-dependent; Facility Type is an exported dimension and no row values were supplied,Row-dependent; In-facility/Outreach/Total is an exported dimension,HMIS-RPTSCHEMA-JHARKHAND-20260901-001.headers.txt,3CE7ECB1702D0A54BF41DA4ED990C2D166EC5A82915434662CC9D17A5CE6F6EF,Schema observed in Jharkhand HMIS export downloaded 2026-09-01,Observed report manifestation; national/current applicability not established,,Pending deterministic matching in Task 6,Source occurrence captured; semantic reconciliation pending
HMIS-RPTCOL-JH-0354,HMIS-RPTSCHEMA-JHARKHAND-20260901-001,319,354,HMIS measure occurrence,M14,Patient Services,14.4.9,Inpatient – Operated for Cataract,	14.4.9. :: Inpatient – Operated for Cataract	,Jharkhand,HMIS report,2026-09-01,Unconfirmed,Default columns,Row-dependent; Format Type is an exported dimension and no row values were supplied,Row-dependent; Facility Type is an exported dimension and no row values were supplied,Row-dependent; In-facility/Outreach/Total is an exported dimension,HMIS-RPTSCHEMA-JHARKHAND-20260901-001.headers.txt,3CE7ECB1702D0A54BF41DA4ED990C2D166EC5A82915434662CC9D17A5CE6F6EF,Schema observed in Jharkhand HMIS export downloaded 2026-09-01,Observed report manifestation; national/current applicability not established,,Pending deterministic matching in Task 6,Source occurrence captured; semantic reconciliation pending
HMIS-RPTCOL-JH-0355,HMIS-RPTSCHEMA-JHARKHAND-20260901-001,320,355,HMIS measure occurrence,M14,Patient Services,14.4.10,Inpatient – Palliative Care,	14.4.10. :: Inpatient – Palliative Care	,Jharkhand,HMIS report,2026-09-01,Unconfirmed,Default columns,Row-dependent; Format Type is an exported dimension and no row values were supplied,Row-dependent; Facility Type is an exported dimension and no row values were supplied,Row-dependent; In-facility/Outreach/Total is an exported dimension,HMIS-RPTSCHEMA-JHARKHAND-20260901-001.headers.txt,3CE7ECB1702D0A54BF41DA4ED990C2D166EC5A82915434662CC9D17A5CE6F6EF,Schema observed in Jharkhand HMIS export downloaded 2026-09-01,Observed report manifestation; national/current applicability not established,,Pending deterministic matching in Task 6,Source occurrence captured; semantic reconciliation pending
HMIS-RPTCOL-JH-0356,HMIS-RPTSCHEMA-JHARKHAND-20260901-001,321,356,HMIS measure occurrence,M14,Patient Services,14.4.11,Inpatient – Mental illness,	14.4.11. :: Inpatient – Mental illness	,Jharkhand,HMIS report,2026-09-01,Unconfirmed,Default columns,Row-dependent; Format Type is an exported dimension and no row values were supplied,Row-dependent; Facility Type is an exported dimension and no row values were supplied,Row-dependent; In-facility/Outreach/Total is an exported dimension,HMIS-RPTSCHEMA-JHARKHAND-20260901-001.headers.txt,3CE7ECB1702D0A54BF41DA4ED990C2D166EC5A82915434662CC9D17A5CE6F6EF,Schema observed in Jharkhand HMIS export downloaded 2026-09-01,Observed report manifestation; national/current applicability not established,,Pending deterministic matching in Task 6,Source occurrence captured; semantic reconciliation pending
HMIS-RPTCOL-JH-0357,HMIS-RPTSCHEMA-JHARKHAND-20260901-001,322,357,HMIS measure occurrence,M14,Patient Services,14.5.1,Patients registered at Emergency Department,	14.5.1. :: Patients registered at Emergency Department	,Jharkhand,HMIS report,2026-09-01,Unconfirmed,Default columns,Row-dependent; Format Type is an exported dimension and no row values were supplied,Row-dependent; Facility Type is an exported dimension and no row values were supplied,Row-dependent; In-facility/Outreach/Total is an exported dimension,HMIS-RPTSCHEMA-JHARKHAND-20260901-001.headers.txt,3CE7ECB1702D0A54BF41DA4ED990C2D166EC5A82915434662CC9D17A5CE6F6EF,Schema observed in Jharkhand HMIS export downloaded 2026-09-01,Observed report manifestation; national/current applicability not established,,Pending deterministic matching in Task 6,Source occurrence captured; semantic reconciliation pending
HMIS-RPTCOL-JH-0358,HMIS-RPTSCHEMA-JHARKHAND-20260901-001,323,358,HMIS measure occurrence,M14,Patient Services,14.5.2,No. of Emergencies managed at night (8 PM- 8 AM),	14.5.2. :: No. of Emergencies managed at night (8 PM- 8 AM)	,Jharkhand,HMIS report,2026-09-01,Unconfirmed,Default columns,Row-dependent; Format Type is an exported dimension and no row values were supplied,Row-dependent; Facility Type is an exported dimension and no row values were supplied,Row-dependent; In-facility/Outreach/Total is an exported dimension,HMIS-RPTSCHEMA-JHARKHAND-20260901-001.headers.txt,3CE7ECB1702D0A54BF41DA4ED990C2D166EC5A82915434662CC9D17A5CE6F6EF,Schema observed in Jharkhand HMIS export downloaded 2026-09-01,Observed report manifestation; national/current applicability not established,,Pending deterministic matching in Task 6,Source occurrence captured; semantic reconciliation pending
HMIS-RPTCOL-JH-0359,HMIS-RPTSCHEMA-JHARKHAND-20260901-001,324,359,HMIS measure occurrence,M14,Patient Services,14.5.3,Total Number of Emergency cases managed,	14.5.3. :: Total Number of Emergency cases managed 	,Jharkhand,HMIS report,2026-09-01,Unconfirmed,Default columns,Row-dependent; Format Type is an exported dimension and no row values were supplied,Row-dependent; Facility Type is an exported dimension and no row values were supplied,Row-dependent; In-facility/Outreach/Total is an exported dimension,HMIS-RPTSCHEMA-JHARKHAND-20260901-001.headers.txt,3CE7ECB1702D0A54BF41DA4ED990C2D166EC5A82915434662CC9D17A5CE6F6EF,Schema observed in Jharkhand HMIS export downloaded 2026-09-01,Observed report manifestation; national/current applicability not established,,Pending deterministic matching in Task 6,Source occurrence captured; semantic reconciliation pending
HMIS-RPTCOL-JH-0360,HMIS-RPTSCHEMA-JHARKHAND-20260901-001,325,360,HMIS measure occurrence,M14,Patient Services,14.5.4,Total Number of Emergency cases referred out,	14.5.4. :: Total Number of Emergency cases referred out 	,Jharkhand,HMIS report,2026-09-01,Unconfirmed,Default columns,Row-dependent; Format Type is an exported dimension and no row values were supplied,Row-dependent; Facility Type is an exported dimension and no row values were supplied,Row-dependent; In-facility/Outreach/Total is an exported dimension,HMIS-RPTSCHEMA-JHARKHAND-20260901-001.headers.txt,3CE7ECB1702D0A54BF41DA4ED990C2D166EC5A82915434662CC9D17A5CE6F6EF,Schema observed in Jharkhand HMIS export downloaded 2026-09-01,Observed report manifestation; national/current applicability not established,,Pending deterministic matching in Task 6,Source occurrence captured; semantic reconciliation pending
HMIS-RPTCOL-JH-0361,HMIS-RPTSCHEMA-JHARKHAND-20260901-001,326,361,HMIS measure occurrence,M14,Patient Services,14.5.5,Total Number of CPR performed in the emergency,	14.5.5. :: Total Number of CPR performed in the emergency 	,Jharkhand,HMIS report,2026-09-01,Unconfirmed,Default columns,Row-dependent; Format Type is an exported dimension and no row values were supplied,Row-dependent; Facility Type is an exported dimension and no row values were supplied,Row-dependent; In-facility/Outreach/Total is an exported dimension,HMIS-RPTSCHEMA-JHARKHAND-20260901-001.headers.txt,3CE7ECB1702D0A54BF41DA4ED990C2D166EC5A82915434662CC9D17A5CE6F6EF,Schema observed in Jharkhand HMIS export downloaded 2026-09-01,Observed report manifestation; national/current applicability not established,,Pending deterministic matching in Task 6,Source occurrence captured; semantic reconciliation pending
HMIS-RPTCOL-JH-0362,HMIS-RPTSCHEMA-JHARKHAND-20260901-001,327,362,HMIS measure occurrence,M14,Patient Services,14.6.1.a,"Emergency - Trauma ( accident, injury, poisoning etc) -Admission","	14.6.1.a :: Emergency - Trauma ( accident, injury, poisoning etc) -Admission	",Jharkhand,HMIS report,2026-09-01,Unconfirmed,Default columns,Row-dependent; Format Type is an exported dimension and no row values were supplied,Row-dependent; Facility Type is an exported dimension and no row values were supplied,Row-dependent; In-facility/Outreach/Total is an exported dimension,HMIS-RPTSCHEMA-JHARKHAND-20260901-001.headers.txt,3CE7ECB1702D0A54BF41DA4ED990C2D166EC5A82915434662CC9D17A5CE6F6EF,Schema observed in Jharkhand HMIS export downloaded 2026-09-01,Observed report manifestation; national/current applicability not established,,Pending deterministic matching in Task 6,Source occurrence captured; semantic reconciliation pending
HMIS-RPTCOL-JH-0363,HMIS-RPTSCHEMA-JHARKHAND-20260901-001,328,363,HMIS measure occurrence,M14,Patient Services,14.6.1.b,"Emergency - Trauma ( accident, injury, poisoning etc) -Deaths","	14.6.1.b :: Emergency - Trauma ( accident, injury, poisoning etc) -Deaths	",Jharkhand,HMIS report,2026-09-01,Unconfirmed,Default columns,Row-dependent; Format Type is an exported dimension and no row values were supplied,Row-dependent; Facility Type is an exported dimension and no row values were supplied,Row-dependent; In-facility/Outreach/Total is an exported dimension,HMIS-RPTSCHEMA-JHARKHAND-20260901-001.headers.txt,3CE7ECB1702D0A54BF41DA4ED990C2D166EC5A82915434662CC9D17A5CE6F6EF,Schema observed in Jharkhand HMIS export downloaded 2026-09-01,Observed report manifestation; national/current applicability not established,,Pending deterministic matching in Task 6,Source occurrence captured; semantic reconciliation pending
HMIS-RPTCOL-JH-0364,HMIS-RPTSCHEMA-JHARKHAND-20260901-001,329,364,HMIS measure occurrence,M14,Patient Services,14.6.2.a,Emergency - Burn -Admission,	14.6.2.a :: Emergency - Burn -Admission	,Jharkhand,HMIS report,2026-09-01,Unconfirmed,Default columns,Row-dependent; Format Type is an exported dimension and no row values were supplied,Row-dependent; Facility Type is an exported dimension and no row values were supplied,Row-dependent; In-facility/Outreach/Total is an exported dimension,HMIS-RPTSCHEMA-JHARKHAND-20260901-001.headers.txt,3CE7ECB1702D0A54BF41DA4ED990C2D166EC5A82915434662CC9D17A5CE6F6EF,Schema observed in Jharkhand HMIS export downloaded 2026-09-01,Observed report manifestation; national/current applicability not established,,Pending deterministic matching in Task 6,Source occurrence captured; semantic reconciliation pending
HMIS-RPTCOL-JH-0365,HMIS-RPTSCHEMA-JHARKHAND-20260901-001,330,365,HMIS measure occurrence,M14,Patient Services,14.6.2.b,Emergency - Burn -Deaths,	14.6.2.b :: Emergency - Burn -Deaths	,Jharkhand,HMIS report,2026-09-01,Unconfirmed,Default columns,Row-dependent; Format Type is an exported dimension and no row values were supplied,Row-dependent; Facility Type is an exported dimension and no row values were supplied,Row-dependent; In-facility/Outreach/Total is an exported dimension,HMIS-RPTSCHEMA-JHARKHAND-20260901-001.headers.txt,3CE7ECB1702D0A54BF41DA4ED990C2D166EC5A82915434662CC9D17A5CE6F6EF,Schema observed in Jharkhand HMIS export downloaded 2026-09-01,Observed report manifestation; national/current applicability not established,,Pending deterministic matching in Task 6,Source occurrence captured; semantic reconciliation pending
HMIS-RPTCOL-JH-0366,HMIS-RPTSCHEMA-JHARKHAND-20260901-001,331,366,HMIS measure occurrence,M14,Patient Services,14.6.3.a,Emergency - Obstetrics complications -Admission,	14.6.3.a :: Emergency - Obstetrics complications -Admission	,Jharkhand,HMIS report,2026-09-01,Unconfirmed,Default columns,Row-dependent; Format Type is an exported dimension and no row values were supplied,Row-dependent; Facility Type is an exported dimension and no row values were supplied,Row-dependent; In-facility/Outreach/Total is an exported dimension,HMIS-RPTSCHEMA-JHARKHAND-20260901-001.headers.txt,3CE7ECB1702D0A54BF41DA4ED990C2D166EC5A82915434662CC9D17A5CE6F6EF,Schema observed in Jharkhand HMIS export downloaded 2026-09-01,Observed report manifestation; national/current applicability not established,,Pending deterministic matching in Task 6,Source occurrence captured; semantic reconciliation pending
HMIS-RPTCOL-JH-0367,HMIS-RPTSCHEMA-JHARKHAND-20260901-001,332,367,HMIS measure occurrence,M14,Patient Services,14.6.3.b,Emergency - Obstetrics complications -Deaths,	14.6.3.b :: Emergency - Obstetrics complications -Deaths	,Jharkhand,HMIS report,2026-09-01,Unconfirmed,Default columns,Row-dependent; Format Type is an exported dimension and no row values were supplied,Row-dependent; Facility Type is an exported dimension and no row values were supplied,Row-dependent; In-facility/Outreach/Total is an exported dimension,HMIS-RPTSCHEMA-JHARKHAND-20260901-001.headers.txt,3CE7ECB1702D0A54BF41DA4ED990C2D166EC5A82915434662CC9D17A5CE6F6EF,Schema observed in Jharkhand HMIS export downloaded 2026-09-01,Observed report manifestation; national/current applicability not established,,Pending deterministic matching in Task 6,Source occurrence captured; semantic reconciliation pending
HMIS-RPTCOL-JH-0368,HMIS-RPTSCHEMA-JHARKHAND-20260901-001,333,368,HMIS measure occurrence,M14,Patient Services,14.6.4.a,Emergency - Snake Bite -Admission,	14.6.4.a :: Emergency - Snake Bite -Admission	,Jharkhand,HMIS report,2026-09-01,Unconfirmed,Default columns,Row-dependent; Format Type is an exported dimension and no row values were supplied,Row-dependent; Facility Type is an exported dimension and no row values were supplied,Row-dependent; In-facility/Outreach/Total is an exported dimension,HMIS-RPTSCHEMA-JHARKHAND-20260901-001.headers.txt,3CE7ECB1702D0A54BF41DA4ED990C2D166EC5A82915434662CC9D17A5CE6F6EF,Schema observed in Jharkhand HMIS export downloaded 2026-09-01,Observed report manifestation; national/current applicability not established,,Pending deterministic matching in Task 6,Source occurrence captured; semantic reconciliation pending
HMIS-RPTCOL-JH-0369,HMIS-RPTSCHEMA-JHARKHAND-20260901-001,334,369,HMIS measure occurrence,M14,Patient Services,14.6.4.b,Emergency - Snake Bite -Deaths,	14.6.4.b :: Emergency - Snake Bite -Deaths	,Jharkhand,HMIS report,2026-09-01,Unconfirmed,Default columns,Row-dependent; Format Type is an exported dimension and no row values were supplied,Row-dependent; Facility Type is an exported dimension and no row values were supplied,Row-dependent; In-facility/Outreach/Total is an exported dimension,HMIS-RPTSCHEMA-JHARKHAND-20260901-001.headers.txt,3CE7ECB1702D0A54BF41DA4ED990C2D166EC5A82915434662CC9D17A5CE6F6EF,Schema observed in Jharkhand HMIS export downloaded 2026-09-01,Observed report manifestation; national/current applicability not established,,Pending deterministic matching in Task 6,Source occurrence captured; semantic reconciliation pending
HMIS-RPTCOL-JH-0370,HMIS-RPTSCHEMA-JHARKHAND-20260901-001,335,370,HMIS measure occurrence,M14,Patient Services,14.6.5.a,Emergency - Acute Cardiac Emergencies -Admission,	14.6.5.a :: Emergency - Acute Cardiac Emergencies -Admission	,Jharkhand,HMIS report,2026-09-01,Unconfirmed,Default columns,Row-dependent; Format Type is an exported dimension and no row values were supplied,Row-dependent; Facility Type is an exported dimension and no row values were supplied,Row-dependent; In-facility/Outreach/Total is an exported dimension,HMIS-RPTSCHEMA-JHARKHAND-20260901-001.headers.txt,3CE7ECB1702D0A54BF41DA4ED990C2D166EC5A82915434662CC9D17A5CE6F6EF,Schema observed in Jharkhand HMIS export downloaded 2026-09-01,Observed report manifestation; national/current applicability not established,,Pending deterministic matching in Task 6,Source occurrence captured; semantic reconciliation pending
HMIS-RPTCOL-JH-0371,HMIS-RPTSCHEMA-JHARKHAND-20260901-001,336,371,HMIS measure occurrence,M14,Patient Services,14.6.5.b,Emergency - Acute Cardiac Emergencies -Deaths,	14.6.5.b :: Emergency - Acute Cardiac Emergencies -Deaths	,Jharkhand,HMIS report,2026-09-01,Unconfirmed,Default columns,Row-dependent; Format Type is an exported dimension and no row values were supplied,Row-dependent; Facility Type is an exported dimension and no row values were supplied,Row-dependent; In-facility/Outreach/Total is an exported dimension,HMIS-RPTSCHEMA-JHARKHAND-20260901-001.headers.txt,3CE7ECB1702D0A54BF41DA4ED990C2D166EC5A82915434662CC9D17A5CE6F6EF,Schema observed in Jharkhand HMIS export downloaded 2026-09-01,Observed report manifestation; national/current applicability not established,,Pending deterministic matching in Task 6,Source occurrence captured; semantic reconciliation pending
HMIS-RPTCOL-JH-0372,HMIS-RPTSCHEMA-JHARKHAND-20260901-001,337,372,HMIS measure occurrence,M14,Patient Services,14.6.6.a,Emergency - CVA (Cerebrovascular Disease)/Stroke -Admission,	14.6.6.a :: Emergency - CVA (Cerebrovascular Disease)/Stroke -Admission	,Jharkhand,HMIS report,2026-09-01,Unconfirmed,Default columns,Row-dependent; Format Type is an exported dimension and no row values were supplied,Row-dependent; Facility Type is an exported dimension and no row values were supplied,Row-dependent; In-facility/Outreach/Total is an exported dimension,HMIS-RPTSCHEMA-JHARKHAND-20260901-001.headers.txt,3CE7ECB1702D0A54BF41DA4ED990C2D166EC5A82915434662CC9D17A5CE6F6EF,Schema observed in Jharkhand HMIS export downloaded 2026-09-01,Observed report manifestation; national/current applicability not established,,Pending deterministic matching in Task 6,Source occurrence captured; semantic reconciliation pending
HMIS-RPTCOL-JH-0373,HMIS-RPTSCHEMA-JHARKHAND-20260901-001,338,373,HMIS measure occurrence,M14,Patient Services,14.6.6.b,Emergency - CVA (Cerebrovascular Disease)/Stroke -Deaths,	14.6.6.b :: Emergency - CVA (Cerebrovascular Disease)/Stroke -Deaths	,Jharkhand,HMIS report,2026-09-01,Unconfirmed,Default columns,Row-dependent; Format Type is an exported dimension and no row values were supplied,Row-dependent; Facility Type is an exported dimension and no row values were supplied,Row-dependent; In-facility/Outreach/Total is an exported dimension,HMIS-RPTSCHEMA-JHARKHAND-20260901-001.headers.txt,3CE7ECB1702D0A54BF41DA4ED990C2D166EC5A82915434662CC9D17A5CE6F6EF,Schema observed in Jharkhand HMIS export downloaded 2026-09-01,Observed report manifestation; national/current applicability not established,,Pending deterministic matching in Task 6,Source occurrence captured; semantic reconciliation pending
HMIS-RPTCOL-JH-0374,HMIS-RPTSCHEMA-JHARKHAND-20260901-001,339,374,HMIS measure occurrence,M14,Patient Services,14.6.7.a,Emergency - Dog Bite -Admission,	14.6.7.a :: Emergency - Dog Bite -Admission	,Jharkhand,HMIS report,2026-09-01,Unconfirmed,Default columns,Row-dependent; Format Type is an exported dimension and no row values were supplied,Row-dependent; Facility Type is an exported dimension and no row values were supplied,Row-dependent; In-facility/Outreach/Total is an exported dimension,HMIS-RPTSCHEMA-JHARKHAND-20260901-001.headers.txt,3CE7ECB1702D0A54BF41DA4ED990C2D166EC5A82915434662CC9D17A5CE6F6EF,Schema observed in Jharkhand HMIS export downloaded 2026-09-01,Observed report manifestation; national/current applicability not established,,Pending deterministic matching in Task 6,Source occurrence captured; semantic reconciliation pending
HMIS-RPTCOL-JH-0375,HMIS-RPTSCHEMA-JHARKHAND-20260901-001,340,375,HMIS measure occurrence,M14,Patient Services,14.6.7.b,Emergency - Dog Bite -Deaths,	14.6.7.b :: Emergency - Dog Bite -Deaths	,Jharkhand,HMIS report,2026-09-01,Unconfirmed,Default columns,Row-dependent; Format Type is an exported dimension and no row values were supplied,Row-dependent; Facility Type is an exported dimension and no row values were supplied,Row-dependent; In-facility/Outreach/Total is an exported dimension,HMIS-RPTSCHEMA-JHARKHAND-20260901-001.headers.txt,3CE7ECB1702D0A54BF41DA4ED990C2D166EC5A82915434662CC9D17A5CE6F6EF,Schema observed in Jharkhand HMIS export downloaded 2026-09-01,Observed report manifestation; national/current applicability not established,,Pending deterministic matching in Task 6,Source occurrence captured; semantic reconciliation pending
HMIS-RPTCOL-JH-0376,HMIS-RPTSCHEMA-JHARKHAND-20260901-001,341,376,HMIS measure occurrence,M14,Patient Services,14.7,Total number of deaths occurring at Emergency Department,	14.7. :: Total number of deaths occurring at Emergency Department	,Jharkhand,HMIS report,2026-09-01,Unconfirmed,Default columns,Row-dependent; Format Type is an exported dimension and no row values were supplied,Row-dependent; Facility Type is an exported dimension and no row values were supplied,Row-dependent; In-facility/Outreach/Total is an exported dimension,HMIS-RPTSCHEMA-JHARKHAND-20260901-001.headers.txt,3CE7ECB1702D0A54BF41DA4ED990C2D166EC5A82915434662CC9D17A5CE6F6EF,Schema observed in Jharkhand HMIS export downloaded 2026-09-01,Observed report manifestation; national/current applicability not established,,Pending deterministic matching in Task 6,Source occurrence captured; semantic reconciliation pending
HMIS-RPTCOL-JH-0377,HMIS-RPTSCHEMA-JHARKHAND-20260901-001,342,377,HMIS measure occurrence,M14,Patient Services,14.8.1.a,Total number of Major Operations conducted excluding C-Section (General and spinal anaesthesia),	14.8.1.a :: Total number of Major Operations conducted excluding C-Section (General and spinal anaesthesia)	,Jharkhand,HMIS report,2026-09-01,Unconfirmed,Default columns,Row-dependent; Format Type is an exported dimension and no row values were supplied,Row-dependent; Facility Type is an exported dimension and no row values were supplied,Row-dependent; In-facility/Outreach/Total is an exported dimension,HMIS-RPTSCHEMA-JHARKHAND-20260901-001.headers.txt,3CE7ECB1702D0A54BF41DA4ED990C2D166EC5A82915434662CC9D17A5CE6F6EF,Schema observed in Jharkhand HMIS export downloaded 2026-09-01,Observed report manifestation; national/current applicability not established,,Pending deterministic matching in Task 6,Source occurrence captured; semantic reconciliation pending
HMIS-RPTCOL-JH-0378,HMIS-RPTSCHEMA-JHARKHAND-20260901-001,343,378,HMIS measure occurrence,M14,Patient Services,14.8.1.b,"Out of Major Operation, Gynecology- Hysterectomy surgeries","	14.8.1.b :: Out of Major Operation, Gynecology- Hysterectomy surgeries	",Jharkhand,HMIS report,2026-09-01,Unconfirmed,Default columns,Row-dependent; Format Type is an exported dimension and no row values were supplied,Row-dependent; Facility Type is an exported dimension and no row values were supplied,Row-dependent; In-facility/Outreach/Total is an exported dimension,HMIS-RPTSCHEMA-JHARKHAND-20260901-001.headers.txt,3CE7ECB1702D0A54BF41DA4ED990C2D166EC5A82915434662CC9D17A5CE6F6EF,Schema observed in Jharkhand HMIS export downloaded 2026-09-01,Observed report manifestation; national/current applicability not established,,Pending deterministic matching in Task 6,Source occurrence captured; semantic reconciliation pending
HMIS-RPTCOL-JH-0379,HMIS-RPTSCHEMA-JHARKHAND-20260901-001,344,379,HMIS measure occurrence,M14,Patient Services,14.8.1.c,"Major Surgeries excluding Obstetrics, Gynaecology and Opthalmology.","	14.8.1.c :: Major Surgeries excluding Obstetrics, Gynaecology and Opthalmology.	",Jharkhand,HMIS report,2026-09-01,Unconfirmed,Default columns,Row-dependent; Format Type is an exported dimension and no row values were supplied,Row-dependent; Facility Type is an exported dimension and no row values were supplied,Row-dependent; In-facility/Outreach/Total is an exported dimension,HMIS-RPTSCHEMA-JHARKHAND-20260901-001.headers.txt,3CE7ECB1702D0A54BF41DA4ED990C2D166EC5A82915434662CC9D17A5CE6F6EF,Schema observed in Jharkhand HMIS export downloaded 2026-09-01,Observed report manifestation; national/current applicability not established,,Pending deterministic matching in Task 6,Source occurrence captured; semantic reconciliation pending
HMIS-RPTCOL-JH-0380,HMIS-RPTSCHEMA-JHARKHAND-20260901-001,345,380,HMIS measure occurrence,M14,Patient Services,14.8.1.d,No. of Major Surgeries done at night (8PM to 8 AM) (Excluding C section),	14.8.1.d :: No. of Major Surgeries done at night (8PM to 8 AM) (Excluding C section)  	,Jharkhand,HMIS report,2026-09-01,Unconfirmed,Default columns,Row-dependent; Format Type is an exported dimension and no row values were supplied,Row-dependent; Facility Type is an exported dimension and no row values were supplied,Row-dependent; In-facility/Outreach/Total is an exported dimension,HMIS-RPTSCHEMA-JHARKHAND-20260901-001.headers.txt,3CE7ECB1702D0A54BF41DA4ED990C2D166EC5A82915434662CC9D17A5CE6F6EF,Schema observed in Jharkhand HMIS export downloaded 2026-09-01,Observed report manifestation; national/current applicability not established,,Pending deterministic matching in Task 6,Source occurrence captured; semantic reconciliation pending
HMIS-RPTCOL-JH-0381,HMIS-RPTSCHEMA-JHARKHAND-20260901-001,346,381,HMIS measure occurrence,M14,Patient Services,14.8.2,Minor Operations (No or local anaesthesia),	14.8.2. :: Minor Operations (No or local anaesthesia)	,Jharkhand,HMIS report,2026-09-01,Unconfirmed,Default columns,Row-dependent; Format Type is an exported dimension and no row values were supplied,Row-dependent; Facility Type is an exported dimension and no row values were supplied,Row-dependent; In-facility/Outreach/Total is an exported dimension,HMIS-RPTSCHEMA-JHARKHAND-20260901-001.headers.txt,3CE7ECB1702D0A54BF41DA4ED990C2D166EC5A82915434662CC9D17A5CE6F6EF,Schema observed in Jharkhand HMIS export downloaded 2026-09-01,Observed report manifestation; national/current applicability not established,,Pending deterministic matching in Task 6,Source occurrence captured; semantic reconciliation pending
HMIS-RPTCOL-JH-0382,HMIS-RPTSCHEMA-JHARKHAND-20260901-001,347,382,HMIS measure occurrence,M14,Patient Services,14.9,Number of post operative Surgical Site infection,	14.9. :: Number of post operative Surgical Site infection	,Jharkhand,HMIS report,2026-09-01,Unconfirmed,Default columns,Row-dependent; Format Type is an exported dimension and no row values were supplied,Row-dependent; Facility Type is an exported dimension and no row values were supplied,Row-dependent; In-facility/Outreach/Total is an exported dimension,HMIS-RPTSCHEMA-JHARKHAND-20260901-001.headers.txt,3CE7ECB1702D0A54BF41DA4ED990C2D166EC5A82915434662CC9D17A5CE6F6EF,Schema observed in Jharkhand HMIS export downloaded 2026-09-01,Observed report manifestation; national/current applicability not established,,Pending deterministic matching in Task 6,Source occurrence captured; semantic reconciliation pending
HMIS-RPTCOL-JH-0383,HMIS-RPTSCHEMA-JHARKHAND-20260901-001,348,383,HMIS measure occurrence,M14,Patient Services,14.10,In-Patient Head Count at midnight,	14.10. :: In-Patient Head Count at midnight	,Jharkhand,HMIS report,2026-09-01,Unconfirmed,Default columns,Row-dependent; Format Type is an exported dimension and no row values were supplied,Row-dependent; Facility Type is an exported dimension and no row values were supplied,Row-dependent; In-facility/Outreach/Total is an exported dimension,HMIS-RPTSCHEMA-JHARKHAND-20260901-001.headers.txt,3CE7ECB1702D0A54BF41DA4ED990C2D166EC5A82915434662CC9D17A5CE6F6EF,Schema observed in Jharkhand HMIS export downloaded 2026-09-01,Observed report manifestation; national/current applicability not established,,Pending deterministic matching in Task 6,Source occurrence captured; semantic reconciliation pending
HMIS-RPTCOL-JH-0384,HMIS-RPTSCHEMA-JHARKHAND-20260901-001,349,384,HMIS measure occurrence,M14,Patient Services,14.11.1,Number of Admission in NBSU ( New Born Stabilisation Unit),	14.11.1 :: Number of Admission in NBSU ( New Born Stabilisation Unit)	,Jharkhand,HMIS report,2026-09-01,Unconfirmed,Default columns,Row-dependent; Format Type is an exported dimension and no row values were supplied,Row-dependent; Facility Type is an exported dimension and no row values were supplied,Row-dependent; In-facility/Outreach/Total is an exported dimension,HMIS-RPTSCHEMA-JHARKHAND-20260901-001.headers.txt,3CE7ECB1702D0A54BF41DA4ED990C2D166EC5A82915434662CC9D17A5CE6F6EF,Schema observed in Jharkhand HMIS export downloaded 2026-09-01,Observed report manifestation; national/current applicability not established,,Pending deterministic matching in Task 6,Source occurrence captured; semantic reconciliation pending
HMIS-RPTCOL-JH-0385,HMIS-RPTSCHEMA-JHARKHAND-20260901-001,350,385,HMIS measure occurrence,M14,Patient Services,14.11.2,Number of total admissions in Special Newborn Care Unit (SNCU Admissions),	14.11.2. :: Number of total admissions in Special Newborn Care Unit (SNCU Admissions)	,Jharkhand,HMIS report,2026-09-01,Unconfirmed,Default columns,Row-dependent; Format Type is an exported dimension and no row values were supplied,Row-dependent; Facility Type is an exported dimension and no row values were supplied,Row-dependent; In-facility/Outreach/Total is an exported dimension,HMIS-RPTSCHEMA-JHARKHAND-20260901-001.headers.txt,3CE7ECB1702D0A54BF41DA4ED990C2D166EC5A82915434662CC9D17A5CE6F6EF,Schema observed in Jharkhand HMIS export downloaded 2026-09-01,Observed report manifestation; national/current applicability not established,,Pending deterministic matching in Task 6,Source occurrence captured; semantic reconciliation pending
HMIS-RPTCOL-JH-0386,HMIS-RPTSCHEMA-JHARKHAND-20260901-001,351,386,HMIS measure occurrence,M14,Patient Services,14.12.1,Number of deaths occurred at SNCU,	14.12.1 :: Number of deaths occurred at SNCU	,Jharkhand,HMIS report,2026-09-01,Unconfirmed,Default columns,Row-dependent; Format Type is an exported dimension and no row values were supplied,Row-dependent; Facility Type is an exported dimension and no row values were supplied,Row-dependent; In-facility/Outreach/Total is an exported dimension,HMIS-RPTSCHEMA-JHARKHAND-20260901-001.headers.txt,3CE7ECB1702D0A54BF41DA4ED990C2D166EC5A82915434662CC9D17A5CE6F6EF,Schema observed in Jharkhand HMIS export downloaded 2026-09-01,Observed report manifestation; national/current applicability not established,,Pending deterministic matching in Task 6,Source occurrence captured; semantic reconciliation pending
HMIS-RPTCOL-JH-0387,HMIS-RPTSCHEMA-JHARKHAND-20260901-001,352,387,HMIS measure occurrence,M14,Patient Services,14.12.2,Number of Newborns successfully discharged from SNCU,	14.12.2 :: Number of Newborns successfully discharged from SNCU	,Jharkhand,HMIS report,2026-09-01,Unconfirmed,Default columns,Row-dependent; Format Type is an exported dimension and no row values were supplied,Row-dependent; Facility Type is an exported dimension and no row values were supplied,Row-dependent; In-facility/Outreach/Total is an exported dimension,HMIS-RPTSCHEMA-JHARKHAND-20260901-001.headers.txt,3CE7ECB1702D0A54BF41DA4ED990C2D166EC5A82915434662CC9D17A5CE6F6EF,Schema observed in Jharkhand HMIS export downloaded 2026-09-01,Observed report manifestation; national/current applicability not established,,Pending deterministic matching in Task 6,Source occurrence captured; semantic reconciliation pending
HMIS-RPTCOL-JH-0388,HMIS-RPTSCHEMA-JHARKHAND-20260901-001,353,388,HMIS measure occurrence,M14,Patient Services,14.13.1.a.i,Number of pregnant women provided free medicines during ANC period under JSSK,	14.13.1.a.i :: Number of pregnant women provided free medicines during ANC period under JSSK 	,Jharkhand,HMIS report,2026-09-01,Unconfirmed,Default columns,Row-dependent; Format Type is an exported dimension and no row values were supplied,Row-dependent; Facility Type is an exported dimension and no row values were supplied,Row-dependent; In-facility/Outreach/Total is an exported dimension,HMIS-RPTSCHEMA-JHARKHAND-20260901-001.headers.txt,3CE7ECB1702D0A54BF41DA4ED990C2D166EC5A82915434662CC9D17A5CE6F6EF,Schema observed in Jharkhand HMIS export downloaded 2026-09-01,Observed report manifestation; national/current applicability not established,,Pending deterministic matching in Task 6,Source occurrence captured; semantic reconciliation pending
HMIS-RPTCOL-JH-0389,HMIS-RPTSCHEMA-JHARKHAND-20260901-001,354,389,HMIS measure occurrence,M14,Patient Services,14.13.1.a.ii,Number of Pregnant women provided free medicines during delivery under JSSK,	14.13.1.a.ii :: Number of Pregnant women provided free medicines during delivery under JSSK 	,Jharkhand,HMIS report,2026-09-01,Unconfirmed,Default columns,Row-dependent; Format Type is an exported dimension and no row values were supplied,Row-dependent; Facility Type is an exported dimension and no row values were supplied,Row-dependent; In-facility/Outreach/Total is an exported dimension,HMIS-RPTSCHEMA-JHARKHAND-20260901-001.headers.txt,3CE7ECB1702D0A54BF41DA4ED990C2D166EC5A82915434662CC9D17A5CE6F6EF,Schema observed in Jharkhand HMIS export downloaded 2026-09-01,Observed report manifestation; national/current applicability not established,,Pending deterministic matching in Task 6,Source occurrence captured; semantic reconciliation pending
HMIS-RPTCOL-JH-0390,HMIS-RPTSCHEMA-JHARKHAND-20260901-001,355,390,HMIS measure occurrence,M14,Patient Services,14.13.1.a.iii,Number of PNC mothers provided free medicines under JSSK,	14.13.1.a.iii :: Number of PNC mothers provided free medicines under JSSK 	,Jharkhand,HMIS report,2026-09-01,Unconfirmed,Default columns,Row-dependent; Format Type is an exported dimension and no row values were supplied,Row-dependent; Facility Type is an exported dimension and no row values were supplied,Row-dependent; In-facility/Outreach/Total is an exported dimension,HMIS-RPTSCHEMA-JHARKHAND-20260901-001.headers.txt,3CE7ECB1702D0A54BF41DA4ED990C2D166EC5A82915434662CC9D17A5CE6F6EF,Schema observed in Jharkhand HMIS export downloaded 2026-09-01,Observed report manifestation; national/current applicability not established,,Pending deterministic matching in Task 6,Source occurrence captured; semantic reconciliation pending
HMIS-RPTCOL-JH-0391,HMIS-RPTSCHEMA-JHARKHAND-20260901-001,356,391,HMIS measure occurrence,M14,Patient Services,14.13.1.b,Number of women provided - Free Diet under JSSK,	14.13.1.b :: Number of women  provided - Free Diet  under JSSK 	,Jharkhand,HMIS report,2026-09-01,Unconfirmed,Default columns,Row-dependent; Format Type is an exported dimension and no row values were supplied,Row-dependent; Facility Type is an exported dimension and no row values were supplied,Row-dependent; In-facility/Outreach/Total is an exported dimension,HMIS-RPTSCHEMA-JHARKHAND-20260901-001.headers.txt,3CE7ECB1702D0A54BF41DA4ED990C2D166EC5A82915434662CC9D17A5CE6F6EF,Schema observed in Jharkhand HMIS export downloaded 2026-09-01,Observed report manifestation; national/current applicability not established,,Pending deterministic matching in Task 6,Source occurrence captured; semantic reconciliation pending
HMIS-RPTCOL-JH-0392,HMIS-RPTSCHEMA-JHARKHAND-20260901-001,357,392,HMIS measure occurrence,M14,Patient Services,14.13.1.c.i,Number of pregnant women provided free diagnostics during ANC period under JSSK,	14.13.1.c.i :: Number of  pregnant women provided free diagnostics during ANC period under JSSK 	,Jharkhand,HMIS report,2026-09-01,Unconfirmed,Default columns,Row-dependent; Format Type is an exported dimension and no row values were supplied,Row-dependent; Facility Type is an exported dimension and no row values were supplied,Row-dependent; In-facility/Outreach/Total is an exported dimension,HMIS-RPTSCHEMA-JHARKHAND-20260901-001.headers.txt,3CE7ECB1702D0A54BF41DA4ED990C2D166EC5A82915434662CC9D17A5CE6F6EF,Schema observed in Jharkhand HMIS export downloaded 2026-09-01,Observed report manifestation; national/current applicability not established,,Pending deterministic matching in Task 6,Source occurrence captured; semantic reconciliation pending
HMIS-RPTCOL-JH-0393,HMIS-RPTSCHEMA-JHARKHAND-20260901-001,358,393,HMIS measure occurrence,M14,Patient Services,14.13.1.c.ii,Number of Pregnant women provided free diagnostics during delivery under JSSK,	14.13.1.c.ii :: Number of Pregnant women provided free diagnostics during delivery under JSSK 	,Jharkhand,HMIS report,2026-09-01,Unconfirmed,Default columns,Row-dependent; Format Type is an exported dimension and no row values were supplied,Row-dependent; Facility Type is an exported dimension and no row values were supplied,Row-dependent; In-facility/Outreach/Total is an exported dimension,HMIS-RPTSCHEMA-JHARKHAND-20260901-001.headers.txt,3CE7ECB1702D0A54BF41DA4ED990C2D166EC5A82915434662CC9D17A5CE6F6EF,Schema observed in Jharkhand HMIS export downloaded 2026-09-01,Observed report manifestation; national/current applicability not established,,Pending deterministic matching in Task 6,Source occurrence captured; semantic reconciliation pending
HMIS-RPTCOL-JH-0394,HMIS-RPTSCHEMA-JHARKHAND-20260901-001,359,394,HMIS measure occurrence,M14,Patient Services,14.13.1.c.iii,Number of PNC mothers provided free diagnostics under JSSK,	14.13.1.c.iii :: Number of PNC mothers provided free diagnostics under JSSK 	,Jharkhand,HMIS report,2026-09-01,Unconfirmed,Default columns,Row-dependent; Format Type is an exported dimension and no row values were supplied,Row-dependent; Facility Type is an exported dimension and no row values were supplied,Row-dependent; In-facility/Outreach/Total is an exported dimension,HMIS-RPTSCHEMA-JHARKHAND-20260901-001.headers.txt,3CE7ECB1702D0A54BF41DA4ED990C2D166EC5A82915434662CC9D17A5CE6F6EF,Schema observed in Jharkhand HMIS export downloaded 2026-09-01,Observed report manifestation; national/current applicability not established,,Pending deterministic matching in Task 6,Source occurrence captured; semantic reconciliation pending
HMIS-RPTCOL-JH-0395,HMIS-RPTSCHEMA-JHARKHAND-20260901-001,360,395,HMIS measure occurrence,M14,Patient Services,14.13.1.d,Number ofpregnant women provided - Free Home to facility transport for conducting delivery under JSSK,	14.13.1.d :: Number ofpregnant women provided - Free Home to facility transport for conducting delivery under JSSK	,Jharkhand,HMIS report,2026-09-01,Unconfirmed,Default columns,Row-dependent; Format Type is an exported dimension and no row values were supplied,Row-dependent; Facility Type is an exported dimension and no row values were supplied,Row-dependent; In-facility/Outreach/Total is an exported dimension,HMIS-RPTSCHEMA-JHARKHAND-20260901-001.headers.txt,3CE7ECB1702D0A54BF41DA4ED990C2D166EC5A82915434662CC9D17A5CE6F6EF,Schema observed in Jharkhand HMIS export downloaded 2026-09-01,Observed report manifestation; national/current applicability not established,,Pending deterministic matching in Task 6,Source occurrence captured; semantic reconciliation pending
HMIS-RPTCOL-JH-0396,HMIS-RPTSCHEMA-JHARKHAND-20260901-001,361,396,HMIS measure occurrence,M14,Patient Services,14.13.1.e,Number of pregnant women provided - Interfacility transfers when needed during delivery under JSSK(in case of referral),	14.13.1.e :: Number of pregnant women provided - Interfacility transfers when needed during delivery under JSSK(in case of referral)	,Jharkhand,HMIS report,2026-09-01,Unconfirmed,Default columns,Row-dependent; Format Type is an exported dimension and no row values were supplied,Row-dependent; Facility Type is an exported dimension and no row values were supplied,Row-dependent; In-facility/Outreach/Total is an exported dimension,HMIS-RPTSCHEMA-JHARKHAND-20260901-001.headers.txt,3CE7ECB1702D0A54BF41DA4ED990C2D166EC5A82915434662CC9D17A5CE6F6EF,Schema observed in Jharkhand HMIS export downloaded 2026-09-01,Observed report manifestation; national/current applicability not established,,Pending deterministic matching in Task 6,Source occurrence captured; semantic reconciliation pending
HMIS-RPTCOL-JH-0397,HMIS-RPTSCHEMA-JHARKHAND-20260901-001,362,397,HMIS measure occurrence,M14,Patient Services,14.13.1.f,Number of PNC mothers provided - Free Drop Back home after delivery under JSSK,	14.13.1.f :: Number of PNC mothers provided - Free Drop Back home after delivery under JSSK	,Jharkhand,HMIS report,2026-09-01,Unconfirmed,Default columns,Row-dependent; Format Type is an exported dimension and no row values were supplied,Row-dependent; Facility Type is an exported dimension and no row values were supplied,Row-dependent; In-facility/Outreach/Total is an exported dimension,HMIS-RPTSCHEMA-JHARKHAND-20260901-001.headers.txt,3CE7ECB1702D0A54BF41DA4ED990C2D166EC5A82915434662CC9D17A5CE6F6EF,Schema observed in Jharkhand HMIS export downloaded 2026-09-01,Observed report manifestation; national/current applicability not established,,Pending deterministic matching in Task 6,Source occurrence captured; semantic reconciliation pending
HMIS-RPTCOL-JH-0398,HMIS-RPTSCHEMA-JHARKHAND-20260901-001,363,398,HMIS measure occurrence,M14,Patient Services,14.13.2.a,Number of infants admitted at facility due to any sickness- JSSK Beneficiaries,	14.13.2.a :: Number of infants admitted at facility due to any sickness- JSSK Beneficiaries	,Jharkhand,HMIS report,2026-09-01,Unconfirmed,Default columns,Row-dependent; Format Type is an exported dimension and no row values were supplied,Row-dependent; Facility Type is an exported dimension and no row values were supplied,Row-dependent; In-facility/Outreach/Total is an exported dimension,HMIS-RPTSCHEMA-JHARKHAND-20260901-001.headers.txt,3CE7ECB1702D0A54BF41DA4ED990C2D166EC5A82915434662CC9D17A5CE6F6EF,Schema observed in Jharkhand HMIS export downloaded 2026-09-01,Observed report manifestation; national/current applicability not established,,Pending deterministic matching in Task 6,Source occurrence captured; semantic reconciliation pending
HMIS-RPTCOL-JH-0399,HMIS-RPTSCHEMA-JHARKHAND-20260901-001,364,399,HMIS measure occurrence,M14,Patient Services,14.13.2.b,Number of sick infants provided - Free Medicines under JSSK,	14.13.2.b :: Number of sick infants provided - Free Medicines under JSSK	,Jharkhand,HMIS report,2026-09-01,Unconfirmed,Default columns,Row-dependent; Format Type is an exported dimension and no row values were supplied,Row-dependent; Facility Type is an exported dimension and no row values were supplied,Row-dependent; In-facility/Outreach/Total is an exported dimension,HMIS-RPTSCHEMA-JHARKHAND-20260901-001.headers.txt,3CE7ECB1702D0A54BF41DA4ED990C2D166EC5A82915434662CC9D17A5CE6F6EF,Schema observed in Jharkhand HMIS export downloaded 2026-09-01,Observed report manifestation; national/current applicability not established,,Pending deterministic matching in Task 6,Source occurrence captured; semantic reconciliation pending
HMIS-RPTCOL-JH-0400,HMIS-RPTSCHEMA-JHARKHAND-20260901-001,365,400,HMIS measure occurrence,M14,Patient Services,14.13.2.c,Number of sick infants provided - Free Diagnostics under JSSK,	14.13.2.c :: Number of sick infants provided - Free Diagnostics under JSSK	,Jharkhand,HMIS report,2026-09-01,Unconfirmed,Default columns,Row-dependent; Format Type is an exported dimension and no row values were supplied,Row-dependent; Facility Type is an exported dimension and no row values were supplied,Row-dependent; In-facility/Outreach/Total is an exported dimension,HMIS-RPTSCHEMA-JHARKHAND-20260901-001.headers.txt,3CE7ECB1702D0A54BF41DA4ED990C2D166EC5A82915434662CC9D17A5CE6F6EF,Schema observed in Jharkhand HMIS export downloaded 2026-09-01,Observed report manifestation; national/current applicability not established,,Pending deterministic matching in Task 6,Source occurrence captured; semantic reconciliation pending
HMIS-RPTCOL-JH-0401,HMIS-RPTSCHEMA-JHARKHAND-20260901-001,366,401,HMIS measure occurrence,M14,Patient Services,14.13.2.d,Number of sick infants provided - Free Home to facility transport under JSSK,	14.13.2.d :: Number of sick infants provided - Free Home to facility transport under JSSK	,Jharkhand,HMIS report,2026-09-01,Unconfirmed,Default columns,Row-dependent; Format Type is an exported dimension and no row values were supplied,Row-dependent; Facility Type is an exported dimension and no row values were supplied,Row-dependent; In-facility/Outreach/Total is an exported dimension,HMIS-RPTSCHEMA-JHARKHAND-20260901-001.headers.txt,3CE7ECB1702D0A54BF41DA4ED990C2D166EC5A82915434662CC9D17A5CE6F6EF,Schema observed in Jharkhand HMIS export downloaded 2026-09-01,Observed report manifestation; national/current applicability not established,,Pending deterministic matching in Task 6,Source occurrence captured; semantic reconciliation pending
HMIS-RPTCOL-JH-0402,HMIS-RPTSCHEMA-JHARKHAND-20260901-001,367,402,HMIS measure occurrence,M14,Patient Services,14.13.2.e,Number of infants received free referral transport under JSSK,	14.13.2.e :: Number of infants received free referral transport under JSSK	,Jharkhand,HMIS report,2026-09-01,Unconfirmed,Default columns,Row-dependent; Format Type is an exported dimension and no row values were supplied,Row-dependent; Facility Type is an exported dimension and no row values were supplied,Row-dependent; In-facility/Outreach/Total is an exported dimension,HMIS-RPTSCHEMA-JHARKHAND-20260901-001.headers.txt,3CE7ECB1702D0A54BF41DA4ED990C2D166EC5A82915434662CC9D17A5CE6F6EF,Schema observed in Jharkhand HMIS export downloaded 2026-09-01,Observed report manifestation; national/current applicability not established,,Pending deterministic matching in Task 6,Source occurrence captured; semantic reconciliation pending
HMIS-RPTCOL-JH-0403,HMIS-RPTSCHEMA-JHARKHAND-20260901-001,368,403,HMIS measure occurrence,M14,Patient Services,14.14.1,Number of sick SAM children admitted in standalone/ integrated NRC,	14.14.1. :: Number of sick SAM children admitted in standalone/ integrated NRC 	,Jharkhand,HMIS report,2026-09-01,Unconfirmed,Default columns,Row-dependent; Format Type is an exported dimension and no row values were supplied,Row-dependent; Facility Type is an exported dimension and no row values were supplied,Row-dependent; In-facility/Outreach/Total is an exported dimension,HMIS-RPTSCHEMA-JHARKHAND-20260901-001.headers.txt,3CE7ECB1702D0A54BF41DA4ED990C2D166EC5A82915434662CC9D17A5CE6F6EF,Schema observed in Jharkhand HMIS export downloaded 2026-09-01,Observed report manifestation; national/current applicability not established,,Pending deterministic matching in Task 6,Source occurrence captured; semantic reconciliation pending
HMIS-RPTCOL-JH-0404,HMIS-RPTSCHEMA-JHARKHAND-20260901-001,369,404,HMIS measure occurrence,M14,Patient Services,14.14.2,Number of sick SAM children referred to standalone/ integrated NRC by Frontline Workers (AWW/ ASHA/ ANM),	14.14.2. :: Number of sick SAM children referred to standalone/ integrated NRC by Frontline Workers (AWW/ ASHA/ ANM)	,Jharkhand,HMIS report,2026-09-01,Unconfirmed,Default columns,Row-dependent; Format Type is an exported dimension and no row values were supplied,Row-dependent; Facility Type is an exported dimension and no row values were supplied,Row-dependent; In-facility/Outreach/Total is an exported dimension,HMIS-RPTSCHEMA-JHARKHAND-20260901-001.headers.txt,3CE7ECB1702D0A54BF41DA4ED990C2D166EC5A82915434662CC9D17A5CE6F6EF,Schema observed in Jharkhand HMIS export downloaded 2026-09-01,Observed report manifestation; national/current applicability not established,,Pending deterministic matching in Task 6,Source occurrence captured; semantic reconciliation pending
HMIS-RPTCOL-JH-0405,HMIS-RPTSCHEMA-JHARKHAND-20260901-001,370,405,HMIS measure occurrence,M14,Patient Services,14.14.3,Number of sick SAM children referred to standalone/ integrated NRC from IPD/OPD of other Health Facility (PHC/CHC/SDH/DH/other NRC),	14.14.3. :: Number of sick SAM children referred to standalone/ integrated NRC from IPD/OPD of other Health Facility (PHC/CHC/SDH/DH/other NRC)	,Jharkhand,HMIS report,2026-09-01,Unconfirmed,Default columns,Row-dependent; Format Type is an exported dimension and no row values were supplied,Row-dependent; Facility Type is an exported dimension and no row values were supplied,Row-dependent; In-facility/Outreach/Total is an exported dimension,HMIS-RPTSCHEMA-JHARKHAND-20260901-001.headers.txt,3CE7ECB1702D0A54BF41DA4ED990C2D166EC5A82915434662CC9D17A5CE6F6EF,Schema observed in Jharkhand HMIS export downloaded 2026-09-01,Observed report manifestation; national/current applicability not established,,Pending deterministic matching in Task 6,Source occurrence captured; semantic reconciliation pending
HMIS-RPTCOL-JH-0406,HMIS-RPTSCHEMA-JHARKHAND-20260901-001,371,406,HMIS measure occurrence,M14,Patient Services,14.14.4,Number of children Referred to standalone/ integrated NRC by RBSK Team,	14.14.4. :: Number of children Referred to standalone/ integrated NRC by RBSK Team	,Jharkhand,HMIS report,2026-09-01,Unconfirmed,Default columns,Row-dependent; Format Type is an exported dimension and no row values were supplied,Row-dependent; Facility Type is an exported dimension and no row values were supplied,Row-dependent; In-facility/Outreach/Total is an exported dimension,HMIS-RPTSCHEMA-JHARKHAND-20260901-001.headers.txt,3CE7ECB1702D0A54BF41DA4ED990C2D166EC5A82915434662CC9D17A5CE6F6EF,Schema observed in Jharkhand HMIS export downloaded 2026-09-01,Observed report manifestation; national/current applicability not established,,Pending deterministic matching in Task 6,Source occurrence captured; semantic reconciliation pending
HMIS-RPTCOL-JH-0407,HMIS-RPTSCHEMA-JHARKHAND-20260901-001,372,407,HMIS measure occurrence,M14,Patient Services,14.14.5,Number of SAM children discharged from standalone/ integrated NRC who met the discharge criteria,	14.14.5. :: Number of SAM children discharged from standalone/ integrated NRC who met the discharge criteria	,Jharkhand,HMIS report,2026-09-01,Unconfirmed,Default columns,Row-dependent; Format Type is an exported dimension and no row values were supplied,Row-dependent; Facility Type is an exported dimension and no row values were supplied,Row-dependent; In-facility/Outreach/Total is an exported dimension,HMIS-RPTSCHEMA-JHARKHAND-20260901-001.headers.txt,3CE7ECB1702D0A54BF41DA4ED990C2D166EC5A82915434662CC9D17A5CE6F6EF,Schema observed in Jharkhand HMIS export downloaded 2026-09-01,Observed report manifestation; national/current applicability not established,,Pending deterministic matching in Task 6,Source occurrence captured; semantic reconciliation pending
HMIS-RPTCOL-JH-0408,HMIS-RPTSCHEMA-JHARKHAND-20260901-001,373,408,HMIS measure occurrence,M14,Patient Services,14.14.6,Number of admitted children left against medical advice (LAMA) / defaulter,	14.14.6. :: Number of admitted children left against medical advice (LAMA) / defaulter	,Jharkhand,HMIS report,2026-09-01,Unconfirmed,Default columns,Row-dependent; Format Type is an exported dimension and no row values were supplied,Row-dependent; Facility Type is an exported dimension and no row values were supplied,Row-dependent; In-facility/Outreach/Total is an exported dimension,HMIS-RPTSCHEMA-JHARKHAND-20260901-001.headers.txt,3CE7ECB1702D0A54BF41DA4ED990C2D166EC5A82915434662CC9D17A5CE6F6EF,Schema observed in Jharkhand HMIS export downloaded 2026-09-01,Observed report manifestation; national/current applicability not established,,Pending deterministic matching in Task 6,Source occurrence captured; semantic reconciliation pending
HMIS-RPTCOL-JH-0409,HMIS-RPTSCHEMA-JHARKHAND-20260901-001,374,409,HMIS measure occurrence,M14,Patient Services,14.14.7,Number of children died while admitted in standalone/ intergrated NRC,	14.14.7. :: Number of children died while admitted in standalone/ intergrated NRC	,Jharkhand,HMIS report,2026-09-01,Unconfirmed,Default columns,Row-dependent; Format Type is an exported dimension and no row values were supplied,Row-dependent; Facility Type is an exported dimension and no row values were supplied,Row-dependent; In-facility/Outreach/Total is an exported dimension,HMIS-RPTSCHEMA-JHARKHAND-20260901-001.headers.txt,3CE7ECB1702D0A54BF41DA4ED990C2D166EC5A82915434662CC9D17A5CE6F6EF,Schema observed in Jharkhand HMIS export downloaded 2026-09-01,Observed report manifestation; national/current applicability not established,,Pending deterministic matching in Task 6,Source occurrence captured; semantic reconciliation pending
HMIS-RPTCOL-JH-0410,HMIS-RPTSCHEMA-JHARKHAND-20260901-001,375,410,HMIS measure occurrence,M14,Patient Services,14.14.8,Number of children who completed all four post discharge follow-ups,	14.14.8. :: Number of children who completed all four post discharge follow-ups 	,Jharkhand,HMIS report,2026-09-01,Unconfirmed,Default columns,Row-dependent; Format Type is an exported dimension and no row values were supplied,Row-dependent; Facility Type is an exported dimension and no row values were supplied,Row-dependent; In-facility/Outreach/Total is an exported dimension,HMIS-RPTSCHEMA-JHARKHAND-20260901-001.headers.txt,3CE7ECB1702D0A54BF41DA4ED990C2D166EC5A82915434662CC9D17A5CE6F6EF,Schema observed in Jharkhand HMIS export downloaded 2026-09-01,Observed report manifestation; national/current applicability not established,,Pending deterministic matching in Task 6,Source occurrence captured; semantic reconciliation pending
HMIS-RPTCOL-JH-0411,HMIS-RPTSCHEMA-JHARKHAND-20260901-001,376,411,HMIS measure occurrence,M14,Patient Services,14.14.9,Number of sick SAM children treated and admitted in the pediatric facility (other than standalone/ integrated NRC),	14.14.9. :: Number of sick SAM children treated and admitted in the pediatric facility (other than standalone/ integrated NRC)	,Jharkhand,HMIS report,2026-09-01,Unconfirmed,Default columns,Row-dependent; Format Type is an exported dimension and no row values were supplied,Row-dependent; Facility Type is an exported dimension and no row values were supplied,Row-dependent; In-facility/Outreach/Total is an exported dimension,HMIS-RPTSCHEMA-JHARKHAND-20260901-001.headers.txt,3CE7ECB1702D0A54BF41DA4ED990C2D166EC5A82915434662CC9D17A5CE6F6EF,Schema observed in Jharkhand HMIS export downloaded 2026-09-01,Observed report manifestation; national/current applicability not established,,Pending deterministic matching in Task 6,Source occurrence captured; semantic reconciliation pending
HMIS-RPTCOL-JH-0412,HMIS-RPTSCHEMA-JHARKHAND-20260901-001,377,412,HMIS measure occurrence,M14,Patient Services,14.14.10,In-Patient Head Count at midnight for standalone/ integrated NRC,	14.14.10. :: In-Patient Head Count at midnight for standalone/ integrated NRC	,Jharkhand,HMIS report,2026-09-01,Unconfirmed,Default columns,Row-dependent; Format Type is an exported dimension and no row values were supplied,Row-dependent; Facility Type is an exported dimension and no row values were supplied,Row-dependent; In-facility/Outreach/Total is an exported dimension,HMIS-RPTSCHEMA-JHARKHAND-20260901-001.headers.txt,3CE7ECB1702D0A54BF41DA4ED990C2D166EC5A82915434662CC9D17A5CE6F6EF,Schema observed in Jharkhand HMIS export downloaded 2026-09-01,Observed report manifestation; national/current applicability not established,,Pending deterministic matching in Task 6,Source occurrence captured; semantic reconciliation pending
HMIS-RPTCOL-JH-0413,HMIS-RPTSCHEMA-JHARKHAND-20260901-001,378,413,HMIS measure occurrence,M14,Patient Services,14.15.1,Number of Rogi Kalyan Samiti (RKS) meetings held,	14.15.1. :: Number of Rogi Kalyan Samiti (RKS) meetings held	,Jharkhand,HMIS report,2026-09-01,Unconfirmed,Default columns,Row-dependent; Format Type is an exported dimension and no row values were supplied,Row-dependent; Facility Type is an exported dimension and no row values were supplied,Row-dependent; In-facility/Outreach/Total is an exported dimension,HMIS-RPTSCHEMA-JHARKHAND-20260901-001.headers.txt,3CE7ECB1702D0A54BF41DA4ED990C2D166EC5A82915434662CC9D17A5CE6F6EF,Schema observed in Jharkhand HMIS export downloaded 2026-09-01,Observed report manifestation; national/current applicability not established,,Pending deterministic matching in Task 6,Source occurrence captured; semantic reconciliation pending
HMIS-RPTCOL-JH-0414,HMIS-RPTSCHEMA-JHARKHAND-20260901-001,379,414,HMIS measure occurrence,M14,Patient Services,14.15.2,Number of Jan Arogya Samiti (JAS) meetings held,	14.15.2. :: Number of Jan Arogya Samiti (JAS) meetings held	,Jharkhand,HMIS report,2026-09-01,Unconfirmed,Default columns,Row-dependent; Format Type is an exported dimension and no row values were supplied,Row-dependent; Facility Type is an exported dimension and no row values were supplied,Row-dependent; In-facility/Outreach/Total is an exported dimension,HMIS-RPTSCHEMA-JHARKHAND-20260901-001.headers.txt,3CE7ECB1702D0A54BF41DA4ED990C2D166EC5A82915434662CC9D17A5CE6F6EF,Schema observed in Jharkhand HMIS export downloaded 2026-09-01,Observed report manifestation; national/current applicability not established,,Pending deterministic matching in Task 6,Source occurrence captured; semantic reconciliation pending
HMIS-RPTCOL-JH-0415,HMIS-RPTSCHEMA-JHARKHAND-20260901-001,380,415,HMIS measure occurrence,M14,Patient Services,14.16,Number of Anganwadi centres reported to have conducted atleast one Village Health & Nutrition Day (VHNDs)/UHND/ Outreach / Special Outreach sessions,	14.16. :: Number of Anganwadi centres reported to have conducted atleast one Village Health & Nutrition Day (VHNDs)/UHND/ Outreach / Special Outreach sessions	,Jharkhand,HMIS report,2026-09-01,Unconfirmed,Default columns,Row-dependent; Format Type is an exported dimension and no row values were supplied,Row-dependent; Facility Type is an exported dimension and no row values were supplied,Row-dependent; In-facility/Outreach/Total is an exported dimension,HMIS-RPTSCHEMA-JHARKHAND-20260901-001.headers.txt,3CE7ECB1702D0A54BF41DA4ED990C2D166EC5A82915434662CC9D17A5CE6F6EF,Schema observed in Jharkhand HMIS export downloaded 2026-09-01,Observed report manifestation; national/current applicability not established,,Pending deterministic matching in Task 6,Source occurrence captured; semantic reconciliation pending
HMIS-RPTCOL-JH-0416,HMIS-RPTSCHEMA-JHARKHAND-20260901-001,381,416,HMIS measure occurrence,M14,Patient Services,14.17,Total number of UHND/VHND sessions conducted in the reporting month,	14.17. :: Total number of UHND/VHND sessions conducted in the reporting month	,Jharkhand,HMIS report,2026-09-01,Unconfirmed,Default columns,Row-dependent; Format Type is an exported dimension and no row values were supplied,Row-dependent; Facility Type is an exported dimension and no row values were supplied,Row-dependent; In-facility/Outreach/Total is an exported dimension,HMIS-RPTSCHEMA-JHARKHAND-20260901-001.headers.txt,3CE7ECB1702D0A54BF41DA4ED990C2D166EC5A82915434662CC9D17A5CE6F6EF,Schema observed in Jharkhand HMIS export downloaded 2026-09-01,Observed report manifestation; national/current applicability not established,,Pending deterministic matching in Task 6,Source occurrence captured; semantic reconciliation pending
HMIS-RPTCOL-JH-0417,HMIS-RPTSCHEMA-JHARKHAND-20260901-001,382,417,HMIS measure occurrence,M14,Patient Services,14.18,Total number of Outreach/Special Outreach camps conducted in the reporting month,	14.18. :: Total number of Outreach/Special Outreach camps conducted in the reporting month	,Jharkhand,HMIS report,2026-09-01,Unconfirmed,Default columns,Row-dependent; Format Type is an exported dimension and no row values were supplied,Row-dependent; Facility Type is an exported dimension and no row values were supplied,Row-dependent; In-facility/Outreach/Total is an exported dimension,HMIS-RPTSCHEMA-JHARKHAND-20260901-001.headers.txt,3CE7ECB1702D0A54BF41DA4ED990C2D166EC5A82915434662CC9D17A5CE6F6EF,Schema observed in Jharkhand HMIS export downloaded 2026-09-01,Observed report manifestation; national/current applicability not established,,Pending deterministic matching in Task 6,Source occurrence captured; semantic reconciliation pending
HMIS-RPTCOL-JH-0418,HMIS-RPTSCHEMA-JHARKHAND-20260901-001,383,418,HMIS measure occurrence,M14,Patient Services,14.18.1,Total number of outreach visits conducted by staff,	14.18.1. :: Total number of outreach visits conducted by staff	,Jharkhand,HMIS report,2026-09-01,Unconfirmed,Default columns,Row-dependent; Format Type is an exported dimension and no row values were supplied,Row-dependent; Facility Type is an exported dimension and no row values were supplied,Row-dependent; In-facility/Outreach/Total is an exported dimension,HMIS-RPTSCHEMA-JHARKHAND-20260901-001.headers.txt,3CE7ECB1702D0A54BF41DA4ED990C2D166EC5A82915434662CC9D17A5CE6F6EF,Schema observed in Jharkhand HMIS export downloaded 2026-09-01,Observed report manifestation; national/current applicability not established,,Pending deterministic matching in Task 6,Source occurrence captured; semantic reconciliation pending
HMIS-RPTCOL-JH-0419,HMIS-RPTSCHEMA-JHARKHAND-20260901-001,384,419,HMIS measure occurrence,M14,Patient Services,14.18.2,Total number of outreach visits made by DMHP team,	14.18.2. :: Total number of outreach visits made by DMHP team	,Jharkhand,HMIS report,2026-09-01,Unconfirmed,Default columns,Row-dependent; Format Type is an exported dimension and no row values were supplied,Row-dependent; Facility Type is an exported dimension and no row values were supplied,Row-dependent; In-facility/Outreach/Total is an exported dimension,HMIS-RPTSCHEMA-JHARKHAND-20260901-001.headers.txt,3CE7ECB1702D0A54BF41DA4ED990C2D166EC5A82915434662CC9D17A5CE6F6EF,Schema observed in Jharkhand HMIS export downloaded 2026-09-01,Observed report manifestation; national/current applicability not established,,Pending deterministic matching in Task 6,Source occurrence captured; semantic reconciliation pending
HMIS-RPTCOL-JH-0420,HMIS-RPTSCHEMA-JHARKHAND-20260901-001,385,420,HMIS measure occurrence,M14,Patient Services,14.18.3,Total number of awareness campaigns/camps conducted for Mental Health,	14.18.3 :: Total number of awareness campaigns/camps conducted for Mental Health	,Jharkhand,HMIS report,2026-09-01,Unconfirmed,Default columns,Row-dependent; Format Type is an exported dimension and no row values were supplied,Row-dependent; Facility Type is an exported dimension and no row values were supplied,Row-dependent; In-facility/Outreach/Total is an exported dimension,HMIS-RPTSCHEMA-JHARKHAND-20260901-001.headers.txt,3CE7ECB1702D0A54BF41DA4ED990C2D166EC5A82915434662CC9D17A5CE6F6EF,Schema observed in Jharkhand HMIS export downloaded 2026-09-01,Observed report manifestation; national/current applicability not established,,Pending deterministic matching in Task 6,Source occurrence captured; semantic reconciliation pending
HMIS-RPTCOL-JH-0421,HMIS-RPTSCHEMA-JHARKHAND-20260901-001,386,421,HMIS measure occurrence,M14,Patient Services,14.19,Patient Satisfaction Score of the facility in percentage (from Mera Aspatal),	14.19. :: Patient Satisfaction Score of the facility in percentage (from Mera Aspatal)	,Jharkhand,HMIS report,2026-09-01,Unconfirmed,Default columns,Row-dependent; Format Type is an exported dimension and no row values were supplied,Row-dependent; Facility Type is an exported dimension and no row values were supplied,Row-dependent; In-facility/Outreach/Total is an exported dimension,HMIS-RPTSCHEMA-JHARKHAND-20260901-001.headers.txt,3CE7ECB1702D0A54BF41DA4ED990C2D166EC5A82915434662CC9D17A5CE6F6EF,Schema observed in Jharkhand HMIS export downloaded 2026-09-01,Observed report manifestation; national/current applicability not established,,Pending deterministic matching in Task 6,Source occurrence captured; semantic reconciliation pending
HMIS-RPTCOL-JH-0422,HMIS-RPTSCHEMA-JHARKHAND-20260901-001,387,422,HMIS measure occurrence,M14,Patient Services,14.20.1.a,Total number of blood samples screened by ELISA/Rapid tests for viral hepatitis A (IgM Anti- HAV),	14.20.1.a :: Total number of blood samples screened by ELISA/Rapid tests for viral hepatitis A (IgM Anti- HAV)	,Jharkhand,HMIS report,2026-09-01,Unconfirmed,Default columns,Row-dependent; Format Type is an exported dimension and no row values were supplied,Row-dependent; Facility Type is an exported dimension and no row values were supplied,Row-dependent; In-facility/Outreach/Total is an exported dimension,HMIS-RPTSCHEMA-JHARKHAND-20260901-001.headers.txt,3CE7ECB1702D0A54BF41DA4ED990C2D166EC5A82915434662CC9D17A5CE6F6EF,Schema observed in Jharkhand HMIS export downloaded 2026-09-01,Observed report manifestation; national/current applicability not established,,Pending deterministic matching in Task 6,Source occurrence captured; semantic reconciliation pending
HMIS-RPTCOL-JH-0423,HMIS-RPTSCHEMA-JHARKHAND-20260901-001,388,423,HMIS measure occurrence,M14,Patient Services,14.20.1.b,Total number of blood samples screened by ELISA/Rapid tests for viral hepatitis B i.e. HBsAg (excluding pregnant women),	14.20.1.b :: Total number of blood samples screened by ELISA/Rapid tests for viral hepatitis B i.e. HBsAg (excluding pregnant women)	,Jharkhand,HMIS report,2026-09-01,Unconfirmed,Default columns,Row-dependent; Format Type is an exported dimension and no row values were supplied,Row-dependent; Facility Type is an exported dimension and no row values were supplied,Row-dependent; In-facility/Outreach/Total is an exported dimension,HMIS-RPTSCHEMA-JHARKHAND-20260901-001.headers.txt,3CE7ECB1702D0A54BF41DA4ED990C2D166EC5A82915434662CC9D17A5CE6F6EF,Schema observed in Jharkhand HMIS export downloaded 2026-09-01,Observed report manifestation; national/current applicability not established,,Pending deterministic matching in Task 6,Source occurrence captured; semantic reconciliation pending
HMIS-RPTCOL-JH-0424,HMIS-RPTSCHEMA-JHARKHAND-20260901-001,389,424,HMIS measure occurrence,M14,Patient Services,14.20.1.c,Total number of blood samples screened by ELISA/Rapid tests for viral hepatitis C(Anti- HCV),	14.20.1.c :: Total number of blood samples screened by ELISA/Rapid tests for viral hepatitis C(Anti- HCV)	,Jharkhand,HMIS report,2026-09-01,Unconfirmed,Default columns,Row-dependent; Format Type is an exported dimension and no row values were supplied,Row-dependent; Facility Type is an exported dimension and no row values were supplied,Row-dependent; In-facility/Outreach/Total is an exported dimension,HMIS-RPTSCHEMA-JHARKHAND-20260901-001.headers.txt,3CE7ECB1702D0A54BF41DA4ED990C2D166EC5A82915434662CC9D17A5CE6F6EF,Schema observed in Jharkhand HMIS export downloaded 2026-09-01,Observed report manifestation; national/current applicability not established,,Pending deterministic matching in Task 6,Source occurrence captured; semantic reconciliation pending
HMIS-RPTCOL-JH-0425,HMIS-RPTSCHEMA-JHARKHAND-20260901-001,390,425,HMIS measure occurrence,M14,Patient Services,14.20.1.d,Total number of blood samples screened by ELISA/Rapid tests for viral hepatitis E(i.e. IgM Anti-HEV),	14.20.1.d :: Total number of blood samples screened by ELISA/Rapid tests for viral hepatitis E(i.e. IgM Anti-HEV)	,Jharkhand,HMIS report,2026-09-01,Unconfirmed,Default columns,Row-dependent; Format Type is an exported dimension and no row values were supplied,Row-dependent; Facility Type is an exported dimension and no row values were supplied,Row-dependent; In-facility/Outreach/Total is an exported dimension,HMIS-RPTSCHEMA-JHARKHAND-20260901-001.headers.txt,3CE7ECB1702D0A54BF41DA4ED990C2D166EC5A82915434662CC9D17A5CE6F6EF,Schema observed in Jharkhand HMIS export downloaded 2026-09-01,Observed report manifestation; national/current applicability not established,,Pending deterministic matching in Task 6,Source occurrence captured; semantic reconciliation pending
HMIS-RPTCOL-JH-0426,HMIS-RPTSCHEMA-JHARKHAND-20260901-001,391,426,HMIS measure occurrence,M14,Patient Services,14.20.2.a,Total number of blood samples tested positive by ELISA/ Rapid tests for Hepatitis A (out of those tested for IgM Anti- HAV),	14.20.2.a :: Total number of blood samples tested positive by ELISA/ Rapid tests for Hepatitis A (out of those tested for IgM Anti- HAV)	,Jharkhand,HMIS report,2026-09-01,Unconfirmed,Default columns,Row-dependent; Format Type is an exported dimension and no row values were supplied,Row-dependent; Facility Type is an exported dimension and no row values were supplied,Row-dependent; In-facility/Outreach/Total is an exported dimension,HMIS-RPTSCHEMA-JHARKHAND-20260901-001.headers.txt,3CE7ECB1702D0A54BF41DA4ED990C2D166EC5A82915434662CC9D17A5CE6F6EF,Schema observed in Jharkhand HMIS export downloaded 2026-09-01,Observed report manifestation; national/current applicability not established,,Pending deterministic matching in Task 6,Source occurrence captured; semantic reconciliation pending
HMIS-RPTCOL-JH-0427,HMIS-RPTSCHEMA-JHARKHAND-20260901-001,392,427,HMIS measure occurrence,M14,Patient Services,14.20.2.b,Total number of blood samples tested positive by ELISA/ Rapid tests for Hepatitis B (out of those tested for HBsAg excluding pregnant women),	14.20.2.b :: Total number of blood samples tested positive by ELISA/ Rapid tests for Hepatitis B (out of those tested for HBsAg excluding pregnant women)	,Jharkhand,HMIS report,2026-09-01,Unconfirmed,Default columns,Row-dependent; Format Type is an exported dimension and no row values were supplied,Row-dependent; Facility Type is an exported dimension and no row values were supplied,Row-dependent; In-facility/Outreach/Total is an exported dimension,HMIS-RPTSCHEMA-JHARKHAND-20260901-001.headers.txt,3CE7ECB1702D0A54BF41DA4ED990C2D166EC5A82915434662CC9D17A5CE6F6EF,Schema observed in Jharkhand HMIS export downloaded 2026-09-01,Observed report manifestation; national/current applicability not established,,Pending deterministic matching in Task 6,Source occurrence captured; semantic reconciliation pending
HMIS-RPTCOL-JH-0428,HMIS-RPTSCHEMA-JHARKHAND-20260901-001,393,428,HMIS measure occurrence,M14,Patient Services,14.20.2.b.i,Total number of positive blood samples for hepatitis B by ELISA/ Rapid tests tested for HBV DNA(out of those tested positive for HBsAg excluding pregnant women),	14.20.2.b.i :: Total number of positive blood samples for hepatitis B by ELISA/ Rapid tests tested for HBV DNA(out of those tested positive for HBsAg excluding pregnant women) 	,Jharkhand,HMIS report,2026-09-01,Unconfirmed,Default columns,Row-dependent; Format Type is an exported dimension and no row values were supplied,Row-dependent; Facility Type is an exported dimension and no row values were supplied,Row-dependent; In-facility/Outreach/Total is an exported dimension,HMIS-RPTSCHEMA-JHARKHAND-20260901-001.headers.txt,3CE7ECB1702D0A54BF41DA4ED990C2D166EC5A82915434662CC9D17A5CE6F6EF,Schema observed in Jharkhand HMIS export downloaded 2026-09-01,Observed report manifestation; national/current applicability not established,,Pending deterministic matching in Task 6,Source occurrence captured; semantic reconciliation pending
HMIS-RPTCOL-JH-0429,HMIS-RPTSCHEMA-JHARKHAND-20260901-001,394,429,HMIS measure occurrence,M14,Patient Services,14.20.2.b.ii,Total number of patients found positive for HBsAg eligible for treatment for hepatitis B (excluding pregnant women),	14.20.2.b.ii :: Total number of patients found positive for HBsAg eligible for treatment for hepatitis B (excluding pregnant women) 	,Jharkhand,HMIS report,2026-09-01,Unconfirmed,Default columns,Row-dependent; Format Type is an exported dimension and no row values were supplied,Row-dependent; Facility Type is an exported dimension and no row values were supplied,Row-dependent; In-facility/Outreach/Total is an exported dimension,HMIS-RPTSCHEMA-JHARKHAND-20260901-001.headers.txt,3CE7ECB1702D0A54BF41DA4ED990C2D166EC5A82915434662CC9D17A5CE6F6EF,Schema observed in Jharkhand HMIS export downloaded 2026-09-01,Observed report manifestation; national/current applicability not established,,Pending deterministic matching in Task 6,Source occurrence captured; semantic reconciliation pending
HMIS-RPTCOL-JH-0430,HMIS-RPTSCHEMA-JHARKHAND-20260901-001,395,430,HMIS measure occurrence,M14,Patient Services,14.20.2.b.iii,Total number of patients eligible for treatment for Hepatitis B put on treatment(out of those eligible for treatment excluding pregnant women),	14.20.2.b.iii :: Total number of patients eligible for treatment for Hepatitis B put on treatment(out of those eligible for treatment excluding pregnant women)	,Jharkhand,HMIS report,2026-09-01,Unconfirmed,Default columns,Row-dependent; Format Type is an exported dimension and no row values were supplied,Row-dependent; Facility Type is an exported dimension and no row values were supplied,Row-dependent; In-facility/Outreach/Total is an exported dimension,HMIS-RPTSCHEMA-JHARKHAND-20260901-001.headers.txt,3CE7ECB1702D0A54BF41DA4ED990C2D166EC5A82915434662CC9D17A5CE6F6EF,Schema observed in Jharkhand HMIS export downloaded 2026-09-01,Observed report manifestation; national/current applicability not established,,Pending deterministic matching in Task 6,Source occurrence captured; semantic reconciliation pending
HMIS-RPTCOL-JH-0431,HMIS-RPTSCHEMA-JHARKHAND-20260901-001,396,431,HMIS measure occurrence,M14,Patient Services,14.20.2.c,Total number of blood samples tested positive by ELISA/ Rapid tests for Hepatitis C (out of those tested for Anti-HCV),	14.20.2.c :: Total number of blood samples tested positive by ELISA/ Rapid tests for Hepatitis C (out of those tested for Anti-HCV)	,Jharkhand,HMIS report,2026-09-01,Unconfirmed,Default columns,Row-dependent; Format Type is an exported dimension and no row values were supplied,Row-dependent; Facility Type is an exported dimension and no row values were supplied,Row-dependent; In-facility/Outreach/Total is an exported dimension,HMIS-RPTSCHEMA-JHARKHAND-20260901-001.headers.txt,3CE7ECB1702D0A54BF41DA4ED990C2D166EC5A82915434662CC9D17A5CE6F6EF,Schema observed in Jharkhand HMIS export downloaded 2026-09-01,Observed report manifestation; national/current applicability not established,,Pending deterministic matching in Task 6,Source occurrence captured; semantic reconciliation pending
HMIS-RPTCOL-JH-0432,HMIS-RPTSCHEMA-JHARKHAND-20260901-001,397,432,HMIS measure occurrence,M14,Patient Services,14.20.2.c.i,Total number of positive blood samples for Hepatitis C screened by test (ELISA/ Rapid tests) confirmed by HCV RNA testing (out of those positive for anti-HCV),	14.20.2.c.i :: Total number of positive blood samples for Hepatitis C screened by test (ELISA/ Rapid tests) confirmed by HCV RNA testing (out of those positive for anti-HCV)	,Jharkhand,HMIS report,2026-09-01,Unconfirmed,Default columns,Row-dependent; Format Type is an exported dimension and no row values were supplied,Row-dependent; Facility Type is an exported dimension and no row values were supplied,Row-dependent; In-facility/Outreach/Total is an exported dimension,HMIS-RPTSCHEMA-JHARKHAND-20260901-001.headers.txt,3CE7ECB1702D0A54BF41DA4ED990C2D166EC5A82915434662CC9D17A5CE6F6EF,Schema observed in Jharkhand HMIS export downloaded 2026-09-01,Observed report manifestation; national/current applicability not established,,Pending deterministic matching in Task 6,Source occurrence captured; semantic reconciliation pending
HMIS-RPTCOL-JH-0433,HMIS-RPTSCHEMA-JHARKHAND-20260901-001,398,433,HMIS measure occurrence,M14,Patient Services,14.20.2.c.ii,Total number of patients put on treatment for Hepatitis C (out of those confirmed by HCV RNA i.e. HCV RNA detected),	14.20.2.c.ii :: Total number of patients put on treatment for Hepatitis C (out of those confirmed by HCV RNA i.e. HCV RNA detected)	,Jharkhand,HMIS report,2026-09-01,Unconfirmed,Default columns,Row-dependent; Format Type is an exported dimension and no row values were supplied,Row-dependent; Facility Type is an exported dimension and no row values were supplied,Row-dependent; In-facility/Outreach/Total is an exported dimension,HMIS-RPTSCHEMA-JHARKHAND-20260901-001.headers.txt,3CE7ECB1702D0A54BF41DA4ED990C2D166EC5A82915434662CC9D17A5CE6F6EF,Schema observed in Jharkhand HMIS export downloaded 2026-09-01,Observed report manifestation; national/current applicability not established,,Pending deterministic matching in Task 6,Source occurrence captured; semantic reconciliation pending
HMIS-RPTCOL-JH-0434,HMIS-RPTSCHEMA-JHARKHAND-20260901-001,399,434,HMIS measure occurrence,M14,Patient Services,14.20.2.c.iii,Total number of positive Hepatitis C patients who have completed treatment,	14.20.2.c.iii :: Total number of positive Hepatitis C patients who have completed treatment	,Jharkhand,HMIS report,2026-09-01,Unconfirmed,Default columns,Row-dependent; Format Type is an exported dimension and no row values were supplied,Row-dependent; Facility Type is an exported dimension and no row values were supplied,Row-dependent; In-facility/Outreach/Total is an exported dimension,HMIS-RPTSCHEMA-JHARKHAND-20260901-001.headers.txt,3CE7ECB1702D0A54BF41DA4ED990C2D166EC5A82915434662CC9D17A5CE6F6EF,Schema observed in Jharkhand HMIS export downloaded 2026-09-01,Observed report manifestation; national/current applicability not established,,Pending deterministic matching in Task 6,Source occurrence captured; semantic reconciliation pending
HMIS-RPTCOL-JH-0435,HMIS-RPTSCHEMA-JHARKHAND-20260901-001,400,435,HMIS measure occurrence,M14,Patient Services,14.20.2.c.iv,Total number of patients cleared for HCV RNA on sustained virological response at 12 weeks (SVR12),	14.20.2.c.iv :: Total number of patients cleared for HCV RNA on sustained virological response at 12 weeks (SVR12)	,Jharkhand,HMIS report,2026-09-01,Unconfirmed,Default columns,Row-dependent; Format Type is an exported dimension and no row values were supplied,Row-dependent; Facility Type is an exported dimension and no row values were supplied,Row-dependent; In-facility/Outreach/Total is an exported dimension,HMIS-RPTSCHEMA-JHARKHAND-20260901-001.headers.txt,3CE7ECB1702D0A54BF41DA4ED990C2D166EC5A82915434662CC9D17A5CE6F6EF,Schema observed in Jharkhand HMIS export downloaded 2026-09-01,Observed report manifestation; national/current applicability not established,,Pending deterministic matching in Task 6,Source occurrence captured; semantic reconciliation pending
HMIS-RPTCOL-JH-0436,HMIS-RPTSCHEMA-JHARKHAND-20260901-001,401,436,HMIS measure occurrence,M14,Patient Services,14.20.2.d,Total number of blood samples tested positive by ELISA/ Rapid tests for Hepatitis E(out of those tested for IgM Anti-HEV),	14.20.2.d :: Total number of blood samples tested positive by ELISA/ Rapid tests for Hepatitis E(out of those tested for IgM Anti-HEV) 	,Jharkhand,HMIS report,2026-09-01,Unconfirmed,Default columns,Row-dependent; Format Type is an exported dimension and no row values were supplied,Row-dependent; Facility Type is an exported dimension and no row values were supplied,Row-dependent; In-facility/Outreach/Total is an exported dimension,HMIS-RPTSCHEMA-JHARKHAND-20260901-001.headers.txt,3CE7ECB1702D0A54BF41DA4ED990C2D166EC5A82915434662CC9D17A5CE6F6EF,Schema observed in Jharkhand HMIS export downloaded 2026-09-01,Observed report manifestation; national/current applicability not established,,Pending deterministic matching in Task 6,Source occurrence captured; semantic reconciliation pending
HMIS-RPTCOL-JH-0437,HMIS-RPTSCHEMA-JHARKHAND-20260901-001,402,437,HMIS measure occurrence,M14,Patient Services,14.20.3.a,Number of Pregnant Women tested for HBsAg,	14.20.3.a :: Number of Pregnant Women tested for HBsAg	,Jharkhand,HMIS report,2026-09-01,Unconfirmed,Default columns,Row-dependent; Format Type is an exported dimension and no row values were supplied,Row-dependent; Facility Type is an exported dimension and no row values were supplied,Row-dependent; In-facility/Outreach/Total is an exported dimension,HMIS-RPTSCHEMA-JHARKHAND-20260901-001.headers.txt,3CE7ECB1702D0A54BF41DA4ED990C2D166EC5A82915434662CC9D17A5CE6F6EF,Schema observed in Jharkhand HMIS export downloaded 2026-09-01,Observed report manifestation; national/current applicability not established,,Pending deterministic matching in Task 6,Source occurrence captured; semantic reconciliation pending
HMIS-RPTCOL-JH-0438,HMIS-RPTSCHEMA-JHARKHAND-20260901-001,403,438,HMIS measure occurrence,M14,Patient Services,14.20.3.b,Number of Pregnant Women who are HBsAg positive(out of those tested for Hepatitis B i.e. HBsAg),	14.20.3.b :: Number of Pregnant Women who are HBsAg positive(out of those tested for Hepatitis B i.e. HBsAg)	,Jharkhand,HMIS report,2026-09-01,Unconfirmed,Default columns,Row-dependent; Format Type is an exported dimension and no row values were supplied,Row-dependent; Facility Type is an exported dimension and no row values were supplied,Row-dependent; In-facility/Outreach/Total is an exported dimension,HMIS-RPTSCHEMA-JHARKHAND-20260901-001.headers.txt,3CE7ECB1702D0A54BF41DA4ED990C2D166EC5A82915434662CC9D17A5CE6F6EF,Schema observed in Jharkhand HMIS export downloaded 2026-09-01,Observed report manifestation; national/current applicability not established,,Pending deterministic matching in Task 6,Source occurrence captured; semantic reconciliation pending
HMIS-RPTCOL-JH-0439,HMIS-RPTSCHEMA-JHARKHAND-20260901-001,404,439,HMIS measure occurrence,M14,Patient Services,14.20.3.c,Number of Pregnant Women found positive for HBsAg referred out to higher centre for institutional delivery,	14.20.3.c :: Number of Pregnant Women found positive for HBsAg referred out to higher centre for institutional delivery	,Jharkhand,HMIS report,2026-09-01,Unconfirmed,Default columns,Row-dependent; Format Type is an exported dimension and no row values were supplied,Row-dependent; Facility Type is an exported dimension and no row values were supplied,Row-dependent; In-facility/Outreach/Total is an exported dimension,HMIS-RPTSCHEMA-JHARKHAND-20260901-001.headers.txt,3CE7ECB1702D0A54BF41DA4ED990C2D166EC5A82915434662CC9D17A5CE6F6EF,Schema observed in Jharkhand HMIS export downloaded 2026-09-01,Observed report manifestation; national/current applicability not established,,Pending deterministic matching in Task 6,Source occurrence captured; semantic reconciliation pending
HMIS-RPTCOL-JH-0440,HMIS-RPTSCHEMA-JHARKHAND-20260901-001,405,440,HMIS measure occurrence,M14,Patient Services,14.20.3.d,Number of Pregnant Women found positive for HBsAg delivered in an institution,	14.20.3.d :: Number of Pregnant Women found positive for HBsAg delivered in an institution	,Jharkhand,HMIS report,2026-09-01,Unconfirmed,Default columns,Row-dependent; Format Type is an exported dimension and no row values were supplied,Row-dependent; Facility Type is an exported dimension and no row values were supplied,Row-dependent; In-facility/Outreach/Total is an exported dimension,HMIS-RPTSCHEMA-JHARKHAND-20260901-001.headers.txt,3CE7ECB1702D0A54BF41DA4ED990C2D166EC5A82915434662CC9D17A5CE6F6EF,Schema observed in Jharkhand HMIS export downloaded 2026-09-01,Observed report manifestation; national/current applicability not established,,Pending deterministic matching in Task 6,Source occurrence captured; semantic reconciliation pending
HMIS-RPTCOL-JH-0441,HMIS-RPTSCHEMA-JHARKHAND-20260901-001,406,441,HMIS measure occurrence,M14,Patient Services,14.20.3.e,Number of newborn who received birth dose of Hepatitis B vaccine born to HBsAg positive pregnant women,	14.20.3.e :: Number of newborn who received birth dose of Hepatitis B vaccine born to HBsAg positive pregnant women	,Jharkhand,HMIS report,2026-09-01,Unconfirmed,Default columns,Row-dependent; Format Type is an exported dimension and no row values were supplied,Row-dependent; Facility Type is an exported dimension and no row values were supplied,Row-dependent; In-facility/Outreach/Total is an exported dimension,HMIS-RPTSCHEMA-JHARKHAND-20260901-001.headers.txt,3CE7ECB1702D0A54BF41DA4ED990C2D166EC5A82915434662CC9D17A5CE6F6EF,Schema observed in Jharkhand HMIS export downloaded 2026-09-01,Observed report manifestation; national/current applicability not established,,Pending deterministic matching in Task 6,Source occurrence captured; semantic reconciliation pending
HMIS-RPTCOL-JH-0442,HMIS-RPTSCHEMA-JHARKHAND-20260901-001,407,442,HMIS measure occurrence,M14,Patient Services,14.20.3.f,Number of New Borns to Pregnant Women (found positive for HBsAg) received Hepatitis B Immunoglobulin (HBIG) (within 24 hours of birth),	14.20.3.f :: Number of New Borns to Pregnant Women (found positive for HBsAg) received Hepatitis B Immunoglobulin (HBIG) (within 24 hours of birth)	,Jharkhand,HMIS report,2026-09-01,Unconfirmed,Default columns,Row-dependent; Format Type is an exported dimension and no row values were supplied,Row-dependent; Facility Type is an exported dimension and no row values were supplied,Row-dependent; In-facility/Outreach/Total is an exported dimension,HMIS-RPTSCHEMA-JHARKHAND-20260901-001.headers.txt,3CE7ECB1702D0A54BF41DA4ED990C2D166EC5A82915434662CC9D17A5CE6F6EF,Schema observed in Jharkhand HMIS export downloaded 2026-09-01,Observed report manifestation; national/current applicability not established,,Pending deterministic matching in Task 6,Source occurrence captured; semantic reconciliation pending
HMIS-RPTCOL-JH-0443,HMIS-RPTSCHEMA-JHARKHAND-20260901-001,408,443,HMIS measure occurrence,M15,Laboratory Testing,15.1.1,Total Number of Lab Tests done- Inhouse (including kits tests conducted in Laboratory),M15 [Laboratory Testing]	15.1.1. :: Total Number of Lab Tests done- Inhouse (including kits tests conducted in Laboratory)	,Jharkhand,HMIS report,2026-09-01,Unconfirmed,Default columns,Row-dependent; Format Type is an exported dimension and no row values were supplied,Row-dependent; Facility Type is an exported dimension and no row values were supplied,Row-dependent; In-facility/Outreach/Total is an exported dimension,HMIS-RPTSCHEMA-JHARKHAND-20260901-001.headers.txt,3CE7ECB1702D0A54BF41DA4ED990C2D166EC5A82915434662CC9D17A5CE6F6EF,Schema observed in Jharkhand HMIS export downloaded 2026-09-01,Observed report manifestation; national/current applicability not established,,Pending deterministic matching in Task 6,Source occurrence captured; semantic reconciliation pending
HMIS-RPTCOL-JH-0444,HMIS-RPTSCHEMA-JHARKHAND-20260901-001,409,444,HMIS measure occurrence,M15,Laboratory Testing,15.1.2,Total Number of Lab Tests done- Outsourced (including kits tests conducted in Laboratory),	15.1.2. :: Total Number of Lab Tests done- Outsourced (including kits tests conducted in Laboratory)	,Jharkhand,HMIS report,2026-09-01,Unconfirmed,Default columns,Row-dependent; Format Type is an exported dimension and no row values were supplied,Row-dependent; Facility Type is an exported dimension and no row values were supplied,Row-dependent; In-facility/Outreach/Total is an exported dimension,HMIS-RPTSCHEMA-JHARKHAND-20260901-001.headers.txt,3CE7ECB1702D0A54BF41DA4ED990C2D166EC5A82915434662CC9D17A5CE6F6EF,Schema observed in Jharkhand HMIS export downloaded 2026-09-01,Observed report manifestation; national/current applicability not established,,Pending deterministic matching in Task 6,Source occurrence captured; semantic reconciliation pending
HMIS-RPTCOL-JH-0445,HMIS-RPTSCHEMA-JHARKHAND-20260901-001,410,445,HMIS measure occurrence,M15,Laboratory Testing,15.1.3,Total Number of Kit Tests conducted in Outreach areas/Camps/in-facility(outside lab),	15.1.3. :: Total Number of Kit Tests conducted in Outreach areas/Camps/in-facility(outside lab)	,Jharkhand,HMIS report,2026-09-01,Unconfirmed,Default columns,Row-dependent; Format Type is an exported dimension and no row values were supplied,Row-dependent; Facility Type is an exported dimension and no row values were supplied,Row-dependent; In-facility/Outreach/Total is an exported dimension,HMIS-RPTSCHEMA-JHARKHAND-20260901-001.headers.txt,3CE7ECB1702D0A54BF41DA4ED990C2D166EC5A82915434662CC9D17A5CE6F6EF,Schema observed in Jharkhand HMIS export downloaded 2026-09-01,Observed report manifestation; national/current applicability not established,,Pending deterministic matching in Task 6,Source occurrence captured; semantic reconciliation pending
HMIS-RPTCOL-JH-0446,HMIS-RPTSCHEMA-JHARKHAND-20260901-001,411,446,HMIS measure occurrence,M15,Laboratory Testing,15.2.1,Number of Hb tests conducted including kit tests,	15.2.1. :: Number of Hb tests conducted including kit tests	,Jharkhand,HMIS report,2026-09-01,Unconfirmed,Default columns,Row-dependent; Format Type is an exported dimension and no row values were supplied,Row-dependent; Facility Type is an exported dimension and no row values were supplied,Row-dependent; In-facility/Outreach/Total is an exported dimension,HMIS-RPTSCHEMA-JHARKHAND-20260901-001.headers.txt,3CE7ECB1702D0A54BF41DA4ED990C2D166EC5A82915434662CC9D17A5CE6F6EF,Schema observed in Jharkhand HMIS export downloaded 2026-09-01,Observed report manifestation; national/current applicability not established,,Pending deterministic matching in Task 6,Source occurrence captured; semantic reconciliation pending
HMIS-RPTCOL-JH-0447,HMIS-RPTSCHEMA-JHARKHAND-20260901-001,412,447,HMIS measure occurrence,M15,Laboratory Testing,15.2.2,"Out of the total number of Hb tests done, Number having Hb < 7 mg","	15.2.2. :: Out of the total number of Hb tests done, Number having Hb < 7 mg 	",Jharkhand,HMIS report,2026-09-01,Unconfirmed,Default columns,Row-dependent; Format Type is an exported dimension and no row values were supplied,Row-dependent; Facility Type is an exported dimension and no row values were supplied,Row-dependent; In-facility/Outreach/Total is an exported dimension,HMIS-RPTSCHEMA-JHARKHAND-20260901-001.headers.txt,3CE7ECB1702D0A54BF41DA4ED990C2D166EC5A82915434662CC9D17A5CE6F6EF,Schema observed in Jharkhand HMIS export downloaded 2026-09-01,Observed report manifestation; national/current applicability not established,,Pending deterministic matching in Task 6,Source occurrence captured; semantic reconciliation pending
HMIS-RPTCOL-JH-0448,HMIS-RPTSCHEMA-JHARKHAND-20260901-001,413,448,HMIS measure occurrence,M15,Laboratory Testing,15.3.1.a,Number of males screened for HIV by Whole Blood Finger Prick/RDT test/POC test,	15.3.1.a :: Number of males screened for HIV by Whole Blood Finger Prick/RDT test/POC test	,Jharkhand,HMIS report,2026-09-01,Unconfirmed,Default columns,Row-dependent; Format Type is an exported dimension and no row values were supplied,Row-dependent; Facility Type is an exported dimension and no row values were supplied,Row-dependent; In-facility/Outreach/Total is an exported dimension,HMIS-RPTSCHEMA-JHARKHAND-20260901-001.headers.txt,3CE7ECB1702D0A54BF41DA4ED990C2D166EC5A82915434662CC9D17A5CE6F6EF,Schema observed in Jharkhand HMIS export downloaded 2026-09-01,Observed report manifestation; national/current applicability not established,,Pending deterministic matching in Task 6,Source occurrence captured; semantic reconciliation pending
HMIS-RPTCOL-JH-0449,HMIS-RPTSCHEMA-JHARKHAND-20260901-001,414,449,HMIS measure occurrence,M15,Laboratory Testing,15.3.1.b,"Out of the above, No. of males found reactive for HIV","	15.3.1.b :: Out of the above, No. of males found reactive for HIV	",Jharkhand,HMIS report,2026-09-01,Unconfirmed,Default columns,Row-dependent; Format Type is an exported dimension and no row values were supplied,Row-dependent; Facility Type is an exported dimension and no row values were supplied,Row-dependent; In-facility/Outreach/Total is an exported dimension,HMIS-RPTSCHEMA-JHARKHAND-20260901-001.headers.txt,3CE7ECB1702D0A54BF41DA4ED990C2D166EC5A82915434662CC9D17A5CE6F6EF,Schema observed in Jharkhand HMIS export downloaded 2026-09-01,Observed report manifestation; national/current applicability not established,,Pending deterministic matching in Task 6,Source occurrence captured; semantic reconciliation pending
HMIS-RPTCOL-JH-0450,HMIS-RPTSCHEMA-JHARKHAND-20260901-001,415,450,HMIS measure occurrence,M15,Laboratory Testing,15.3.1.c,No. of males subjected to HIV test at Confirmatory Centre/Stand Alone-ICTC,	15.3.1.c :: No. of males subjected to HIV test at Confirmatory Centre/Stand Alone-ICTC 	,Jharkhand,HMIS report,2026-09-01,Unconfirmed,Default columns,Row-dependent; Format Type is an exported dimension and no row values were supplied,Row-dependent; Facility Type is an exported dimension and no row values were supplied,Row-dependent; In-facility/Outreach/Total is an exported dimension,HMIS-RPTSCHEMA-JHARKHAND-20260901-001.headers.txt,3CE7ECB1702D0A54BF41DA4ED990C2D166EC5A82915434662CC9D17A5CE6F6EF,Schema observed in Jharkhand HMIS export downloaded 2026-09-01,Observed report manifestation; national/current applicability not established,,Pending deterministic matching in Task 6,Source occurrence captured; semantic reconciliation pending
HMIS-RPTCOL-JH-0451,HMIS-RPTSCHEMA-JHARKHAND-20260901-001,416,451,HMIS measure occurrence,M15,Laboratory Testing,15.3.1.d,"Out of the above, No. of males confirmed as HIV Positive","	15.3.1.d :: Out of the above, No. of males confirmed as HIV Positive 	",Jharkhand,HMIS report,2026-09-01,Unconfirmed,Default columns,Row-dependent; Format Type is an exported dimension and no row values were supplied,Row-dependent; Facility Type is an exported dimension and no row values were supplied,Row-dependent; In-facility/Outreach/Total is an exported dimension,HMIS-RPTSCHEMA-JHARKHAND-20260901-001.headers.txt,3CE7ECB1702D0A54BF41DA4ED990C2D166EC5A82915434662CC9D17A5CE6F6EF,Schema observed in Jharkhand HMIS export downloaded 2026-09-01,Observed report manifestation; national/current applicability not established,,Pending deterministic matching in Task 6,Source occurrence captured; semantic reconciliation pending
HMIS-RPTCOL-JH-0452,HMIS-RPTSCHEMA-JHARKHAND-20260901-001,417,452,HMIS measure occurrence,M15,Laboratory Testing,15.3.2.a,Number of females (non-ANC) screened for HIV by Whole Blood Finger Prick/RDT test/POC test,	15.3.2.a :: Number of females (non-ANC) screened for HIV by Whole Blood Finger Prick/RDT test/POC test	,Jharkhand,HMIS report,2026-09-01,Unconfirmed,Default columns,Row-dependent; Format Type is an exported dimension and no row values were supplied,Row-dependent; Facility Type is an exported dimension and no row values were supplied,Row-dependent; In-facility/Outreach/Total is an exported dimension,HMIS-RPTSCHEMA-JHARKHAND-20260901-001.headers.txt,3CE7ECB1702D0A54BF41DA4ED990C2D166EC5A82915434662CC9D17A5CE6F6EF,Schema observed in Jharkhand HMIS export downloaded 2026-09-01,Observed report manifestation; national/current applicability not established,,Pending deterministic matching in Task 6,Source occurrence captured; semantic reconciliation pending
HMIS-RPTCOL-JH-0453,HMIS-RPTSCHEMA-JHARKHAND-20260901-001,418,453,HMIS measure occurrence,M15,Laboratory Testing,15.3.2.b,"Out of the above, No. of females (non-ANC) found reactive for HIV","	15.3.2.b :: Out of the above, No. of females (non-ANC) found reactive for HIV	",Jharkhand,HMIS report,2026-09-01,Unconfirmed,Default columns,Row-dependent; Format Type is an exported dimension and no row values were supplied,Row-dependent; Facility Type is an exported dimension and no row values were supplied,Row-dependent; In-facility/Outreach/Total is an exported dimension,HMIS-RPTSCHEMA-JHARKHAND-20260901-001.headers.txt,3CE7ECB1702D0A54BF41DA4ED990C2D166EC5A82915434662CC9D17A5CE6F6EF,Schema observed in Jharkhand HMIS export downloaded 2026-09-01,Observed report manifestation; national/current applicability not established,,Pending deterministic matching in Task 6,Source occurrence captured; semantic reconciliation pending
HMIS-RPTCOL-JH-0454,HMIS-RPTSCHEMA-JHARKHAND-20260901-001,419,454,HMIS measure occurrence,M15,Laboratory Testing,15.3.2.c,No. of females (non-ANC) subjected to HIV test at Confirmatory Centre/Stand Alone-ICTC,	15.3.2.c :: No. of females (non-ANC) subjected to HIV test at Confirmatory Centre/Stand Alone-ICTC 	,Jharkhand,HMIS report,2026-09-01,Unconfirmed,Default columns,Row-dependent; Format Type is an exported dimension and no row values were supplied,Row-dependent; Facility Type is an exported dimension and no row values were supplied,Row-dependent; In-facility/Outreach/Total is an exported dimension,HMIS-RPTSCHEMA-JHARKHAND-20260901-001.headers.txt,3CE7ECB1702D0A54BF41DA4ED990C2D166EC5A82915434662CC9D17A5CE6F6EF,Schema observed in Jharkhand HMIS export downloaded 2026-09-01,Observed report manifestation; national/current applicability not established,,Pending deterministic matching in Task 6,Source occurrence captured; semantic reconciliation pending
HMIS-RPTCOL-JH-0455,HMIS-RPTSCHEMA-JHARKHAND-20260901-001,420,455,HMIS measure occurrence,M15,Laboratory Testing,15.3.2.d,"Out of the above, No. of females (non-ANC) confirmed as HIV Positive","	15.3.2.d :: Out of the above, No. of females (non-ANC) confirmed as HIV Positive 	",Jharkhand,HMIS report,2026-09-01,Unconfirmed,Default columns,Row-dependent; Format Type is an exported dimension and no row values were supplied,Row-dependent; Facility Type is an exported dimension and no row values were supplied,Row-dependent; In-facility/Outreach/Total is an exported dimension,HMIS-RPTSCHEMA-JHARKHAND-20260901-001.headers.txt,3CE7ECB1702D0A54BF41DA4ED990C2D166EC5A82915434662CC9D17A5CE6F6EF,Schema observed in Jharkhand HMIS export downloaded 2026-09-01,Observed report manifestation; national/current applicability not established,,Pending deterministic matching in Task 6,Source occurrence captured; semantic reconciliation pending
HMIS-RPTCOL-JH-0456,HMIS-RPTSCHEMA-JHARKHAND-20260901-001,421,456,HMIS measure occurrence,M15,Laboratory Testing,15.3.3.a,Number of Pregnant Women (PW-ANC) screened for HIV by Whole Blood Finger Prick/RDT test/POC test,	15.3.3.a :: Number of Pregnant Women (PW-ANC) screened for HIV by Whole Blood Finger Prick/RDT test/POC test 	,Jharkhand,HMIS report,2026-09-01,Unconfirmed,Default columns,Row-dependent; Format Type is an exported dimension and no row values were supplied,Row-dependent; Facility Type is an exported dimension and no row values were supplied,Row-dependent; In-facility/Outreach/Total is an exported dimension,HMIS-RPTSCHEMA-JHARKHAND-20260901-001.headers.txt,3CE7ECB1702D0A54BF41DA4ED990C2D166EC5A82915434662CC9D17A5CE6F6EF,Schema observed in Jharkhand HMIS export downloaded 2026-09-01,Observed report manifestation; national/current applicability not established,,Pending deterministic matching in Task 6,Source occurrence captured; semantic reconciliation pending
HMIS-RPTCOL-JH-0457,HMIS-RPTSCHEMA-JHARKHAND-20260901-001,422,457,HMIS measure occurrence,M15,Laboratory Testing,15.3.3.b,"Out of the above, No. of PW(ANC) found reactive for HIV","	15.3.3.b :: Out of the above, No. of PW(ANC) found reactive for HIV	",Jharkhand,HMIS report,2026-09-01,Unconfirmed,Default columns,Row-dependent; Format Type is an exported dimension and no row values were supplied,Row-dependent; Facility Type is an exported dimension and no row values were supplied,Row-dependent; In-facility/Outreach/Total is an exported dimension,HMIS-RPTSCHEMA-JHARKHAND-20260901-001.headers.txt,3CE7ECB1702D0A54BF41DA4ED990C2D166EC5A82915434662CC9D17A5CE6F6EF,Schema observed in Jharkhand HMIS export downloaded 2026-09-01,Observed report manifestation; national/current applicability not established,,Pending deterministic matching in Task 6,Source occurrence captured; semantic reconciliation pending
HMIS-RPTCOL-JH-0458,HMIS-RPTSCHEMA-JHARKHAND-20260901-001,423,458,HMIS measure occurrence,M15,Laboratory Testing,15.3.3.c,No. of PW(ANC) subjected to HIV test at Confirmatory Centre/Stand Alone-ICTC,	15.3.3.c :: No. of PW(ANC) subjected to HIV test at Confirmatory Centre/Stand Alone-ICTC 	,Jharkhand,HMIS report,2026-09-01,Unconfirmed,Default columns,Row-dependent; Format Type is an exported dimension and no row values were supplied,Row-dependent; Facility Type is an exported dimension and no row values were supplied,Row-dependent; In-facility/Outreach/Total is an exported dimension,HMIS-RPTSCHEMA-JHARKHAND-20260901-001.headers.txt,3CE7ECB1702D0A54BF41DA4ED990C2D166EC5A82915434662CC9D17A5CE6F6EF,Schema observed in Jharkhand HMIS export downloaded 2026-09-01,Observed report manifestation; national/current applicability not established,,Pending deterministic matching in Task 6,Source occurrence captured; semantic reconciliation pending
HMIS-RPTCOL-JH-0459,HMIS-RPTSCHEMA-JHARKHAND-20260901-001,424,459,HMIS measure occurrence,M15,Laboratory Testing,15.3.3.d,"Out of the above, No. of PW(ANC) confirmed as HIV Positive","	15.3.3.d :: Out of the above, No. of PW(ANC) confirmed as HIV Positive 	",Jharkhand,HMIS report,2026-09-01,Unconfirmed,Default columns,Row-dependent; Format Type is an exported dimension and no row values were supplied,Row-dependent; Facility Type is an exported dimension and no row values were supplied,Row-dependent; In-facility/Outreach/Total is an exported dimension,HMIS-RPTSCHEMA-JHARKHAND-20260901-001.headers.txt,3CE7ECB1702D0A54BF41DA4ED990C2D166EC5A82915434662CC9D17A5CE6F6EF,Schema observed in Jharkhand HMIS export downloaded 2026-09-01,Observed report manifestation; national/current applicability not established,,Pending deterministic matching in Task 6,Source occurrence captured; semantic reconciliation pending
HMIS-RPTCOL-JH-0460,HMIS-RPTSCHEMA-JHARKHAND-20260901-001,425,460,HMIS measure occurrence,M15,Laboratory Testing,15.3.3.e,Number of DIL women screened for HIV by Whole Blood Finger Prick/RDT test/POC test,	15.3.3.e :: Number of DIL women screened for HIV by Whole Blood Finger Prick/RDT test/POC test 	,Jharkhand,HMIS report,2026-09-01,Unconfirmed,Default columns,Row-dependent; Format Type is an exported dimension and no row values were supplied,Row-dependent; Facility Type is an exported dimension and no row values were supplied,Row-dependent; In-facility/Outreach/Total is an exported dimension,HMIS-RPTSCHEMA-JHARKHAND-20260901-001.headers.txt,3CE7ECB1702D0A54BF41DA4ED990C2D166EC5A82915434662CC9D17A5CE6F6EF,Schema observed in Jharkhand HMIS export downloaded 2026-09-01,Observed report manifestation; national/current applicability not established,,Pending deterministic matching in Task 6,Source occurrence captured; semantic reconciliation pending
HMIS-RPTCOL-JH-0461,HMIS-RPTSCHEMA-JHARKHAND-20260901-001,426,461,HMIS measure occurrence,M15,Laboratory Testing,15.3.3.f,"Out of the above, No. of DIL women found reactive for HIV","	15.3.3.f :: Out of the above, No. of DIL women found reactive for HIV	",Jharkhand,HMIS report,2026-09-01,Unconfirmed,Default columns,Row-dependent; Format Type is an exported dimension and no row values were supplied,Row-dependent; Facility Type is an exported dimension and no row values were supplied,Row-dependent; In-facility/Outreach/Total is an exported dimension,HMIS-RPTSCHEMA-JHARKHAND-20260901-001.headers.txt,3CE7ECB1702D0A54BF41DA4ED990C2D166EC5A82915434662CC9D17A5CE6F6EF,Schema observed in Jharkhand HMIS export downloaded 2026-09-01,Observed report manifestation; national/current applicability not established,,Pending deterministic matching in Task 6,Source occurrence captured; semantic reconciliation pending
HMIS-RPTCOL-JH-0462,HMIS-RPTSCHEMA-JHARKHAND-20260901-001,427,462,HMIS measure occurrence,M15,Laboratory Testing,15.3.3.g,No. of DIL women subjected to HIV test at Confirmatory Centre/Stand Alone-ICTC,	15.3.3.g :: No. of DIL women subjected to HIV test at Confirmatory Centre/Stand Alone-ICTC	,Jharkhand,HMIS report,2026-09-01,Unconfirmed,Default columns,Row-dependent; Format Type is an exported dimension and no row values were supplied,Row-dependent; Facility Type is an exported dimension and no row values were supplied,Row-dependent; In-facility/Outreach/Total is an exported dimension,HMIS-RPTSCHEMA-JHARKHAND-20260901-001.headers.txt,3CE7ECB1702D0A54BF41DA4ED990C2D166EC5A82915434662CC9D17A5CE6F6EF,Schema observed in Jharkhand HMIS export downloaded 2026-09-01,Observed report manifestation; national/current applicability not established,,Pending deterministic matching in Task 6,Source occurrence captured; semantic reconciliation pending
HMIS-RPTCOL-JH-0463,HMIS-RPTSCHEMA-JHARKHAND-20260901-001,428,463,HMIS measure occurrence,M15,Laboratory Testing,15.3.3.h,"Out of the above, No. of DIL women confirmed as HIV Positive","	15.3.3.h :: Out of the above, No. of DIL women confirmed as HIV Positive 	",Jharkhand,HMIS report,2026-09-01,Unconfirmed,Default columns,Row-dependent; Format Type is an exported dimension and no row values were supplied,Row-dependent; Facility Type is an exported dimension and no row values were supplied,Row-dependent; In-facility/Outreach/Total is an exported dimension,HMIS-RPTSCHEMA-JHARKHAND-20260901-001.headers.txt,3CE7ECB1702D0A54BF41DA4ED990C2D166EC5A82915434662CC9D17A5CE6F6EF,Schema observed in Jharkhand HMIS export downloaded 2026-09-01,Observed report manifestation; national/current applicability not established,,Pending deterministic matching in Task 6,Source occurrence captured; semantic reconciliation pending
HMIS-RPTCOL-JH-0464,HMIS-RPTSCHEMA-JHARKHAND-20260901-001,429,464,HMIS measure occurrence,M15,Laboratory Testing,15.3.3.i,Number of Pregnant Women (ANC&DIL) screened for HIV more than once(Repeated testing),	15.3.3.i :: Number of Pregnant Women (ANC&DIL) screened for HIV  more than once(Repeated testing) 	,Jharkhand,HMIS report,2026-09-01,Unconfirmed,Default columns,Row-dependent; Format Type is an exported dimension and no row values were supplied,Row-dependent; Facility Type is an exported dimension and no row values were supplied,Row-dependent; In-facility/Outreach/Total is an exported dimension,HMIS-RPTSCHEMA-JHARKHAND-20260901-001.headers.txt,3CE7ECB1702D0A54BF41DA4ED990C2D166EC5A82915434662CC9D17A5CE6F6EF,Schema observed in Jharkhand HMIS export downloaded 2026-09-01,Observed report manifestation; national/current applicability not established,,Pending deterministic matching in Task 6,Source occurrence captured; semantic reconciliation pending
HMIS-RPTCOL-JH-0465,HMIS-RPTSCHEMA-JHARKHAND-20260901-001,430,465,HMIS measure occurrence,M15,Laboratory Testing,15.3.4.a,Number of H/TG people screened for HIV by Whole Blood Finger Prick/RDT test/POC test,	15.3.4.a :: Number of H/TG people screened for HIV by Whole Blood Finger Prick/RDT test/POC test	,Jharkhand,HMIS report,2026-09-01,Unconfirmed,Default columns,Row-dependent; Format Type is an exported dimension and no row values were supplied,Row-dependent; Facility Type is an exported dimension and no row values were supplied,Row-dependent; In-facility/Outreach/Total is an exported dimension,HMIS-RPTSCHEMA-JHARKHAND-20260901-001.headers.txt,3CE7ECB1702D0A54BF41DA4ED990C2D166EC5A82915434662CC9D17A5CE6F6EF,Schema observed in Jharkhand HMIS export downloaded 2026-09-01,Observed report manifestation; national/current applicability not established,,Pending deterministic matching in Task 6,Source occurrence captured; semantic reconciliation pending
HMIS-RPTCOL-JH-0466,HMIS-RPTSCHEMA-JHARKHAND-20260901-001,431,466,HMIS measure occurrence,M15,Laboratory Testing,15.3.4.b,"Out of the above, No. of H/TG people found reactive for HIV","	15.3.4.b :: Out of the above, No. of H/TG people found reactive for HIV	",Jharkhand,HMIS report,2026-09-01,Unconfirmed,Default columns,Row-dependent; Format Type is an exported dimension and no row values were supplied,Row-dependent; Facility Type is an exported dimension and no row values were supplied,Row-dependent; In-facility/Outreach/Total is an exported dimension,HMIS-RPTSCHEMA-JHARKHAND-20260901-001.headers.txt,3CE7ECB1702D0A54BF41DA4ED990C2D166EC5A82915434662CC9D17A5CE6F6EF,Schema observed in Jharkhand HMIS export downloaded 2026-09-01,Observed report manifestation; national/current applicability not established,,Pending deterministic matching in Task 6,Source occurrence captured; semantic reconciliation pending
HMIS-RPTCOL-JH-0467,HMIS-RPTSCHEMA-JHARKHAND-20260901-001,432,467,HMIS measure occurrence,M15,Laboratory Testing,15.3.4.c,No. of H/TG people subjected to HIV test at Confirmatory Centre/Stand Alone-ICTC,	15.3.4.c :: No. of H/TG people subjected to HIV test at Confirmatory Centre/Stand Alone-ICTC 	,Jharkhand,HMIS report,2026-09-01,Unconfirmed,Default columns,Row-dependent; Format Type is an exported dimension and no row values were supplied,Row-dependent; Facility Type is an exported dimension and no row values were supplied,Row-dependent; In-facility/Outreach/Total is an exported dimension,HMIS-RPTSCHEMA-JHARKHAND-20260901-001.headers.txt,3CE7ECB1702D0A54BF41DA4ED990C2D166EC5A82915434662CC9D17A5CE6F6EF,Schema observed in Jharkhand HMIS export downloaded 2026-09-01,Observed report manifestation; national/current applicability not established,,Pending deterministic matching in Task 6,Source occurrence captured; semantic reconciliation pending
HMIS-RPTCOL-JH-0468,HMIS-RPTSCHEMA-JHARKHAND-20260901-001,433,468,HMIS measure occurrence,M15,Laboratory Testing,15.3.4.d,"Out of the above, No. of H/TG people confirmed as HIV Positive","	15.3.4.d :: Out of the above, No. of H/TG people confirmed as HIV Positive 	",Jharkhand,HMIS report,2026-09-01,Unconfirmed,Default columns,Row-dependent; Format Type is an exported dimension and no row values were supplied,Row-dependent; Facility Type is an exported dimension and no row values were supplied,Row-dependent; In-facility/Outreach/Total is an exported dimension,HMIS-RPTSCHEMA-JHARKHAND-20260901-001.headers.txt,3CE7ECB1702D0A54BF41DA4ED990C2D166EC5A82915434662CC9D17A5CE6F6EF,Schema observed in Jharkhand HMIS export downloaded 2026-09-01,Observed report manifestation; national/current applicability not established,,Pending deterministic matching in Task 6,Source occurrence captured; semantic reconciliation pending
HMIS-RPTCOL-JH-0469,HMIS-RPTSCHEMA-JHARKHAND-20260901-001,434,469,HMIS measure occurrence,M15,Laboratory Testing,15.4.1.a,Total number of males tested for Syphilis (RPR/VDRL/PoC/ RDT/TPHA),	15.4.1.a :: Total number of males tested for Syphilis (RPR/VDRL/PoC/ RDT/TPHA) 	,Jharkhand,HMIS report,2026-09-01,Unconfirmed,Default columns,Row-dependent; Format Type is an exported dimension and no row values were supplied,Row-dependent; Facility Type is an exported dimension and no row values were supplied,Row-dependent; In-facility/Outreach/Total is an exported dimension,HMIS-RPTSCHEMA-JHARKHAND-20260901-001.headers.txt,3CE7ECB1702D0A54BF41DA4ED990C2D166EC5A82915434662CC9D17A5CE6F6EF,Schema observed in Jharkhand HMIS export downloaded 2026-09-01,Observed report manifestation; national/current applicability not established,,Pending deterministic matching in Task 6,Source occurrence captured; semantic reconciliation pending
HMIS-RPTCOL-JH-0470,HMIS-RPTSCHEMA-JHARKHAND-20260901-001,435,470,HMIS measure occurrence,M15,Laboratory Testing,15.4.1.b,"Out of the above, number of males tested reactive for Syphilis (RPR/VDRL/PoC/ RDT/TPHA)","	15.4.1.b :: Out of the above, number of males tested reactive for Syphilis (RPR/VDRL/PoC/ RDT/TPHA) 	",Jharkhand,HMIS report,2026-09-01,Unconfirmed,Default columns,Row-dependent; Format Type is an exported dimension and no row values were supplied,Row-dependent; Facility Type is an exported dimension and no row values were supplied,Row-dependent; In-facility/Outreach/Total is an exported dimension,HMIS-RPTSCHEMA-JHARKHAND-20260901-001.headers.txt,3CE7ECB1702D0A54BF41DA4ED990C2D166EC5A82915434662CC9D17A5CE6F6EF,Schema observed in Jharkhand HMIS export downloaded 2026-09-01,Observed report manifestation; national/current applicability not established,,Pending deterministic matching in Task 6,Source occurrence captured; semantic reconciliation pending
HMIS-RPTCOL-JH-0471,HMIS-RPTSCHEMA-JHARKHAND-20260901-001,436,471,HMIS measure occurrence,M15,Laboratory Testing,15.4.1.c,"Out of the above, number of males treated for Syphilis","	15.4.1.c :: Out of the above, number of males treated for Syphilis 	",Jharkhand,HMIS report,2026-09-01,Unconfirmed,Default columns,Row-dependent; Format Type is an exported dimension and no row values were supplied,Row-dependent; Facility Type is an exported dimension and no row values were supplied,Row-dependent; In-facility/Outreach/Total is an exported dimension,HMIS-RPTSCHEMA-JHARKHAND-20260901-001.headers.txt,3CE7ECB1702D0A54BF41DA4ED990C2D166EC5A82915434662CC9D17A5CE6F6EF,Schema observed in Jharkhand HMIS export downloaded 2026-09-01,Observed report manifestation; national/current applicability not established,,Pending deterministic matching in Task 6,Source occurrence captured; semantic reconciliation pending
HMIS-RPTCOL-JH-0472,HMIS-RPTSCHEMA-JHARKHAND-20260901-001,437,472,HMIS measure occurrence,M15,Laboratory Testing,15.4.2.a,Total number of female (non-ANC) tested for Syphilis (RPR/VDRL/PoC/ RDT/TPHA),	15.4.2.a :: Total number of female (non-ANC) tested for Syphilis (RPR/VDRL/PoC/ RDT/TPHA) 	,Jharkhand,HMIS report,2026-09-01,Unconfirmed,Default columns,Row-dependent; Format Type is an exported dimension and no row values were supplied,Row-dependent; Facility Type is an exported dimension and no row values were supplied,Row-dependent; In-facility/Outreach/Total is an exported dimension,HMIS-RPTSCHEMA-JHARKHAND-20260901-001.headers.txt,3CE7ECB1702D0A54BF41DA4ED990C2D166EC5A82915434662CC9D17A5CE6F6EF,Schema observed in Jharkhand HMIS export downloaded 2026-09-01,Observed report manifestation; national/current applicability not established,,Pending deterministic matching in Task 6,Source occurrence captured; semantic reconciliation pending
HMIS-RPTCOL-JH-0473,HMIS-RPTSCHEMA-JHARKHAND-20260901-001,438,473,HMIS measure occurrence,M15,Laboratory Testing,15.4.2.b,"Out of the above, number of females (non-ANC) tested reactive for Syphilis (RPR/VDRL/PoC/ RDT/TPHA)","	15.4.2.b :: Out of the above, number of females (non-ANC) tested reactive for Syphilis (RPR/VDRL/PoC/ RDT/TPHA) 	",Jharkhand,HMIS report,2026-09-01,Unconfirmed,Default columns,Row-dependent; Format Type is an exported dimension and no row values were supplied,Row-dependent; Facility Type is an exported dimension and no row values were supplied,Row-dependent; In-facility/Outreach/Total is an exported dimension,HMIS-RPTSCHEMA-JHARKHAND-20260901-001.headers.txt,3CE7ECB1702D0A54BF41DA4ED990C2D166EC5A82915434662CC9D17A5CE6F6EF,Schema observed in Jharkhand HMIS export downloaded 2026-09-01,Observed report manifestation; national/current applicability not established,,Pending deterministic matching in Task 6,Source occurrence captured; semantic reconciliation pending
HMIS-RPTCOL-JH-0474,HMIS-RPTSCHEMA-JHARKHAND-20260901-001,439,474,HMIS measure occurrence,M15,Laboratory Testing,15.4.2.c,"Out of the above, number of females (non-ANC) treated for Syphilis","	15.4.2.c :: Out of the above, number of females (non-ANC) treated  for Syphilis 	",Jharkhand,HMIS report,2026-09-01,Unconfirmed,Default columns,Row-dependent; Format Type is an exported dimension and no row values were supplied,Row-dependent; Facility Type is an exported dimension and no row values were supplied,Row-dependent; In-facility/Outreach/Total is an exported dimension,HMIS-RPTSCHEMA-JHARKHAND-20260901-001.headers.txt,3CE7ECB1702D0A54BF41DA4ED990C2D166EC5A82915434662CC9D17A5CE6F6EF,Schema observed in Jharkhand HMIS export downloaded 2026-09-01,Observed report manifestation; national/current applicability not established,,Pending deterministic matching in Task 6,Source occurrence captured; semantic reconciliation pending
HMIS-RPTCOL-JH-0475,HMIS-RPTSCHEMA-JHARKHAND-20260901-001,440,475,HMIS measure occurrence,M15,Laboratory Testing,15.4.3.a,Total number of H/TG people tested for Syphilis (RPR/VDRL/PoC/ RDT/TPHA),	15.4.3.a :: Total number of H/TG people tested for Syphilis (RPR/VDRL/PoC/ RDT/TPHA) 	,Jharkhand,HMIS report,2026-09-01,Unconfirmed,Default columns,Row-dependent; Format Type is an exported dimension and no row values were supplied,Row-dependent; Facility Type is an exported dimension and no row values were supplied,Row-dependent; In-facility/Outreach/Total is an exported dimension,HMIS-RPTSCHEMA-JHARKHAND-20260901-001.headers.txt,3CE7ECB1702D0A54BF41DA4ED990C2D166EC5A82915434662CC9D17A5CE6F6EF,Schema observed in Jharkhand HMIS export downloaded 2026-09-01,Observed report manifestation; national/current applicability not established,,Pending deterministic matching in Task 6,Source occurrence captured; semantic reconciliation pending
HMIS-RPTCOL-JH-0476,HMIS-RPTSCHEMA-JHARKHAND-20260901-001,441,476,HMIS measure occurrence,M15,Laboratory Testing,15.4.3.b,"Out of the above, number of H/TG people tested reactive for Syphilis (RPR/VDRL/PoC/ RDT/TPHA)","	15.4.3.b :: Out of the above, number of H/TG people tested reactive for Syphilis (RPR/VDRL/PoC/ RDT/TPHA) 	",Jharkhand,HMIS report,2026-09-01,Unconfirmed,Default columns,Row-dependent; Format Type is an exported dimension and no row values were supplied,Row-dependent; Facility Type is an exported dimension and no row values were supplied,Row-dependent; In-facility/Outreach/Total is an exported dimension,HMIS-RPTSCHEMA-JHARKHAND-20260901-001.headers.txt,3CE7ECB1702D0A54BF41DA4ED990C2D166EC5A82915434662CC9D17A5CE6F6EF,Schema observed in Jharkhand HMIS export downloaded 2026-09-01,Observed report manifestation; national/current applicability not established,,Pending deterministic matching in Task 6,Source occurrence captured; semantic reconciliation pending
HMIS-RPTCOL-JH-0477,HMIS-RPTSCHEMA-JHARKHAND-20260901-001,442,477,HMIS measure occurrence,M15,Laboratory Testing,15.4.3.c,"Out of the above, number of H/TG people treated for Syphilis","	15.4.3.c :: Out of the above, number of H/TG people treated for Syphilis 	",Jharkhand,HMIS report,2026-09-01,Unconfirmed,Default columns,Row-dependent; Format Type is an exported dimension and no row values were supplied,Row-dependent; Facility Type is an exported dimension and no row values were supplied,Row-dependent; In-facility/Outreach/Total is an exported dimension,HMIS-RPTSCHEMA-JHARKHAND-20260901-001.headers.txt,3CE7ECB1702D0A54BF41DA4ED990C2D166EC5A82915434662CC9D17A5CE6F6EF,Schema observed in Jharkhand HMIS export downloaded 2026-09-01,Observed report manifestation; national/current applicability not established,,Pending deterministic matching in Task 6,Source occurrence captured; semantic reconciliation pending
HMIS-RPTCOL-JH-0478,HMIS-RPTSCHEMA-JHARKHAND-20260901-001,443,478,HMIS measure occurrence,M15,Laboratory Testing,15.5.1,Widal tests- Number Tested,	15.5.1 :: Widal tests- Number Tested	,Jharkhand,HMIS report,2026-09-01,Unconfirmed,Default columns,Row-dependent; Format Type is an exported dimension and no row values were supplied,Row-dependent; Facility Type is an exported dimension and no row values were supplied,Row-dependent; In-facility/Outreach/Total is an exported dimension,HMIS-RPTSCHEMA-JHARKHAND-20260901-001.headers.txt,3CE7ECB1702D0A54BF41DA4ED990C2D166EC5A82915434662CC9D17A5CE6F6EF,Schema observed in Jharkhand HMIS export downloaded 2026-09-01,Observed report manifestation; national/current applicability not established,,Pending deterministic matching in Task 6,Source occurrence captured; semantic reconciliation pending
HMIS-RPTCOL-JH-0479,HMIS-RPTSCHEMA-JHARKHAND-20260901-001,444,479,HMIS measure occurrence,M15,Laboratory Testing,15.5.2,Widal tests- Number Positive,	15.5.2 :: Widal tests- Number Positive	,Jharkhand,HMIS report,2026-09-01,Unconfirmed,Default columns,Row-dependent; Format Type is an exported dimension and no row values were supplied,Row-dependent; Facility Type is an exported dimension and no row values were supplied,Row-dependent; In-facility/Outreach/Total is an exported dimension,HMIS-RPTSCHEMA-JHARKHAND-20260901-001.headers.txt,3CE7ECB1702D0A54BF41DA4ED990C2D166EC5A82915434662CC9D17A5CE6F6EF,Schema observed in Jharkhand HMIS export downloaded 2026-09-01,Observed report manifestation; national/current applicability not established,,Pending deterministic matching in Task 6,Source occurrence captured; semantic reconciliation pending
HMIS-RPTCOL-JH-0480,HMIS-RPTSCHEMA-JHARKHAND-20260901-001,445,480,HMIS measure occurrence,M15,Laboratory Testing,15.6.1.a.i,X-ray(Inhouse),	15.6.1.a.i :: X-ray(Inhouse)	,Jharkhand,HMIS report,2026-09-01,Unconfirmed,Default columns,Row-dependent; Format Type is an exported dimension and no row values were supplied,Row-dependent; Facility Type is an exported dimension and no row values were supplied,Row-dependent; In-facility/Outreach/Total is an exported dimension,HMIS-RPTSCHEMA-JHARKHAND-20260901-001.headers.txt,3CE7ECB1702D0A54BF41DA4ED990C2D166EC5A82915434662CC9D17A5CE6F6EF,Schema observed in Jharkhand HMIS export downloaded 2026-09-01,Observed report manifestation; national/current applicability not established,,Pending deterministic matching in Task 6,Source occurrence captured; semantic reconciliation pending
HMIS-RPTCOL-JH-0481,HMIS-RPTSCHEMA-JHARKHAND-20260901-001,446,481,HMIS measure occurrence,M15,Laboratory Testing,15.6.1.a.i.1,"X-ray(Inhouse)-No. of chest X-rays done on patients with health risks- Diabetes, HIV, Smoking, Alcoholism, low BMI, geriatric population (>60),history of TB, contacts of TB","	15.6.1.a.i.1 :: X-ray(Inhouse)-No. of chest X-rays done on patients with health risks- Diabetes, HIV, Smoking, Alcoholism, low BMI, geriatric population (>60),history of TB, contacts of TB	",Jharkhand,HMIS report,2026-09-01,Unconfirmed,Default columns,Row-dependent; Format Type is an exported dimension and no row values were supplied,Row-dependent; Facility Type is an exported dimension and no row values were supplied,Row-dependent; In-facility/Outreach/Total is an exported dimension,HMIS-RPTSCHEMA-JHARKHAND-20260901-001.headers.txt,3CE7ECB1702D0A54BF41DA4ED990C2D166EC5A82915434662CC9D17A5CE6F6EF,Schema observed in Jharkhand HMIS export downloaded 2026-09-01,Observed report manifestation; national/current applicability not established,,Pending deterministic matching in Task 6,Source occurrence captured; semantic reconciliation pending
HMIS-RPTCOL-JH-0482,HMIS-RPTSCHEMA-JHARKHAND-20260901-001,447,482,HMIS measure occurrence,M15,Laboratory Testing,15.6.1.a.ii,X-ray(Outsource),	15.6.1.a.ii :: X-ray(Outsource)	,Jharkhand,HMIS report,2026-09-01,Unconfirmed,Default columns,Row-dependent; Format Type is an exported dimension and no row values were supplied,Row-dependent; Facility Type is an exported dimension and no row values were supplied,Row-dependent; In-facility/Outreach/Total is an exported dimension,HMIS-RPTSCHEMA-JHARKHAND-20260901-001.headers.txt,3CE7ECB1702D0A54BF41DA4ED990C2D166EC5A82915434662CC9D17A5CE6F6EF,Schema observed in Jharkhand HMIS export downloaded 2026-09-01,Observed report manifestation; national/current applicability not established,,Pending deterministic matching in Task 6,Source occurrence captured; semantic reconciliation pending
HMIS-RPTCOL-JH-0483,HMIS-RPTSCHEMA-JHARKHAND-20260901-001,448,483,HMIS measure occurrence,M15,Laboratory Testing,15.6.1.b.i,Ultrasonography (USG) (Inhouse),	15.6.1.b.i :: Ultrasonography (USG) (Inhouse)	,Jharkhand,HMIS report,2026-09-01,Unconfirmed,Default columns,Row-dependent; Format Type is an exported dimension and no row values were supplied,Row-dependent; Facility Type is an exported dimension and no row values were supplied,Row-dependent; In-facility/Outreach/Total is an exported dimension,HMIS-RPTSCHEMA-JHARKHAND-20260901-001.headers.txt,3CE7ECB1702D0A54BF41DA4ED990C2D166EC5A82915434662CC9D17A5CE6F6EF,Schema observed in Jharkhand HMIS export downloaded 2026-09-01,Observed report manifestation; national/current applicability not established,,Pending deterministic matching in Task 6,Source occurrence captured; semantic reconciliation pending
HMIS-RPTCOL-JH-0484,HMIS-RPTSCHEMA-JHARKHAND-20260901-001,449,484,HMIS measure occurrence,M15,Laboratory Testing,15.6.1.b.ii,Ultrasonography (USG)(Outsource),	15.6.1.b.ii :: Ultrasonography (USG)(Outsource)	,Jharkhand,HMIS report,2026-09-01,Unconfirmed,Default columns,Row-dependent; Format Type is an exported dimension and no row values were supplied,Row-dependent; Facility Type is an exported dimension and no row values were supplied,Row-dependent; In-facility/Outreach/Total is an exported dimension,HMIS-RPTSCHEMA-JHARKHAND-20260901-001.headers.txt,3CE7ECB1702D0A54BF41DA4ED990C2D166EC5A82915434662CC9D17A5CE6F6EF,Schema observed in Jharkhand HMIS export downloaded 2026-09-01,Observed report manifestation; national/current applicability not established,,Pending deterministic matching in Task 6,Source occurrence captured; semantic reconciliation pending
HMIS-RPTCOL-JH-0485,HMIS-RPTSCHEMA-JHARKHAND-20260901-001,450,485,HMIS measure occurrence,M15,Laboratory Testing,15.6.1.c.i,CT scan (Inhouse),	15.6.1.c.i :: CT scan (Inhouse)	,Jharkhand,HMIS report,2026-09-01,Unconfirmed,Default columns,Row-dependent; Format Type is an exported dimension and no row values were supplied,Row-dependent; Facility Type is an exported dimension and no row values were supplied,Row-dependent; In-facility/Outreach/Total is an exported dimension,HMIS-RPTSCHEMA-JHARKHAND-20260901-001.headers.txt,3CE7ECB1702D0A54BF41DA4ED990C2D166EC5A82915434662CC9D17A5CE6F6EF,Schema observed in Jharkhand HMIS export downloaded 2026-09-01,Observed report manifestation; national/current applicability not established,,Pending deterministic matching in Task 6,Source occurrence captured; semantic reconciliation pending
HMIS-RPTCOL-JH-0486,HMIS-RPTSCHEMA-JHARKHAND-20260901-001,451,486,HMIS measure occurrence,M15,Laboratory Testing,15.6.1.c.ii,CT scan (Outsource),	15.6.1.c.ii :: CT scan (Outsource)	,Jharkhand,HMIS report,2026-09-01,Unconfirmed,Default columns,Row-dependent; Format Type is an exported dimension and no row values were supplied,Row-dependent; Facility Type is an exported dimension and no row values were supplied,Row-dependent; In-facility/Outreach/Total is an exported dimension,HMIS-RPTSCHEMA-JHARKHAND-20260901-001.headers.txt,3CE7ECB1702D0A54BF41DA4ED990C2D166EC5A82915434662CC9D17A5CE6F6EF,Schema observed in Jharkhand HMIS export downloaded 2026-09-01,Observed report manifestation; national/current applicability not established,,Pending deterministic matching in Task 6,Source occurrence captured; semantic reconciliation pending
HMIS-RPTCOL-JH-0487,HMIS-RPTSCHEMA-JHARKHAND-20260901-001,452,487,HMIS measure occurrence,M15,Laboratory Testing,15.6.1.d.i,MRI (Inhouse),	15.6.1.d.i :: MRI (Inhouse)	,Jharkhand,HMIS report,2026-09-01,Unconfirmed,Default columns,Row-dependent; Format Type is an exported dimension and no row values were supplied,Row-dependent; Facility Type is an exported dimension and no row values were supplied,Row-dependent; In-facility/Outreach/Total is an exported dimension,HMIS-RPTSCHEMA-JHARKHAND-20260901-001.headers.txt,3CE7ECB1702D0A54BF41DA4ED990C2D166EC5A82915434662CC9D17A5CE6F6EF,Schema observed in Jharkhand HMIS export downloaded 2026-09-01,Observed report manifestation; national/current applicability not established,,Pending deterministic matching in Task 6,Source occurrence captured; semantic reconciliation pending
HMIS-RPTCOL-JH-0488,HMIS-RPTSCHEMA-JHARKHAND-20260901-001,453,488,HMIS measure occurrence,M15,Laboratory Testing,15.6.1.d.ii,MRI (Outsource),	15.6.1.d.ii :: MRI (Outsource)	,Jharkhand,HMIS report,2026-09-01,Unconfirmed,Default columns,Row-dependent; Format Type is an exported dimension and no row values were supplied,Row-dependent; Facility Type is an exported dimension and no row values were supplied,Row-dependent; In-facility/Outreach/Total is an exported dimension,HMIS-RPTSCHEMA-JHARKHAND-20260901-001.headers.txt,3CE7ECB1702D0A54BF41DA4ED990C2D166EC5A82915434662CC9D17A5CE6F6EF,Schema observed in Jharkhand HMIS export downloaded 2026-09-01,Observed report manifestation; national/current applicability not established,,Pending deterministic matching in Task 6,Source occurrence captured; semantic reconciliation pending
HMIS-RPTCOL-JH-0489,HMIS-RPTSCHEMA-JHARKHAND-20260901-001,454,489,HMIS measure occurrence,M15,Laboratory Testing,15.6.1.e.i,ECG (Inhouse),	15.6.1.e.i :: ECG (Inhouse)	,Jharkhand,HMIS report,2026-09-01,Unconfirmed,Default columns,Row-dependent; Format Type is an exported dimension and no row values were supplied,Row-dependent; Facility Type is an exported dimension and no row values were supplied,Row-dependent; In-facility/Outreach/Total is an exported dimension,HMIS-RPTSCHEMA-JHARKHAND-20260901-001.headers.txt,3CE7ECB1702D0A54BF41DA4ED990C2D166EC5A82915434662CC9D17A5CE6F6EF,Schema observed in Jharkhand HMIS export downloaded 2026-09-01,Observed report manifestation; national/current applicability not established,,Pending deterministic matching in Task 6,Source occurrence captured; semantic reconciliation pending
HMIS-RPTCOL-JH-0490,HMIS-RPTSCHEMA-JHARKHAND-20260901-001,455,490,HMIS measure occurrence,M15,Laboratory Testing,15.6.1.e.ii,ECG (Outsource),	15.6.1.e.ii :: ECG (Outsource)	,Jharkhand,HMIS report,2026-09-01,Unconfirmed,Default columns,Row-dependent; Format Type is an exported dimension and no row values were supplied,Row-dependent; Facility Type is an exported dimension and no row values were supplied,Row-dependent; In-facility/Outreach/Total is an exported dimension,HMIS-RPTSCHEMA-JHARKHAND-20260901-001.headers.txt,3CE7ECB1702D0A54BF41DA4ED990C2D166EC5A82915434662CC9D17A5CE6F6EF,Schema observed in Jharkhand HMIS export downloaded 2026-09-01,Observed report manifestation; national/current applicability not established,,Pending deterministic matching in Task 6,Source occurrence captured; semantic reconciliation pending
HMIS-RPTCOL-JH-0491,HMIS-RPTSCHEMA-JHARKHAND-20260901-001,456,491,HMIS measure occurrence,M16,Details of deaths reported,16.1.1a,New born deaths within 24 hrs(1 to 23 Hrs 59 minutes) of birth at Facility/Facility to facility in transit,M16 [Details of deaths reported]	16.1.1a :: New born deaths within 24 hrs(1 to 23 Hrs 59 minutes) of birth at Facility/Facility to facility in transit	,Jharkhand,HMIS report,2026-09-01,Unconfirmed,Default columns,Row-dependent; Format Type is an exported dimension and no row values were supplied,Row-dependent; Facility Type is an exported dimension and no row values were supplied,Row-dependent; In-facility/Outreach/Total is an exported dimension,HMIS-RPTSCHEMA-JHARKHAND-20260901-001.headers.txt,3CE7ECB1702D0A54BF41DA4ED990C2D166EC5A82915434662CC9D17A5CE6F6EF,Schema observed in Jharkhand HMIS export downloaded 2026-09-01,Observed report manifestation; national/current applicability not established,,Pending deterministic matching in Task 6,Source occurrence captured; semantic reconciliation pending
HMIS-RPTCOL-JH-0492,HMIS-RPTSCHEMA-JHARKHAND-20260901-001,457,492,HMIS measure occurrence,M16,Details of deaths reported,16.1.1.b,New born deaths within 24 hrs(1 to 23 Hrs 59 minutes) of birth in Community (at home or home to facility transit),	16.1.1.b :: New born deaths within 24 hrs(1 to 23 Hrs 59 minutes) of birth in Community (at home or home to facility transit)	,Jharkhand,HMIS report,2026-09-01,Unconfirmed,Default columns,Row-dependent; Format Type is an exported dimension and no row values were supplied,Row-dependent; Facility Type is an exported dimension and no row values were supplied,Row-dependent; In-facility/Outreach/Total is an exported dimension,HMIS-RPTSCHEMA-JHARKHAND-20260901-001.headers.txt,3CE7ECB1702D0A54BF41DA4ED990C2D166EC5A82915434662CC9D17A5CE6F6EF,Schema observed in Jharkhand HMIS export downloaded 2026-09-01,Observed report manifestation; national/current applicability not established,,Pending deterministic matching in Task 6,Source occurrence captured; semantic reconciliation pending
HMIS-RPTCOL-JH-0493,HMIS-RPTSCHEMA-JHARKHAND-20260901-001,458,493,HMIS measure occurrence,M16,Details of deaths reported,16.1.2.a,New born deaths within 1 week (1 to 7 days) at Facility/Facility to facility in transit,	16.1.2.a :: New born deaths within 1 week (1 to 7 days) at Facility/Facility to facility in transit	,Jharkhand,HMIS report,2026-09-01,Unconfirmed,Default columns,Row-dependent; Format Type is an exported dimension and no row values were supplied,Row-dependent; Facility Type is an exported dimension and no row values were supplied,Row-dependent; In-facility/Outreach/Total is an exported dimension,HMIS-RPTSCHEMA-JHARKHAND-20260901-001.headers.txt,3CE7ECB1702D0A54BF41DA4ED990C2D166EC5A82915434662CC9D17A5CE6F6EF,Schema observed in Jharkhand HMIS export downloaded 2026-09-01,Observed report manifestation; national/current applicability not established,,Pending deterministic matching in Task 6,Source occurrence captured; semantic reconciliation pending
HMIS-RPTCOL-JH-0494,HMIS-RPTSCHEMA-JHARKHAND-20260901-001,459,494,HMIS measure occurrence,M16,Details of deaths reported,16.1.2.b,New born deaths within 1 week (1 to 7 days) At Community (at home or home to facility transit),	16.1.2.b :: New born deaths within 1 week (1 to 7 days)  At Community (at home or home to facility transit)	,Jharkhand,HMIS report,2026-09-01,Unconfirmed,Default columns,Row-dependent; Format Type is an exported dimension and no row values were supplied,Row-dependent; Facility Type is an exported dimension and no row values were supplied,Row-dependent; In-facility/Outreach/Total is an exported dimension,HMIS-RPTSCHEMA-JHARKHAND-20260901-001.headers.txt,3CE7ECB1702D0A54BF41DA4ED990C2D166EC5A82915434662CC9D17A5CE6F6EF,Schema observed in Jharkhand HMIS export downloaded 2026-09-01,Observed report manifestation; national/current applicability not established,,Pending deterministic matching in Task 6,Source occurrence captured; semantic reconciliation pending
HMIS-RPTCOL-JH-0495,HMIS-RPTSCHEMA-JHARKHAND-20260901-001,460,495,HMIS measure occurrence,M16,Details of deaths reported,16.1.3.a,New born deaths within 8 to 28 days at Facility/Facility to facility in transit,	16.1.3.a :: New born deaths within  8 to 28 days at Facility/Facility to facility in transit	,Jharkhand,HMIS report,2026-09-01,Unconfirmed,Default columns,Row-dependent; Format Type is an exported dimension and no row values were supplied,Row-dependent; Facility Type is an exported dimension and no row values were supplied,Row-dependent; In-facility/Outreach/Total is an exported dimension,HMIS-RPTSCHEMA-JHARKHAND-20260901-001.headers.txt,3CE7ECB1702D0A54BF41DA4ED990C2D166EC5A82915434662CC9D17A5CE6F6EF,Schema observed in Jharkhand HMIS export downloaded 2026-09-01,Observed report manifestation; national/current applicability not established,,Pending deterministic matching in Task 6,Source occurrence captured; semantic reconciliation pending
HMIS-RPTCOL-JH-0496,HMIS-RPTSCHEMA-JHARKHAND-20260901-001,461,496,HMIS measure occurrence,M16,Details of deaths reported,16.1.3.b,New born deaths within 8 to 28 days At Community (at home or home to facility transit),	16.1.3.b :: New born deaths within  8 to 28 days  At Community (at home or home to facility transit)	,Jharkhand,HMIS report,2026-09-01,Unconfirmed,Default columns,Row-dependent; Format Type is an exported dimension and no row values were supplied,Row-dependent; Facility Type is an exported dimension and no row values were supplied,Row-dependent; In-facility/Outreach/Total is an exported dimension,HMIS-RPTSCHEMA-JHARKHAND-20260901-001.headers.txt,3CE7ECB1702D0A54BF41DA4ED990C2D166EC5A82915434662CC9D17A5CE6F6EF,Schema observed in Jharkhand HMIS export downloaded 2026-09-01,Observed report manifestation; national/current applicability not established,,Pending deterministic matching in Task 6,Source occurrence captured; semantic reconciliation pending
HMIS-RPTCOL-JH-0497,HMIS-RPTSCHEMA-JHARKHAND-20260901-001,462,497,HMIS measure occurrence,M16,Details of deaths reported,16.1.4.a,Infant Deaths (>28 days to below 12 months) at Facility/Facility to facility in transit,	16.1.4.a :: Infant Deaths (>28 days to below 12 months) at Facility/Facility to facility in transit	,Jharkhand,HMIS report,2026-09-01,Unconfirmed,Default columns,Row-dependent; Format Type is an exported dimension and no row values were supplied,Row-dependent; Facility Type is an exported dimension and no row values were supplied,Row-dependent; In-facility/Outreach/Total is an exported dimension,HMIS-RPTSCHEMA-JHARKHAND-20260901-001.headers.txt,3CE7ECB1702D0A54BF41DA4ED990C2D166EC5A82915434662CC9D17A5CE6F6EF,Schema observed in Jharkhand HMIS export downloaded 2026-09-01,Observed report manifestation; national/current applicability not established,,Pending deterministic matching in Task 6,Source occurrence captured; semantic reconciliation pending
HMIS-RPTCOL-JH-0498,HMIS-RPTSCHEMA-JHARKHAND-20260901-001,463,498,HMIS measure occurrence,M16,Details of deaths reported,16.1.4.b,Infant Deaths (>28 days to below 12 months) At Community (at home or home to facility transit),	16.1.4.b :: Infant Deaths (>28 days to below 12 months) At Community (at home or home to facility transit)	,Jharkhand,HMIS report,2026-09-01,Unconfirmed,Default columns,Row-dependent; Format Type is an exported dimension and no row values were supplied,Row-dependent; Facility Type is an exported dimension and no row values were supplied,Row-dependent; In-facility/Outreach/Total is an exported dimension,HMIS-RPTSCHEMA-JHARKHAND-20260901-001.headers.txt,3CE7ECB1702D0A54BF41DA4ED990C2D166EC5A82915434662CC9D17A5CE6F6EF,Schema observed in Jharkhand HMIS export downloaded 2026-09-01,Observed report manifestation; national/current applicability not established,,Pending deterministic matching in Task 6,Source occurrence captured; semantic reconciliation pending
HMIS-RPTCOL-JH-0499,HMIS-RPTSCHEMA-JHARKHAND-20260901-001,464,499,HMIS measure occurrence,M16,Details of deaths reported,16.2.1,Neonatal Deaths up to 4 weeks (0 to 28 days) due to Sepsis,	16.2.1. :: Neonatal Deaths up to 4 weeks (0 to 28 days) due to Sepsis	,Jharkhand,HMIS report,2026-09-01,Unconfirmed,Default columns,Row-dependent; Format Type is an exported dimension and no row values were supplied,Row-dependent; Facility Type is an exported dimension and no row values were supplied,Row-dependent; In-facility/Outreach/Total is an exported dimension,HMIS-RPTSCHEMA-JHARKHAND-20260901-001.headers.txt,3CE7ECB1702D0A54BF41DA4ED990C2D166EC5A82915434662CC9D17A5CE6F6EF,Schema observed in Jharkhand HMIS export downloaded 2026-09-01,Observed report manifestation; national/current applicability not established,,Pending deterministic matching in Task 6,Source occurrence captured; semantic reconciliation pending
HMIS-RPTCOL-JH-0500,HMIS-RPTSCHEMA-JHARKHAND-20260901-001,465,500,HMIS measure occurrence,M16,Details of deaths reported,16.2.2,Neonatal Deaths up to 4 weeks (0 to 28 days) due to Asphyxia,	16.2.2. :: Neonatal Deaths up to 4 weeks (0 to 28 days) due to Asphyxia	,Jharkhand,HMIS report,2026-09-01,Unconfirmed,Default columns,Row-dependent; Format Type is an exported dimension and no row values were supplied,Row-dependent; Facility Type is an exported dimension and no row values were supplied,Row-dependent; In-facility/Outreach/Total is an exported dimension,HMIS-RPTSCHEMA-JHARKHAND-20260901-001.headers.txt,3CE7ECB1702D0A54BF41DA4ED990C2D166EC5A82915434662CC9D17A5CE6F6EF,Schema observed in Jharkhand HMIS export downloaded 2026-09-01,Observed report manifestation; national/current applicability not established,,Pending deterministic matching in Task 6,Source occurrence captured; semantic reconciliation pending
HMIS-RPTCOL-JH-0501,HMIS-RPTSCHEMA-JHARKHAND-20260901-001,466,501,HMIS measure occurrence,M16,Details of deaths reported,16.2.3,Neonatal Deaths up to 4 weeks (0 to 28 days) due to complications of Prematurity,	16.2.3. :: Neonatal Deaths up to 4 weeks (0 to 28 days) due to complications of Prematurity	,Jharkhand,HMIS report,2026-09-01,Unconfirmed,Default columns,Row-dependent; Format Type is an exported dimension and no row values were supplied,Row-dependent; Facility Type is an exported dimension and no row values were supplied,Row-dependent; In-facility/Outreach/Total is an exported dimension,HMIS-RPTSCHEMA-JHARKHAND-20260901-001.headers.txt,3CE7ECB1702D0A54BF41DA4ED990C2D166EC5A82915434662CC9D17A5CE6F6EF,Schema observed in Jharkhand HMIS export downloaded 2026-09-01,Observed report manifestation; national/current applicability not established,,Pending deterministic matching in Task 6,Source occurrence captured; semantic reconciliation pending
HMIS-RPTCOL-JH-0502,HMIS-RPTSCHEMA-JHARKHAND-20260901-001,467,502,HMIS measure occurrence,M16,Details of deaths reported,16.2.4,Neonatal Deaths up to 4 weeks (0 to 28 days) due to Other causes,	16.2.4. :: Neonatal Deaths up to 4 weeks (0 to 28 days) due to Other causes	,Jharkhand,HMIS report,2026-09-01,Unconfirmed,Default columns,Row-dependent; Format Type is an exported dimension and no row values were supplied,Row-dependent; Facility Type is an exported dimension and no row values were supplied,Row-dependent; In-facility/Outreach/Total is an exported dimension,HMIS-RPTSCHEMA-JHARKHAND-20260901-001.headers.txt,3CE7ECB1702D0A54BF41DA4ED990C2D166EC5A82915434662CC9D17A5CE6F6EF,Schema observed in Jharkhand HMIS export downloaded 2026-09-01,Observed report manifestation; national/current applicability not established,,Pending deterministic matching in Task 6,Source occurrence captured; semantic reconciliation pending
HMIS-RPTCOL-JH-0503,HMIS-RPTSCHEMA-JHARKHAND-20260901-001,468,503,HMIS measure occurrence,M16,Details of deaths reported,16.3.1,Number of Infant Deaths (>28 days - below 12 months) due to Pneumonia,	16.3.1. :: Number of Infant Deaths (>28 days - below 12 months) due to Pneumonia	,Jharkhand,HMIS report,2026-09-01,Unconfirmed,Default columns,Row-dependent; Format Type is an exported dimension and no row values were supplied,Row-dependent; Facility Type is an exported dimension and no row values were supplied,Row-dependent; In-facility/Outreach/Total is an exported dimension,HMIS-RPTSCHEMA-JHARKHAND-20260901-001.headers.txt,3CE7ECB1702D0A54BF41DA4ED990C2D166EC5A82915434662CC9D17A5CE6F6EF,Schema observed in Jharkhand HMIS export downloaded 2026-09-01,Observed report manifestation; national/current applicability not established,,Pending deterministic matching in Task 6,Source occurrence captured; semantic reconciliation pending
HMIS-RPTCOL-JH-0504,HMIS-RPTSCHEMA-JHARKHAND-20260901-001,469,504,HMIS measure occurrence,M16,Details of deaths reported,16.3.2,Number of Infant Deaths (>28 days - below 12 months) due to Diarrhoea,	16.3.2. :: Number of Infant Deaths (>28 days - below 12 months) due to Diarrhoea	,Jharkhand,HMIS report,2026-09-01,Unconfirmed,Default columns,Row-dependent; Format Type is an exported dimension and no row values were supplied,Row-dependent; Facility Type is an exported dimension and no row values were supplied,Row-dependent; In-facility/Outreach/Total is an exported dimension,HMIS-RPTSCHEMA-JHARKHAND-20260901-001.headers.txt,3CE7ECB1702D0A54BF41DA4ED990C2D166EC5A82915434662CC9D17A5CE6F6EF,Schema observed in Jharkhand HMIS export downloaded 2026-09-01,Observed report manifestation; national/current applicability not established,,Pending deterministic matching in Task 6,Source occurrence captured; semantic reconciliation pending
HMIS-RPTCOL-JH-0505,HMIS-RPTSCHEMA-JHARKHAND-20260901-001,470,505,HMIS measure occurrence,M16,Details of deaths reported,16.3.3,Number of Infant Deaths (>28 days - below 12 months) due to Fever related,	16.3.3. :: Number of Infant Deaths (>28 days - below 12 months) due to Fever related	,Jharkhand,HMIS report,2026-09-01,Unconfirmed,Default columns,Row-dependent; Format Type is an exported dimension and no row values were supplied,Row-dependent; Facility Type is an exported dimension and no row values were supplied,Row-dependent; In-facility/Outreach/Total is an exported dimension,HMIS-RPTSCHEMA-JHARKHAND-20260901-001.headers.txt,3CE7ECB1702D0A54BF41DA4ED990C2D166EC5A82915434662CC9D17A5CE6F6EF,Schema observed in Jharkhand HMIS export downloaded 2026-09-01,Observed report manifestation; national/current applicability not established,,Pending deterministic matching in Task 6,Source occurrence captured; semantic reconciliation pending
HMIS-RPTCOL-JH-0506,HMIS-RPTSCHEMA-JHARKHAND-20260901-001,471,506,HMIS measure occurrence,M16,Details of deaths reported,16.3.4,Number of Infant Deaths (>28 days - below 12 months) due to Measles,	16.3.4. :: Number of Infant Deaths (>28 days - below 12 months) due to Measles	,Jharkhand,HMIS report,2026-09-01,Unconfirmed,Default columns,Row-dependent; Format Type is an exported dimension and no row values were supplied,Row-dependent; Facility Type is an exported dimension and no row values were supplied,Row-dependent; In-facility/Outreach/Total is an exported dimension,HMIS-RPTSCHEMA-JHARKHAND-20260901-001.headers.txt,3CE7ECB1702D0A54BF41DA4ED990C2D166EC5A82915434662CC9D17A5CE6F6EF,Schema observed in Jharkhand HMIS export downloaded 2026-09-01,Observed report manifestation; national/current applicability not established,,Pending deterministic matching in Task 6,Source occurrence captured; semantic reconciliation pending
HMIS-RPTCOL-JH-0507,HMIS-RPTSCHEMA-JHARKHAND-20260901-001,472,507,HMIS measure occurrence,M16,Details of deaths reported,16.3.5,Number of Infant Deaths (>28 days - below 12 months) due to Others,	16.3.5. :: Number of Infant Deaths (>28 days - below 12 months) due to Others	,Jharkhand,HMIS report,2026-09-01,Unconfirmed,Default columns,Row-dependent; Format Type is an exported dimension and no row values were supplied,Row-dependent; Facility Type is an exported dimension and no row values were supplied,Row-dependent; In-facility/Outreach/Total is an exported dimension,HMIS-RPTSCHEMA-JHARKHAND-20260901-001.headers.txt,3CE7ECB1702D0A54BF41DA4ED990C2D166EC5A82915434662CC9D17A5CE6F6EF,Schema observed in Jharkhand HMIS export downloaded 2026-09-01,Observed report manifestation; national/current applicability not established,,Pending deterministic matching in Task 6,Source occurrence captured; semantic reconciliation pending
HMIS-RPTCOL-JH-0508,HMIS-RPTSCHEMA-JHARKHAND-20260901-001,473,508,HMIS measure occurrence,M16,Details of deaths reported,16.4.1,Number of Child Deaths (1 - below 5 years) due to Pneumonia,	16.4.1. :: Number of Child Deaths (1 - below 5 years) due to Pneumonia	,Jharkhand,HMIS report,2026-09-01,Unconfirmed,Default columns,Row-dependent; Format Type is an exported dimension and no row values were supplied,Row-dependent; Facility Type is an exported dimension and no row values were supplied,Row-dependent; In-facility/Outreach/Total is an exported dimension,HMIS-RPTSCHEMA-JHARKHAND-20260901-001.headers.txt,3CE7ECB1702D0A54BF41DA4ED990C2D166EC5A82915434662CC9D17A5CE6F6EF,Schema observed in Jharkhand HMIS export downloaded 2026-09-01,Observed report manifestation; national/current applicability not established,,Pending deterministic matching in Task 6,Source occurrence captured; semantic reconciliation pending
HMIS-RPTCOL-JH-0509,HMIS-RPTSCHEMA-JHARKHAND-20260901-001,474,509,HMIS measure occurrence,M16,Details of deaths reported,16.4.2,Number of Child Deaths (1 - below 5 years) due to Diarrhoea,	16.4.2. :: Number of Child Deaths (1 - below 5 years) due to Diarrhoea	,Jharkhand,HMIS report,2026-09-01,Unconfirmed,Default columns,Row-dependent; Format Type is an exported dimension and no row values were supplied,Row-dependent; Facility Type is an exported dimension and no row values were supplied,Row-dependent; In-facility/Outreach/Total is an exported dimension,HMIS-RPTSCHEMA-JHARKHAND-20260901-001.headers.txt,3CE7ECB1702D0A54BF41DA4ED990C2D166EC5A82915434662CC9D17A5CE6F6EF,Schema observed in Jharkhand HMIS export downloaded 2026-09-01,Observed report manifestation; national/current applicability not established,,Pending deterministic matching in Task 6,Source occurrence captured; semantic reconciliation pending
HMIS-RPTCOL-JH-0510,HMIS-RPTSCHEMA-JHARKHAND-20260901-001,475,510,HMIS measure occurrence,M16,Details of deaths reported,16.4.3,Number of Child Deaths (1 - below 5 years) due to Fever related,	16.4.3. :: Number of Child Deaths (1 - below 5 years) due to Fever related	,Jharkhand,HMIS report,2026-09-01,Unconfirmed,Default columns,Row-dependent; Format Type is an exported dimension and no row values were supplied,Row-dependent; Facility Type is an exported dimension and no row values were supplied,Row-dependent; In-facility/Outreach/Total is an exported dimension,HMIS-RPTSCHEMA-JHARKHAND-20260901-001.headers.txt,3CE7ECB1702D0A54BF41DA4ED990C2D166EC5A82915434662CC9D17A5CE6F6EF,Schema observed in Jharkhand HMIS export downloaded 2026-09-01,Observed report manifestation; national/current applicability not established,,Pending deterministic matching in Task 6,Source occurrence captured; semantic reconciliation pending
HMIS-RPTCOL-JH-0511,HMIS-RPTSCHEMA-JHARKHAND-20260901-001,476,511,HMIS measure occurrence,M16,Details of deaths reported,16.4.4,Number of Child Deaths (1 - below 5 years) due to Measles,	16.4.4. :: Number of Child Deaths (1 - below 5 years) due to Measles	,Jharkhand,HMIS report,2026-09-01,Unconfirmed,Default columns,Row-dependent; Format Type is an exported dimension and no row values were supplied,Row-dependent; Facility Type is an exported dimension and no row values were supplied,Row-dependent; In-facility/Outreach/Total is an exported dimension,HMIS-RPTSCHEMA-JHARKHAND-20260901-001.headers.txt,3CE7ECB1702D0A54BF41DA4ED990C2D166EC5A82915434662CC9D17A5CE6F6EF,Schema observed in Jharkhand HMIS export downloaded 2026-09-01,Observed report manifestation; national/current applicability not established,,Pending deterministic matching in Task 6,Source occurrence captured; semantic reconciliation pending
HMIS-RPTCOL-JH-0512,HMIS-RPTSCHEMA-JHARKHAND-20260901-001,477,512,HMIS measure occurrence,M16,Details of deaths reported,16.4.5,Number of Child Deaths (1 - below 5 years) due to Others,	16.4.5. :: Number of Child Deaths (1 - below 5 years) due to Others	,Jharkhand,HMIS report,2026-09-01,Unconfirmed,Default columns,Row-dependent; Format Type is an exported dimension and no row values were supplied,Row-dependent; Facility Type is an exported dimension and no row values were supplied,Row-dependent; In-facility/Outreach/Total is an exported dimension,HMIS-RPTSCHEMA-JHARKHAND-20260901-001.headers.txt,3CE7ECB1702D0A54BF41DA4ED990C2D166EC5A82915434662CC9D17A5CE6F6EF,Schema observed in Jharkhand HMIS export downloaded 2026-09-01,Observed report manifestation; national/current applicability not established,,Pending deterministic matching in Task 6,Source occurrence captured; semantic reconciliation pending
HMIS-RPTCOL-JH-0513,HMIS-RPTSCHEMA-JHARKHAND-20260901-001,478,513,HMIS measure occurrence,M16,Details of deaths reported,16.5.1,Number of Maternal Deaths at facility due to APH (Antepartum Haemmorhage),	16.5.1. :: Number of Maternal Deaths at facility due to APH (Antepartum Haemmorhage)	,Jharkhand,HMIS report,2026-09-01,Unconfirmed,Default columns,Row-dependent; Format Type is an exported dimension and no row values were supplied,Row-dependent; Facility Type is an exported dimension and no row values were supplied,Row-dependent; In-facility/Outreach/Total is an exported dimension,HMIS-RPTSCHEMA-JHARKHAND-20260901-001.headers.txt,3CE7ECB1702D0A54BF41DA4ED990C2D166EC5A82915434662CC9D17A5CE6F6EF,Schema observed in Jharkhand HMIS export downloaded 2026-09-01,Observed report manifestation; national/current applicability not established,,Pending deterministic matching in Task 6,Source occurrence captured; semantic reconciliation pending
HMIS-RPTCOL-JH-0514,HMIS-RPTSCHEMA-JHARKHAND-20260901-001,479,514,HMIS measure occurrence,M16,Details of deaths reported,16.5.2,Number of Maternal Deaths at facility due to PPH (Post-Partum Haemmorhage),	16.5.2. :: Number of Maternal Deaths at facility due to PPH (Post-Partum Haemmorhage)	,Jharkhand,HMIS report,2026-09-01,Unconfirmed,Default columns,Row-dependent; Format Type is an exported dimension and no row values were supplied,Row-dependent; Facility Type is an exported dimension and no row values were supplied,Row-dependent; In-facility/Outreach/Total is an exported dimension,HMIS-RPTSCHEMA-JHARKHAND-20260901-001.headers.txt,3CE7ECB1702D0A54BF41DA4ED990C2D166EC5A82915434662CC9D17A5CE6F6EF,Schema observed in Jharkhand HMIS export downloaded 2026-09-01,Observed report manifestation; national/current applicability not established,,Pending deterministic matching in Task 6,Source occurrence captured; semantic reconciliation pending
HMIS-RPTCOL-JH-0515,HMIS-RPTSCHEMA-JHARKHAND-20260901-001,480,515,HMIS measure occurrence,M16,Details of deaths reported,16.5.3,"Number of Maternal Deaths at facility due to Pregnancy related infection and sepsis, Fever","	16.5.3. :: Number of Maternal Deaths at facility due to Pregnancy related infection and sepsis, Fever	",Jharkhand,HMIS report,2026-09-01,Unconfirmed,Default columns,Row-dependent; Format Type is an exported dimension and no row values were supplied,Row-dependent; Facility Type is an exported dimension and no row values were supplied,Row-dependent; In-facility/Outreach/Total is an exported dimension,HMIS-RPTSCHEMA-JHARKHAND-20260901-001.headers.txt,3CE7ECB1702D0A54BF41DA4ED990C2D166EC5A82915434662CC9D17A5CE6F6EF,Schema observed in Jharkhand HMIS export downloaded 2026-09-01,Observed report manifestation; national/current applicability not established,,Pending deterministic matching in Task 6,Source occurrence captured; semantic reconciliation pending
HMIS-RPTCOL-JH-0516,HMIS-RPTSCHEMA-JHARKHAND-20260901-001,481,516,HMIS measure occurrence,M16,Details of deaths reported,16.5.4,Number of Maternal Deaths at facility due to Abortion and/ or its complication,	16.5.4. :: Number of Maternal Deaths at facility due to Abortion and/ or its complication 	,Jharkhand,HMIS report,2026-09-01,Unconfirmed,Default columns,Row-dependent; Format Type is an exported dimension and no row values were supplied,Row-dependent; Facility Type is an exported dimension and no row values were supplied,Row-dependent; In-facility/Outreach/Total is an exported dimension,HMIS-RPTSCHEMA-JHARKHAND-20260901-001.headers.txt,3CE7ECB1702D0A54BF41DA4ED990C2D166EC5A82915434662CC9D17A5CE6F6EF,Schema observed in Jharkhand HMIS export downloaded 2026-09-01,Observed report manifestation; national/current applicability not established,,Pending deterministic matching in Task 6,Source occurrence captured; semantic reconciliation pending
HMIS-RPTCOL-JH-0517,HMIS-RPTSCHEMA-JHARKHAND-20260901-001,482,517,HMIS measure occurrence,M16,Details of deaths reported,16.5.5,Number of Maternal Deaths at facility due to Obstructed/prolonged labour,	16.5.5. :: Number of Maternal Deaths at facility due to Obstructed/prolonged labour	,Jharkhand,HMIS report,2026-09-01,Unconfirmed,Default columns,Row-dependent; Format Type is an exported dimension and no row values were supplied,Row-dependent; Facility Type is an exported dimension and no row values were supplied,Row-dependent; In-facility/Outreach/Total is an exported dimension,HMIS-RPTSCHEMA-JHARKHAND-20260901-001.headers.txt,3CE7ECB1702D0A54BF41DA4ED990C2D166EC5A82915434662CC9D17A5CE6F6EF,Schema observed in Jharkhand HMIS export downloaded 2026-09-01,Observed report manifestation; national/current applicability not established,,Pending deterministic matching in Task 6,Source occurrence captured; semantic reconciliation pending
HMIS-RPTCOL-JH-0518,HMIS-RPTSCHEMA-JHARKHAND-20260901-001,483,518,HMIS measure occurrence,M16,Details of deaths reported,16.5.6,"Number of Maternal Deaths at facility due to Severe hypertension/fits/Pre Eclampsia/Eclampsia in pregnancy, during delivery and puerperium","	16.5.6. :: Number of Maternal Deaths at facility due to Severe hypertension/fits/Pre Eclampsia/Eclampsia in pregnancy, during delivery and puerperium	",Jharkhand,HMIS report,2026-09-01,Unconfirmed,Default columns,Row-dependent; Format Type is an exported dimension and no row values were supplied,Row-dependent; Facility Type is an exported dimension and no row values were supplied,Row-dependent; In-facility/Outreach/Total is an exported dimension,HMIS-RPTSCHEMA-JHARKHAND-20260901-001.headers.txt,3CE7ECB1702D0A54BF41DA4ED990C2D166EC5A82915434662CC9D17A5CE6F6EF,Schema observed in Jharkhand HMIS export downloaded 2026-09-01,Observed report manifestation; national/current applicability not established,,Pending deterministic matching in Task 6,Source occurrence captured; semantic reconciliation pending
HMIS-RPTCOL-JH-0519,HMIS-RPTSCHEMA-JHARKHAND-20260901-001,484,519,HMIS measure occurrence,M16,Details of deaths reported,16.5.7,Number of Maternal Deaths at facility due to Other/Unknown Causes,	16.5.7. :: Number of Maternal Deaths at facility due to Other/Unknown Causes	,Jharkhand,HMIS report,2026-09-01,Unconfirmed,Default columns,Row-dependent; Format Type is an exported dimension and no row values were supplied,Row-dependent; Facility Type is an exported dimension and no row values were supplied,Row-dependent; In-facility/Outreach/Total is an exported dimension,HMIS-RPTSCHEMA-JHARKHAND-20260901-001.headers.txt,3CE7ECB1702D0A54BF41DA4ED990C2D166EC5A82915434662CC9D17A5CE6F6EF,Schema observed in Jharkhand HMIS export downloaded 2026-09-01,Observed report manifestation; national/current applicability not established,,Pending deterministic matching in Task 6,Source occurrence captured; semantic reconciliation pending
HMIS-RPTCOL-JH-0520,HMIS-RPTSCHEMA-JHARKHAND-20260901-001,485,520,HMIS measure occurrence,M16,Details of deaths reported,16.5.8,"Age wise total Maternal Deaths, occurred at Facility","	16.5.8. :: Age wise total Maternal Deaths, occurred at Facility	",Jharkhand,HMIS report,2026-09-01,Unconfirmed,Default columns,Row-dependent; Format Type is an exported dimension and no row values were supplied,Row-dependent; Facility Type is an exported dimension and no row values were supplied,Row-dependent; In-facility/Outreach/Total is an exported dimension,HMIS-RPTSCHEMA-JHARKHAND-20260901-001.headers.txt,3CE7ECB1702D0A54BF41DA4ED990C2D166EC5A82915434662CC9D17A5CE6F6EF,Schema observed in Jharkhand HMIS export downloaded 2026-09-01,Observed report manifestation; national/current applicability not established,,Pending deterministic matching in Task 6,Source occurrence captured; semantic reconciliation pending
HMIS-RPTCOL-JH-0521,HMIS-RPTSCHEMA-JHARKHAND-20260901-001,486,521,HMIS measure occurrence,M16,Details of deaths reported,16.5.8.a,"Out of total number of maternal deaths at facility, deaths with age less than <15 years","	16.5.8.a :: Out of total number of maternal deaths at facility, deaths with age less than <15 years	",Jharkhand,HMIS report,2026-09-01,Unconfirmed,Default columns,Row-dependent; Format Type is an exported dimension and no row values were supplied,Row-dependent; Facility Type is an exported dimension and no row values were supplied,Row-dependent; In-facility/Outreach/Total is an exported dimension,HMIS-RPTSCHEMA-JHARKHAND-20260901-001.headers.txt,3CE7ECB1702D0A54BF41DA4ED990C2D166EC5A82915434662CC9D17A5CE6F6EF,Schema observed in Jharkhand HMIS export downloaded 2026-09-01,Observed report manifestation; national/current applicability not established,,Pending deterministic matching in Task 6,Source occurrence captured; semantic reconciliation pending
HMIS-RPTCOL-JH-0522,HMIS-RPTSCHEMA-JHARKHAND-20260901-001,487,522,HMIS measure occurrence,M16,Details of deaths reported,16.5.8.b,"Out of total number of maternal deaths at facility, deaths with age 15-19 years","	16.5.8.b :: Out of total number of maternal deaths at facility, deaths with age 15-19 years	",Jharkhand,HMIS report,2026-09-01,Unconfirmed,Default columns,Row-dependent; Format Type is an exported dimension and no row values were supplied,Row-dependent; Facility Type is an exported dimension and no row values were supplied,Row-dependent; In-facility/Outreach/Total is an exported dimension,HMIS-RPTSCHEMA-JHARKHAND-20260901-001.headers.txt,3CE7ECB1702D0A54BF41DA4ED990C2D166EC5A82915434662CC9D17A5CE6F6EF,Schema observed in Jharkhand HMIS export downloaded 2026-09-01,Observed report manifestation; national/current applicability not established,,Pending deterministic matching in Task 6,Source occurrence captured; semantic reconciliation pending
HMIS-RPTCOL-JH-0523,HMIS-RPTSCHEMA-JHARKHAND-20260901-001,488,523,HMIS measure occurrence,M16,Details of deaths reported,16.5.8.c,"Out of total number maternal deaths at facility, deaths with age more than >19-49 years","	16.5.8.c :: Out of total number maternal deaths at facility, deaths with age  more than >19-49 years	",Jharkhand,HMIS report,2026-09-01,Unconfirmed,Default columns,Row-dependent; Format Type is an exported dimension and no row values were supplied,Row-dependent; Facility Type is an exported dimension and no row values were supplied,Row-dependent; In-facility/Outreach/Total is an exported dimension,HMIS-RPTSCHEMA-JHARKHAND-20260901-001.headers.txt,3CE7ECB1702D0A54BF41DA4ED990C2D166EC5A82915434662CC9D17A5CE6F6EF,Schema observed in Jharkhand HMIS export downloaded 2026-09-01,Observed report manifestation; national/current applicability not established,,Pending deterministic matching in Task 6,Source occurrence captured; semantic reconciliation pending
HMIS-RPTCOL-JH-0524,HMIS-RPTSCHEMA-JHARKHAND-20260901-001,489,524,HMIS measure occurrence,M16,Details of deaths reported,16.5.8.d,"Out of total number maternal deaths at facility, deaths with age more than >49 years","	16.5.8.d :: Out of total number maternal deaths at facility, deaths with age more than >49 years	",Jharkhand,HMIS report,2026-09-01,Unconfirmed,Default columns,Row-dependent; Format Type is an exported dimension and no row values were supplied,Row-dependent; Facility Type is an exported dimension and no row values were supplied,Row-dependent; In-facility/Outreach/Total is an exported dimension,HMIS-RPTSCHEMA-JHARKHAND-20260901-001.headers.txt,3CE7ECB1702D0A54BF41DA4ED990C2D166EC5A82915434662CC9D17A5CE6F6EF,Schema observed in Jharkhand HMIS export downloaded 2026-09-01,Observed report manifestation; national/current applicability not established,,Pending deterministic matching in Task 6,Source occurrence captured; semantic reconciliation pending
HMIS-RPTCOL-JH-0525,HMIS-RPTSCHEMA-JHARKHAND-20260901-001,490,525,HMIS measure occurrence,M16,Details of deaths reported,16.6,Total Facility Based Maternal Death Reviews (FBMDR) done,	16.6. :: Total Facility Based Maternal Death Reviews (FBMDR) done	,Jharkhand,HMIS report,2026-09-01,Unconfirmed,Default columns,Row-dependent; Format Type is an exported dimension and no row values were supplied,Row-dependent; Facility Type is an exported dimension and no row values were supplied,Row-dependent; In-facility/Outreach/Total is an exported dimension,HMIS-RPTSCHEMA-JHARKHAND-20260901-001.headers.txt,3CE7ECB1702D0A54BF41DA4ED990C2D166EC5A82915434662CC9D17A5CE6F6EF,Schema observed in Jharkhand HMIS export downloaded 2026-09-01,Observed report manifestation; national/current applicability not established,,Pending deterministic matching in Task 6,Source occurrence captured; semantic reconciliation pending
HMIS-RPTCOL-JH-0526,HMIS-RPTSCHEMA-JHARKHAND-20260901-001,491,526,HMIS measure occurrence,M16,Details of deaths reported,16.7.1,Number of deaths due to Diarrhoeal diseases,	16.7.1. :: Number of  deaths due to Diarrhoeal diseases	,Jharkhand,HMIS report,2026-09-01,Unconfirmed,Default columns,Row-dependent; Format Type is an exported dimension and no row values were supplied,Row-dependent; Facility Type is an exported dimension and no row values were supplied,Row-dependent; In-facility/Outreach/Total is an exported dimension,HMIS-RPTSCHEMA-JHARKHAND-20260901-001.headers.txt,3CE7ECB1702D0A54BF41DA4ED990C2D166EC5A82915434662CC9D17A5CE6F6EF,Schema observed in Jharkhand HMIS export downloaded 2026-09-01,Observed report manifestation; national/current applicability not established,,Pending deterministic matching in Task 6,Source occurrence captured; semantic reconciliation pending
HMIS-RPTCOL-JH-0527,HMIS-RPTSCHEMA-JHARKHAND-20260901-001,492,527,HMIS measure occurrence,M16,Details of deaths reported,16.7.2,Number of deaths due to Tuberculosis,	16.7.2. :: Number of deaths due to Tuberculosis	,Jharkhand,HMIS report,2026-09-01,Unconfirmed,Default columns,Row-dependent; Format Type is an exported dimension and no row values were supplied,Row-dependent; Facility Type is an exported dimension and no row values were supplied,Row-dependent; In-facility/Outreach/Total is an exported dimension,HMIS-RPTSCHEMA-JHARKHAND-20260901-001.headers.txt,3CE7ECB1702D0A54BF41DA4ED990C2D166EC5A82915434662CC9D17A5CE6F6EF,Schema observed in Jharkhand HMIS export downloaded 2026-09-01,Observed report manifestation; national/current applicability not established,,Pending deterministic matching in Task 6,Source occurrence captured; semantic reconciliation pending
HMIS-RPTCOL-JH-0528,HMIS-RPTSCHEMA-JHARKHAND-20260901-001,493,528,HMIS measure occurrence,M16,Details of deaths reported,16.7.3,Number of deaths due to Respiratory diseases including infections (other than TB),	16.7.3. :: Number of  deaths due to Respiratory diseases including infections (other than TB)	,Jharkhand,HMIS report,2026-09-01,Unconfirmed,Default columns,Row-dependent; Format Type is an exported dimension and no row values were supplied,Row-dependent; Facility Type is an exported dimension and no row values were supplied,Row-dependent; In-facility/Outreach/Total is an exported dimension,HMIS-RPTSCHEMA-JHARKHAND-20260901-001.headers.txt,3CE7ECB1702D0A54BF41DA4ED990C2D166EC5A82915434662CC9D17A5CE6F6EF,Schema observed in Jharkhand HMIS export downloaded 2026-09-01,Observed report manifestation; national/current applicability not established,,Pending deterministic matching in Task 6,Source occurrence captured; semantic reconciliation pending
HMIS-RPTCOL-JH-0529,HMIS-RPTSCHEMA-JHARKHAND-20260901-001,494,529,HMIS measure occurrence,M16,Details of deaths reported,16.7.4,Number of deaths due to Other Fever Related,	16.7.4. :: Number of  deaths due to Other Fever Related	,Jharkhand,HMIS report,2026-09-01,Unconfirmed,Default columns,Row-dependent; Format Type is an exported dimension and no row values were supplied,Row-dependent; Facility Type is an exported dimension and no row values were supplied,Row-dependent; In-facility/Outreach/Total is an exported dimension,HMIS-RPTSCHEMA-JHARKHAND-20260901-001.headers.txt,3CE7ECB1702D0A54BF41DA4ED990C2D166EC5A82915434662CC9D17A5CE6F6EF,Schema observed in Jharkhand HMIS export downloaded 2026-09-01,Observed report manifestation; national/current applicability not established,,Pending deterministic matching in Task 6,Source occurrence captured; semantic reconciliation pending
HMIS-RPTCOL-JH-0530,HMIS-RPTSCHEMA-JHARKHAND-20260901-001,495,530,HMIS measure occurrence,M16,Details of deaths reported,16.7.5,Number of deaths due to Heart disease/Hypertension related,	16.7.5. :: Number of  deaths due to Heart disease/Hypertension related	,Jharkhand,HMIS report,2026-09-01,Unconfirmed,Default columns,Row-dependent; Format Type is an exported dimension and no row values were supplied,Row-dependent; Facility Type is an exported dimension and no row values were supplied,Row-dependent; In-facility/Outreach/Total is an exported dimension,HMIS-RPTSCHEMA-JHARKHAND-20260901-001.headers.txt,3CE7ECB1702D0A54BF41DA4ED990C2D166EC5A82915434662CC9D17A5CE6F6EF,Schema observed in Jharkhand HMIS export downloaded 2026-09-01,Observed report manifestation; national/current applicability not established,,Pending deterministic matching in Task 6,Source occurrence captured; semantic reconciliation pending
HMIS-RPTCOL-JH-0531,HMIS-RPTSCHEMA-JHARKHAND-20260901-001,496,531,HMIS measure occurrence,M16,Details of deaths reported,16.7.6,Number of deaths due to Cancer,	16.7.6. :: Number of  deaths due to Cancer	,Jharkhand,HMIS report,2026-09-01,Unconfirmed,Default columns,Row-dependent; Format Type is an exported dimension and no row values were supplied,Row-dependent; Facility Type is an exported dimension and no row values were supplied,Row-dependent; In-facility/Outreach/Total is an exported dimension,HMIS-RPTSCHEMA-JHARKHAND-20260901-001.headers.txt,3CE7ECB1702D0A54BF41DA4ED990C2D166EC5A82915434662CC9D17A5CE6F6EF,Schema observed in Jharkhand HMIS export downloaded 2026-09-01,Observed report manifestation; national/current applicability not established,,Pending deterministic matching in Task 6,Source occurrence captured; semantic reconciliation pending
HMIS-RPTCOL-JH-0532,HMIS-RPTSCHEMA-JHARKHAND-20260901-001,497,532,HMIS measure occurrence,M16,Details of deaths reported,16.7.7,Number of deaths due to Neurological disease including strokes,	16.7.7. :: Number of  deaths due to Neurological disease including strokes	,Jharkhand,HMIS report,2026-09-01,Unconfirmed,Default columns,Row-dependent; Format Type is an exported dimension and no row values were supplied,Row-dependent; Facility Type is an exported dimension and no row values were supplied,Row-dependent; In-facility/Outreach/Total is an exported dimension,HMIS-RPTSCHEMA-JHARKHAND-20260901-001.headers.txt,3CE7ECB1702D0A54BF41DA4ED990C2D166EC5A82915434662CC9D17A5CE6F6EF,Schema observed in Jharkhand HMIS export downloaded 2026-09-01,Observed report manifestation; national/current applicability not established,,Pending deterministic matching in Task 6,Source occurrence captured; semantic reconciliation pending
HMIS-RPTCOL-JH-0533,HMIS-RPTSCHEMA-JHARKHAND-20260901-001,498,533,HMIS measure occurrence,M16,Details of deaths reported,16.7.8,Number of deaths due to Accidents/Burn cases,	16.7.8. :: Number of  deaths due to Accidents/Burn cases 	,Jharkhand,HMIS report,2026-09-01,Unconfirmed,Default columns,Row-dependent; Format Type is an exported dimension and no row values were supplied,Row-dependent; Facility Type is an exported dimension and no row values were supplied,Row-dependent; In-facility/Outreach/Total is an exported dimension,HMIS-RPTSCHEMA-JHARKHAND-20260901-001.headers.txt,3CE7ECB1702D0A54BF41DA4ED990C2D166EC5A82915434662CC9D17A5CE6F6EF,Schema observed in Jharkhand HMIS export downloaded 2026-09-01,Observed report manifestation; national/current applicability not established,,Pending deterministic matching in Task 6,Source occurrence captured; semantic reconciliation pending
HMIS-RPTCOL-JH-0534,HMIS-RPTSCHEMA-JHARKHAND-20260901-001,499,534,HMIS measure occurrence,M16,Details of deaths reported,16.7.9,Number of deaths due to Animal bites and stings,	16.7.9. :: Number of  deaths due to Animal bites and stings	,Jharkhand,HMIS report,2026-09-01,Unconfirmed,Default columns,Row-dependent; Format Type is an exported dimension and no row values were supplied,Row-dependent; Facility Type is an exported dimension and no row values were supplied,Row-dependent; In-facility/Outreach/Total is an exported dimension,HMIS-RPTSCHEMA-JHARKHAND-20260901-001.headers.txt,3CE7ECB1702D0A54BF41DA4ED990C2D166EC5A82915434662CC9D17A5CE6F6EF,Schema observed in Jharkhand HMIS export downloaded 2026-09-01,Observed report manifestation; national/current applicability not established,,Pending deterministic matching in Task 6,Source occurrence captured; semantic reconciliation pending
HMIS-RPTCOL-JH-0535,HMIS-RPTSCHEMA-JHARKHAND-20260901-001,500,535,HMIS measure occurrence,M16,Details of deaths reported,16.7.10,Number of deaths due to Known Acute Disease,	16.7.10. :: Number of  deaths due to Known Acute Disease	,Jharkhand,HMIS report,2026-09-01,Unconfirmed,Default columns,Row-dependent; Format Type is an exported dimension and no row values were supplied,Row-dependent; Facility Type is an exported dimension and no row values were supplied,Row-dependent; In-facility/Outreach/Total is an exported dimension,HMIS-RPTSCHEMA-JHARKHAND-20260901-001.headers.txt,3CE7ECB1702D0A54BF41DA4ED990C2D166EC5A82915434662CC9D17A5CE6F6EF,Schema observed in Jharkhand HMIS export downloaded 2026-09-01,Observed report manifestation; national/current applicability not established,,Pending deterministic matching in Task 6,Source occurrence captured; semantic reconciliation pending
HMIS-RPTCOL-JH-0536,HMIS-RPTSCHEMA-JHARKHAND-20260901-001,501,536,HMIS measure occurrence,M16,Details of deaths reported,16.7.11,Number of deaths due to Known Chronic Disease,	16.7.11. :: Number of  deaths due to Known Chronic Disease	,Jharkhand,HMIS report,2026-09-01,Unconfirmed,Default columns,Row-dependent; Format Type is an exported dimension and no row values were supplied,Row-dependent; Facility Type is an exported dimension and no row values were supplied,Row-dependent; In-facility/Outreach/Total is an exported dimension,HMIS-RPTSCHEMA-JHARKHAND-20260901-001.headers.txt,3CE7ECB1702D0A54BF41DA4ED990C2D166EC5A82915434662CC9D17A5CE6F6EF,Schema observed in Jharkhand HMIS export downloaded 2026-09-01,Observed report manifestation; national/current applicability not established,,Pending deterministic matching in Task 6,Source occurrence captured; semantic reconciliation pending
HMIS-RPTCOL-JH-0537,HMIS-RPTSCHEMA-JHARKHAND-20260901-001,502,537,HMIS measure occurrence,M16,Details of deaths reported,16.7.12,Number of deaths due to Other Causes,	16.7.12. :: Number of  deaths due to Other Causes 	,Jharkhand,HMIS report,2026-09-01,Unconfirmed,Default columns,Row-dependent; Format Type is an exported dimension and no row values were supplied,Row-dependent; Facility Type is an exported dimension and no row values were supplied,Row-dependent; In-facility/Outreach/Total is an exported dimension,HMIS-RPTSCHEMA-JHARKHAND-20260901-001.headers.txt,3CE7ECB1702D0A54BF41DA4ED990C2D166EC5A82915434662CC9D17A5CE6F6EF,Schema observed in Jharkhand HMIS export downloaded 2026-09-01,Observed report manifestation; national/current applicability not established,,Pending deterministic matching in Task 6,Source occurrence captured; semantic reconciliation pending
HMIS-RPTCOL-JH-0538,HMIS-RPTSCHEMA-JHARKHAND-20260901-001,503,538,HMIS measure occurrence,M16,Details of deaths reported,16.8.1,Number of Deaths due to Malaria- Plasmodium Vivax,	16.8.1. :: Number of Deaths due to Malaria- Plasmodium Vivax	,Jharkhand,HMIS report,2026-09-01,Unconfirmed,Default columns,Row-dependent; Format Type is an exported dimension and no row values were supplied,Row-dependent; Facility Type is an exported dimension and no row values were supplied,Row-dependent; In-facility/Outreach/Total is an exported dimension,HMIS-RPTSCHEMA-JHARKHAND-20260901-001.headers.txt,3CE7ECB1702D0A54BF41DA4ED990C2D166EC5A82915434662CC9D17A5CE6F6EF,Schema observed in Jharkhand HMIS export downloaded 2026-09-01,Observed report manifestation; national/current applicability not established,,Pending deterministic matching in Task 6,Source occurrence captured; semantic reconciliation pending
HMIS-RPTCOL-JH-0539,HMIS-RPTSCHEMA-JHARKHAND-20260901-001,504,539,HMIS measure occurrence,M16,Details of deaths reported,16.8.2,Number of Deaths due to Malaria- Plasmodium Falciparum,	16.8.2. :: Number of Deaths due to Malaria- Plasmodium Falciparum	,Jharkhand,HMIS report,2026-09-01,Unconfirmed,Default columns,Row-dependent; Format Type is an exported dimension and no row values were supplied,Row-dependent; Facility Type is an exported dimension and no row values were supplied,Row-dependent; In-facility/Outreach/Total is an exported dimension,HMIS-RPTSCHEMA-JHARKHAND-20260901-001.headers.txt,3CE7ECB1702D0A54BF41DA4ED990C2D166EC5A82915434662CC9D17A5CE6F6EF,Schema observed in Jharkhand HMIS export downloaded 2026-09-01,Observed report manifestation; national/current applicability not established,,Pending deterministic matching in Task 6,Source occurrence captured; semantic reconciliation pending
HMIS-RPTCOL-JH-0540,HMIS-RPTSCHEMA-JHARKHAND-20260901-001,505,540,HMIS measure occurrence,M16,Details of deaths reported,16.8.3,Number of Deaths due to Kala Azar,	16.8.3. :: Number of Deaths due to Kala Azar	,Jharkhand,HMIS report,2026-09-01,Unconfirmed,Default columns,Row-dependent; Format Type is an exported dimension and no row values were supplied,Row-dependent; Facility Type is an exported dimension and no row values were supplied,Row-dependent; In-facility/Outreach/Total is an exported dimension,HMIS-RPTSCHEMA-JHARKHAND-20260901-001.headers.txt,3CE7ECB1702D0A54BF41DA4ED990C2D166EC5A82915434662CC9D17A5CE6F6EF,Schema observed in Jharkhand HMIS export downloaded 2026-09-01,Observed report manifestation; national/current applicability not established,,Pending deterministic matching in Task 6,Source occurrence captured; semantic reconciliation pending
HMIS-RPTCOL-JH-0541,HMIS-RPTSCHEMA-JHARKHAND-20260901-001,506,541,HMIS measure occurrence,M16,Details of deaths reported,16.8.4,Number of Deaths due to Dengue,	16.8.4. :: Number of Deaths due to Dengue	,Jharkhand,HMIS report,2026-09-01,Unconfirmed,Default columns,Row-dependent; Format Type is an exported dimension and no row values were supplied,Row-dependent; Facility Type is an exported dimension and no row values were supplied,Row-dependent; In-facility/Outreach/Total is an exported dimension,HMIS-RPTSCHEMA-JHARKHAND-20260901-001.headers.txt,3CE7ECB1702D0A54BF41DA4ED990C2D166EC5A82915434662CC9D17A5CE6F6EF,Schema observed in Jharkhand HMIS export downloaded 2026-09-01,Observed report manifestation; national/current applicability not established,,Pending deterministic matching in Task 6,Source occurrence captured; semantic reconciliation pending
HMIS-RPTCOL-JH-0542,HMIS-RPTSCHEMA-JHARKHAND-20260901-001,507,542,HMIS measure occurrence,M16,Details of deaths reported,16.8.5,Number of Deaths due to Acute Encephelitis Syndrome (AES),	16.8.5. :: Number of Deaths due to Acute Encephelitis Syndrome (AES)	,Jharkhand,HMIS report,2026-09-01,Unconfirmed,Default columns,Row-dependent; Format Type is an exported dimension and no row values were supplied,Row-dependent; Facility Type is an exported dimension and no row values were supplied,Row-dependent; In-facility/Outreach/Total is an exported dimension,HMIS-RPTSCHEMA-JHARKHAND-20260901-001.headers.txt,3CE7ECB1702D0A54BF41DA4ED990C2D166EC5A82915434662CC9D17A5CE6F6EF,Schema observed in Jharkhand HMIS export downloaded 2026-09-01,Observed report manifestation; national/current applicability not established,,Pending deterministic matching in Task 6,Source occurrence captured; semantic reconciliation pending
HMIS-RPTCOL-JH-0543,HMIS-RPTSCHEMA-JHARKHAND-20260901-001,508,543,HMIS measure occurrence,M16,Details of deaths reported,16.8.6,Number of Deaths due to Japanese Encephalitis (JE),	16.8.6. :: Number of Deaths due to Japanese Encephalitis (JE)	,Jharkhand,HMIS report,2026-09-01,Unconfirmed,Default columns,Row-dependent; Format Type is an exported dimension and no row values were supplied,Row-dependent; Facility Type is an exported dimension and no row values were supplied,Row-dependent; In-facility/Outreach/Total is an exported dimension,HMIS-RPTSCHEMA-JHARKHAND-20260901-001.headers.txt,3CE7ECB1702D0A54BF41DA4ED990C2D166EC5A82915434662CC9D17A5CE6F6EF,Schema observed in Jharkhand HMIS export downloaded 2026-09-01,Observed report manifestation; national/current applicability not established,,Pending deterministic matching in Task 6,Source occurrence captured; semantic reconciliation pending
HMIS-RPTCOL-JH-0544,HMIS-RPTSCHEMA-JHARKHAND-20260901-001,509,544,HMIS measure occurrence,M16,Details of deaths reported,16.9,Total Deaths (5 years and above of age): Excluding in-transit & maternal deaths,	16.9. :: Total Deaths (5 years and above of age): Excluding in-transit & maternal deaths	,Jharkhand,HMIS report,2026-09-01,Unconfirmed,Default columns,Row-dependent; Format Type is an exported dimension and no row values were supplied,Row-dependent; Facility Type is an exported dimension and no row values were supplied,Row-dependent; In-facility/Outreach/Total is an exported dimension,HMIS-RPTSCHEMA-JHARKHAND-20260901-001.headers.txt,3CE7ECB1702D0A54BF41DA4ED990C2D166EC5A82915434662CC9D17A5CE6F6EF,Schema observed in Jharkhand HMIS export downloaded 2026-09-01,Observed report manifestation; national/current applicability not established,,Pending deterministic matching in Task 6,Source occurrence captured; semantic reconciliation pending
HMIS-RPTCOL-JH-0545,HMIS-RPTSCHEMA-JHARKHAND-20260901-001,510,545,HMIS measure occurrence,M16,Details of deaths reported,16.9.1,5 years and above to below 10 years,	16.9.1. :: 5 years and above to below 10 years	,Jharkhand,HMIS report,2026-09-01,Unconfirmed,Default columns,Row-dependent; Format Type is an exported dimension and no row values were supplied,Row-dependent; Facility Type is an exported dimension and no row values were supplied,Row-dependent; In-facility/Outreach/Total is an exported dimension,HMIS-RPTSCHEMA-JHARKHAND-20260901-001.headers.txt,3CE7ECB1702D0A54BF41DA4ED990C2D166EC5A82915434662CC9D17A5CE6F6EF,Schema observed in Jharkhand HMIS export downloaded 2026-09-01,Observed report manifestation; national/current applicability not established,,Pending deterministic matching in Task 6,Source occurrence captured; semantic reconciliation pending
HMIS-RPTCOL-JH-0546,HMIS-RPTSCHEMA-JHARKHAND-20260901-001,511,546,HMIS measure occurrence,M16,Details of deaths reported,16.9.2,10 year and above to below 19 years,	16.9.2. :: 10 year and above to below 19 years	,Jharkhand,HMIS report,2026-09-01,Unconfirmed,Default columns,Row-dependent; Format Type is an exported dimension and no row values were supplied,Row-dependent; Facility Type is an exported dimension and no row values were supplied,Row-dependent; In-facility/Outreach/Total is an exported dimension,HMIS-RPTSCHEMA-JHARKHAND-20260901-001.headers.txt,3CE7ECB1702D0A54BF41DA4ED990C2D166EC5A82915434662CC9D17A5CE6F6EF,Schema observed in Jharkhand HMIS export downloaded 2026-09-01,Observed report manifestation; national/current applicability not established,,Pending deterministic matching in Task 6,Source occurrence captured; semantic reconciliation pending
HMIS-RPTCOL-JH-0547,HMIS-RPTSCHEMA-JHARKHAND-20260901-001,512,547,HMIS measure occurrence,M16,Details of deaths reported,16.9.3,Adult 19 years and above,	16.9.3. :: Adult 19 years and above	,Jharkhand,HMIS report,2026-09-01,Unconfirmed,Default columns,Row-dependent; Format Type is an exported dimension and no row values were supplied,Row-dependent; Facility Type is an exported dimension and no row values were supplied,Row-dependent; In-facility/Outreach/Total is an exported dimension,HMIS-RPTSCHEMA-JHARKHAND-20260901-001.headers.txt,3CE7ECB1702D0A54BF41DA4ED990C2D166EC5A82915434662CC9D17A5CE6F6EF,Schema observed in Jharkhand HMIS export downloaded 2026-09-01,Observed report manifestation; national/current applicability not established,,Pending deterministic matching in Task 6,Source occurrence captured; semantic reconciliation pending
HMIS-RPTCOL-JH-0548,HMIS-RPTSCHEMA-JHARKHAND-20260901-001,513,548,HMIS measure occurrence,M16,Details of deaths reported,16.10.1,In-transit Deaths: 1 year and below 5 years,	16.10.1. :: In-transit Deaths: 1 year and below 5 years	,Jharkhand,HMIS report,2026-09-01,Unconfirmed,Default columns,Row-dependent; Format Type is an exported dimension and no row values were supplied,Row-dependent; Facility Type is an exported dimension and no row values were supplied,Row-dependent; In-facility/Outreach/Total is an exported dimension,HMIS-RPTSCHEMA-JHARKHAND-20260901-001.headers.txt,3CE7ECB1702D0A54BF41DA4ED990C2D166EC5A82915434662CC9D17A5CE6F6EF,Schema observed in Jharkhand HMIS export downloaded 2026-09-01,Observed report manifestation; national/current applicability not established,,Pending deterministic matching in Task 6,Source occurrence captured; semantic reconciliation pending
HMIS-RPTCOL-JH-0549,HMIS-RPTSCHEMA-JHARKHAND-20260901-001,514,549,HMIS measure occurrence,M16,Details of deaths reported,16.10.2,In-transit Deaths: 5 years and above to below 10 years,	16.10.2. ::  In-transit Deaths: 5 years and above to below 10 years	,Jharkhand,HMIS report,2026-09-01,Unconfirmed,Default columns,Row-dependent; Format Type is an exported dimension and no row values were supplied,Row-dependent; Facility Type is an exported dimension and no row values were supplied,Row-dependent; In-facility/Outreach/Total is an exported dimension,HMIS-RPTSCHEMA-JHARKHAND-20260901-001.headers.txt,3CE7ECB1702D0A54BF41DA4ED990C2D166EC5A82915434662CC9D17A5CE6F6EF,Schema observed in Jharkhand HMIS export downloaded 2026-09-01,Observed report manifestation; national/current applicability not established,,Pending deterministic matching in Task 6,Source occurrence captured; semantic reconciliation pending
HMIS-RPTCOL-JH-0550,HMIS-RPTSCHEMA-JHARKHAND-20260901-001,515,550,HMIS measure occurrence,M16,Details of deaths reported,16.10.3,In-transit Deaths: 10 year and above to below 19 years,	16.10.3. ::  In-transit Deaths: 10 year and above to below 19 years	,Jharkhand,HMIS report,2026-09-01,Unconfirmed,Default columns,Row-dependent; Format Type is an exported dimension and no row values were supplied,Row-dependent; Facility Type is an exported dimension and no row values were supplied,Row-dependent; In-facility/Outreach/Total is an exported dimension,HMIS-RPTSCHEMA-JHARKHAND-20260901-001.headers.txt,3CE7ECB1702D0A54BF41DA4ED990C2D166EC5A82915434662CC9D17A5CE6F6EF,Schema observed in Jharkhand HMIS export downloaded 2026-09-01,Observed report manifestation; national/current applicability not established,,Pending deterministic matching in Task 6,Source occurrence captured; semantic reconciliation pending
HMIS-RPTCOL-JH-0551,HMIS-RPTSCHEMA-JHARKHAND-20260901-001,516,551,HMIS measure occurrence,M16,Details of deaths reported,16.10.4,In-transit Deaths: Adult 19 years and above,	16.10.4. ::  In-transit Deaths: Adult 19 years and above	,Jharkhand,HMIS report,2026-09-01,Unconfirmed,Default columns,Row-dependent; Format Type is an exported dimension and no row values were supplied,Row-dependent; Facility Type is an exported dimension and no row values were supplied,Row-dependent; In-facility/Outreach/Total is an exported dimension,HMIS-RPTSCHEMA-JHARKHAND-20260901-001.headers.txt,3CE7ECB1702D0A54BF41DA4ED990C2D166EC5A82915434662CC9D17A5CE6F6EF,Schema observed in Jharkhand HMIS export downloaded 2026-09-01,Observed report manifestation; national/current applicability not established,,Pending deterministic matching in Task 6,Source occurrence captured; semantic reconciliation pending
HMIS-RPTCOL-JH-0552,HMIS-RPTSCHEMA-JHARKHAND-20260901-001,517,552,HMIS measure occurrence,M17,QA & BEMMP,17.1.1,Total number of Haematology tests registered under External Quality Assurance Scheme (EQAS),M17 [QA & BEMMP]	17.1.1. :: Total number of Haematology tests registered under External Quality Assurance Scheme (EQAS) 	,Jharkhand,HMIS report,2026-09-01,Unconfirmed,Default columns,Row-dependent; Format Type is an exported dimension and no row values were supplied,Row-dependent; Facility Type is an exported dimension and no row values were supplied,Row-dependent; In-facility/Outreach/Total is an exported dimension,HMIS-RPTSCHEMA-JHARKHAND-20260901-001.headers.txt,3CE7ECB1702D0A54BF41DA4ED990C2D166EC5A82915434662CC9D17A5CE6F6EF,Schema observed in Jharkhand HMIS export downloaded 2026-09-01,Observed report manifestation; national/current applicability not established,,Pending deterministic matching in Task 6,Source occurrence captured; semantic reconciliation pending
HMIS-RPTCOL-JH-0553,HMIS-RPTSCHEMA-JHARKHAND-20260901-001,518,553,HMIS measure occurrence,M17,QA & BEMMP,17.1.2,No. of registered Haematology tests reported EQAS Compliant,	17.1.2. :: No. of registered Haematology tests reported  EQAS Compliant	,Jharkhand,HMIS report,2026-09-01,Unconfirmed,Default columns,Row-dependent; Format Type is an exported dimension and no row values were supplied,Row-dependent; Facility Type is an exported dimension and no row values were supplied,Row-dependent; In-facility/Outreach/Total is an exported dimension,HMIS-RPTSCHEMA-JHARKHAND-20260901-001.headers.txt,3CE7ECB1702D0A54BF41DA4ED990C2D166EC5A82915434662CC9D17A5CE6F6EF,Schema observed in Jharkhand HMIS export downloaded 2026-09-01,Observed report manifestation; national/current applicability not established,,Pending deterministic matching in Task 6,Source occurrence captured; semantic reconciliation pending
HMIS-RPTCOL-JH-0554,HMIS-RPTSCHEMA-JHARKHAND-20260901-001,519,554,HMIS measure occurrence,M17,QA & BEMMP,17.1.3,Total number of Biochemistry tests registered under External Quality Assurance Scheme (EQAS),	17.1.3. :: Total number of Biochemistry tests registered under External Quality Assurance Scheme (EQAS) 	,Jharkhand,HMIS report,2026-09-01,Unconfirmed,Default columns,Row-dependent; Format Type is an exported dimension and no row values were supplied,Row-dependent; Facility Type is an exported dimension and no row values were supplied,Row-dependent; In-facility/Outreach/Total is an exported dimension,HMIS-RPTSCHEMA-JHARKHAND-20260901-001.headers.txt,3CE7ECB1702D0A54BF41DA4ED990C2D166EC5A82915434662CC9D17A5CE6F6EF,Schema observed in Jharkhand HMIS export downloaded 2026-09-01,Observed report manifestation; national/current applicability not established,,Pending deterministic matching in Task 6,Source occurrence captured; semantic reconciliation pending
HMIS-RPTCOL-JH-0555,HMIS-RPTSCHEMA-JHARKHAND-20260901-001,520,555,HMIS measure occurrence,M17,QA & BEMMP,17.1.4,No. of registered Bio chemistry tests report EQAS Compliant,	17.1.4. :: No. of registered Bio chemistry tests report EQAS Compliant	,Jharkhand,HMIS report,2026-09-01,Unconfirmed,Default columns,Row-dependent; Format Type is an exported dimension and no row values were supplied,Row-dependent; Facility Type is an exported dimension and no row values were supplied,Row-dependent; In-facility/Outreach/Total is an exported dimension,HMIS-RPTSCHEMA-JHARKHAND-20260901-001.headers.txt,3CE7ECB1702D0A54BF41DA4ED990C2D166EC5A82915434662CC9D17A5CE6F6EF,Schema observed in Jharkhand HMIS export downloaded 2026-09-01,Observed report manifestation; national/current applicability not established,,Pending deterministic matching in Task 6,Source occurrence captured; semantic reconciliation pending
HMIS-RPTCOL-JH-0556,HMIS-RPTSCHEMA-JHARKHAND-20260901-001,521,556,HMIS measure occurrence,M17,QA & BEMMP,17.1.5,"Total Quantity of Bio medical waste generated in Kg for the month - (All Yellow, Red, white & Blue)","	17.1.5. :: Total Quantity  of Bio medical waste generated in Kg for the month - (All Yellow, Red, white & Blue)	",Jharkhand,HMIS report,2026-09-01,Unconfirmed,Default columns,Row-dependent; Format Type is an exported dimension and no row values were supplied,Row-dependent; Facility Type is an exported dimension and no row values were supplied,Row-dependent; In-facility/Outreach/Total is an exported dimension,HMIS-RPTSCHEMA-JHARKHAND-20260901-001.headers.txt,3CE7ECB1702D0A54BF41DA4ED990C2D166EC5A82915434662CC9D17A5CE6F6EF,Schema observed in Jharkhand HMIS export downloaded 2026-09-01,Observed report manifestation; national/current applicability not established,,Pending deterministic matching in Task 6,Source occurrence captured; semantic reconciliation pending
HMIS-RPTCOL-JH-0557,HMIS-RPTSCHEMA-JHARKHAND-20260901-001,522,557,HMIS measure occurrence,M17,QA & BEMMP,17.1.6,Total Quantity of General waste generated in Kg for the month,	17.1.6. :: Total Quantity  of General  waste generated in Kg for the month	,Jharkhand,HMIS report,2026-09-01,Unconfirmed,Default columns,Row-dependent; Format Type is an exported dimension and no row values were supplied,Row-dependent; Facility Type is an exported dimension and no row values were supplied,Row-dependent; In-facility/Outreach/Total is an exported dimension,HMIS-RPTSCHEMA-JHARKHAND-20260901-001.headers.txt,3CE7ECB1702D0A54BF41DA4ED990C2D166EC5A82915434662CC9D17A5CE6F6EF,Schema observed in Jharkhand HMIS export downloaded 2026-09-01,Observed report manifestation; national/current applicability not established,,Pending deterministic matching in Task 6,Source occurrence captured; semantic reconciliation pending
HMIS-RPTCOL-JH-0558,HMIS-RPTSCHEMA-JHARKHAND-20260901-001,523,558,HMIS measure occurrence,M17,QA & BEMMP,17.2.1,Total number of breakdown calls reported for the month,	17.2.1. :: Total number of breakdown calls reported for the month	,Jharkhand,HMIS report,2026-09-01,Unconfirmed,Default columns,Row-dependent; Format Type is an exported dimension and no row values were supplied,Row-dependent; Facility Type is an exported dimension and no row values were supplied,Row-dependent; In-facility/Outreach/Total is an exported dimension,HMIS-RPTSCHEMA-JHARKHAND-20260901-001.headers.txt,3CE7ECB1702D0A54BF41DA4ED990C2D166EC5A82915434662CC9D17A5CE6F6EF,Schema observed in Jharkhand HMIS export downloaded 2026-09-01,Observed report manifestation; national/current applicability not established,,Pending deterministic matching in Task 6,Source occurrence captured; semantic reconciliation pending
HMIS-RPTCOL-JH-0559,HMIS-RPTSCHEMA-JHARKHAND-20260901-001,524,559,HMIS measure occurrence,M17,QA & BEMMP,17.2.2,Total number of breakdown attended for the month,	17.2.2. :: Total number of breakdown attended for the month	,Jharkhand,HMIS report,2026-09-01,Unconfirmed,Default columns,Row-dependent; Format Type is an exported dimension and no row values were supplied,Row-dependent; Facility Type is an exported dimension and no row values were supplied,Row-dependent; In-facility/Outreach/Total is an exported dimension,HMIS-RPTSCHEMA-JHARKHAND-20260901-001.headers.txt,3CE7ECB1702D0A54BF41DA4ED990C2D166EC5A82915434662CC9D17A5CE6F6EF,Schema observed in Jharkhand HMIS export downloaded 2026-09-01,Observed report manifestation; national/current applicability not established,,Pending deterministic matching in Task 6,Source occurrence captured; semantic reconciliation pending
HMIS-RPTCOL-JH-0560,HMIS-RPTSCHEMA-JHARKHAND-20260901-001,525,560,HMIS measure occurrence,M17,QA & BEMMP,17.2.3,Number of visit made by the service engineer/ BME for the month,	17.2.3. :: Number of visit made by the service engineer/ BME for the month	,Jharkhand,HMIS report,2026-09-01,Unconfirmed,Default columns,Row-dependent; Format Type is an exported dimension and no row values were supplied,Row-dependent; Facility Type is an exported dimension and no row values were supplied,Row-dependent; In-facility/Outreach/Total is an exported dimension,HMIS-RPTSCHEMA-JHARKHAND-20260901-001.headers.txt,3CE7ECB1702D0A54BF41DA4ED990C2D166EC5A82915434662CC9D17A5CE6F6EF,Schema observed in Jharkhand HMIS export downloaded 2026-09-01,Observed report manifestation; national/current applicability not established,,Pending deterministic matching in Task 6,Source occurrence captured; semantic reconciliation pending
